snapshot_ts,system_id,listing_id,vehicle_id,commune,lat,lon,is_reserved,is_disabled,current_range_meters,vehicle_type_id,make,model,year,propulsion,pricing_plan_id,hourly_rate,daily_rate,rental_url
2026-09-13T00:02:15,paris,261942,YGA:Vehicle:ffed37d7b3b1,colombes,48.928352,2.238537,0,0,654545,YGA:VehicleType:ffed37d7b3b1,Citroen,Jumper,2011,combustion_diesel,YGA:PricingPlan:ffed37d7b3b1,8.0,70.0,https://fr.getaround.com/location-voiture/colombes/citroen-jumper-261942
2026-09-13T00:02:15,paris,283060,YGA:Vehicle:3a7c4ee6d762,paris,48.839813,2.251556,0,0,630000,YGA:VehicleType:3a7c4ee6d762,Renault,Master,2013,combustion_diesel,YGA:PricingPlan:3a7c4ee6d762,11.0,79.0,https://fr.getaround.com/location-voiture/paris/renault-master-283060
2026-09-13T00:02:15,paris,284458,YGA:Vehicle:52e722f3a5fc,paris,48.879673,2.350951,0,0,600000,YGA:VehicleType:52e722f3a5fc,Fiat,Fiorino,2017,combustion,YGA:PricingPlan:52e722f3a5fc,7.0,52.0,https://fr.getaround.com/location-voiture/paris/fiat-fiorino-284458
2026-09-13T00:02:15,paris,310794,YGA:Vehicle:4d136f8d4668,paris,48.839813,2.251556,0,0,990000,YGA:VehicleType:4d136f8d4668,Renault,Trafic,2012,combustion_diesel,YGA:PricingPlan:4d136f8d4668,10.0,74.0,https://fr.getaround.com/location-voiture/paris/renault-trafic-310794
2026-09-13T00:02:15,paris,319121,YGA:Vehicle:da996ae48fb3,paris,48.839561,2.380247,0,0,736000,YGA:VehicleType:da996ae48fb3,Volkswagen,Polo,2017,combustion,YGA:PricingPlan:da996ae48fb3,6.0,45.0,https://fr.getaround.com/location-voiture/paris/volkswagen-polo-319121
2026-09-13T00:02:15,paris,366247,YGA:Vehicle:40bf3be69e8f,boulogne-billancourt,48.830292,2.237212,0,0,900000,YGA:VehicleType:40bf3be69e8f,Peugeot,2008,2018,combustion,YGA:PricingPlan:40bf3be69e8f,6.0,47.0,https://fr.getaround.com/location-voiture/boulogne-billancourt/peugeot-2008-366247
2026-09-13T00:02:15,paris,399972,YGA:Vehicle:8c7d3285800c,nanterre,48.884827,2.216297,0,0,495000,YGA:VehicleType:8c7d3285800c,Renault,Clio,2015,combustion_diesel,YGA:PricingPlan:8c7d3285800c,5.0,40.0,https://fr.getaround.com/location-voiture/nanterre/renault-clio-399972
2026-09-13T00:02:15,paris,438359,YGA:Vehicle:c6cb373264d4,paris,48.866596,2.380868,0,0,552000,YGA:VehicleType:c6cb373264d4,Peugeot,Partner,2013,combustion_diesel,YGA:PricingPlan:c6cb373264d4,6.0,49.0,https://fr.getaround.com/location-voiture/paris/peugeot-partner-438359
2026-09-13T00:02:15,paris,445323,YGA:Vehicle:4dd08774a456,montreuil,48.854,2.426798,0,0,5760000,YGA:VehicleType:4dd08774a456,Renault,Kangoo Express,2014,combustion_diesel,YGA:PricingPlan:4dd08774a456,7.0,54.0,https://fr.getaround.com/location-voiture/montreuil/renault-kangoo-express-445323
2026-09-13T00:02:15,paris,473620,YGA:Vehicle:b6d28305b2ca,paris,48.853367,2.394739,0,0,400000,YGA:VehicleType:b6d28305b2ca,Dacia,Lodgy,2017,combustion,YGA:PricingPlan:b6d28305b2ca,5.0,37.0,https://fr.getaround.com/location-voiture/paris/dacia-lodgy-473620
2026-09-13T00:02:15,paris,475878,YGA:Vehicle:8e44468a6b61,colombes,48.928352,2.238537,0,0,1440000,YGA:VehicleType:8e44468a6b61,Renault,Master,2017,combustion_diesel,YGA:PricingPlan:8e44468a6b61,9.0,71.0,https://fr.getaround.com/location-voiture/colombes/renault-master-475878
2026-09-13T00:02:15,paris,498160,YGA:Vehicle:9028861bb545,montreuil,48.860989,2.445229,0,0,441000,YGA:VehicleType:9028861bb545,Opel,Vivaro Combi,2015,combustion_diesel,YGA:PricingPlan:9028861bb545,12.0,82.0,https://fr.getaround.com/location-voiture/montreuil/opel-vivaro-combi-498160
2026-09-13T00:02:15,paris,508096,YGA:Vehicle:97989e813c0e,saint-ouen-sur-seine,48.902092,2.331589,0,0,328000,YGA:VehicleType:97989e813c0e,Nissan,Micra,2019,combustion,YGA:PricingPlan:97989e813c0e,6.0,43.0,https://fr.getaround.com/location-voiture/saint-ouen-sur-seine/nissan-micra-508096
2026-09-13T00:02:15,paris,554073,YGA:Vehicle:50ac2af38894,paris,48.888428,2.389036,0,0,117000,YGA:VehicleType:50ac2af38894,Renault,Clio,2016,combustion,YGA:PricingPlan:50ac2af38894,5.0,35.0,https://fr.getaround.com/location-voiture/paris/renault-clio-554073
2026-09-13T00:02:15,paris,567074,YGA:Vehicle:af4dfe8ef090,neuilly-sur-seine,48.882866,2.271224,0,0,274500,YGA:VehicleType:af4dfe8ef090,Volkswagen,Polo,2016,combustion,YGA:PricingPlan:af4dfe8ef090,6.0,44.0,https://fr.getaround.com/location-voiture/neuilly-sur-seine/volkswagen-polo-567074
2026-09-13T00:02:15,paris,573666,YGA:Vehicle:7749019708d2,paris,48.873299,2.393852,0,0,468000,YGA:VehicleType:7749019708d2,Renault,Trafic,2013,combustion_diesel,YGA:PricingPlan:7749019708d2,8.0,61.0,https://fr.getaround.com/location-voiture/paris/renault-trafic-573666
2026-09-13T00:02:15,paris,595937,YGA:Vehicle:75bbdaf665a9,montreuil,48.87072,2.432322,0,0,320000,YGA:VehicleType:75bbdaf665a9,Peugeot,Expert,2014,combustion_diesel,YGA:PricingPlan:75bbdaf665a9,8.0,59.0,https://fr.getaround.com/location-voiture/montreuil/peugeot-expert-595937
2026-09-13T00:02:15,paris,599257,YGA:Vehicle:1b0e0f40d58c,la-garenne-colombes,48.911098,2.247122,0,0,997500,YGA:VehicleType:1b0e0f40d58c,Renault,Master,2015,combustion_diesel,YGA:PricingPlan:1b0e0f40d58c,11.0,82.0,https://fr.getaround.com/location-voiture/la-garenne-colombes/renault-master-599257
2026-09-13T00:02:15,paris,601137,YGA:Vehicle:77647488dc83,paris,48.865032,2.408973,0,0,720000,YGA:VehicleType:77647488dc83,Fiat,Ducato,2013,combustion_diesel,YGA:PricingPlan:77647488dc83,11.0,83.0,https://fr.getaround.com/location-voiture/paris/fiat-ducato-601137
2026-09-13T00:02:15,paris,601877,YGA:Vehicle:78853b8b4e26,paris,48.866577,2.409152,0,0,720000,YGA:VehicleType:78853b8b4e26,Peugeot,Boxer,2011,combustion_diesel,YGA:PricingPlan:78853b8b4e26,11.0,80.0,https://fr.getaround.com/location-voiture/paris/peugeot-boxer-601877
2026-09-13T00:02:15,paris,607276,YGA:Vehicle:2b2b6ba29b91,montreuil,48.856033,2.430927,0,0,222000,YGA:VehicleType:2b2b6ba29b91,Renault,Kangoo Express,2014,combustion_diesel,YGA:PricingPlan:2b2b6ba29b91,7.0,54.0,https://fr.getaround.com/location-voiture/montreuil/renault-kangoo-express-607276
2026-09-13T00:02:15,paris,622467,YGA:Vehicle:b2a53b93b7bd,paris,48.865501,2.40892,0,0,344000,YGA:VehicleType:b2a53b93b7bd,Ford,Transit Fourgon,2012,combustion_diesel,YGA:PricingPlan:b2a53b93b7bd,11.0,78.0,https://fr.getaround.com/location-voiture/paris/ford-transit-fourgon-622467
2026-09-13T00:02:15,paris,625152,YGA:Vehicle:1ae1cbcd871e,paris,48.824352,2.341341,0,0,174900,YGA:VehicleType:1ae1cbcd871e,Renault,Grand Scenic,2019,combustion_diesel,YGA:PricingPlan:1ae1cbcd871e,9.0,71.0,https://fr.getaround.com/location-voiture/paris/renault-grand-scenic-625152
2026-09-13T00:02:15,paris,641035,YGA:Vehicle:b9b46af22c12,paris,48.826054,2.361718,0,0,266000,YGA:VehicleType:b9b46af22c12,Fiat,500,2016,combustion,YGA:PricingPlan:b9b46af22c12,7.0,60.0,https://fr.getaround.com/location-voiture/paris/fiat-500-641035
2026-09-13T00:02:15,paris,653362,YGA:Vehicle:bb456268d23d,paris,48.826054,2.361718,0,0,319500,YGA:VehicleType:bb456268d23d,Renault,Clio,2017,combustion,YGA:PricingPlan:bb456268d23d,5.0,47.0,https://fr.getaround.com/location-voiture/paris/renault-clio-653362
2026-09-13T00:02:15,paris,657813,YGA:Vehicle:04096ed4bec6,paris,48.866543,2.410436,0,0,273000,YGA:VehicleType:04096ed4bec6,Citroen,C1,2015,combustion,YGA:PricingPlan:04096ed4bec6,5.0,40.0,https://fr.getaround.com/location-voiture/paris/citroen-c1-657813
2026-09-13T00:02:15,paris,657838,YGA:Vehicle:00d15d15fe2d,paris,48.866467,2.40945,0,0,531000,YGA:VehicleType:00d15d15fe2d,Renault,Trafic,2013,combustion_diesel,YGA:PricingPlan:00d15d15fe2d,8.0,62.0,https://fr.getaround.com/location-voiture/paris/renault-trafic-657838
2026-09-13T00:02:15,paris,662114,YGA:Vehicle:efc1f26ab625,paris,48.839878,2.303232,0,0,360000,YGA:VehicleType:efc1f26ab625,Fiat,Fiorino,2020,combustion,YGA:PricingPlan:efc1f26ab625,6.0,51.0,https://fr.getaround.com/location-voiture/paris/fiat-fiorino-662114
2026-09-13T00:02:15,paris,663094,YGA:Vehicle:f944f5aecfe3,saint-ouen-sur-seine,48.912212,2.335777,0,0,256500,YGA:VehicleType:f944f5aecfe3,Skoda,Fabia,2020,combustion,YGA:PricingPlan:f944f5aecfe3,7.0,47.0,https://fr.getaround.com/location-voiture/saint-ouen-sur-seine/skoda-fabia-663094
2026-09-13T00:02:15,paris,673899,YGA:Vehicle:dc6f91f52ed7,ivry-sur-seine,48.813747,2.384733,0,0,450000,YGA:VehicleType:dc6f91f52ed7,Renault,Clio,2017,combustion,YGA:PricingPlan:dc6f91f52ed7,5.0,37.0,https://fr.getaround.com/location-voiture/ivry-sur-seine/renault-clio-673899
2026-09-13T00:02:15,paris,676141,YGA:Vehicle:87550b05da6d,paris,48.894657,2.330369,0,0,126000,YGA:VehicleType:87550b05da6d,Renault,Clio,2016,combustion,YGA:PricingPlan:87550b05da6d,4.0,32.0,https://fr.getaround.com/location-voiture/paris/renault-clio-676141
2026-09-13T00:02:15,paris,679543,YGA:Vehicle:a965872ad1cc,paris,48.869308,2.30624,0,0,96000,YGA:VehicleType:a965872ad1cc,Citroen,Berlingo,2013,combustion_diesel,YGA:PricingPlan:a965872ad1cc,6.0,50.0,https://fr.getaround.com/location-voiture/paris/citroen-berlingo-679543
2026-09-13T00:02:15,paris,680484,YGA:Vehicle:4da0cd6bb3d7,clamart,48.791363,2.263773,0,0,372000,YGA:VehicleType:4da0cd6bb3d7,Renault,Grand Scenic,2015,combustion_diesel,YGA:PricingPlan:4da0cd6bb3d7,9.0,61.0,https://fr.getaround.com/location-voiture/clamart/renault-grand-scenic-680484
2026-09-13T00:02:15,paris,683694,YGA:Vehicle:444a4045ea28,paris,48.844059,2.384585,0,0,424000,YGA:VehicleType:444a4045ea28,Peugeot,Expert,2016,combustion_diesel,YGA:PricingPlan:444a4045ea28,7.0,46.0,https://fr.getaround.com/location-voiture/paris/peugeot-expert-683694
2026-09-13T00:02:15,paris,693105,YGA:Vehicle:acd7af8c7782,montreuil,48.854401,2.430926,0,0,360000,YGA:VehicleType:acd7af8c7782,Renault,Clio,2017,combustion,YGA:PricingPlan:acd7af8c7782,5.0,37.0,https://fr.getaround.com/location-voiture/montreuil/renault-clio-693105
2026-09-13T00:02:15,paris,699110,YGA:Vehicle:b2ea3c4cba9d,paris,48.852814,2.396853,0,0,409500,YGA:VehicleType:b2ea3c4cba9d,Renault,Clio,2016,combustion,YGA:PricingPlan:b2ea3c4cba9d,5.0,42.0,https://fr.getaround.com/location-voiture/paris/renault-clio-699110
2026-09-13T00:02:15,paris,701671,YGA:Vehicle:3af08e951847,paris,48.852798,2.396974,0,0,182000,YGA:VehicleType:3af08e951847,Renault,Twingo,2016,combustion,YGA:PricingPlan:3af08e951847,5.0,34.0,https://fr.getaround.com/location-voiture/paris/renault-twingo-701671
2026-09-13T00:02:15,paris,703728,YGA:Vehicle:8f91e6d1590f,colombes,48.925545,2.231082,0,0,436500,YGA:VehicleType:8f91e6d1590f,Renault,Clio,2019,combustion,YGA:PricingPlan:8f91e6d1590f,5.0,41.0,https://fr.getaround.com/location-voiture/colombes/renault-clio-703728
2026-09-13T00:02:15,paris,704187,YGA:Vehicle:fb7223109714,paris,48.842957,2.317132,0,0,698700,YGA:VehicleType:fb7223109714,BMW,Série 2 Gran Tourer,2017,combustion_diesel,YGA:PricingPlan:fb7223109714,10.0,76.0,https://fr.getaround.com/location-voiture/paris/bmw-serie-2-gran-tourer-704187
2026-09-13T00:02:15,paris,705838,YGA:Vehicle:41406ea1d879,clamart,48.801571,2.267213,0,0,245000,YGA:VehicleType:41406ea1d879,Dacia,Dokker,2017,combustion_diesel,YGA:PricingPlan:41406ea1d879,6.0,49.0,https://fr.getaround.com/location-voiture/clamart/dacia-dokker-705838
2026-09-13T00:02:15,paris,730298,YGA:Vehicle:a1b1e3f52afa,le-kremlin-bicetre,48.810303,2.362797,0,0,337500,YGA:VehicleType:a1b1e3f52afa,Renault,Clio,2017,combustion,YGA:PricingPlan:a1b1e3f52afa,5.0,37.0,https://fr.getaround.com/location-voiture/le-kremlin-bicetre/renault-clio-730298
2026-09-13T00:02:15,paris,734535,YGA:Vehicle:bedd6fdedbc3,levallois-perret,48.895302,2.298638,0,0,570000,YGA:VehicleType:bedd6fdedbc3,Renault,Kangoo Express,2017,combustion_diesel,YGA:PricingPlan:bedd6fdedbc3,6.0,47.0,https://fr.getaround.com/location-voiture/levallois-perret/renault-kangoo-express-734535
2026-09-13T00:02:15,paris,753726,YGA:Vehicle:26728c87f46a,paris,48.843987,2.288375,0,0,420000,YGA:VehicleType:26728c87f46a,Renault,Kangoo Express,2017,combustion_diesel,YGA:PricingPlan:26728c87f46a,7.0,58.0,https://fr.getaround.com/location-voiture/paris/renault-kangoo-express-753726
2026-09-13T00:02:15,paris,753962,YGA:Vehicle:6f0a5e5e734a,clichy,48.904804,2.308099,0,0,390600,YGA:VehicleType:6f0a5e5e734a,Ford,Fiesta,2018,combustion,YGA:PricingPlan:6f0a5e5e734a,5.0,37.0,https://fr.getaround.com/location-voiture/clichy/ford-fiesta-753962
2026-09-13T00:02:15,paris,770348,YGA:Vehicle:d1c29c4ca7b3,paris,48.866463,2.409447,0,0,720000,YGA:VehicleType:d1c29c4ca7b3,Peugeot,Boxer,2013,combustion_diesel,YGA:PricingPlan:d1c29c4ca7b3,10.0,75.0,https://fr.getaround.com/location-voiture/paris/peugeot-boxer-770348
2026-09-13T00:02:15,paris,770352,YGA:Vehicle:48bf2ba20904,paris,48.865047,2.407115,0,0,367500,YGA:VehicleType:48bf2ba20904,Renault,Master,2013,combustion_diesel,YGA:PricingPlan:48bf2ba20904,10.0,74.0,https://fr.getaround.com/location-voiture/paris/renault-master-770352
2026-09-13T00:02:15,paris,771661,YGA:Vehicle:30c82358734e,paris,48.842991,2.317086,0,0,360000,YGA:VehicleType:30c82358734e,Renault,Kangoo Express,2017,combustion_diesel,YGA:PricingPlan:30c82358734e,6.0,47.0,https://fr.getaround.com/location-voiture/paris/renault-kangoo-express-771661
2026-09-13T00:02:15,paris,783686,YGA:Vehicle:4061e6431c6b,paris,48.890404,2.346125,0,0,256500,YGA:VehicleType:4061e6431c6b,Renault,Clio,2017,combustion,YGA:PricingPlan:4061e6431c6b,5.0,37.0,https://fr.getaround.com/location-voiture/paris/renault-clio-783686
2026-09-13T00:02:15,paris,784659,YGA:Vehicle:8d5f95c12eb2,gennevilliers,48.934052,2.306691,0,0,588000,YGA:VehicleType:8d5f95c12eb2,Renault,Kangoo Express,2013,combustion_diesel,YGA:PricingPlan:8d5f95c12eb2,6.0,49.0,https://fr.getaround.com/location-voiture/gennevilliers/renault-kangoo-express-784659
2026-09-13T00:02:15,paris,790333,YGA:Vehicle:60b3e5f16181,paris,48.877186,2.322051,0,0,153000,YGA:VehicleType:60b3e5f16181,Peugeot,Boxer,2012,combustion_diesel,YGA:PricingPlan:60b3e5f16181,8.0,60.0,https://fr.getaround.com/location-voiture/paris/peugeot-boxer-790333
2026-09-13T00:02:15,paris,793625,YGA:Vehicle:2aa9e32b0c0b,paris,48.881214,2.321093,0,0,360000,YGA:VehicleType:2aa9e32b0c0b,Fiat,Fiorino,2020,combustion,YGA:PricingPlan:2aa9e32b0c0b,6.0,51.0,https://fr.getaround.com/location-voiture/paris/fiat-fiorino-793625
2026-09-13T00:02:15,paris,802848,YGA:Vehicle:26574a101897,clichy,48.899555,2.297064,0,0,388000,YGA:VehicleType:26574a101897,Renault,Twingo,2011,combustion,YGA:PricingPlan:26574a101897,4.0,34.0,https://fr.getaround.com/location-voiture/clichy/renault-twingo-802848
2026-09-13T00:02:15,paris,820511,YGA:Vehicle:5d57434dd241,paris,48.885632,2.371102,0,0,160000,YGA:VehicleType:5d57434dd241,Citroen,C4 Cactus,2016,combustion,YGA:PricingPlan:5d57434dd241,6.0,41.0,https://fr.getaround.com/location-voiture/paris/citroen-c4-cactus-820511
2026-09-13T00:02:15,paris,820939,YGA:Vehicle:500e5bfd8d80,paris,48.836651,2.320129,0,0,418500,YGA:VehicleType:500e5bfd8d80,Renault,Clio,2017,combustion,YGA:PricingPlan:500e5bfd8d80,5.0,41.0,https://fr.getaround.com/location-voiture/paris/renault-clio-820939
2026-09-13T00:02:15,paris,820943,YGA:Vehicle:18eb376394b3,paris,48.829971,2.325737,0,0,380800,YGA:VehicleType:18eb376394b3,Renault,Kangoo Express,2018,combustion_diesel,YGA:PricingPlan:18eb376394b3,7.0,58.0,https://fr.getaround.com/location-voiture/paris/renault-kangoo-express-820943
2026-09-13T00:02:15,paris,821854,YGA:Vehicle:e15793e3faf6,paris,48.837746,2.40357,0,0,204000,YGA:VehicleType:e15793e3faf6,Citroen,Berlingo,2016,combustion_diesel,YGA:PricingPlan:e15793e3faf6,6.0,41.0,https://fr.getaround.com/location-voiture/paris/citroen-berlingo-821854
2026-09-13T00:02:15,paris,824592,YGA:Vehicle:8026814a9678,bagnolet,48.875404,2.419378,0,0,247500,YGA:VehicleType:8026814a9678,Renault,Clio,2017,combustion,YGA:PricingPlan:8026814a9678,5.0,37.0,https://fr.getaround.com/location-voiture/bagnolet/renault-clio-824592
2026-09-13T00:02:15,paris,824680,YGA:Vehicle:34fd4423b88d,paris,48.893715,2.339493,0,0,800000,YGA:VehicleType:34fd4423b88d,Renault,Trafic,2015,combustion_diesel,YGA:PricingPlan:34fd4423b88d,10.0,78.0,https://fr.getaround.com/location-voiture/paris/renault-trafic-824680
2026-09-13T00:02:15,paris,827673,YGA:Vehicle:a0dac5a3b572,montreuil,48.861549,2.444016,0,0,143500,YGA:VehicleType:a0dac5a3b572,Fiat,500,2017,combustion,YGA:PricingPlan:a0dac5a3b572,4.0,31.0,https://fr.getaround.com/location-voiture/montreuil/fiat-500-827673
2026-09-13T00:02:15,paris,828146,YGA:Vehicle:15d63578e8de,paris,48.842957,2.317132,0,0,399000,YGA:VehicleType:15d63578e8de,Toyota,Yaris Hybride,2021,hybrid,YGA:PricingPlan:15d63578e8de,6.0,44.0,https://fr.getaround.com/location-voiture/paris/toyota-yaris-hybride-828146
2026-09-13T00:02:15,paris,828745,YGA:Vehicle:850af641207c,paris,48.85025,2.365941,0,0,640000,YGA:VehicleType:850af641207c,Citroen,Jumpy,2016,combustion_diesel,YGA:PricingPlan:850af641207c,7.0,55.0,https://fr.getaround.com/location-voiture/paris/citroen-jumpy-828745
2026-09-13T00:02:15,paris,831985,YGA:Vehicle:fbe43f7c1e9c,paris,48.842991,2.317086,0,0,400000,YGA:VehicleType:fbe43f7c1e9c,Dacia,Lodgy,2021,combustion_diesel,YGA:PricingPlan:fbe43f7c1e9c,8.0,55.0,https://fr.getaround.com/location-voiture/paris/dacia-lodgy-831985
2026-09-13T00:02:15,paris,833703,YGA:Vehicle:d4e0b9c98b6a,rosny-sous-bois,48.877079,2.485122,0,0,148500,YGA:VehicleType:d4e0b9c98b6a,Renault,Clio,2017,combustion,YGA:PricingPlan:d4e0b9c98b6a,5.0,35.0,https://fr.getaround.com/location-voiture/rosny-sous-bois/renault-clio-833703
2026-09-13T00:02:15,paris,838475,YGA:Vehicle:cf9321d532e2,paris,48.875408,2.363313,0,0,380000,YGA:VehicleType:cf9321d532e2,Dacia,Lodgy,2021,combustion_diesel,YGA:PricingPlan:cf9321d532e2,8.0,56.0,https://fr.getaround.com/location-voiture/paris/dacia-lodgy-838475
2026-09-13T00:02:15,paris,839078,YGA:Vehicle:9f08fb2c149d,paris,48.826054,2.361718,0,0,570000,YGA:VehicleType:9f08fb2c149d,Renault,Grand Scenic,2015,combustion_diesel,YGA:PricingPlan:9f08fb2c149d,9.0,62.0,https://fr.getaround.com/location-voiture/paris/renault-grand-scenic-839078
2026-09-13T00:02:15,paris,843844,YGA:Vehicle:0ec9468ecbc8,paris,48.870895,2.393842,0,0,256500,YGA:VehicleType:0ec9468ecbc8,Renault,Clio Estate,2014,combustion,YGA:PricingPlan:0ec9468ecbc8,9.0,59.0,https://fr.getaround.com/location-voiture/paris/renault-clio-estate-843844
2026-09-13T00:02:15,paris,845062,YGA:Vehicle:2ff331153959,paris,48.891701,2.350889,0,0,108000,YGA:VehicleType:2ff331153959,Renault,Clio,2019,combustion,YGA:PricingPlan:2ff331153959,5.0,37.0,https://fr.getaround.com/location-voiture/paris/renault-clio-845062
2026-09-13T00:02:15,paris,845063,YGA:Vehicle:f582d22d40ee,clamart,48.801422,2.261772,0,0,288000,YGA:VehicleType:f582d22d40ee,Renault,Clio,2019,combustion,YGA:PricingPlan:f582d22d40ee,5.0,35.0,https://fr.getaround.com/location-voiture/clamart/renault-clio-845063
2026-09-13T00:02:15,paris,845095,YGA:Vehicle:4f51af376349,paris,48.835747,2.319541,0,0,470000,YGA:VehicleType:4f51af376349,Dacia,Lodgy,2021,combustion_diesel,YGA:PricingPlan:4f51af376349,10.0,72.0,https://fr.getaround.com/location-voiture/paris/dacia-lodgy-845095
2026-09-13T00:02:15,paris,846327,YGA:Vehicle:b0f5fdfaf898,paris,48.875412,2.336955,0,0,450000,YGA:VehicleType:b0f5fdfaf898,Volkswagen,Polo,2021,combustion,YGA:PricingPlan:b0f5fdfaf898,6.0,44.0,https://fr.getaround.com/location-voiture/paris/volkswagen-polo-846327
2026-09-13T00:02:15,paris,846329,YGA:Vehicle:7d24c0286cf9,paris,48.876415,2.364265,0,0,9000,YGA:VehicleType:7d24c0286cf9,Volkswagen,Polo,2021,combustion,YGA:PricingPlan:7d24c0286cf9,6.0,44.0,https://fr.getaround.com/location-voiture/paris/volkswagen-polo-846329
2026-09-13T00:02:15,paris,846347,YGA:Vehicle:cea26d30d73a,paris,48.839878,2.303232,0,0,410000,YGA:VehicleType:cea26d30d73a,Dacia,Sandero,2021,combustion,YGA:PricingPlan:cea26d30d73a,5.0,39.0,https://fr.getaround.com/location-voiture/paris/dacia-sandero-846347
2026-09-13T00:02:15,paris,846352,YGA:Vehicle:5ecf508e52ce,paris,48.842957,2.317132,0,0,256500,YGA:VehicleType:5ecf508e52ce,Volkswagen,Polo,2021,combustion,YGA:PricingPlan:5ecf508e52ce,6.0,43.0,https://fr.getaround.com/location-voiture/paris/volkswagen-polo-846352
2026-09-13T00:02:15,paris,846364,YGA:Vehicle:018c572fe502,boulogne-billancourt,48.844238,2.231389,0,0,58500,YGA:VehicleType:018c572fe502,Renault,Clio,2019,combustion,YGA:PricingPlan:018c572fe502,5.0,37.0,https://fr.getaround.com/location-voiture/boulogne-billancourt/renault-clio-846364
2026-09-13T00:02:15,paris,851212,YGA:Vehicle:03547bc0225c,paris,48.842896,2.318497,0,0,74800,YGA:VehicleType:03547bc0225c,Peugeot,208,2021,combustion,YGA:PricingPlan:03547bc0225c,8.0,59.0,https://fr.getaround.com/location-voiture/paris/peugeot-208-851212
2026-09-13T00:02:15,paris,851257,YGA:Vehicle:337bc7f38ac5,saint-ouen-sur-seine,48.902901,2.340048,0,0,373500,YGA:VehicleType:337bc7f38ac5,Skoda,Fabia,2021,combustion,YGA:PricingPlan:337bc7f38ac5,7.0,47.0,https://fr.getaround.com/location-voiture/saint-ouen-sur-seine/skoda-fabia-851257
2026-09-13T00:02:15,paris,851591,YGA:Vehicle:4e33ca476c65,paris,48.890987,2.330263,0,0,176000,YGA:VehicleType:4e33ca476c65,Fiat,Doblo Cargo,2021,combustion,YGA:PricingPlan:4e33ca476c65,7.0,51.0,https://fr.getaround.com/location-voiture/paris/fiat-doblo-cargo-851591
2026-09-13T00:02:15,paris,851592,YGA:Vehicle:717e5cce93b7,paris,48.895523,2.326801,0,0,176000,YGA:VehicleType:717e5cce93b7,Fiat,Doblo Cargo,2021,combustion,YGA:PricingPlan:717e5cce93b7,7.0,54.0,https://fr.getaround.com/location-voiture/paris/fiat-doblo-cargo-851592
2026-09-13T00:02:15,paris,854925,YGA:Vehicle:9239d38e4681,malakoff,48.818714,2.309065,0,0,182000,YGA:VehicleType:9239d38e4681,Renault,Twingo,2015,combustion,YGA:PricingPlan:9239d38e4681,6.0,36.0,https://fr.getaround.com/location-voiture/malakoff/renault-twingo-854925
2026-09-13T00:02:15,paris,855777,YGA:Vehicle:dc34f7c1ab8d,paris,48.842213,2.392246,0,0,352000,YGA:VehicleType:dc34f7c1ab8d,Renault,Trafic,2019,combustion_diesel,YGA:PricingPlan:dc34f7c1ab8d,16.0,120.0,https://fr.getaround.com/location-voiture/paris/renault-trafic-855777
2026-09-13T00:02:15,paris,858206,YGA:Vehicle:9e9c361e2d2d,fontenay-sous-bois,48.842392,2.462999,0,0,217000,YGA:VehicleType:9e9c361e2d2d,Smart,Forfour,2018,combustion,YGA:PricingPlan:9e9c361e2d2d,5.0,43.0,https://fr.getaround.com/location-voiture/fontenay-sous-bois/smart-forfour-858206
2026-09-13T00:02:15,paris,861861,YGA:Vehicle:c371b0a7e2a0,paris,48.88018,2.321326,0,0,272000,YGA:VehicleType:c371b0a7e2a0,Renault,Trafic,2015,combustion_diesel,YGA:PricingPlan:c371b0a7e2a0,6.0,53.0,https://fr.getaround.com/location-voiture/paris/renault-trafic-861861
2026-09-13T00:02:15,paris,870155,YGA:Vehicle:73e98760800f,pantin,48.895012,2.40469,0,0,792000,YGA:VehicleType:73e98760800f,Citroen,Jumpy,2015,combustion_diesel,YGA:PricingPlan:73e98760800f,10.0,71.0,https://fr.getaround.com/location-voiture/pantin/citroen-jumpy-870155
2026-09-13T00:02:15,paris,870930,YGA:Vehicle:8b8a9cd3647f,sevres,48.821411,2.214765,0,0,510000,YGA:VehicleType:8b8a9cd3647f,Renault,Kangoo Express,2012,combustion,YGA:PricingPlan:8b8a9cd3647f,7.0,50.0,https://fr.getaround.com/location-voiture/sevres/renault-kangoo-express-870930
2026-09-13T00:02:15,paris,872370,YGA:Vehicle:383ecc8016ae,paris,48.885426,2.298009,0,0,75000,YGA:VehicleType:383ecc8016ae,Peugeot,e-208 Style,2021,electric,YGA:PricingPlan:383ecc8016ae,7.0,56.0,https://fr.getaround.com/location-voiture/paris/peugeot-e-208-style-872370
2026-09-13T00:02:15,paris,886117,YGA:Vehicle:d3ad9c39f524,suresnes,48.859367,2.214301,0,0,900000,YGA:VehicleType:d3ad9c39f524,Citroen,Jumper,2015,combustion_diesel,YGA:PricingPlan:d3ad9c39f524,8.0,61.0,https://fr.getaround.com/location-voiture/suresnes/citroen-jumper-886117
2026-09-13T00:02:15,paris,893709,YGA:Vehicle:18a3120cc0f3,paris,48.849644,2.285553,0,0,114400,YGA:VehicleType:18a3120cc0f3,Peugeot,208,2021,combustion,YGA:PricingPlan:18a3120cc0f3,5.0,42.0,https://fr.getaround.com/location-voiture/paris/peugeot-208-893709
2026-09-13T00:02:15,paris,893758,YGA:Vehicle:9073ace2e186,paris,48.857323,2.393638,0,0,498000,YGA:VehicleType:9073ace2e186,Renault,Kangoo Express,2012,combustion_diesel,YGA:PricingPlan:9073ace2e186,6.0,50.0,https://fr.getaround.com/location-voiture/paris/renault-kangoo-express-893758
2026-09-13T00:02:15,paris,895929,YGA:Vehicle:f52f7f438b80,paris,48.849644,2.285553,0,0,154000,YGA:VehicleType:f52f7f438b80,Peugeot,208,2021,combustion,YGA:PricingPlan:f52f7f438b80,5.0,42.0,https://fr.getaround.com/location-voiture/paris/peugeot-208-895929
2026-09-13T00:02:15,paris,896091,YGA:Vehicle:6ab509b584d9,paris,48.871174,2.347814,0,0,462300,YGA:VehicleType:6ab509b584d9,Toyota,Proace Fourgon,2020,combustion_diesel,YGA:PricingPlan:6ab509b584d9,6.0,53.0,https://fr.getaround.com/location-voiture/paris/toyota-proace-fourgon-896091
2026-09-13T00:02:15,paris,897942,YGA:Vehicle:c6ac8444a32b,maisons-alfort,48.805382,2.437977,0,0,640000,YGA:VehicleType:c6ac8444a32b,Fiat,Scudo,2015,combustion_diesel,YGA:PricingPlan:c6ac8444a32b,7.0,54.0,https://fr.getaround.com/location-voiture/maisons-alfort/fiat-scudo-897942
2026-09-13T00:02:15,paris,899374,YGA:Vehicle:f3be46c2f8fd,neuilly-sur-seine,48.890675,2.264424,0,0,160000,YGA:VehicleType:f3be46c2f8fd,Renault,ZOE,2020,electric,YGA:PricingPlan:f3be46c2f8fd,4.0,31.0,https://fr.getaround.com/location-voiture/neuilly-sur-seine/renault-zoe-899374
2026-09-13T00:02:15,paris,900495,YGA:Vehicle:bea911c919c2,paris,48.836445,2.253722,0,0,154000,YGA:VehicleType:bea911c919c2,Fiat,Doblo Cargo,2021,combustion,YGA:PricingPlan:bea911c919c2,7.0,51.0,https://fr.getaround.com/location-voiture/paris/fiat-doblo-cargo-900495
2026-09-13T00:02:15,paris,935659,YGA:Vehicle:86448926b819,paris,48.837807,2.256389,0,0,448800,YGA:VehicleType:86448926b819,Peugeot,208,2021,combustion,YGA:PricingPlan:86448926b819,5.0,43.0,https://fr.getaround.com/location-voiture/paris/peugeot-208-935659
2026-09-13T00:02:15,paris,940219,YGA:Vehicle:4cc794023db4,paris,48.824867,2.325659,0,0,792000,YGA:VehicleType:4cc794023db4,Renault,Trafic,2016,combustion_diesel,YGA:PricingPlan:4cc794023db4,11.0,86.0,https://fr.getaround.com/location-voiture/paris/renault-trafic-940219
2026-09-13T00:02:15,paris,940735,YGA:Vehicle:9f056740a18b,paris,48.88113,2.345076,0,0,37500,YGA:VehicleType:9f056740a18b,Dacia,Spring,2020,electric,YGA:PricingPlan:9f056740a18b,4.0,30.0,https://fr.getaround.com/location-voiture/paris/dacia-spring-940735
2026-09-13T00:02:15,paris,940736,YGA:Vehicle:aab7e9f5a395,ivry-sur-seine,48.813496,2.383244,0,0,247500,YGA:VehicleType:aab7e9f5a395,Dacia,Spring,2020,electric,YGA:PricingPlan:aab7e9f5a395,4.0,30.0,https://fr.getaround.com/location-voiture/ivry-sur-seine/dacia-spring-940736
2026-09-13T00:02:15,paris,940738,YGA:Vehicle:1362b38963a5,paris,48.878384,2.391174,0,0,250000,YGA:VehicleType:1362b38963a5,Dacia,Spring,2020,electric,YGA:PricingPlan:1362b38963a5,4.0,30.0,https://fr.getaround.com/location-voiture/paris/dacia-spring-940738
2026-09-13T00:02:15,paris,948173,YGA:Vehicle:0403f5e1b10d,paris,48.877602,2.319981,0,0,720000,YGA:VehicleType:0403f5e1b10d,Peugeot,Boxer,2012,combustion_diesel,YGA:PricingPlan:0403f5e1b10d,8.0,57.0,https://fr.getaround.com/location-voiture/paris/peugeot-boxer-948173
2026-09-13T00:02:15,paris,952559,YGA:Vehicle:5554b6953e68,paris,48.89323,2.340558,0,0,846000,YGA:VehicleType:5554b6953e68,Renault,Trafic,2012,combustion_diesel,YGA:PricingPlan:5554b6953e68,10.0,82.0,https://fr.getaround.com/location-voiture/paris/renault-trafic-952559
2026-09-13T00:02:15,paris,952715,YGA:Vehicle:f5d81b95ca47,clichy,48.903713,2.306645,0,0,588000,YGA:VehicleType:f5d81b95ca47,Renault,Mégane,2012,combustion,YGA:PricingPlan:f5d81b95ca47,5.0,38.0,https://fr.getaround.com/location-voiture/clichy/renault-megane-952715
2026-09-13T00:02:15,paris,963594,YGA:Vehicle:405406c35018,paris,48.876163,2.363962,0,0,520800,YGA:VehicleType:405406c35018,Renault,Kangoo Express,2016,combustion_diesel,YGA:PricingPlan:405406c35018,7.0,48.0,https://fr.getaround.com/location-voiture/paris/renault-kangoo-express-963594
2026-09-13T00:02:15,paris,964303,YGA:Vehicle:12d1ec8ac802,paris,48.844193,2.384556,0,0,198000,YGA:VehicleType:12d1ec8ac802,Renault,Kangoo Express,2015,combustion_diesel,YGA:PricingPlan:12d1ec8ac802,6.0,41.0,https://fr.getaround.com/location-voiture/paris/renault-kangoo-express-964303
2026-09-13T00:02:15,paris,964304,YGA:Vehicle:e07add4300c6,paris,48.854362,2.387515,0,0,348000,YGA:VehicleType:e07add4300c6,Renault,Kangoo Express,2015,combustion_diesel,YGA:PricingPlan:e07add4300c6,7.0,44.0,https://fr.getaround.com/location-voiture/paris/renault-kangoo-express-964304
2026-09-13T00:02:15,paris,965650,YGA:Vehicle:53e2f3124a66,malakoff,48.825012,2.302208,0,0,283500,YGA:VehicleType:53e2f3124a66,Renault,Master,2015,combustion_diesel,YGA:PricingPlan:53e2f3124a66,11.0,80.0,https://fr.getaround.com/location-voiture/malakoff/renault-master-965650
2026-09-13T00:02:15,paris,966533,YGA:Vehicle:00a0cf94f445,malakoff,48.825012,2.302208,0,0,1050000,YGA:VehicleType:00a0cf94f445,Nissan,NV400,2014,combustion_diesel,YGA:PricingPlan:00a0cf94f445,11.0,80.0,https://fr.getaround.com/location-voiture/malakoff/nissan-nv400-966533
2026-09-13T00:02:15,paris,979840,YGA:Vehicle:4ed387e15616,ivry-sur-seine,48.807022,2.384853,0,0,210000,YGA:VehicleType:4ed387e15616,Renault,Kangoo Express,2017,combustion_diesel,YGA:PricingPlan:4ed387e15616,8.0,64.0,https://fr.getaround.com/location-voiture/ivry-sur-seine/renault-kangoo-express-979840
2026-09-13T00:02:15,paris,985117,YGA:Vehicle:8982cc903cec,paris,48.85154,2.29303,0,0,246400,YGA:VehicleType:8982cc903cec,Peugeot,208,2021,combustion,YGA:PricingPlan:8982cc903cec,7.0,50.0,https://fr.getaround.com/location-voiture/paris/peugeot-208-985117
2026-09-13T00:02:15,paris,985118,YGA:Vehicle:53dd0c7854be,paris,48.844921,2.371785,0,0,0,YGA:VehicleType:53dd0c7854be,Peugeot,208,2021,combustion,YGA:PricingPlan:53dd0c7854be,7.0,50.0,https://fr.getaround.com/location-voiture/paris/peugeot-208-985118
2026-09-13T00:02:15,paris,985129,YGA:Vehicle:d1bd5c48c532,paris,48.842957,2.317132,0,0,319500,YGA:VehicleType:d1bd5c48c532,Citroen,C3,2021,combustion,YGA:PricingPlan:d1bd5c48c532,7.0,48.0,https://fr.getaround.com/location-voiture/paris/citroen-c3-985129
2026-09-13T00:02:15,paris,985136,YGA:Vehicle:db10f60c0c2b,paris,48.824924,2.369448,0,0,365400,YGA:VehicleType:db10f60c0c2b,Citroen,C3,2021,combustion,YGA:PricingPlan:db10f60c0c2b,7.0,48.0,https://fr.getaround.com/location-voiture/paris/citroen-c3-985136
2026-09-13T00:02:15,paris,985139,YGA:Vehicle:4083bc428661,suresnes,48.869377,2.223751,0,0,243000,YGA:VehicleType:4083bc428661,Citroen,C3,2021,combustion,YGA:PricingPlan:4083bc428661,7.0,48.0,https://fr.getaround.com/location-voiture/suresnes/citroen-c3-985139
2026-09-13T00:02:15,paris,985157,YGA:Vehicle:f5a5270f04ff,paris,48.876884,2.368993,0,0,176000,YGA:VehicleType:f5a5270f04ff,Peugeot,208,2021,combustion,YGA:PricingPlan:f5a5270f04ff,5.0,37.0,https://fr.getaround.com/location-voiture/paris/peugeot-208-985157
2026-09-13T00:02:15,paris,985162,YGA:Vehicle:2aad366df4bf,paris,48.894657,2.330369,0,0,342000,YGA:VehicleType:2aad366df4bf,Citroen,C3,2021,combustion,YGA:PricingPlan:2aad366df4bf,5.0,37.0,https://fr.getaround.com/location-voiture/paris/citroen-c3-985162
2026-09-13T00:02:15,paris,985183,YGA:Vehicle:b82f2ff5e804,paris,48.899323,2.348058,0,0,436500,YGA:VehicleType:b82f2ff5e804,Citroen,C3,2021,combustion,YGA:PricingPlan:b82f2ff5e804,5.0,37.0,https://fr.getaround.com/location-voiture/paris/citroen-c3-985183
2026-09-13T00:02:15,paris,985185,YGA:Vehicle:58989d0b8703,sceaux,48.780781,2.296336,0,0,373500,YGA:VehicleType:58989d0b8703,Citroen,C3,2021,combustion,YGA:PricingPlan:58989d0b8703,4.0,31.0,https://fr.getaround.com/location-voiture/sceaux/citroen-c3-985185
2026-09-13T00:02:15,paris,985200,YGA:Vehicle:4cdd23517d74,colombes,48.931789,2.261061,0,0,96600,YGA:VehicleType:4cdd23517d74,Renault,Clio,2021,combustion,YGA:PricingPlan:4cdd23517d74,5.0,41.0,https://fr.getaround.com/location-voiture/colombes/renault-clio-985200
2026-09-13T00:02:15,paris,985205,YGA:Vehicle:e8fae78dee35,paris,48.868038,2.403716,0,0,361200,YGA:VehicleType:e8fae78dee35,Renault,Clio,2021,combustion,YGA:PricingPlan:e8fae78dee35,4.0,33.0,https://fr.getaround.com/location-voiture/paris/renault-clio-985205
2026-09-13T00:02:15,paris,990274,YGA:Vehicle:38d84c32565a,paris,48.84882,2.298016,0,0,316800,YGA:VehicleType:38d84c32565a,Peugeot,208,2022,combustion,YGA:PricingPlan:38d84c32565a,5.0,38.0,https://fr.getaround.com/location-voiture/paris/peugeot-208-990274
2026-09-13T00:02:15,paris,990292,YGA:Vehicle:fb72bdb78795,paris,48.889977,2.317918,0,0,127600,YGA:VehicleType:fb72bdb78795,Peugeot,208,2022,combustion,YGA:PricingPlan:fb72bdb78795,5.0,38.0,https://fr.getaround.com/location-voiture/paris/peugeot-208-990292
2026-09-13T00:02:15,paris,990846,YGA:Vehicle:6c4ba1e5ae0c,gennevilliers,48.934006,2.306705,0,0,351000,YGA:VehicleType:6c4ba1e5ae0c,Peugeot,Boxer,2013,combustion_diesel,YGA:PricingPlan:6c4ba1e5ae0c,8.0,61.0,https://fr.getaround.com/location-voiture/gennevilliers/peugeot-boxer-990846
2026-09-13T00:02:15,paris,991247,YGA:Vehicle:af7f2c44f914,paris,48.870369,2.346406,0,0,342000,YGA:VehicleType:af7f2c44f914,Citroen,C3,2021,combustion,YGA:PricingPlan:af7f2c44f914,6.0,45.0,https://fr.getaround.com/location-voiture/paris/citroen-c3-991247
2026-09-13T00:02:15,paris,994621,YGA:Vehicle:d7ccda2714ff,paris,48.842991,2.276446,0,0,801000,YGA:VehicleType:d7ccda2714ff,Renault,Trafic,2014,combustion_diesel,YGA:PricingPlan:d7ccda2714ff,10.0,73.0,https://fr.getaround.com/location-voiture/paris/renault-trafic-994621
2026-09-13T00:02:15,paris,998477,YGA:Vehicle:40a3c145ac8e,issy-les-moulineaux,48.828579,2.263187,0,0,540000,YGA:VehicleType:40a3c145ac8e,Renault,Kangoo Fourgon,2015,combustion,YGA:PricingPlan:40a3c145ac8e,6.0,50.0,https://fr.getaround.com/location-voiture/issy-les-moulineaux/renault-kangoo-fourgon-998477
2026-09-13T00:02:15,paris,1000539,YGA:Vehicle:7746f66b960e,paris,48.892815,2.343016,0,0,873000,YGA:VehicleType:7746f66b960e,Renault,Trafic,2014,combustion_diesel,YGA:PricingPlan:7746f66b960e,10.0,82.0,https://fr.getaround.com/location-voiture/paris/renault-trafic-1000539
2026-09-13T00:02:15,paris,1002018,YGA:Vehicle:dbc7e504604d,paris,48.831753,2.368142,0,0,272800,YGA:VehicleType:dbc7e504604d,Peugeot,208,2021,combustion,YGA:PricingPlan:dbc7e504604d,7.0,49.0,https://fr.getaround.com/location-voiture/paris/peugeot-208-1002018
2026-09-13T00:02:15,paris,1002028,YGA:Vehicle:e8417e323c67,paris,48.845093,2.371318,0,0,316800,YGA:VehicleType:e8417e323c67,Peugeot,208,2021,combustion,YGA:PricingPlan:e8417e323c67,7.0,49.0,https://fr.getaround.com/location-voiture/paris/peugeot-208-1002028
2026-09-13T00:02:15,paris,1002068,YGA:Vehicle:da12ec22371c,paris,48.882343,2.327687,0,0,233200,YGA:VehicleType:da12ec22371c,Peugeot,208,2021,combustion,YGA:PricingPlan:da12ec22371c,7.0,49.0,https://fr.getaround.com/location-voiture/paris/peugeot-208-1002068
2026-09-13T00:02:15,paris,1002069,YGA:Vehicle:ae1a0a5fdb6e,paris,48.83469,2.385842,0,0,149600,YGA:VehicleType:ae1a0a5fdb6e,Peugeot,208,2021,combustion,YGA:PricingPlan:ae1a0a5fdb6e,7.0,49.0,https://fr.getaround.com/location-voiture/paris/peugeot-208-1002069
2026-09-13T00:02:15,paris,1002074,YGA:Vehicle:7c408c655ae2,paris,48.866299,2.285562,0,0,145200,YGA:VehicleType:7c408c655ae2,Peugeot,208,2021,combustion,YGA:PricingPlan:7c408c655ae2,7.0,46.0,https://fr.getaround.com/location-voiture/paris/peugeot-208-1002074
2026-09-13T00:02:15,paris,1002080,YGA:Vehicle:af9342cd091a,villejuif,48.799328,2.360937,0,0,440000,YGA:VehicleType:af9342cd091a,Peugeot,208,2021,combustion,YGA:PricingPlan:af9342cd091a,7.0,46.0,https://fr.getaround.com/location-voiture/villejuif/peugeot-208-1002080
2026-09-13T00:02:15,paris,1005693,YGA:Vehicle:d9bdaa386fbf,paris,48.874229,2.378191,0,0,500000,YGA:VehicleType:d9bdaa386fbf,Dacia,Lodgy,2017,combustion,YGA:PricingPlan:d9bdaa386fbf,9.0,65.0,https://fr.getaround.com/location-voiture/paris/dacia-lodgy-1005693
2026-09-13T00:02:15,paris,1007360,YGA:Vehicle:d221857c0f08,suresnes,48.87645,2.230981,0,0,243000,YGA:VehicleType:d221857c0f08,Citroen,C3,2022,combustion,YGA:PricingPlan:d221857c0f08,7.0,50.0,https://fr.getaround.com/location-voiture/suresnes/citroen-c3-1007360
2026-09-13T00:02:15,paris,1007376,YGA:Vehicle:eb94b7d2dcc0,suresnes,48.876472,2.230942,0,0,468000,YGA:VehicleType:eb94b7d2dcc0,Citroen,C3,2022,combustion,YGA:PricingPlan:eb94b7d2dcc0,7.0,50.0,https://fr.getaround.com/location-voiture/suresnes/citroen-c3-1007376
2026-09-13T00:02:15,paris,1007377,YGA:Vehicle:bc10150ce349,paris,48.901234,2.333986,0,0,247500,YGA:VehicleType:bc10150ce349,Citroen,C3,2022,combustion,YGA:PricingPlan:bc10150ce349,7.0,50.0,https://fr.getaround.com/location-voiture/paris/citroen-c3-1007377
2026-09-13T00:02:15,paris,1007378,YGA:Vehicle:22381ddf3820,paris,48.824993,2.369517,0,0,369000,YGA:VehicleType:22381ddf3820,Citroen,C3,2022,combustion,YGA:PricingPlan:22381ddf3820,7.0,50.0,https://fr.getaround.com/location-voiture/paris/citroen-c3-1007378
2026-09-13T00:02:15,paris,1007409,YGA:Vehicle:e231ba892de3,paris,48.892319,2.314661,0,0,171000,YGA:VehicleType:e231ba892de3,Citroen,C3,2022,combustion,YGA:PricingPlan:e231ba892de3,7.0,50.0,https://fr.getaround.com/location-voiture/paris/citroen-c3-1007409
2026-09-13T00:02:15,paris,1007410,YGA:Vehicle:89123ff5ea68,asnieres-sur-seine,48.920609,2.287914,0,0,333000,YGA:VehicleType:89123ff5ea68,Citroen,C3,2022,combustion,YGA:PricingPlan:89123ff5ea68,7.0,50.0,https://fr.getaround.com/location-voiture/asnieres-sur-seine/citroen-c3-1007410
2026-09-13T00:02:15,paris,1007411,YGA:Vehicle:7fc9309118f1,paris,48.890469,2.346117,0,0,409500,YGA:VehicleType:7fc9309118f1,Citroen,C3,2022,combustion,YGA:PricingPlan:7fc9309118f1,7.0,50.0,https://fr.getaround.com/location-voiture/paris/citroen-c3-1007411
2026-09-13T00:02:15,paris,1008949,YGA:Vehicle:5cac01d16ee0,paris,48.835876,2.402262,0,0,427500,YGA:VehicleType:5cac01d16ee0,Citroen,C3,2019,combustion,YGA:PricingPlan:5cac01d16ee0,6.0,46.0,https://fr.getaround.com/location-voiture/paris/citroen-c3-1008949
2026-09-13T00:02:15,paris,1009312,YGA:Vehicle:6651d621db6b,villejuif,48.799328,2.360937,0,0,288000,YGA:VehicleType:6651d621db6b,Citroen,C3,2022,combustion,YGA:PricingPlan:6651d621db6b,7.0,48.0,https://fr.getaround.com/location-voiture/villejuif/citroen-c3-1009312
2026-09-13T00:02:15,paris,1009324,YGA:Vehicle:134d1f6884e4,paris,48.870392,2.346341,0,0,319500,YGA:VehicleType:134d1f6884e4,Citroen,C3,2022,combustion,YGA:PricingPlan:134d1f6884e4,7.0,50.0,https://fr.getaround.com/location-voiture/paris/citroen-c3-1009324
2026-09-13T00:02:15,paris,1009443,YGA:Vehicle:1b095c3b90ec,paris,48.851543,2.293099,0,0,342000,YGA:VehicleType:1b095c3b90ec,Citroen,C3,2022,combustion,YGA:PricingPlan:1b095c3b90ec,7.0,50.0,https://fr.getaround.com/location-voiture/paris/citroen-c3-1009443
2026-09-13T00:02:15,paris,1009469,YGA:Vehicle:6aeaba16c576,montreuil,48.86845,2.452167,0,0,432000,YGA:VehicleType:6aeaba16c576,Citroen,C3,2022,combustion,YGA:PricingPlan:6aeaba16c576,7.0,50.0,https://fr.getaround.com/location-voiture/montreuil/citroen-c3-1009469
2026-09-13T00:02:15,paris,1009470,YGA:Vehicle:92a34239a056,bois-colombes,48.921799,2.272348,0,0,391500,YGA:VehicleType:92a34239a056,Citroen,C3,2022,combustion,YGA:PricingPlan:92a34239a056,7.0,48.0,https://fr.getaround.com/location-voiture/bois-colombes/citroen-c3-1009470
2026-09-13T00:02:15,paris,1009847,YGA:Vehicle:8c4f5ed89acb,pantin,48.888992,2.41454,0,0,208000,YGA:VehicleType:8c4f5ed89acb,Renault,Trafic,2018,combustion_diesel,YGA:PricingPlan:8c4f5ed89acb,9.0,68.0,https://fr.getaround.com/location-voiture/pantin/renault-trafic-1009847
2026-09-13T00:02:15,paris,1010949,YGA:Vehicle:9260b9ab9d60,montreuil,48.860165,2.451353,0,0,480000,YGA:VehicleType:9260b9ab9d60,Peugeot,Partner Fourgon,2015,combustion_diesel,YGA:PricingPlan:9260b9ab9d60,7.0,52.0,https://fr.getaround.com/location-voiture/montreuil/peugeot-partner-fourgon-1010949
2026-09-13T00:02:15,paris,1015578,YGA:Vehicle:0ff4944bed3f,paris,48.848759,2.401202,0,0,360000,YGA:VehicleType:0ff4944bed3f,Renault,Kangoo Express,2018,combustion_diesel,YGA:PricingPlan:0ff4944bed3f,6.0,48.0,https://fr.getaround.com/location-voiture/paris/renault-kangoo-express-1015578
2026-09-13T00:02:15,paris,1026236,YGA:Vehicle:54c56ffc4125,maisons-alfort,48.806351,2.447999,0,0,510000,YGA:VehicleType:54c56ffc4125,Renault,Kangoo Express,2013,combustion_diesel,YGA:PricingPlan:54c56ffc4125,6.0,50.0,https://fr.getaround.com/location-voiture/maisons-alfort/renault-kangoo-express-1026236
2026-09-13T00:02:15,paris,1029473,YGA:Vehicle:93eb06bf2866,paris,48.871529,2.339638,0,0,285000,YGA:VehicleType:93eb06bf2866,Dacia,Jogger,2022,combustion,YGA:PricingPlan:93eb06bf2866,8.0,55.0,https://fr.getaround.com/location-voiture/paris/dacia-jogger-1029473
2026-09-13T00:02:15,paris,1031523,YGA:Vehicle:603eac4a0f52,paris,48.846058,2.264703,0,0,238000,YGA:VehicleType:603eac4a0f52,Fiat,500,2019,combustion,YGA:PricingPlan:603eac4a0f52,5.0,43.0,https://fr.getaround.com/location-voiture/paris/fiat-500-1031523
2026-09-13T00:02:15,paris,1035443,YGA:Vehicle:3a5c3472bb7e,boulogne-billancourt,48.833351,2.255032,0,0,618000,YGA:VehicleType:3a5c3472bb7e,Renault,Kangoo Fourgon,2015,combustion_diesel,YGA:PricingPlan:3a5c3472bb7e,6.0,49.0,https://fr.getaround.com/location-voiture/boulogne-billancourt/renault-kangoo-fourgon-1035443
2026-09-13T00:02:15,paris,1037402,YGA:Vehicle:7841e17665ee,villejuif,48.7873,2.36701,0,0,348600,YGA:VehicleType:7841e17665ee,Renault,Clio,2020,combustion,YGA:PricingPlan:7841e17665ee,4.0,33.0,https://fr.getaround.com/location-voiture/villejuif/renault-clio-1037402
2026-09-13T00:02:15,paris,1041838,YGA:Vehicle:0cdee8e3b6ce,paris,48.849644,2.285553,0,0,230400,YGA:VehicleType:0cdee8e3b6ce,Fiat,Panda,2017,combustion,YGA:PricingPlan:0cdee8e3b6ce,5.0,42.0,https://fr.getaround.com/location-voiture/paris/fiat-panda-1041838
2026-09-13T00:02:15,paris,1046965,YGA:Vehicle:78333e6ab002,paris,48.889977,2.317918,0,0,558000,YGA:VehicleType:78333e6ab002,Renault,Kangoo Express,2020,combustion_diesel,YGA:PricingPlan:78333e6ab002,6.0,49.0,https://fr.getaround.com/location-voiture/paris/renault-kangoo-express-1046965
2026-09-13T00:02:15,paris,1048328,YGA:Vehicle:828bbba2fed9,joinville-le-pont,48.82983,2.469696,0,0,567000,YGA:VehicleType:828bbba2fed9,Opel,Vivaro,2017,combustion_diesel,YGA:PricingPlan:828bbba2fed9,8.0,65.0,https://fr.getaround.com/location-voiture/joinville-le-pont/opel-vivaro-1048328
2026-09-13T00:02:15,paris,1057098,YGA:Vehicle:8c4491d2c8b4,le-bourget,48.940033,2.429569,0,0,351000,YGA:VehicleType:8c4491d2c8b4,Renault,Clio E-tech,2022,hybrid,YGA:PricingPlan:8c4491d2c8b4,11.0,77.0,https://fr.getaround.com/location-voiture/le-bourget/renault-clio-e-tech-1057098
2026-09-13T00:02:15,paris,1057585,YGA:Vehicle:14c9946f59fb,paris,48.867317,2.270796,0,0,336000,YGA:VehicleType:14c9946f59fb,Renault,Kangoo Express,2018,combustion_diesel,YGA:PricingPlan:14c9946f59fb,6.0,48.0,https://fr.getaround.com/location-voiture/paris/renault-kangoo-express-1057585
2026-09-13T00:02:15,paris,1060060,YGA:Vehicle:edb0f5573238,malakoff,48.825012,2.302208,0,0,490000,YGA:VehicleType:edb0f5573238,Dacia,Lodgy,2017,combustion,YGA:PricingPlan:edb0f5573238,7.0,53.0,https://fr.getaround.com/location-voiture/malakoff/dacia-lodgy-1060060
2026-09-13T00:02:15,paris,1066352,YGA:Vehicle:ea2a8b805cff,charenton-le-pont,48.824734,2.411642,0,0,336000,YGA:VehicleType:ea2a8b805cff,Toyota,Yaris,2019,hybrid,YGA:PricingPlan:ea2a8b805cff,6.0,48.0,https://fr.getaround.com/location-voiture/charenton-le-pont/toyota-yaris-1066352
2026-09-13T00:02:15,paris,1080459,YGA:Vehicle:5fd8d047b94d,bagnolet,48.875565,2.419635,0,0,409200,YGA:VehicleType:5fd8d047b94d,Peugeot,2008,2021,combustion,YGA:PricingPlan:5fd8d047b94d,6.0,44.0,https://fr.getaround.com/location-voiture/bagnolet/peugeot-2008-1080459
2026-09-13T00:02:15,paris,1087994,YGA:Vehicle:6abb4765a101,aubervilliers,48.911304,2.387136,0,0,576000,YGA:VehicleType:6abb4765a101,Peugeot,Partner,2018,combustion_diesel,YGA:PricingPlan:6abb4765a101,8.0,62.0,https://fr.getaround.com/location-voiture/aubervilliers/peugeot-partner-1087994
2026-09-13T00:02:15,paris,1093572,YGA:Vehicle:c6f44ed3b330,pantin,48.88932,2.417837,0,0,666000,YGA:VehicleType:c6f44ed3b330,Renault,Trafic,2014,combustion_diesel,YGA:PricingPlan:c6f44ed3b330,9.0,72.0,https://fr.getaround.com/location-voiture/pantin/renault-trafic-1093572
2026-09-13T00:02:15,paris,1096368,YGA:Vehicle:06c54094e2f2,paris,48.895386,2.372674,0,0,200000,YGA:VehicleType:06c54094e2f2,Citroen,Jumpy,2015,combustion_diesel,YGA:PricingPlan:06c54094e2f2,9.0,68.0,https://fr.getaround.com/location-voiture/paris/citroen-jumpy-1096368
2026-09-13T00:02:15,paris,1096370,YGA:Vehicle:875d79ee832f,asnieres-sur-seine,48.908836,2.272577,0,0,600000,YGA:VehicleType:875d79ee832f,Renault,Kangoo Express,2013,combustion_diesel,YGA:PricingPlan:875d79ee832f,5.0,41.0,https://fr.getaround.com/location-voiture/asnieres-sur-seine/renault-kangoo-express-1096370
2026-09-13T00:02:15,paris,1096892,YGA:Vehicle:e5408ebfb0d9,colombes,48.911335,2.229425,0,0,590000,YGA:VehicleType:e5408ebfb0d9,Nissan,NV400,2015,combustion_diesel,YGA:PricingPlan:e5408ebfb0d9,9.0,71.0,https://fr.getaround.com/location-voiture/colombes/nissan-nv400-1096892
2026-09-13T00:02:15,paris,1099103,YGA:Vehicle:0a1d8d92cf4f,paris,48.895191,2.372498,0,0,672000,YGA:VehicleType:0a1d8d92cf4f,Renault,Trafic,2015,combustion_diesel,YGA:PricingPlan:0a1d8d92cf4f,8.0,64.0,https://fr.getaround.com/location-voiture/paris/renault-trafic-1099103
2026-09-13T00:02:15,paris,1101649,YGA:Vehicle:46f492fe2774,paris,48.892319,2.314661,0,0,873000,YGA:VehicleType:46f492fe2774,Renault,Trafic,2014,combustion_diesel,YGA:PricingPlan:46f492fe2774,10.0,78.0,https://fr.getaround.com/location-voiture/paris/renault-trafic-1101649
2026-09-13T00:02:15,paris,1103572,YGA:Vehicle:a7b55a8163e5,paris,48.889793,2.353539,0,0,192000,YGA:VehicleType:a7b55a8163e5,Citroen,Jumpy,2015,combustion_diesel,YGA:PricingPlan:a7b55a8163e5,8.0,59.0,https://fr.getaround.com/location-voiture/paris/citroen-jumpy-1103572
2026-09-13T00:02:15,paris,1115485,YGA:Vehicle:6e5292f238f8,paris,48.849808,2.400564,0,0,600000,YGA:VehicleType:6e5292f238f8,Renault,Kangoo Express,2017,combustion_diesel,YGA:PricingPlan:6e5292f238f8,7.0,48.0,https://fr.getaround.com/location-voiture/paris/renault-kangoo-express-1115485
2026-09-13T00:02:15,paris,1123907,YGA:Vehicle:9682ac560e8a,saint-denis,48.918308,2.343501,0,0,800000,YGA:VehicleType:9682ac560e8a,Renault,Trafic Passenger,2024,combustion_diesel,YGA:PricingPlan:9682ac560e8a,18.0,126.0,https://fr.getaround.com/location-voiture/saint-denis/renault-trafic-passenger-1123907
2026-09-13T00:02:15,paris,1124487,YGA:Vehicle:8d634c96c735,paris,48.839561,2.380247,0,0,257400,YGA:VehicleType:8d634c96c735,Smart,Fortwo Coupé,2013,combustion,YGA:PricingPlan:8d634c96c735,8.0,56.0,https://fr.getaround.com/location-voiture/paris/smart-fortwo-coupe-1124487
2026-09-13T00:02:15,paris,1125102,YGA:Vehicle:63908bea2237,levallois-perret,48.89529,2.298565,0,0,260400,YGA:VehicleType:63908bea2237,Renault,Clio,2021,combustion,YGA:PricingPlan:63908bea2237,5.0,38.0,https://fr.getaround.com/location-voiture/levallois-perret/renault-clio-1125102
2026-09-13T00:02:15,paris,1125579,YGA:Vehicle:5f6d8bb87c1a,vitry-sur-seine,48.798637,2.408571,0,0,357000,YGA:VehicleType:5f6d8bb87c1a,Renault,Master,2019,combustion_diesel,YGA:PricingPlan:5f6d8bb87c1a,10.0,76.0,https://fr.getaround.com/location-voiture/vitry-sur-seine/renault-master-1125579
2026-09-13T00:02:15,paris,1136164,YGA:Vehicle:f405a909a9d1,maisons-alfort,48.805569,2.438362,0,0,288000,YGA:VehicleType:f405a909a9d1,Opel,Vivaro,2013,combustion_diesel,YGA:PricingPlan:f405a909a9d1,6.0,49.0,https://fr.getaround.com/location-voiture/maisons-alfort/opel-vivaro-1136164
2026-09-13T00:02:15,paris,1139073,YGA:Vehicle:7540c858c3c1,paris,48.891869,2.316322,0,0,268400,YGA:VehicleType:7540c858c3c1,Peugeot,2008,2021,combustion,YGA:PricingPlan:7540c858c3c1,6.0,42.0,https://fr.getaround.com/location-voiture/paris/peugeot-2008-1139073
2026-09-13T00:02:15,paris,1139133,YGA:Vehicle:066605dfa89c,paris,48.849331,2.259859,0,0,378000,YGA:VehicleType:066605dfa89c,Citroen,C3,2021,combustion,YGA:PricingPlan:066605dfa89c,4.0,33.0,https://fr.getaround.com/location-voiture/paris/citroen-c3-1139133
2026-09-13T00:02:15,paris,1141133,YGA:Vehicle:a5016201e956,vitry-sur-seine,48.798637,2.408571,0,0,392000,YGA:VehicleType:a5016201e956,Opel,Movano,2018,combustion_diesel,YGA:PricingPlan:a5016201e956,9.0,74.0,https://fr.getaround.com/location-voiture/vitry-sur-seine/opel-movano-1141133
2026-09-13T00:02:15,paris,1142169,YGA:Vehicle:0a2ee713e1ed,paris,48.901234,2.333986,0,0,198000,YGA:VehicleType:0a2ee713e1ed,Peugeot,208,2021,combustion,YGA:PricingPlan:0a2ee713e1ed,6.0,42.0,https://fr.getaround.com/location-voiture/paris/peugeot-208-1142169
2026-09-13T00:02:15,paris,1145160,YGA:Vehicle:7f8ae25b9aef,saint-denis,48.918407,2.343441,0,0,657000,YGA:VehicleType:7f8ae25b9aef,Renault,Trafic Passenger,2020,combustion_diesel,YGA:PricingPlan:7f8ae25b9aef,17.0,114.0,https://fr.getaround.com/location-voiture/saint-denis/renault-trafic-passenger-1145160
2026-09-13T00:02:15,paris,1145397,YGA:Vehicle:32ba0b7ec275,gentilly,48.814308,2.341029,0,0,294000,YGA:VehicleType:32ba0b7ec275,Citroen,Berlingo,2014,combustion_diesel,YGA:PricingPlan:32ba0b7ec275,6.0,46.0,https://fr.getaround.com/location-voiture/gentilly/citroen-berlingo-1145397
2026-09-13T00:02:15,paris,1146812,YGA:Vehicle:1a6a55a46757,paris,48.85611,2.415202,0,0,621000,YGA:VehicleType:1a6a55a46757,Renault,Trafic Passenger,2013,combustion_diesel,YGA:PricingPlan:1a6a55a46757,11.0,80.0,https://fr.getaround.com/location-voiture/paris/renault-trafic-passenger-1146812
2026-09-13T00:02:15,paris,1148327,YGA:Vehicle:76e58218d738,sevres,48.813763,2.213673,0,0,441000,YGA:VehicleType:76e58218d738,Renault,Master,2017,combustion_diesel,YGA:PricingPlan:76e58218d738,8.0,64.0,https://fr.getaround.com/location-voiture/sevres/renault-master-1148327
2026-09-13T00:02:15,paris,1149205,YGA:Vehicle:6f5a5518779c,ivry-sur-seine,48.813599,2.384753,0,0,180000,YGA:VehicleType:6f5a5518779c,Citroen,Berlingo,2014,combustion_diesel,YGA:PricingPlan:6f5a5518779c,8.0,59.0,https://fr.getaround.com/location-voiture/ivry-sur-seine/citroen-berlingo-1149205
2026-09-13T00:02:15,paris,1149662,YGA:Vehicle:2ab1cb48dc19,paris,48.882477,2.375214,0,0,256000,YGA:VehicleType:2ab1cb48dc19,Citroen,Jumpy,2015,combustion_diesel,YGA:PricingPlan:2ab1cb48dc19,8.0,60.0,https://fr.getaround.com/location-voiture/paris/citroen-jumpy-1149662
2026-09-13T00:02:15,paris,1155838,YGA:Vehicle:33c34b26f0fe,creteil,48.790333,2.450805,0,0,414400,YGA:VehicleType:33c34b26f0fe,Renault,Grand Scenic,2016,combustion_diesel,YGA:PricingPlan:33c34b26f0fe,9.0,59.0,https://fr.getaround.com/location-voiture/creteil/renault-grand-scenic-1155838
2026-09-13T00:02:15,paris,1156197,YGA:Vehicle:41ebfbd92442,fontenay-sous-bois,48.843464,2.466725,0,0,348600,YGA:VehicleType:41ebfbd92442,Renault,Clio,2020,combustion,YGA:PricingPlan:41ebfbd92442,4.0,30.0,https://fr.getaround.com/location-voiture/fontenay-sous-bois/renault-clio-1156197
2026-09-13T00:02:15,paris,1156948,YGA:Vehicle:4bf08672b7a2,paris,48.842846,2.352862,0,0,546000,YGA:VehicleType:4bf08672b7a2,Renault,Kangoo Express,2016,combustion_diesel,YGA:PricingPlan:4bf08672b7a2,6.0,47.0,https://fr.getaround.com/location-voiture/paris/renault-kangoo-express-1156948
2026-09-13T00:02:15,paris,1159301,YGA:Vehicle:1ef560262609,paris,48.862431,2.405893,0,0,180000,YGA:VehicleType:1ef560262609,Citroen,C3,2020,combustion,YGA:PricingPlan:1ef560262609,5.0,40.0,https://fr.getaround.com/location-voiture/paris/citroen-c3-1159301
2026-09-13T00:02:15,paris,1159303,YGA:Vehicle:21c2f882a87c,rosny-sous-bois,48.876595,2.476027,0,0,262500,YGA:VehicleType:21c2f882a87c,Renault,Master,2015,combustion_diesel,YGA:PricingPlan:21c2f882a87c,8.0,57.0,https://fr.getaround.com/location-voiture/rosny-sous-bois/renault-master-1159303
2026-09-13T00:02:15,paris,1164933,YGA:Vehicle:7673373929f7,paris,48.871929,2.347583,0,0,552000,YGA:VehicleType:7673373929f7,Toyota,Proace Verso,2020,combustion_diesel,YGA:PricingPlan:7673373929f7,10.0,73.0,https://fr.getaround.com/location-voiture/paris/toyota-proace-verso-1164933
2026-09-13T00:02:15,paris,1166894,YGA:Vehicle:6024b8ed5a7e,chatillon,48.805618,2.284173,0,0,666000,YGA:VehicleType:6024b8ed5a7e,Renault,Trafic,2012,combustion_diesel,YGA:PricingPlan:6024b8ed5a7e,6.0,42.0,https://fr.getaround.com/location-voiture/chatillon/renault-trafic-1166894
2026-09-13T00:02:15,paris,1167007,YGA:Vehicle:dc2f20edc28f,antony,48.769878,2.318018,0,0,207000,YGA:VehicleType:dc2f20edc28f,Renault,Trafic,2013,combustion_diesel,YGA:PricingPlan:dc2f20edc28f,6.0,49.0,https://fr.getaround.com/location-voiture/antony/renault-trafic-1167007
2026-09-13T00:02:15,paris,1167029,YGA:Vehicle:e770eaa6bed3,paris,48.875675,2.303899,0,0,198000,YGA:VehicleType:e770eaa6bed3,Renault,Clio,2021,combustion,YGA:PricingPlan:e770eaa6bed3,4.0,30.0,https://fr.getaround.com/location-voiture/paris/renault-clio-1167029
2026-09-13T00:02:15,paris,1168134,YGA:Vehicle:19a6336d1c64,paris,48.888126,2.345273,0,0,576000,YGA:VehicleType:19a6336d1c64,Renault,Scenic,2015,combustion,YGA:PricingPlan:19a6336d1c64,9.0,63.0,https://fr.getaround.com/location-voiture/paris/renault-scenic-1168134
2026-09-13T00:02:15,paris,1168700,YGA:Vehicle:95cd0932b57b,nanterre,48.899769,2.22622,0,0,456000,YGA:VehicleType:95cd0932b57b,Renault,Trafic,2016,combustion_diesel,YGA:PricingPlan:95cd0932b57b,9.0,66.0,https://fr.getaround.com/location-voiture/nanterre/renault-trafic-1168700
2026-09-13T00:02:15,paris,1174479,YGA:Vehicle:1b5d3a6fbfbc,noisy-le-sec,48.896339,2.465337,0,0,168000,YGA:VehicleType:1b5d3a6fbfbc,Renault,Kangoo Express,2018,combustion_diesel,YGA:PricingPlan:1b5d3a6fbfbc,7.0,56.0,https://fr.getaround.com/location-voiture/noisy-le-sec/renault-kangoo-express-1174479
2026-09-13T00:02:15,paris,1179441,YGA:Vehicle:ed593178d225,gennevilliers,48.928402,2.288712,0,0,594000,YGA:VehicleType:ed593178d225,Peugeot,Partner,2013,combustion_diesel,YGA:PricingPlan:ed593178d225,6.0,47.0,https://fr.getaround.com/location-voiture/gennevilliers/peugeot-partner-1179441
2026-09-13T00:02:15,paris,1179653,YGA:Vehicle:3a19cdc1d0c0,malakoff,48.812061,2.294726,0,0,552000,YGA:VehicleType:3a19cdc1d0c0,Opel,Movano,2018,combustion_diesel,YGA:PricingPlan:3a19cdc1d0c0,8.0,68.0,https://fr.getaround.com/location-voiture/malakoff/opel-movano-1179653
2026-09-13T00:02:15,paris,1184150,YGA:Vehicle:519677780a30,la-garenne-colombes,48.913483,2.257902,0,0,450000,YGA:VehicleType:519677780a30,Skoda,Fabia,2017,combustion_diesel,YGA:PricingPlan:519677780a30,9.0,67.0,https://fr.getaround.com/location-voiture/la-garenne-colombes/skoda-fabia-1184150
2026-09-13T00:02:15,paris,1186593,YGA:Vehicle:e22424bcfac8,clamart,48.812603,2.274871,0,0,250000,YGA:VehicleType:e22424bcfac8,Renault,Kangoo Express ZE,2016,electric,YGA:PricingPlan:e22424bcfac8,7.0,56.0,https://fr.getaround.com/location-voiture/clamart/renault-kangoo-express-ze-1186593
2026-09-13T00:02:15,paris,1187353,YGA:Vehicle:434cea082aa8,paris,48.889576,2.319039,0,0,252000,YGA:VehicleType:434cea082aa8,Renault,Clio,2021,combustion,YGA:PricingPlan:434cea082aa8,4.0,31.0,https://fr.getaround.com/location-voiture/paris/renault-clio-1187353
2026-09-13T00:02:15,paris,1187355,YGA:Vehicle:6541f3f9998d,pantin,48.890205,2.408347,0,0,331800,YGA:VehicleType:6541f3f9998d,Renault,Clio,2021,combustion,YGA:PricingPlan:6541f3f9998d,5.0,38.0,https://fr.getaround.com/location-voiture/pantin/renault-clio-1187355
2026-09-13T00:02:15,paris,1188586,YGA:Vehicle:7fc1b64a2e84,paris,48.831207,2.309197,0,0,283500,YGA:VehicleType:7fc1b64a2e84,Renault,Master,2013,combustion_diesel,YGA:PricingPlan:7fc1b64a2e84,9.0,71.0,https://fr.getaround.com/location-voiture/paris/renault-master-1188586
2026-09-13T00:02:15,paris,1189243,YGA:Vehicle:4a5d5e75b0c4,paris,48.883808,2.312235,0,0,448000,YGA:VehicleType:4a5d5e75b0c4,Renault,Trafic Passenger,2020,combustion_diesel,YGA:PricingPlan:4a5d5e75b0c4,16.0,114.0,https://fr.getaround.com/location-voiture/paris/renault-trafic-passenger-1189243
2026-09-13T00:02:15,paris,1190400,YGA:Vehicle:651cfb263a86,colombes,48.931103,2.255057,0,0,432000,YGA:VehicleType:651cfb263a86,Renault,Trafic,2017,combustion_diesel,YGA:PricingPlan:651cfb263a86,7.0,66.0,https://fr.getaround.com/location-voiture/colombes/renault-trafic-1190400
2026-09-13T00:02:15,paris,1190514,YGA:Vehicle:5417ed53d953,puteaux,48.886765,2.226953,0,0,172000,YGA:VehicleType:5417ed53d953,Toyota,Corolla Break Hybride,2020,hybrid,YGA:PricingPlan:5417ed53d953,5.0,37.0,https://fr.getaround.com/location-voiture/puteaux/toyota-corolla-break-hybride-1190514
2026-09-13T00:02:15,paris,1190794,YGA:Vehicle:07b9b0636ac1,puteaux,48.886124,2.228461,0,0,457500,YGA:VehicleType:07b9b0636ac1,Toyota,Proace Fourgon,2020,combustion_diesel,YGA:PricingPlan:07b9b0636ac1,11.0,83.0,https://fr.getaround.com/location-voiture/puteaux/toyota-proace-fourgon-1190794
2026-09-13T00:02:15,paris,1194650,YGA:Vehicle:f4eda5b4187c,cachan,48.796535,2.325286,0,0,776000,YGA:VehicleType:f4eda5b4187c,Peugeot,Expert,2014,combustion_diesel,YGA:PricingPlan:f4eda5b4187c,7.0,50.0,https://fr.getaround.com/location-voiture/cachan/peugeot-expert-1194650
2026-09-13T00:02:15,paris,1197272,YGA:Vehicle:3bc2beff4ff2,colombes,48.911335,2.229425,0,0,420000,YGA:VehicleType:3bc2beff4ff2,Renault,Master,2013,combustion_diesel,YGA:PricingPlan:3bc2beff4ff2,38.0,267.0,https://fr.getaround.com/location-voiture/colombes/renault-master-1197272
2026-09-13T00:02:15,paris,1200965,YGA:Vehicle:c990a480ccd6,paris,48.871353,2.338388,0,0,220000,YGA:VehicleType:c990a480ccd6,Toyota,Proace City Electric,2023,electric,YGA:PricingPlan:c990a480ccd6,11.0,91.0,https://fr.getaround.com/location-voiture/paris/toyota-proace-city-electric-1200965
2026-09-13T00:02:15,paris,1203736,YGA:Vehicle:cdaacfc48605,paris,48.862198,2.354164,0,0,256500,YGA:VehicleType:cdaacfc48605,Citroen,C3,2023,combustion,YGA:PricingPlan:cdaacfc48605,6.0,49.0,https://fr.getaround.com/location-voiture/paris/citroen-c3-1203736
2026-09-13T00:02:15,paris,1204477,YGA:Vehicle:83b26f657235,gennevilliers,48.934052,2.306691,0,0,135000,YGA:VehicleType:83b26f657235,Renault,Trafic,2013,combustion_diesel,YGA:PricingPlan:83b26f657235,6.0,49.0,https://fr.getaround.com/location-voiture/gennevilliers/renault-trafic-1204477
2026-09-13T00:02:15,paris,1204836,YGA:Vehicle:0304ba8d6f5c,paris,48.873219,2.373415,0,0,160000,YGA:VehicleType:0304ba8d6f5c,Citroen,Jumpy,2015,combustion_diesel,YGA:PricingPlan:0304ba8d6f5c,7.0,53.0,https://fr.getaround.com/location-voiture/paris/citroen-jumpy-1204836
2026-09-13T00:02:15,paris,1205152,YGA:Vehicle:e7c9f5b4b5b4,rosny-sous-bois,48.871735,2.471986,0,0,558000,YGA:VehicleType:e7c9f5b4b5b4,Renault,Kangoo Express,2013,combustion_diesel,YGA:PricingPlan:e7c9f5b4b5b4,5.0,42.0,https://fr.getaround.com/location-voiture/rosny-sous-bois/renault-kangoo-express-1205152
2026-09-13T00:02:15,paris,1206340,YGA:Vehicle:9ed2b6099322,boulogne-billancourt,48.832726,2.249987,0,0,360400,YGA:VehicleType:9ed2b6099322,Renault,Grand Scenic,2017,combustion_diesel,YGA:PricingPlan:9ed2b6099322,11.0,79.0,https://fr.getaround.com/location-voiture/boulogne-billancourt/renault-grand-scenic-1206340
2026-09-13T00:02:15,paris,1207394,YGA:Vehicle:76e17d4ef2e3,paris,48.899929,2.344498,0,0,354000,YGA:VehicleType:76e17d4ef2e3,Renault,Kangoo Express,2014,combustion_diesel,YGA:PricingPlan:76e17d4ef2e3,6.0,45.0,https://fr.getaround.com/location-voiture/paris/renault-kangoo-express-1207394
2026-09-13T00:02:15,paris,1210675,YGA:Vehicle:801f78bf8f8e,paris,48.87635,2.39357,0,0,180000,YGA:VehicleType:801f78bf8f8e,Citroen,C3,2023,combustion,YGA:PricingPlan:801f78bf8f8e,7.0,53.0,https://fr.getaround.com/location-voiture/paris/citroen-c3-1210675
2026-09-13T00:02:15,paris,1214990,YGA:Vehicle:d39a951c81f3,le-plessis-robinson,48.78447,2.274867,0,0,618000,YGA:VehicleType:d39a951c81f3,Renault,Kangoo Express,2016,combustion_diesel,YGA:PricingPlan:d39a951c81f3,5.0,39.0,https://fr.getaround.com/location-voiture/le-plessis-robinson/renault-kangoo-express-1214990
2026-09-13T00:02:15,paris,1214992,YGA:Vehicle:bc19b3c33312,paris,48.836529,2.318608,0,0,426000,YGA:VehicleType:bc19b3c33312,Renault,Kangoo Express,2016,combustion_diesel,YGA:PricingPlan:bc19b3c33312,6.0,44.0,https://fr.getaround.com/location-voiture/paris/renault-kangoo-express-1214992
2026-09-13T00:02:15,paris,1216044,YGA:Vehicle:2632faf8b3e9,paris,48.853367,2.394739,0,0,342000,YGA:VehicleType:2632faf8b3e9,Citroen,C3,2023,combustion,YGA:PricingPlan:2632faf8b3e9,5.0,45.0,https://fr.getaround.com/location-voiture/paris/citroen-c3-1216044
2026-09-13T00:02:15,paris,1216051,YGA:Vehicle:2ac8d5148c72,neuilly-sur-seine,48.891434,2.277389,0,0,121500,YGA:VehicleType:2ac8d5148c72,Citroen,C3,2023,combustion,YGA:PricingPlan:2ac8d5148c72,7.0,53.0,https://fr.getaround.com/location-voiture/neuilly-sur-seine/citroen-c3-1216051
2026-09-13T00:02:15,paris,1219161,YGA:Vehicle:3cc7a887caee,paris,48.854397,2.30477,0,0,720000,YGA:VehicleType:3cc7a887caee,Renault,Master,2023,combustion_diesel,YGA:PricingPlan:3cc7a887caee,9.0,78.0,https://fr.getaround.com/location-voiture/paris/renault-master-1219161
2026-09-13T00:02:15,paris,1224560,YGA:Vehicle:43cb1cb18347,paris,48.842957,2.317132,0,0,242000,YGA:VehicleType:43cb1cb18347,Peugeot,208,2023,combustion,YGA:PricingPlan:43cb1cb18347,5.0,45.0,https://fr.getaround.com/location-voiture/paris/peugeot-208-1224560
2026-09-13T00:02:15,paris,1224582,YGA:Vehicle:014b7381e47d,courbevoie,48.895103,2.239162,0,0,444400,YGA:VehicleType:014b7381e47d,Peugeot,208,2023,combustion,YGA:PricingPlan:014b7381e47d,5.0,45.0,https://fr.getaround.com/location-voiture/courbevoie/peugeot-208-1224582
2026-09-13T00:02:15,paris,1226020,YGA:Vehicle:6f4f654511c2,paris,48.866306,2.285578,0,0,369000,YGA:VehicleType:6f4f654511c2,Citroen,C3,2023,combustion,YGA:PricingPlan:6f4f654511c2,6.0,49.0,https://fr.getaround.com/location-voiture/paris/citroen-c3-1226020
2026-09-13T00:02:15,paris,1226024,YGA:Vehicle:26b572cf45a7,montrouge,48.810898,2.309095,0,0,207000,YGA:VehicleType:26b572cf45a7,Citroen,C3,2023,combustion,YGA:PricingPlan:26b572cf45a7,6.0,49.0,https://fr.getaround.com/location-voiture/montrouge/citroen-c3-1226024
2026-09-13T00:02:15,paris,1226026,YGA:Vehicle:caf6fa66d086,paris,48.890697,2.363339,0,0,243000,YGA:VehicleType:caf6fa66d086,Citroen,C3,2023,combustion,YGA:PricingPlan:caf6fa66d086,7.0,53.0,https://fr.getaround.com/location-voiture/paris/citroen-c3-1226026
2026-09-13T00:02:15,paris,1226029,YGA:Vehicle:c5b48a346001,paris,48.890331,2.37952,0,0,360000,YGA:VehicleType:c5b48a346001,Citroen,C3,2023,combustion,YGA:PricingPlan:c5b48a346001,6.0,49.0,https://fr.getaround.com/location-voiture/paris/citroen-c3-1226029
2026-09-13T00:02:15,paris,1227454,YGA:Vehicle:ab54153c0837,ivry-sur-seine,48.812885,2.370104,0,0,423000,YGA:VehicleType:ab54153c0837,Peugeot,Boxer,2018,combustion_diesel,YGA:PricingPlan:ab54153c0837,11.0,87.0,https://fr.getaround.com/location-voiture/ivry-sur-seine/peugeot-boxer-1227454
2026-09-13T00:02:15,paris,1230204,YGA:Vehicle:11ed80495fbf,colombes,48.931801,2.261068,0,0,206800,YGA:VehicleType:11ed80495fbf,Peugeot,208,2023,combustion,YGA:PricingPlan:11ed80495fbf,7.0,54.0,https://fr.getaround.com/location-voiture/colombes/peugeot-208-1230204
2026-09-13T00:02:15,paris,1230347,YGA:Vehicle:c12353f19e32,paris,48.850197,2.366032,0,0,246000,YGA:VehicleType:c12353f19e32,Fiat,Doblo Cargo,2016,combustion,YGA:PricingPlan:c12353f19e32,6.0,46.0,https://fr.getaround.com/location-voiture/paris/fiat-doblo-cargo-1230347
2026-09-13T00:02:15,paris,1232224,YGA:Vehicle:01c6d428c8b1,paris,48.890144,2.334173,0,0,752000,YGA:VehicleType:01c6d428c8b1,Renault,Trafic,2017,combustion_diesel,YGA:PricingPlan:01c6d428c8b1,11.0,88.0,https://fr.getaround.com/location-voiture/paris/renault-trafic-1232224
2026-09-13T00:02:15,paris,1233339,YGA:Vehicle:7a6579b94068,paris,48.854378,2.387441,0,0,280000,YGA:VehicleType:7a6579b94068,Citroen,Jumpy,2016,combustion_diesel,YGA:PricingPlan:7a6579b94068,7.0,47.0,https://fr.getaround.com/location-voiture/paris/citroen-jumpy-1233339
2026-09-13T00:02:15,paris,1235149,YGA:Vehicle:b5d5b1e6240a,paris,48.863869,2.239796,0,0,776000,YGA:VehicleType:b5d5b1e6240a,Peugeot,Boxer,2023,combustion_diesel,YGA:PricingPlan:b5d5b1e6240a,10.0,85.0,https://fr.getaround.com/location-voiture/paris/peugeot-boxer-1235149
2026-09-13T00:02:15,paris,1238361,YGA:Vehicle:570013195900,paris,48.838421,2.312523,0,0,445500,YGA:VehicleType:570013195900,Opel,Corsa,2012,combustion,YGA:PricingPlan:570013195900,5.0,35.0,https://fr.getaround.com/location-voiture/paris/opel-corsa-1238361
2026-09-13T00:02:15,paris,1238715,YGA:Vehicle:9104db6a1fd7,paris,48.876244,2.321382,0,0,544000,YGA:VehicleType:9104db6a1fd7,Renault,Trafic,2018,combustion_diesel,YGA:PricingPlan:9104db6a1fd7,7.0,59.0,https://fr.getaround.com/location-voiture/paris/renault-trafic-1238715
2026-09-13T00:02:15,paris,1240535,YGA:Vehicle:345ce2c66243,paris,48.836529,2.318608,0,0,600000,YGA:VehicleType:345ce2c66243,Renault,Kangoo Express,2016,combustion_diesel,YGA:PricingPlan:345ce2c66243,5.0,39.0,https://fr.getaround.com/location-voiture/paris/renault-kangoo-express-1240535
2026-09-13T00:02:15,paris,1241184,YGA:Vehicle:f8497a545029,paris,48.883595,2.312934,0,0,75600,YGA:VehicleType:f8497a545029,Peugeot,208,2023,combustion,YGA:PricingPlan:f8497a545029,7.0,55.0,https://fr.getaround.com/location-voiture/paris/peugeot-208-1241184
2026-09-13T00:02:15,paris,1242243,YGA:Vehicle:32bfd2ff7159,saint-ouen-sur-seine,48.904102,2.341321,0,0,567000,YGA:VehicleType:32bfd2ff7159,Renault,Trafic Passenger,2018,combustion_diesel,YGA:PricingPlan:32bfd2ff7159,14.0,101.0,https://fr.getaround.com/location-voiture/saint-ouen-sur-seine/renault-trafic-passenger-1242243
2026-09-13T00:02:15,paris,1244233,YGA:Vehicle:80d6ce1e0397,paris,48.866566,2.380738,0,0,568000,YGA:VehicleType:80d6ce1e0397,Renault,Trafic,2020,combustion_diesel,YGA:PricingPlan:80d6ce1e0397,9.0,68.0,https://fr.getaround.com/location-voiture/paris/renault-trafic-1244233
2026-09-13T00:02:15,paris,1244523,YGA:Vehicle:051efc2ae943,pantin,48.889343,2.408207,0,0,8000,YGA:VehicleType:051efc2ae943,Volkswagen,Polo,2020,combustion,YGA:PricingPlan:051efc2ae943,6.0,45.0,https://fr.getaround.com/location-voiture/pantin/volkswagen-polo-1244523
2026-09-13T00:02:15,paris,1247954,YGA:Vehicle:ad0f9b71bf1d,saint-ouen-sur-seine,48.909351,2.32722,0,0,348000,YGA:VehicleType:ad0f9b71bf1d,Renault,Kangoo Express,2017,combustion_diesel,YGA:PricingPlan:ad0f9b71bf1d,8.0,59.0,https://fr.getaround.com/location-voiture/saint-ouen-sur-seine/renault-kangoo-express-1247954
2026-09-13T00:02:15,paris,1251324,YGA:Vehicle:6564a37fed99,boulogne-billancourt,48.835758,2.23052,0,0,441000,YGA:VehicleType:6564a37fed99,Citroen,C3,2023,combustion,YGA:PricingPlan:6564a37fed99,7.0,52.0,https://fr.getaround.com/location-voiture/boulogne-billancourt/citroen-c3-1251324
2026-09-13T00:02:15,paris,1251338,YGA:Vehicle:98608a523bc8,courbevoie,48.897705,2.238831,0,0,386400,YGA:VehicleType:98608a523bc8,Toyota,Yaris,2020,combustion,YGA:PricingPlan:98608a523bc8,7.0,55.0,https://fr.getaround.com/location-voiture/courbevoie/toyota-yaris-1251338
2026-09-13T00:02:15,paris,1255891,YGA:Vehicle:217040f2d435,vitry-sur-seine,48.798637,2.408571,0,0,766500,YGA:VehicleType:217040f2d435,Renault,Master,2019,combustion_diesel,YGA:PricingPlan:217040f2d435,8.0,68.0,https://fr.getaround.com/location-voiture/vitry-sur-seine/renault-master-1255891
2026-09-13T00:02:15,paris,1256359,YGA:Vehicle:90905d2ef6f3,fontenay-aux-roses,48.794384,2.291018,0,0,422400,YGA:VehicleType:90905d2ef6f3,Peugeot,208,2023,combustion,YGA:PricingPlan:90905d2ef6f3,7.0,51.0,https://fr.getaround.com/location-voiture/fontenay-aux-roses/peugeot-208-1256359
2026-09-13T00:02:15,paris,1257225,YGA:Vehicle:fb891bd82dc5,paris,48.851051,2.369787,0,0,330000,YGA:VehicleType:fb891bd82dc5,Renault,Kangoo Express,2013,combustion_diesel,YGA:PricingPlan:fb891bd82dc5,6.0,43.0,https://fr.getaround.com/location-voiture/paris/renault-kangoo-express-1257225
2026-09-13T00:02:15,paris,1261200,YGA:Vehicle:d1fc1a546bb5,levallois-perret,48.895336,2.298734,0,0,84000,YGA:VehicleType:d1fc1a546bb5,Renault,Clio,2023,combustion,YGA:PricingPlan:d1fc1a546bb5,7.0,53.0,https://fr.getaround.com/location-voiture/levallois-perret/renault-clio-1261200
2026-09-13T00:02:15,paris,1262036,YGA:Vehicle:1d98efe3d326,paris,48.882736,2.379291,0,0,568000,YGA:VehicleType:1d98efe3d326,Citroen,Jumpy,2013,combustion_diesel,YGA:PricingPlan:1d98efe3d326,8.0,58.0,https://fr.getaround.com/location-voiture/paris/citroen-jumpy-1262036
2026-09-13T00:02:15,paris,1266392,YGA:Vehicle:8727bde564f4,paris,48.876373,2.393625,0,0,510000,YGA:VehicleType:8727bde564f4,Renault,Kangoo Express,2016,combustion_diesel,YGA:PricingPlan:8727bde564f4,6.0,51.0,https://fr.getaround.com/location-voiture/paris/renault-kangoo-express-1266392
2026-09-13T00:02:15,paris,1267997,YGA:Vehicle:885fe9a1b85f,paris,48.863544,2.271824,0,0,91800,YGA:VehicleType:885fe9a1b85f,Smart,Fortwo Coupé,2016,combustion,YGA:PricingPlan:885fe9a1b85f,9.0,68.0,https://fr.getaround.com/location-voiture/paris/smart-fortwo-coupe-1267997
2026-09-13T00:02:15,paris,1268814,YGA:Vehicle:3d8b6a64427c,paris,48.840389,2.284114,0,0,728000,YGA:VehicleType:3d8b6a64427c,Renault,Trafic,2019,combustion_diesel,YGA:PricingPlan:3d8b6a64427c,8.0,65.0,https://fr.getaround.com/location-voiture/paris/renault-trafic-1268814
2026-09-13T00:02:15,paris,1270326,YGA:Vehicle:3647bda55bd7,paris,48.846603,2.387073,0,0,451500,YGA:VehicleType:3647bda55bd7,Renault,Master,2019,combustion_diesel,YGA:PricingPlan:3647bda55bd7,9.0,71.0,https://fr.getaround.com/location-voiture/paris/renault-master-1270326
2026-09-13T00:02:15,paris,1272472,YGA:Vehicle:b05bd408ee61,bois-colombes,48.9132,2.258264,0,0,345600,YGA:VehicleType:b05bd408ee61,Toyota,Yaris Hybride,2018,hybrid,YGA:PricingPlan:b05bd408ee61,13.0,95.0,https://fr.getaround.com/location-voiture/bois-colombes/toyota-yaris-hybride-1272472
2026-09-13T00:02:15,paris,1272822,YGA:Vehicle:6787975cc2ac,paris,48.846039,2.394471,0,0,701400,YGA:VehicleType:6787975cc2ac,Toyota,Yaris Hybride,2020,hybrid,YGA:PricingPlan:6787975cc2ac,5.0,37.0,https://fr.getaround.com/location-voiture/paris/toyota-yaris-hybride-1272822
2026-09-13T00:02:15,paris,1273278,YGA:Vehicle:518caa63543d,pantin,48.91256,2.41073,0,0,522000,YGA:VehicleType:518caa63543d,Fiat,Ducato,2015,combustion_diesel,YGA:PricingPlan:518caa63543d,12.0,90.0,https://fr.getaround.com/location-voiture/pantin/fiat-ducato-1273278
2026-09-13T00:02:15,paris,1275467,YGA:Vehicle:3e812e6f6b4c,boulogne-billancourt,48.827862,2.236107,0,0,573400,YGA:VehicleType:3e812e6f6b4c,Toyota,Proace Fourgon,2020,combustion_diesel,YGA:PricingPlan:3e812e6f6b4c,11.0,83.0,https://fr.getaround.com/location-voiture/boulogne-billancourt/toyota-proace-fourgon-1275467
2026-09-13T00:02:15,paris,1283752,YGA:Vehicle:6ea57732695f,paris,48.895466,2.337892,0,0,135000,YGA:VehicleType:6ea57732695f,Opel,Meriva,2016,combustion,YGA:PricingPlan:6ea57732695f,10.0,66.0,https://fr.getaround.com/location-voiture/paris/opel-meriva-1283752
2026-09-13T00:02:15,paris,1285003,YGA:Vehicle:e2fa08e8fbc4,neuilly-sur-seine,48.879612,2.279756,0,0,137800,YGA:VehicleType:e2fa08e8fbc4,Renault,Grand Scenic,2018,combustion,YGA:PricingPlan:e2fa08e8fbc4,11.0,75.0,https://fr.getaround.com/location-voiture/neuilly-sur-seine/renault-grand-scenic-1285003
2026-09-13T00:02:15,paris,1287201,YGA:Vehicle:824d20ed8a18,maisons-alfort,48.806728,2.431915,0,0,747000,YGA:VehicleType:824d20ed8a18,Opel,Vivaro,2013,combustion_diesel,YGA:PricingPlan:824d20ed8a18,9.0,68.0,https://fr.getaround.com/location-voiture/maisons-alfort/opel-vivaro-1287201
2026-09-13T00:02:15,paris,1287364,YGA:Vehicle:85282e78117e,paris,48.846569,2.261226,0,0,145200,YGA:VehicleType:85282e78117e,Peugeot,208,2023,combustion,YGA:PricingPlan:85282e78117e,7.0,52.0,https://fr.getaround.com/location-voiture/paris/peugeot-208-1287364
2026-09-13T00:02:15,paris,1291656,YGA:Vehicle:9931bf68717a,paris,48.878857,2.39278,0,0,236500,YGA:VehicleType:9931bf68717a,Toyota,C-HR Hybrid,2020,hybrid,YGA:PricingPlan:9931bf68717a,5.0,36.0,https://fr.getaround.com/location-voiture/paris/toyota-c-hr-hybrid-1291656
2026-09-13T00:02:15,paris,1297550,YGA:Vehicle:3fd2c0c53dda,le-pre-saint-gervais,48.881039,2.406369,0,0,819000,YGA:VehicleType:3fd2c0c53dda,Renault,Master,2014,combustion_diesel,YGA:PricingPlan:3fd2c0c53dda,12.0,87.0,https://fr.getaround.com/location-voiture/le-pre-saint-gervais/renault-master-1297550
2026-09-13T00:02:15,paris,1299198,YGA:Vehicle:e496d1cc3617,boulogne-billancourt,48.831367,2.232619,0,0,558000,YGA:VehicleType:e496d1cc3617,Renault,Kangoo Fourgon,2014,combustion_diesel,YGA:PricingPlan:e496d1cc3617,6.0,48.0,https://fr.getaround.com/location-voiture/boulogne-billancourt/renault-kangoo-fourgon-1299198
2026-09-13T00:02:15,paris,1299637,YGA:Vehicle:bc8068d1d00c,paris,48.833843,2.40518,0,0,486000,YGA:VehicleType:bc8068d1d00c,Renault,Trafic,2014,combustion_diesel,YGA:PricingPlan:bc8068d1d00c,11.0,78.0,https://fr.getaround.com/location-voiture/paris/renault-trafic-1299637
2026-09-13T00:02:15,paris,1300218,YGA:Vehicle:6e89563f7bf5,maisons-alfort,48.809418,2.439906,0,0,900000,YGA:VehicleType:6e89563f7bf5,Renault,Trafic,2014,combustion_diesel,YGA:PricingPlan:6e89563f7bf5,8.0,58.0,https://fr.getaround.com/location-voiture/maisons-alfort/renault-trafic-1300218
2026-09-13T00:02:15,paris,1302570,YGA:Vehicle:58af95faf232,paris,48.890823,2.340879,0,0,336000,YGA:VehicleType:58af95faf232,Renault,Kangoo Express,2015,combustion_diesel,YGA:PricingPlan:58af95faf232,8.0,58.0,https://fr.getaround.com/location-voiture/paris/renault-kangoo-express-1302570
2026-09-13T00:02:15,paris,1302727,YGA:Vehicle:4be080f6dbe1,paris,48.844097,2.372992,0,0,608000,YGA:VehicleType:4be080f6dbe1,Renault,Trafic,2020,combustion_diesel,YGA:PricingPlan:4be080f6dbe1,8.0,59.0,https://fr.getaround.com/location-voiture/paris/renault-trafic-1302727
2026-09-13T00:02:15,paris,1303316,YGA:Vehicle:93c8d6a3783e,paris,48.866886,2.397788,0,0,498000,YGA:VehicleType:93c8d6a3783e,Citroen,Berlingo Plancher Cabine,2014,combustion_diesel,YGA:PricingPlan:93c8d6a3783e,7.0,55.0,https://fr.getaround.com/location-voiture/paris/citroen-berlingo-plancher-cabine-1303316
2026-09-13T00:02:15,paris,1305436,YGA:Vehicle:3645d89b1f49,paris,48.830791,2.276636,0,0,576000,YGA:VehicleType:3645d89b1f49,Citroen,Jumper,2017,combustion_diesel,YGA:PricingPlan:3645d89b1f49,10.0,76.0,https://fr.getaround.com/location-voiture/paris/citroen-jumper-1305436
2026-09-13T00:02:15,paris,1306478,YGA:Vehicle:9aeed0241419,paris,48.844193,2.384556,0,0,568000,YGA:VehicleType:9aeed0241419,Peugeot,Expert,2018,combustion_diesel,YGA:PricingPlan:9aeed0241419,7.0,51.0,https://fr.getaround.com/location-voiture/paris/peugeot-expert-1306478
2026-09-13T00:02:15,paris,1306720,YGA:Vehicle:6f55f0d1833f,paris,48.847095,2.322311,0,0,246000,YGA:VehicleType:6f55f0d1833f,Renault,Kangoo Express,2019,combustion_diesel,YGA:PricingPlan:6f55f0d1833f,10.0,78.0,https://fr.getaround.com/location-voiture/paris/renault-kangoo-express-1306720
2026-09-13T00:02:15,paris,1306895,YGA:Vehicle:9c4e99382bc2,paris,48.85704,2.372748,0,0,158400,YGA:VehicleType:9c4e99382bc2,Peugeot,2008,2023,combustion,YGA:PricingPlan:9c4e99382bc2,9.0,68.0,https://fr.getaround.com/location-voiture/paris/peugeot-2008-1306895
2026-09-13T00:02:15,paris,1307060,YGA:Vehicle:a837f8660c5c,paris,48.833149,2.312258,0,0,588000,YGA:VehicleType:a837f8660c5c,Renault,Kangoo Express,2021,combustion_diesel,YGA:PricingPlan:a837f8660c5c,6.0,49.0,https://fr.getaround.com/location-voiture/paris/renault-kangoo-express-1307060
2026-09-13T00:02:15,paris,1307412,YGA:Vehicle:624480bce0dd,paris,48.856243,2.262861,0,0,468000,YGA:VehicleType:624480bce0dd,Renault,Trafic,2013,combustion_diesel,YGA:PricingPlan:624480bce0dd,10.0,77.0,https://fr.getaround.com/location-voiture/paris/renault-trafic-1307412
2026-09-13T00:02:15,paris,1308665,YGA:Vehicle:b1b023e66de2,le-pre-saint-gervais,48.880718,2.407077,0,0,378000,YGA:VehicleType:b1b023e66de2,Renault,Trafic,2014,combustion_diesel,YGA:PricingPlan:b1b023e66de2,10.0,74.0,https://fr.getaround.com/location-voiture/le-pre-saint-gervais/renault-trafic-1308665
2026-09-13T00:02:15,paris,1308729,YGA:Vehicle:bde317861e00,paris,48.821709,2.374366,0,0,459000,YGA:VehicleType:bde317861e00,Opel,Vivaro,2013,combustion_diesel,YGA:PricingPlan:bde317861e00,10.0,74.0,https://fr.getaround.com/location-voiture/paris/opel-vivaro-1308729
2026-09-13T00:02:15,paris,1309261,YGA:Vehicle:c054773df0ac,montrouge,48.811878,2.303289,0,0,280000,YGA:VehicleType:c054773df0ac,Citroen,C1,2012,combustion,YGA:PricingPlan:c054773df0ac,6.0,41.0,https://fr.getaround.com/location-voiture/montrouge/citroen-c1-1309261
2026-09-13T00:02:15,paris,1309263,YGA:Vehicle:c6b7ebb4246b,paris,48.858082,2.263987,0,0,752000,YGA:VehicleType:c6b7ebb4246b,Renault,Trafic,2016,combustion_diesel,YGA:PricingPlan:c6b7ebb4246b,11.0,84.0,https://fr.getaround.com/location-voiture/paris/renault-trafic-1309263
2026-09-13T00:02:15,paris,1309285,YGA:Vehicle:aa8a245c897a,paris,48.856949,2.375985,0,0,252000,YGA:VehicleType:aa8a245c897a,Renault,Clio,2021,combustion,YGA:PricingPlan:aa8a245c897a,5.0,38.0,https://fr.getaround.com/location-voiture/paris/renault-clio-1309285
2026-09-13T00:02:15,paris,1309986,YGA:Vehicle:5643766c2711,paris,48.869358,2.388407,0,0,712000,YGA:VehicleType:5643766c2711,Ford,Transit Custom Fourgon,2017,combustion_diesel,YGA:PricingPlan:5643766c2711,8.0,64.0,https://fr.getaround.com/location-voiture/paris/ford-transit-custom-fourgon-1309986
2026-09-13T00:02:15,paris,1310057,YGA:Vehicle:7ce1703a7900,pantin,48.888279,2.410389,0,0,116600,YGA:VehicleType:7ce1703a7900,Citroen,Berlingo,2017,combustion_diesel,YGA:PricingPlan:7ce1703a7900,6.0,48.0,https://fr.getaround.com/location-voiture/pantin/citroen-berlingo-1310057
2026-09-13T00:02:15,paris,1310081,YGA:Vehicle:d7e662676875,paris,48.867317,2.270796,0,0,158400,YGA:VehicleType:d7e662676875,Peugeot,208,2020,combustion,YGA:PricingPlan:d7e662676875,5.0,38.0,https://fr.getaround.com/location-voiture/paris/peugeot-208-1310081
2026-09-13T00:02:15,paris,1311587,YGA:Vehicle:245d9ef6568a,boulogne-billancourt,48.832897,2.250026,0,0,408000,YGA:VehicleType:245d9ef6568a,Renault,Twingo II,2013,combustion,YGA:PricingPlan:245d9ef6568a,4.0,31.0,https://fr.getaround.com/location-voiture/boulogne-billancourt/renault-twingo-ii-1311587
2026-09-13T00:02:15,paris,1316556,YGA:Vehicle:2047209764ad,paris,48.880234,2.391927,0,0,792000,YGA:VehicleType:2047209764ad,Renault,Trafic,2017,combustion_diesel,YGA:PricingPlan:2047209764ad,11.0,84.0,https://fr.getaround.com/location-voiture/paris/renault-trafic-1316556
2026-09-13T00:02:15,paris,1324720,YGA:Vehicle:46f7b4abbb3e,paris,48.848057,2.323442,0,0,464000,YGA:VehicleType:46f7b4abbb3e,Renault,Trafic,2018,combustion_diesel,YGA:PricingPlan:46f7b4abbb3e,11.0,83.0,https://fr.getaround.com/location-voiture/paris/renault-trafic-1324720
2026-09-13T00:02:15,paris,1326909,YGA:Vehicle:a2187296299c,paris,48.842896,2.318497,0,0,436800,YGA:VehicleType:a2187296299c,BMW,Série 1,2023,combustion,YGA:PricingPlan:a2187296299c,12.0,99.0,https://fr.getaround.com/location-voiture/paris/bmw-serie-1-1326909
2026-09-13T00:02:15,paris,1326913,YGA:Vehicle:bd777953fb8b,paris,48.871529,2.339638,0,0,109200,YGA:VehicleType:bd777953fb8b,BMW,Série 1,2023,combustion,YGA:PricingPlan:bd777953fb8b,12.0,98.0,https://fr.getaround.com/location-voiture/paris/bmw-serie-1-1326913
2026-09-13T00:02:15,paris,1328521,YGA:Vehicle:194cb49abb27,saint-maur-des-fosses,48.805367,2.475335,0,0,784000,YGA:VehicleType:194cb49abb27,Renault,Trafic,2017,combustion_diesel,YGA:PricingPlan:194cb49abb27,8.0,59.0,https://fr.getaround.com/location-voiture/saint-maur-des-fosses/renault-trafic-1328521
2026-09-13T00:02:15,paris,1334257,YGA:Vehicle:e526102248ee,paris,48.844097,2.372992,0,0,378000,YGA:VehicleType:e526102248ee,Renault,Kangoo Fourgon,2019,combustion_diesel,YGA:PricingPlan:e526102248ee,7.0,55.0,https://fr.getaround.com/location-voiture/paris/renault-kangoo-fourgon-1334257
2026-09-13T00:02:15,paris,1337550,YGA:Vehicle:30871fb51e9a,boulogne-billancourt,48.835705,2.237784,0,0,290500,YGA:VehicleType:30871fb51e9a,Peugeot,108,2016,combustion,YGA:PricingPlan:30871fb51e9a,6.0,43.0,https://fr.getaround.com/location-voiture/boulogne-billancourt/peugeot-108-1337550
2026-09-13T00:02:15,paris,1337988,YGA:Vehicle:af36db0528ef,paris,48.852974,2.401255,0,0,256000,YGA:VehicleType:af36db0528ef,Citroen,Jumpy,2018,combustion_diesel,YGA:PricingPlan:af36db0528ef,8.0,59.0,https://fr.getaround.com/location-voiture/paris/citroen-jumpy-1337988
2026-09-13T00:02:15,paris,1339800,YGA:Vehicle:f58ca2a3269b,paris,48.872047,2.350104,0,0,121800,YGA:VehicleType:f58ca2a3269b,Renault,Clio,2023,combustion,YGA:PricingPlan:f58ca2a3269b,6.0,47.0,https://fr.getaround.com/location-voiture/paris/renault-clio-1339800
2026-09-13T00:02:15,paris,1341543,YGA:Vehicle:fcb17213e350,asnieres-sur-seine,48.908836,2.272577,0,0,430000,YGA:VehicleType:fcb17213e350,Dacia,Sandero,2015,combustion,YGA:PricingPlan:fcb17213e350,4.0,32.0,https://fr.getaround.com/location-voiture/asnieres-sur-seine/dacia-sandero-1341543
2026-09-13T00:02:15,paris,1344646,YGA:Vehicle:c6470ca1911f,paris,48.872604,2.398062,0,0,374000,YGA:VehicleType:c6470ca1911f,Peugeot,208,2020,combustion,YGA:PricingPlan:c6470ca1911f,5.0,38.0,https://fr.getaround.com/location-voiture/paris/peugeot-208-1344646
2026-09-13T00:02:15,paris,1345809,YGA:Vehicle:9c0aa5bff1ec,clamart,48.791782,2.265703,0,0,280000,YGA:VehicleType:9c0aa5bff1ec,Citroen,C1,2014,combustion,YGA:PricingPlan:9c0aa5bff1ec,4.0,32.0,https://fr.getaround.com/location-voiture/clamart/citroen-c1-1345809
2026-09-13T00:02:15,paris,1348278,YGA:Vehicle:39fa54bef745,clamart,48.812695,2.27332,0,0,704000,YGA:VehicleType:39fa54bef745,Peugeot,Expert,2019,combustion_diesel,YGA:PricingPlan:39fa54bef745,7.0,55.0,https://fr.getaround.com/location-voiture/clamart/peugeot-expert-1348278
2026-09-13T00:02:15,paris,1349888,YGA:Vehicle:7b6dfeed93d7,paris,48.888672,2.323134,0,0,219600,YGA:VehicleType:7b6dfeed93d7,Toyota,Yaris Cross Hybrid,2022,hybrid,YGA:PricingPlan:7b6dfeed93d7,6.0,47.0,https://fr.getaround.com/location-voiture/paris/toyota-yaris-cross-hybrid-1349888
2026-09-13T00:02:15,paris,1351756,YGA:Vehicle:d7928ec1ddab,paris,48.873116,2.312991,0,0,281600,YGA:VehicleType:d7928ec1ddab,Peugeot,2008,2023,combustion,YGA:PricingPlan:d7928ec1ddab,8.0,60.0,https://fr.getaround.com/location-voiture/paris/peugeot-2008-1351756
2026-09-13T00:02:15,paris,1352812,YGA:Vehicle:1cc08558365d,vincennes,48.849827,2.445899,0,0,291500,YGA:VehicleType:1cc08558365d,Peugeot,308,2019,combustion,YGA:PricingPlan:1cc08558365d,6.0,49.0,https://fr.getaround.com/location-voiture/vincennes/peugeot-308-1352812
2026-09-13T00:02:15,paris,1356035,YGA:Vehicle:a178c9db5753,paris,48.843033,2.276242,0,0,378000,YGA:VehicleType:a178c9db5753,Renault,Clio,2021,combustion,YGA:PricingPlan:a178c9db5753,5.0,40.0,https://fr.getaround.com/location-voiture/paris/renault-clio-1356035
2026-09-13T00:02:15,paris,1356049,YGA:Vehicle:59151be12d00,montreuil,48.855259,2.438775,0,0,340200,YGA:VehicleType:59151be12d00,Renault,Clio,2021,combustion,YGA:PricingPlan:59151be12d00,5.0,44.0,https://fr.getaround.com/location-voiture/montreuil/renault-clio-1356049
2026-09-13T00:02:15,paris,1356884,YGA:Vehicle:7421e787a913,clichy,48.909309,2.308867,0,0,136000,YGA:VehicleType:7421e787a913,Renault,Trafic,2016,combustion_diesel,YGA:PricingPlan:7421e787a913,8.0,59.0,https://fr.getaround.com/location-voiture/clichy/renault-trafic-1356884
2026-09-13T00:02:15,paris,1356954,YGA:Vehicle:7157c9e3eb16,gennevilliers,48.933643,2.306759,0,0,126000,YGA:VehicleType:7157c9e3eb16,Opel,Vivaro,2013,combustion_diesel,YGA:PricingPlan:7157c9e3eb16,6.0,46.0,https://fr.getaround.com/location-voiture/gennevilliers/opel-vivaro-1356954
2026-09-13T00:02:15,paris,1357355,YGA:Vehicle:5902db272fc0,paris,48.842957,2.317132,0,0,206800,YGA:VehicleType:5902db272fc0,Peugeot,2008,2023,combustion,YGA:PricingPlan:5902db272fc0,9.0,68.0,https://fr.getaround.com/location-voiture/paris/peugeot-2008-1357355
2026-09-13T00:02:15,paris,1357362,YGA:Vehicle:49b680eb8101,sceaux,48.775013,2.304171,0,0,352000,YGA:VehicleType:49b680eb8101,Peugeot,2008,2023,combustion,YGA:PricingPlan:49b680eb8101,8.0,63.0,https://fr.getaround.com/location-voiture/sceaux/peugeot-2008-1357362
2026-09-13T00:02:15,paris,1357432,YGA:Vehicle:2359da9cde7a,levallois-perret,48.895336,2.298734,0,0,391600,YGA:VehicleType:2359da9cde7a,Peugeot,2008,2023,combustion,YGA:PricingPlan:2359da9cde7a,9.0,68.0,https://fr.getaround.com/location-voiture/levallois-perret/peugeot-2008-1357432
2026-09-13T00:02:15,paris,1357745,YGA:Vehicle:c4fb2950ff22,paris,48.831753,2.368142,0,0,404800,YGA:VehicleType:c4fb2950ff22,Peugeot,2008,2023,combustion,YGA:PricingPlan:c4fb2950ff22,9.0,68.0,https://fr.getaround.com/location-voiture/paris/peugeot-2008-1357745
2026-09-13T00:02:15,paris,1359063,YGA:Vehicle:ee1c9ded4963,paris,48.83112,2.309184,0,0,850500,YGA:VehicleType:ee1c9ded4963,Renault,Master,2013,combustion_diesel,YGA:PricingPlan:ee1c9ded4963,9.0,80.0,https://fr.getaround.com/location-voiture/paris/renault-master-1359063
2026-09-13T00:02:15,paris,1363275,YGA:Vehicle:9ca1d8f30481,velizy-villacoublay,48.784576,2.220033,0,0,120000,YGA:VehicleType:9ca1d8f30481,Peugeot,208,2019,combustion,YGA:PricingPlan:9ca1d8f30481,5.0,40.0,https://fr.getaround.com/location-voiture/velizy-villacoublay/peugeot-208-1363275
2026-09-13T00:02:15,paris,1367192,YGA:Vehicle:172422589f70,bois-colombes,48.9132,2.258264,0,0,512000,YGA:VehicleType:172422589f70,Renault,Trafic,2023,combustion_diesel,YGA:PricingPlan:172422589f70,8.0,71.0,https://fr.getaround.com/location-voiture/bois-colombes/renault-trafic-1367192
2026-09-13T00:02:15,paris,1373062,YGA:Vehicle:c13dbd3fe0f6,paris,48.889809,2.318748,0,0,784000,YGA:VehicleType:c13dbd3fe0f6,Renault,Trafic,2020,combustion_diesel,YGA:PricingPlan:c13dbd3fe0f6,13.0,99.0,https://fr.getaround.com/location-voiture/paris/renault-trafic-1373062
2026-09-13T00:02:15,paris,1374847,YGA:Vehicle:811c29211b79,boulogne-billancourt,48.835754,2.253946,0,0,360000,YGA:VehicleType:811c29211b79,Renault,Clio,2012,combustion,YGA:PricingPlan:811c29211b79,4.0,31.0,https://fr.getaround.com/location-voiture/boulogne-billancourt/renault-clio-1374847
2026-09-13T00:02:15,paris,1376033,YGA:Vehicle:6bfbbaf091a4,rosny-sous-bois,48.876553,2.475967,0,0,210000,YGA:VehicleType:6bfbbaf091a4,Renault,Master,2014,combustion_diesel,YGA:PricingPlan:6bfbbaf091a4,8.0,61.0,https://fr.getaround.com/location-voiture/rosny-sous-bois/renault-master-1376033
2026-09-13T00:02:15,paris,1376037,YGA:Vehicle:62743c44d646,rosny-sous-bois,48.876595,2.476027,0,0,535500,YGA:VehicleType:62743c44d646,Renault,Master,2015,combustion_diesel,YGA:PricingPlan:62743c44d646,8.0,61.0,https://fr.getaround.com/location-voiture/rosny-sous-bois/renault-master-1376037
2026-09-13T00:02:15,paris,1377645,YGA:Vehicle:0a0ad14774a8,paris,48.873737,2.330531,0,0,544000,YGA:VehicleType:0a0ad14774a8,Fiat,Scudo,2016,combustion_diesel,YGA:PricingPlan:0a0ad14774a8,8.0,63.0,https://fr.getaround.com/location-voiture/paris/fiat-scudo-1377645
2026-09-13T00:02:15,paris,1378005,YGA:Vehicle:5e6859422f05,paris,48.875332,2.337071,0,0,354000,YGA:VehicleType:5e6859422f05,Citroen,Berlingo,2015,combustion_diesel,YGA:PricingPlan:5e6859422f05,6.0,45.0,https://fr.getaround.com/location-voiture/paris/citroen-berlingo-1378005
2026-09-13T00:02:15,paris,1388274,YGA:Vehicle:79c886daf19d,boulogne-billancourt,48.836311,2.234551,0,0,327600,YGA:VehicleType:79c886daf19d,Toyota,Yaris Hybride,2021,hybrid,YGA:PricingPlan:79c886daf19d,8.0,52.0,https://fr.getaround.com/location-voiture/boulogne-billancourt/toyota-yaris-hybride-1388274
2026-09-13T00:02:15,paris,1394244,YGA:Vehicle:c10a1241a5cc,paris,48.840668,2.414299,0,0,252000,YGA:VehicleType:c10a1241a5cc,Peugeot,Partner Fourgon,2015,combustion_diesel,YGA:PricingPlan:c10a1241a5cc,9.0,70.0,https://fr.getaround.com/location-voiture/paris/peugeot-partner-fourgon-1394244
2026-09-13T00:02:15,paris,1400694,YGA:Vehicle:e90e9d990400,clichy,48.900444,2.312665,0,0,315000,YGA:VehicleType:e90e9d990400,Renault,Modus,2013,combustion,YGA:PricingPlan:e90e9d990400,5.0,35.0,https://fr.getaround.com/location-voiture/clichy/renault-modus-1400694
2026-09-13T00:02:15,paris,1401103,YGA:Vehicle:b8a8ea05e05b,paris,48.892216,2.303225,0,0,321200,YGA:VehicleType:b8a8ea05e05b,Peugeot,2008,2023,combustion,YGA:PricingPlan:b8a8ea05e05b,8.0,65.0,https://fr.getaround.com/location-voiture/paris/peugeot-2008-1401103
2026-09-13T00:02:15,paris,1401662,YGA:Vehicle:1caf71cdad96,paris,48.889576,2.319039,0,0,125000,YGA:VehicleType:1caf71cdad96,Peugeot,208,2019,combustion,YGA:PricingPlan:1caf71cdad96,5.0,39.0,https://fr.getaround.com/location-voiture/paris/peugeot-208-1401662
2026-09-13T00:02:15,paris,1401663,YGA:Vehicle:e36516eec159,pantin,48.890205,2.408347,0,0,312400,YGA:VehicleType:e36516eec159,Peugeot,208,2020,combustion,YGA:PricingPlan:e36516eec159,5.0,38.0,https://fr.getaround.com/location-voiture/pantin/peugeot-208-1401663
2026-09-13T00:02:15,paris,1406072,YGA:Vehicle:aac44ea7774a,cachan,48.796535,2.325286,0,0,441000,YGA:VehicleType:aac44ea7774a,Renault,Master,2017,combustion_diesel,YGA:PricingPlan:aac44ea7774a,9.0,73.0,https://fr.getaround.com/location-voiture/cachan/renault-master-1406072
2026-09-13T00:02:15,paris,1407509,YGA:Vehicle:056219a67ba3,paris,48.884369,2.351975,0,0,496000,YGA:VehicleType:056219a67ba3,Peugeot,Expert,2013,combustion_diesel,YGA:PricingPlan:056219a67ba3,6.0,47.0,https://fr.getaround.com/location-voiture/paris/peugeot-expert-1407509
2026-09-13T00:02:15,paris,1409017,YGA:Vehicle:a0d169071aec,asnieres-sur-seine,48.927872,2.277692,0,0,600000,YGA:VehicleType:a0d169071aec,Renault,Kangoo Fourgon,2016,combustion_diesel,YGA:PricingPlan:a0d169071aec,8.0,63.0,https://fr.getaround.com/location-voiture/asnieres-sur-seine/renault-kangoo-fourgon-1409017
2026-09-13T00:02:15,paris,1410908,YGA:Vehicle:46e07afee527,paris,48.837269,2.310968,0,0,600000,YGA:VehicleType:46e07afee527,Renault,Kangoo Express,2018,combustion_diesel,YGA:PricingPlan:46e07afee527,7.0,54.0,https://fr.getaround.com/location-voiture/paris/renault-kangoo-express-1410908
2026-09-13T00:02:15,paris,1411186,YGA:Vehicle:1257234aa805,clichy,48.902962,2.311313,0,0,276000,YGA:VehicleType:1257234aa805,Renault,Kangoo Express,2015,combustion_diesel,YGA:PricingPlan:1257234aa805,6.0,47.0,https://fr.getaround.com/location-voiture/clichy/renault-kangoo-express-1411186
2026-09-13T00:02:15,paris,1413374,YGA:Vehicle:73ac5bafcb27,paris,48.89362,2.324619,0,0,657000,YGA:VehicleType:73ac5bafcb27,Renault,Trafic,2014,combustion_diesel,YGA:PricingPlan:73ac5bafcb27,11.0,84.0,https://fr.getaround.com/location-voiture/paris/renault-trafic-1413374
2026-09-13T00:02:15,paris,1413546,YGA:Vehicle:336168185295,clichy,48.899445,2.313436,0,0,288000,YGA:VehicleType:336168185295,Renault,Trafic,2017,combustion_diesel,YGA:PricingPlan:336168185295,11.0,81.0,https://fr.getaround.com/location-voiture/clichy/renault-trafic-1413546
2026-09-13T00:02:15,paris,1415359,YGA:Vehicle:940662e30473,paris,48.886677,2.315207,0,0,450000,YGA:VehicleType:940662e30473,Renault,Mégane,2019,combustion_diesel,YGA:PricingPlan:940662e30473,9.0,64.0,https://fr.getaround.com/location-voiture/paris/renault-megane-1415359
2026-09-13T00:02:15,paris,1416037,YGA:Vehicle:dded54507865,paris,48.837868,2.280259,0,0,387200,YGA:VehicleType:dded54507865,Peugeot,208,2020,combustion,YGA:PricingPlan:dded54507865,5.0,38.0,https://fr.getaround.com/location-voiture/paris/peugeot-208-1416037
2026-09-13T00:02:15,paris,1416040,YGA:Vehicle:700a0c6ae089,les-lilas,48.882137,2.412895,0,0,365200,YGA:VehicleType:700a0c6ae089,Peugeot,208,2020,combustion,YGA:PricingPlan:700a0c6ae089,5.0,37.0,https://fr.getaround.com/location-voiture/les-lilas/peugeot-208-1416040
2026-09-13T00:02:15,paris,1417014,YGA:Vehicle:55cf7c9f0efa,arcueil,48.812695,2.330471,0,0,215600,YGA:VehicleType:55cf7c9f0efa,Peugeot,208,2023,combustion,YGA:PricingPlan:55cf7c9f0efa,6.0,44.0,https://fr.getaround.com/location-voiture/arcueil/peugeot-208-1417014
2026-09-13T00:02:15,paris,1419486,YGA:Vehicle:0b6d091fd222,paris,48.857147,2.37043,0,0,200000,YGA:VehicleType:0b6d091fd222,Nissan,e-NV200 Fourgon,2020,electric,YGA:PricingPlan:0b6d091fd222,9.0,71.0,https://fr.getaround.com/location-voiture/paris/nissan-e-nv200-fourgon-1419486
2026-09-13T00:02:15,paris,1422261,YGA:Vehicle:2a64aa082667,paris,48.856808,2.406287,0,0,356400,YGA:VehicleType:2a64aa082667,Opel,Corsa,2024,combustion,YGA:PricingPlan:2a64aa082667,7.0,52.0,https://fr.getaround.com/location-voiture/paris/opel-corsa-1422261
2026-09-13T00:02:15,paris,1422440,YGA:Vehicle:6d75eb7b5655,paris,48.861656,2.353517,0,0,384000,YGA:VehicleType:6d75eb7b5655,Peugeot,Expert,2019,combustion_diesel,YGA:PricingPlan:6d75eb7b5655,8.0,62.0,https://fr.getaround.com/location-voiture/paris/peugeot-expert-1422440
2026-09-13T00:02:15,paris,1423438,YGA:Vehicle:7346e684ae1a,paris,48.838589,2.316789,0,0,193200,YGA:VehicleType:7346e684ae1a,Renault,Clio,2021,combustion,YGA:PricingPlan:7346e684ae1a,5.0,42.0,https://fr.getaround.com/location-voiture/paris/renault-clio-1423438
2026-09-13T00:02:15,paris,1424334,YGA:Vehicle:49c1e86fe2e2,bois-colombes,48.91571,2.269136,0,0,328000,YGA:VehicleType:49c1e86fe2e2,Nissan,Micra,2015,combustion,YGA:PricingPlan:49c1e86fe2e2,5.0,41.0,https://fr.getaround.com/location-voiture/bois-colombes/nissan-micra-1424334
2026-09-13T00:02:15,paris,1425302,YGA:Vehicle:46f4a473cdda,bois-colombes,48.9132,2.258264,0,0,784000,YGA:VehicleType:46f4a473cdda,Renault,Trafic Passenger,2021,combustion_diesel,YGA:PricingPlan:46f4a473cdda,7.0,57.0,https://fr.getaround.com/location-voiture/bois-colombes/renault-trafic-passenger-1425302
2026-09-13T00:02:15,paris,1427167,YGA:Vehicle:9f091d65e1a2,paris,48.866596,2.380868,0,0,90300,YGA:VehicleType:9f091d65e1a2,Toyota,C-HR Hybrid,2022,hybrid,YGA:PricingPlan:9f091d65e1a2,7.0,50.0,https://fr.getaround.com/location-voiture/paris/toyota-c-hr-hybrid-1427167
2026-09-13T00:02:15,paris,1429136,YGA:Vehicle:6c3d86223ce3,villejuif,48.797894,2.355913,0,0,432000,YGA:VehicleType:6c3d86223ce3,Renault,Kangoo Express,2019,combustion_diesel,YGA:PricingPlan:6c3d86223ce3,8.0,61.0,https://fr.getaround.com/location-voiture/villejuif/renault-kangoo-express-1429136
2026-09-13T00:02:15,paris,1429802,YGA:Vehicle:fcdf388a4e65,colombes,48.912277,2.23165,0,0,675000,YGA:VehicleType:fcdf388a4e65,Renault,Trafic,2014,combustion_diesel,YGA:PricingPlan:fcdf388a4e65,8.0,60.0,https://fr.getaround.com/location-voiture/colombes/renault-trafic-1429802
2026-09-13T00:02:15,paris,1429814,YGA:Vehicle:713b51f15107,boulogne-billancourt,48.835758,2.23052,0,0,248000,YGA:VehicleType:713b51f15107,Renault,Trafic,2019,combustion_diesel,YGA:PricingPlan:713b51f15107,8.0,62.0,https://fr.getaround.com/location-voiture/boulogne-billancourt/renault-trafic-1429814
2026-09-13T00:02:15,paris,1432707,YGA:Vehicle:0ad4b8835550,saint-ouen-sur-seine,48.912071,2.335881,0,0,480000,YGA:VehicleType:0ad4b8835550,Ford,Transit Connect Double Cabine ,2014,combustion_diesel,YGA:PricingPlan:0ad4b8835550,8.0,62.0,https://fr.getaround.com/location-voiture/saint-ouen-sur-seine/ford-transit-connect-double-cabine-1432707
2026-09-13T00:02:15,paris,1433199,YGA:Vehicle:24ab8c36baf7,aubervilliers,48.910454,2.380155,0,0,640000,YGA:VehicleType:24ab8c36baf7,Renault,Trafic,2018,combustion_diesel,YGA:PricingPlan:24ab8c36baf7,8.0,64.0,https://fr.getaround.com/location-voiture/aubervilliers/renault-trafic-1433199
2026-09-13T00:02:15,paris,1434235,YGA:Vehicle:19b63bf268a5,saint-ouen-sur-seine,48.913937,2.33041,0,0,800000,YGA:VehicleType:19b63bf268a5,Peugeot,Expert Tepee,2014,combustion_diesel,YGA:PricingPlan:19b63bf268a5,11.0,80.0,https://fr.getaround.com/location-voiture/saint-ouen-sur-seine/peugeot-expert-tepee-1434235
2026-09-13T00:02:15,paris,1434830,YGA:Vehicle:9b8cc399500b,pantin,48.902702,2.405239,0,0,544000,YGA:VehicleType:9b8cc399500b,Citroen,Jumpy,2015,combustion_diesel,YGA:PricingPlan:9b8cc399500b,12.0,85.0,https://fr.getaround.com/location-voiture/pantin/citroen-jumpy-1434830
2026-09-13T00:02:15,paris,1436453,YGA:Vehicle:2a85b1acf488,le-kremlin-bicetre,48.810356,2.363043,0,0,435600,YGA:VehicleType:2a85b1acf488,Peugeot,208,2022,combustion,YGA:PricingPlan:2a85b1acf488,7.0,48.0,https://fr.getaround.com/location-voiture/le-kremlin-bicetre/peugeot-208-1436453
2026-09-13T00:02:15,paris,1436461,YGA:Vehicle:f601cfe43ea4,levallois-perret,48.895302,2.298714,0,0,387200,YGA:VehicleType:f601cfe43ea4,Peugeot,208,2021,combustion,YGA:PricingPlan:f601cfe43ea4,6.0,42.0,https://fr.getaround.com/location-voiture/levallois-perret/peugeot-208-1436461
2026-09-13T00:02:15,paris,1436655,YGA:Vehicle:d2a6ff7017ad,vincennes,48.849323,2.441084,0,0,544500,YGA:VehicleType:d2a6ff7017ad,Ford,Focus,2015,combustion,YGA:PricingPlan:d2a6ff7017ad,6.0,48.0,https://fr.getaround.com/location-voiture/vincennes/ford-focus-1436655
2026-09-13T00:02:15,paris,1437206,YGA:Vehicle:42e7fd2d32f4,paris,48.849689,2.285664,0,0,184000,YGA:VehicleType:42e7fd2d32f4,Peugeot,Expert,2018,combustion_diesel,YGA:PricingPlan:42e7fd2d32f4,8.0,57.0,https://fr.getaround.com/location-voiture/paris/peugeot-expert-1437206
2026-09-13T00:02:15,paris,1437899,YGA:Vehicle:f89536f38d04,montreuil,48.853287,2.423447,0,0,440000,YGA:VehicleType:f89536f38d04,Peugeot,208,2019,combustion,YGA:PricingPlan:f89536f38d04,5.0,38.0,https://fr.getaround.com/location-voiture/montreuil/peugeot-208-1437899
2026-09-13T00:02:15,paris,1439794,YGA:Vehicle:ac8abd7b8a72,boulogne-billancourt,48.831612,2.231954,0,0,241500,YGA:VehicleType:ac8abd7b8a72,Citroen,SpaceTourer,2017,combustion_diesel,YGA:PricingPlan:ac8abd7b8a72,21.0,138.0,https://fr.getaround.com/location-voiture/boulogne-billancourt/citroen-spacetourer-1439794
2026-09-13T00:02:15,paris,1440937,YGA:Vehicle:4ff267ab57ad,paris,48.889561,2.303618,0,0,441000,YGA:VehicleType:4ff267ab57ad,Renault,Master,2017,combustion_diesel,YGA:PricingPlan:4ff267ab57ad,10.0,80.0,https://fr.getaround.com/location-voiture/paris/renault-master-1440937
2026-09-13T00:02:15,paris,1442836,YGA:Vehicle:9276dfe7a09d,paris,48.8932,2.338106,0,0,67500,YGA:VehicleType:9276dfe7a09d,Citroen,C3,2023,combustion,YGA:PricingPlan:9276dfe7a09d,7.0,53.0,https://fr.getaround.com/location-voiture/paris/citroen-c3-1442836
2026-09-13T00:02:15,paris,1443395,YGA:Vehicle:1c6908508f7e,issy-les-moulineaux,48.821709,2.244756,0,0,428400,YGA:VehicleType:1c6908508f7e,Renault,Clio,2021,combustion,YGA:PricingPlan:1c6908508f7e,6.0,45.0,https://fr.getaround.com/location-voiture/issy-les-moulineaux/renault-clio-1443395
2026-09-13T00:02:15,paris,1446529,YGA:Vehicle:7d82d221271a,paris,48.833942,2.323807,0,0,357000,YGA:VehicleType:7d82d221271a,Renault,Master,2021,combustion_diesel,YGA:PricingPlan:7d82d221271a,7.0,59.0,https://fr.getaround.com/location-voiture/paris/renault-master-1446529
2026-09-13T00:02:15,paris,1447401,YGA:Vehicle:e54400c4f89f,paris,48.838589,2.316789,0,0,134400,YGA:VehicleType:e54400c4f89f,Renault,Clio,2021,combustion,YGA:PricingPlan:e54400c4f89f,5.0,42.0,https://fr.getaround.com/location-voiture/paris/renault-clio-1447401
2026-09-13T00:02:15,paris,1448611,YGA:Vehicle:9b96ecbd9db5,rosny-sous-bois,48.876595,2.476027,0,0,420000,YGA:VehicleType:9b96ecbd9db5,Renault,Master,2016,combustion_diesel,YGA:PricingPlan:9b96ecbd9db5,8.0,61.0,https://fr.getaround.com/location-voiture/rosny-sous-bois/renault-master-1448611
2026-09-13T00:02:15,paris,1452798,YGA:Vehicle:abf9d9fc76c5,paris,48.876911,2.286317,0,0,264000,YGA:VehicleType:abf9d9fc76c5,Peugeot,208,2023,combustion,YGA:PricingPlan:abf9d9fc76c5,7.0,54.0,https://fr.getaround.com/location-voiture/paris/peugeot-208-1452798
2026-09-13T00:02:15,paris,1454898,YGA:Vehicle:cead68044bc4,sceaux,48.780643,2.296413,0,0,352000,YGA:VehicleType:cead68044bc4,Peugeot,208,2023,combustion,YGA:PricingPlan:cead68044bc4,7.0,51.0,https://fr.getaround.com/location-voiture/sceaux/peugeot-208-1454898
2026-09-13T00:02:15,paris,1458219,YGA:Vehicle:f10bb6603944,neuilly-sur-seine,48.893314,2.270575,0,0,270000,YGA:VehicleType:f10bb6603944,Fiat,Ducato,2014,combustion_diesel,YGA:PricingPlan:f10bb6603944,11.0,80.0,https://fr.getaround.com/location-voiture/neuilly-sur-seine/fiat-ducato-1458219
2026-09-13T00:02:15,paris,1461884,YGA:Vehicle:6a10d8bc7474,paris,48.842152,2.395946,0,0,462000,YGA:VehicleType:6a10d8bc7474,Renault,Mégane Estate,2015,combustion,YGA:PricingPlan:6a10d8bc7474,5.0,35.0,https://fr.getaround.com/location-voiture/paris/renault-megane-estate-1461884
2026-09-13T00:02:15,paris,1466261,YGA:Vehicle:e122eda8832a,nanterre,48.877472,2.213822,0,0,162000,YGA:VehicleType:e122eda8832a,Opel,Vivaro,2013,combustion_diesel,YGA:PricingPlan:e122eda8832a,6.0,50.0,https://fr.getaround.com/location-voiture/nanterre/opel-vivaro-1466261
2026-09-13T00:02:15,paris,1466538,YGA:Vehicle:87ee69ce5964,ivry-sur-seine,48.807426,2.384579,0,0,225000,YGA:VehicleType:87ee69ce5964,Peugeot,Boxer,2016,combustion_diesel,YGA:PricingPlan:87ee69ce5964,7.0,51.0,https://fr.getaround.com/location-voiture/ivry-sur-seine/peugeot-boxer-1466538
2026-09-13T00:02:15,paris,1469165,YGA:Vehicle:fc1d0819b79b,paris,48.873222,2.302623,0,0,336000,YGA:VehicleType:fc1d0819b79b,Ford,Transit Fourgon,2013,combustion_diesel,YGA:PricingPlan:fc1d0819b79b,9.0,71.0,https://fr.getaround.com/location-voiture/paris/ford-transit-fourgon-1469165
2026-09-13T00:02:15,paris,1469522,YGA:Vehicle:7074702da171,paris,48.848389,2.395921,0,0,259200,YGA:VehicleType:7074702da171,Fiat,500 X,2017,combustion,YGA:PricingPlan:7074702da171,7.0,50.0,https://fr.getaround.com/location-voiture/paris/fiat-500-x-1469522
2026-09-13T00:02:15,paris,1470659,YGA:Vehicle:fa55370d1e79,l-hay-les-roses,48.768509,2.322419,0,0,352000,YGA:VehicleType:fa55370d1e79,Renault,Trafic,2017,combustion_diesel,YGA:PricingPlan:fa55370d1e79,7.0,56.0,https://fr.getaround.com/location-voiture/l-hay-les-roses/renault-trafic-1470659
2026-09-13T00:02:15,paris,1471872,YGA:Vehicle:ae42ba889216,paris,48.862221,2.408811,0,0,304000,YGA:VehicleType:ae42ba889216,Renault,Trafic,2016,combustion_diesel,YGA:PricingPlan:ae42ba889216,7.0,55.0,https://fr.getaround.com/location-voiture/paris/renault-trafic-1471872
2026-09-13T00:02:15,paris,1471877,YGA:Vehicle:380ee4e5e12a,paris,48.898361,2.375336,0,0,661500,YGA:VehicleType:380ee4e5e12a,Renault,Master,2019,combustion_diesel,YGA:PricingPlan:380ee4e5e12a,8.0,68.0,https://fr.getaround.com/location-voiture/paris/renault-master-1471877
2026-09-13T00:02:15,paris,1473253,YGA:Vehicle:8aa37e8d464c,paris,48.866886,2.397788,0,0,550000,YGA:VehicleType:8aa37e8d464c,Nissan,NV200,2018,combustion_diesel,YGA:PricingPlan:8aa37e8d464c,8.0,62.0,https://fr.getaround.com/location-voiture/paris/nissan-nv200-1473253
2026-09-13T00:02:15,paris,1474325,YGA:Vehicle:d1e9d25dfa56,paris,48.840244,2.381673,0,0,560000,YGA:VehicleType:d1e9d25dfa56,Peugeot,5008,2023,combustion,YGA:PricingPlan:d1e9d25dfa56,13.0,98.0,https://fr.getaround.com/location-voiture/paris/peugeot-5008-1474325
2026-09-13T00:02:15,paris,1474554,YGA:Vehicle:994d80fdb6a7,paris,48.844097,2.372992,0,0,819000,YGA:VehicleType:994d80fdb6a7,Renault,Trafic Passenger,2017,combustion_diesel,YGA:PricingPlan:994d80fdb6a7,10.0,70.0,https://fr.getaround.com/location-voiture/paris/renault-trafic-passenger-1474554
2026-09-13T00:02:15,paris,1474879,YGA:Vehicle:81062e399891,clichy,48.900139,2.315229,0,0,304000,YGA:VehicleType:81062e399891,Renault,Trafic,2016,combustion_diesel,YGA:PricingPlan:81062e399891,10.0,74.0,https://fr.getaround.com/location-voiture/clichy/renault-trafic-1474879
2026-09-13T00:02:15,paris,1474916,YGA:Vehicle:15d29ed812af,boulogne-billancourt,48.830292,2.237212,0,0,382800,YGA:VehicleType:15d29ed812af,Peugeot,208,2023,combustion,YGA:PricingPlan:15d29ed812af,7.0,54.0,https://fr.getaround.com/location-voiture/boulogne-billancourt/peugeot-208-1474916
2026-09-13T00:02:15,paris,1475531,YGA:Vehicle:951848943dec,paris,48.851089,2.396456,0,0,480000,YGA:VehicleType:951848943dec,Citroen,Berlingo,2015,combustion_diesel,YGA:PricingPlan:951848943dec,9.0,66.0,https://fr.getaround.com/location-voiture/paris/citroen-berlingo-1475531
2026-09-13T00:02:15,paris,1476505,YGA:Vehicle:c21f5b3b6d4a,paris,48.891869,2.316322,0,0,352000,YGA:VehicleType:c21f5b3b6d4a,Peugeot,2008,2021,combustion,YGA:PricingPlan:c21f5b3b6d4a,6.0,45.0,https://fr.getaround.com/location-voiture/paris/peugeot-2008-1476505
2026-09-13T00:02:15,paris,1476506,YGA:Vehicle:2227f148c3a4,paris,48.849331,2.259859,0,0,90100,YGA:VehicleType:2227f148c3a4,Peugeot,3008,2021,combustion_diesel,YGA:PricingPlan:2227f148c3a4,7.0,55.0,https://fr.getaround.com/location-voiture/paris/peugeot-3008-1476506
2026-09-13T00:02:15,paris,1476507,YGA:Vehicle:a4b44985fbc3,paris,48.82864,2.33667,0,0,356400,YGA:VehicleType:a4b44985fbc3,Peugeot,208,2021,combustion,YGA:PricingPlan:a4b44985fbc3,5.0,41.0,https://fr.getaround.com/location-voiture/paris/peugeot-208-1476507
2026-09-13T00:02:15,paris,1476571,YGA:Vehicle:175e8331ae73,paris,48.878067,2.391499,0,0,343200,YGA:VehicleType:175e8331ae73,Peugeot,208,2021,combustion,YGA:PricingPlan:175e8331ae73,5.0,41.0,https://fr.getaround.com/location-voiture/paris/peugeot-208-1476571
2026-09-13T00:02:15,paris,1476572,YGA:Vehicle:df6f1a87d76b,paris,48.842991,2.317086,0,0,92400,YGA:VehicleType:df6f1a87d76b,Peugeot,208,2021,combustion,YGA:PricingPlan:df6f1a87d76b,5.0,41.0,https://fr.getaround.com/location-voiture/paris/peugeot-208-1476572
2026-09-13T00:02:15,paris,1476577,YGA:Vehicle:c09db34eb9bc,paris,48.89032,2.379497,0,0,277200,YGA:VehicleType:c09db34eb9bc,Peugeot,208,2021,combustion,YGA:PricingPlan:c09db34eb9bc,5.0,41.0,https://fr.getaround.com/location-voiture/paris/peugeot-208-1476577
2026-09-13T00:02:15,paris,1478188,YGA:Vehicle:4ba2434274b3,paris,48.882343,2.327687,0,0,46800,YGA:VehicleType:4ba2434274b3,Renault,Clio E-tech,2020,hybrid,YGA:PricingPlan:4ba2434274b3,6.0,42.0,https://fr.getaround.com/location-voiture/paris/renault-clio-e-tech-1478188
2026-09-13T00:02:15,paris,1478250,YGA:Vehicle:577a6f49802b,la-courneuve,48.921322,2.404204,0,0,262500,YGA:VehicleType:577a6f49802b,Renault,Master,2020,combustion_diesel,YGA:PricingPlan:577a6f49802b,8.0,59.0,https://fr.getaround.com/location-voiture/la-courneuve/renault-master-1478250
2026-09-13T00:02:15,paris,1480106,YGA:Vehicle:8c01711bfe0e,montreuil,48.86974,2.455541,0,0,72000,YGA:VehicleType:8c01711bfe0e,Renault,Master,2022,combustion_diesel,YGA:PricingPlan:8c01711bfe0e,8.0,64.0,https://fr.getaround.com/location-voiture/montreuil/renault-master-1480106
2026-09-13T00:02:15,paris,1480110,YGA:Vehicle:a9efbcc89d2c,montreuil,48.86974,2.455541,0,0,210000,YGA:VehicleType:a9efbcc89d2c,Renault,Master,2021,combustion_diesel,YGA:PricingPlan:a9efbcc89d2c,7.0,59.0,https://fr.getaround.com/location-voiture/montreuil/renault-master-1480110
2026-09-13T00:02:15,paris,1480112,YGA:Vehicle:057b147b4189,saint-denis,48.92123,2.362998,0,0,448000,YGA:VehicleType:057b147b4189,Renault,Trafic,2020,combustion_diesel,YGA:PricingPlan:057b147b4189,8.0,59.0,https://fr.getaround.com/location-voiture/saint-denis/renault-trafic-1480112
2026-09-13T00:02:15,paris,1480115,YGA:Vehicle:05e266dbc69b,montreuil,48.860481,2.434739,0,0,800000,YGA:VehicleType:05e266dbc69b,Renault,Trafic,2018,combustion_diesel,YGA:PricingPlan:05e266dbc69b,7.0,59.0,https://fr.getaround.com/location-voiture/montreuil/renault-trafic-1480115
2026-09-13T00:02:15,paris,1481195,YGA:Vehicle:b11fb6739f36,sevres,48.814095,2.213846,0,0,756000,YGA:VehicleType:b11fb6739f36,Nissan,Primastar Fourgon,2014,combustion_diesel,YGA:PricingPlan:b11fb6739f36,6.0,48.0,https://fr.getaround.com/location-voiture/sevres/nissan-primastar-fourgon-1481195
2026-09-13T00:02:15,paris,1484206,YGA:Vehicle:4b937b6e50c8,paris,48.891869,2.316322,0,0,776000,YGA:VehicleType:4b937b6e50c8,Renault,Trafic,2021,combustion_diesel,YGA:PricingPlan:4b937b6e50c8,8.0,64.0,https://fr.getaround.com/location-voiture/paris/renault-trafic-1484206
2026-09-13T00:02:15,paris,1484213,YGA:Vehicle:234310a3f9b7,paris,48.892319,2.314661,0,0,456000,YGA:VehicleType:234310a3f9b7,Renault,Trafic,2021,combustion_diesel,YGA:PricingPlan:234310a3f9b7,8.0,62.0,https://fr.getaround.com/location-voiture/paris/renault-trafic-1484213
2026-09-13T00:02:15,paris,1484216,YGA:Vehicle:490b65826653,boulogne-billancourt,48.835758,2.23052,0,0,784000,YGA:VehicleType:490b65826653,Renault,Trafic,2021,combustion_diesel,YGA:PricingPlan:490b65826653,7.0,59.0,https://fr.getaround.com/location-voiture/boulogne-billancourt/renault-trafic-1484216
2026-09-13T00:02:15,paris,1484234,YGA:Vehicle:16ad0a5ea162,paris,48.882343,2.327687,0,0,75600,YGA:VehicleType:16ad0a5ea162,Renault,Clio,2020,combustion,YGA:PricingPlan:16ad0a5ea162,7.0,50.0,https://fr.getaround.com/location-voiture/paris/renault-clio-1484234
2026-09-13T00:02:15,paris,1484254,YGA:Vehicle:4b08974e1667,paris,48.833942,2.323807,0,0,368000,YGA:VehicleType:4b08974e1667,Renault,Master,2022,combustion_diesel,YGA:PricingPlan:4b08974e1667,8.0,64.0,https://fr.getaround.com/location-voiture/paris/renault-master-1484254
2026-09-13T00:02:15,paris,1484260,YGA:Vehicle:5c1a2636d65c,neuilly-sur-seine,48.891117,2.276575,0,0,113400,YGA:VehicleType:5c1a2636d65c,Renault,Clio,2020,combustion,YGA:PricingPlan:5c1a2636d65c,5.0,40.0,https://fr.getaround.com/location-voiture/neuilly-sur-seine/renault-clio-1484260
2026-09-13T00:02:15,paris,1485510,YGA:Vehicle:f6c2e33885a4,rosny-sous-bois,48.876553,2.475967,0,0,472500,YGA:VehicleType:f6c2e33885a4,Renault,Master,2017,combustion_diesel,YGA:PricingPlan:f6c2e33885a4,8.0,65.0,https://fr.getaround.com/location-voiture/rosny-sous-bois/renault-master-1485510
2026-09-13T00:02:15,paris,1486160,YGA:Vehicle:8917994e263d,saint-ouen-sur-seine,48.913986,2.325485,0,0,224000,YGA:VehicleType:8917994e263d,Fiat,500,2015,combustion,YGA:PricingPlan:8917994e263d,6.0,43.0,https://fr.getaround.com/location-voiture/saint-ouen-sur-seine/fiat-500-1486160
2026-09-13T00:02:15,paris,1487396,YGA:Vehicle:a83696eab87c,charenton-le-pont,48.817123,2.412835,0,0,132000,YGA:VehicleType:a83696eab87c,Citroen,Berlingo,2015,combustion_diesel,YGA:PricingPlan:a83696eab87c,5.0,42.0,https://fr.getaround.com/location-voiture/charenton-le-pont/citroen-berlingo-1487396
2026-09-13T00:02:15,paris,1488807,YGA:Vehicle:1326f9ff9d7a,les-lilas,48.882137,2.412895,0,0,325600,YGA:VehicleType:1326f9ff9d7a,Peugeot,2008,2020,combustion,YGA:PricingPlan:1326f9ff9d7a,7.0,50.0,https://fr.getaround.com/location-voiture/les-lilas/peugeot-2008-1488807
2026-09-13T00:02:15,paris,1489731,YGA:Vehicle:e6c085145769,paris,48.893654,2.33946,0,0,800000,YGA:VehicleType:e6c085145769,Renault,Trafic,2017,combustion_diesel,YGA:PricingPlan:e6c085145769,11.0,84.0,https://fr.getaround.com/location-voiture/paris/renault-trafic-1489731
2026-09-13T00:02:15,paris,1490143,YGA:Vehicle:6aab726701ee,fontenay-aux-roses,48.789482,2.289839,0,0,672000,YGA:VehicleType:6aab726701ee,Renault,Trafic,2015,combustion_diesel,YGA:PricingPlan:6aab726701ee,8.0,61.0,https://fr.getaround.com/location-voiture/fontenay-aux-roses/renault-trafic-1490143
2026-09-13T00:02:15,paris,1491840,YGA:Vehicle:f99cddc9eeee,paris,48.833942,2.323807,0,0,525000,YGA:VehicleType:f99cddc9eeee,Renault,Master,2021,combustion_diesel,YGA:PricingPlan:f99cddc9eeee,8.0,64.0,https://fr.getaround.com/location-voiture/paris/renault-master-1491840
2026-09-13T00:02:15,paris,1491843,YGA:Vehicle:34c3fd981d66,montreuil,48.86974,2.455541,0,0,850500,YGA:VehicleType:34c3fd981d66,Renault,Master,2020,combustion_diesel,YGA:PricingPlan:34c3fd981d66,8.0,64.0,https://fr.getaround.com/location-voiture/montreuil/renault-master-1491843
2026-09-13T00:02:15,paris,1492381,YGA:Vehicle:0a2c0c822332,saint-ouen-sur-seine,48.914265,2.334212,0,0,294800,YGA:VehicleType:0a2c0c822332,Peugeot,208,2022,combustion,YGA:PricingPlan:0a2c0c822332,6.0,44.0,https://fr.getaround.com/location-voiture/saint-ouen-sur-seine/peugeot-208-1492381
2026-09-13T00:02:15,paris,1492698,YGA:Vehicle:8d1c9e3d971d,paris,48.891869,2.316322,0,0,302400,YGA:VehicleType:8d1c9e3d971d,Renault,Clio,2021,combustion,YGA:PricingPlan:8d1c9e3d971d,5.0,40.0,https://fr.getaround.com/location-voiture/paris/renault-clio-1492698
2026-09-13T00:02:15,paris,1492715,YGA:Vehicle:8819ec760493,saint-denis,48.908772,2.360505,0,0,201600,YGA:VehicleType:8819ec760493,Renault,Clio,2021,combustion,YGA:PricingPlan:8819ec760493,5.0,38.0,https://fr.getaround.com/location-voiture/saint-denis/renault-clio-1492715
2026-09-13T00:02:15,paris,1492716,YGA:Vehicle:ccddb1ac96ed,nanterre,48.894714,2.221408,0,0,378000,YGA:VehicleType:ccddb1ac96ed,Renault,Clio,2021,combustion,YGA:PricingPlan:ccddb1ac96ed,5.0,40.0,https://fr.getaround.com/location-voiture/nanterre/renault-clio-1492716
2026-09-13T00:02:15,paris,1496819,YGA:Vehicle:88e0fa2f06c4,paris,48.875454,2.338336,0,0,324000,YGA:VehicleType:88e0fa2f06c4,Peugeot,208,2020,combustion,YGA:PricingPlan:88e0fa2f06c4,6.0,45.0,https://fr.getaround.com/location-voiture/paris/peugeot-208-1496819
2026-09-13T00:02:15,paris,1496820,YGA:Vehicle:e94dbeb33d2f,pantin,48.890205,2.408347,0,0,387000,YGA:VehicleType:e94dbeb33d2f,Renault,Clio,2020,combustion,YGA:PricingPlan:e94dbeb33d2f,5.0,36.0,https://fr.getaround.com/location-voiture/pantin/renault-clio-1496820
2026-09-13T00:02:15,paris,1496823,YGA:Vehicle:6d77fe558ab7,paris,48.875454,2.338336,0,0,369600,YGA:VehicleType:6d77fe558ab7,Renault,Clio,2020,combustion,YGA:PricingPlan:6d77fe558ab7,5.0,36.0,https://fr.getaround.com/location-voiture/paris/renault-clio-1496823
2026-09-13T00:02:15,paris,1498374,YGA:Vehicle:e294ffab1544,paris,48.842957,2.317132,0,0,435600,YGA:VehicleType:e294ffab1544,Peugeot,208,2023,combustion,YGA:PricingPlan:e294ffab1544,7.0,55.0,https://fr.getaround.com/location-voiture/paris/peugeot-208-1498374
2026-09-13T00:02:15,paris,1502866,YGA:Vehicle:06c9b6287a4e,paris,48.833149,2.312258,0,0,712000,YGA:VehicleType:06c9b6287a4e,Renault,Trafic,2017,combustion_diesel,YGA:PricingPlan:06c9b6287a4e,9.0,68.0,https://fr.getaround.com/location-voiture/paris/renault-trafic-1502866
2026-09-13T00:02:15,paris,1507684,YGA:Vehicle:478bc574a02a,paris,48.854397,2.30477,0,0,760000,YGA:VehicleType:478bc574a02a,Renault,Trafic,2024,combustion_diesel,YGA:PricingPlan:478bc574a02a,9.0,78.0,https://fr.getaround.com/location-voiture/paris/renault-trafic-1507684
2026-09-13T00:02:15,paris,1507687,YGA:Vehicle:232c756cee3c,paris,48.899014,2.378261,0,0,400000,YGA:VehicleType:232c756cee3c,Renault,Trafic,2024,combustion_diesel,YGA:PricingPlan:232c756cee3c,9.0,78.0,https://fr.getaround.com/location-voiture/paris/renault-trafic-1507687
2026-09-13T00:02:15,paris,1507704,YGA:Vehicle:1128ea8356a2,paris,48.854397,2.30477,0,0,528000,YGA:VehicleType:1128ea8356a2,Renault,Trafic,2024,combustion_diesel,YGA:PricingPlan:1128ea8356a2,9.0,78.0,https://fr.getaround.com/location-voiture/paris/renault-trafic-1507704
2026-09-13T00:02:15,paris,1507774,YGA:Vehicle:a59edb67efb6,montreuil,48.86974,2.455541,0,0,760000,YGA:VehicleType:a59edb67efb6,Renault,Master,2024,combustion_diesel,YGA:PricingPlan:a59edb67efb6,9.0,78.0,https://fr.getaround.com/location-voiture/montreuil/renault-master-1507774
2026-09-13T00:02:15,paris,1507779,YGA:Vehicle:312344e7f231,bois-colombes,48.9132,2.258264,0,0,104000,YGA:VehicleType:312344e7f231,Renault,Master,2024,combustion_diesel,YGA:PricingPlan:312344e7f231,8.0,71.0,https://fr.getaround.com/location-voiture/bois-colombes/renault-master-1507779
2026-09-13T00:02:15,paris,1507786,YGA:Vehicle:f1f108ae9d8b,paris,48.899014,2.378261,0,0,144000,YGA:VehicleType:f1f108ae9d8b,Renault,Master,2024,combustion_diesel,YGA:PricingPlan:f1f108ae9d8b,9.0,78.0,https://fr.getaround.com/location-voiture/paris/renault-master-1507786
2026-09-13T00:02:15,paris,1507796,YGA:Vehicle:dba50babe45c,paris,48.899014,2.378261,0,0,520000,YGA:VehicleType:dba50babe45c,Renault,Master,2024,combustion_diesel,YGA:PricingPlan:dba50babe45c,9.0,78.0,https://fr.getaround.com/location-voiture/paris/renault-master-1507796
2026-09-13T00:02:15,paris,1507810,YGA:Vehicle:4c68aca5b787,boulogne-billancourt,48.844238,2.231389,0,0,193200,YGA:VehicleType:4c68aca5b787,Renault,Clio,2021,combustion,YGA:PricingPlan:4c68aca5b787,5.0,40.0,https://fr.getaround.com/location-voiture/boulogne-billancourt/renault-clio-1507810
2026-09-13T00:02:15,paris,1508502,YGA:Vehicle:d43d5bf1d785,paris,48.853771,2.405609,0,0,236500,YGA:VehicleType:d43d5bf1d785,Peugeot,5008,2023,combustion,YGA:PricingPlan:d43d5bf1d785,10.0,75.0,https://fr.getaround.com/location-voiture/paris/peugeot-5008-1508502
2026-09-13T00:02:15,paris,1508986,YGA:Vehicle:ce2ab31cfb75,ivry-sur-seine,48.810173,2.373086,0,0,268400,YGA:VehicleType:ce2ab31cfb75,Opel,Mokka,2024,combustion,YGA:PricingPlan:ce2ab31cfb75,9.0,67.0,https://fr.getaround.com/location-voiture/ivry-sur-seine/opel-mokka-1508986
2026-09-13T00:02:15,paris,1509916,YGA:Vehicle:d0dc974f266b,paris,48.901234,2.333986,0,0,420000,YGA:VehicleType:d0dc974f266b,Dacia,Lodgy,2019,combustion_diesel,YGA:PricingPlan:d0dc974f266b,5.0,40.0,https://fr.getaround.com/location-voiture/paris/dacia-lodgy-1509916
2026-09-13T00:02:15,paris,1509924,YGA:Vehicle:a6014c03ba0d,paris,48.901234,2.333986,0,0,312000,YGA:VehicleType:a6014c03ba0d,Renault,Trafic,2019,combustion_diesel,YGA:PricingPlan:a6014c03ba0d,8.0,64.0,https://fr.getaround.com/location-voiture/paris/renault-trafic-1509924
2026-09-13T00:02:15,paris,1510031,YGA:Vehicle:f79f5d344267,gennevilliers,48.934052,2.306691,0,0,207000,YGA:VehicleType:f79f5d344267,Renault,Trafic,2014,combustion_diesel,YGA:PricingPlan:f79f5d344267,6.0,49.0,https://fr.getaround.com/location-voiture/gennevilliers/renault-trafic-1510031
2026-09-13T00:02:15,paris,1510394,YGA:Vehicle:d03011abb870,paris,48.845093,2.371318,0,0,201600,YGA:VehicleType:d03011abb870,Renault,Clio,2020,combustion,YGA:PricingPlan:d03011abb870,5.0,40.0,https://fr.getaround.com/location-voiture/paris/renault-clio-1510394
2026-09-13T00:02:15,paris,1510420,YGA:Vehicle:612f0fc9d20b,saint-ouen-sur-seine,48.908611,2.334143,0,0,75600,YGA:VehicleType:612f0fc9d20b,Renault,Clio,2021,combustion,YGA:PricingPlan:612f0fc9d20b,5.0,40.0,https://fr.getaround.com/location-voiture/saint-ouen-sur-seine/renault-clio-1510420
2026-09-13T00:02:15,paris,1510423,YGA:Vehicle:564270b39fe0,paris,48.848,2.281994,0,0,344000,YGA:VehicleType:564270b39fe0,Renault,Trafic,2021,combustion_diesel,YGA:PricingPlan:564270b39fe0,8.0,64.0,https://fr.getaround.com/location-voiture/paris/renault-trafic-1510423
2026-09-13T00:02:15,paris,1510453,YGA:Vehicle:5ced483eec4b,montreuil,48.86974,2.455541,0,0,294000,YGA:VehicleType:5ced483eec4b,Renault,Master,2019,combustion_diesel,YGA:PricingPlan:5ced483eec4b,7.0,59.0,https://fr.getaround.com/location-voiture/montreuil/renault-master-1510453
2026-09-13T00:02:15,paris,1512169,YGA:Vehicle:78e957d5f389,antony,48.768509,2.310887,0,0,144000,YGA:VehicleType:78e957d5f389,Opel,Vivaro,2012,combustion_diesel,YGA:PricingPlan:78e957d5f389,6.0,49.0,https://fr.getaround.com/location-voiture/antony/opel-vivaro-1512169
2026-09-13T00:02:15,paris,1512217,YGA:Vehicle:e9dd172cbb48,puteaux,48.879658,2.239008,0,0,450000,YGA:VehicleType:e9dd172cbb48,Citroen,C4,2014,combustion,YGA:PricingPlan:e9dd172cbb48,7.0,49.0,https://fr.getaround.com/location-voiture/puteaux/citroen-c4-1512217
2026-09-13T00:02:15,paris,1518136,YGA:Vehicle:89048b86606d,malakoff,48.814678,2.294916,0,0,346500,YGA:VehicleType:89048b86606d,Renault,Clio Estate,2015,combustion,YGA:PricingPlan:89048b86606d,6.0,41.0,https://fr.getaround.com/location-voiture/malakoff/renault-clio-estate-1518136
2026-09-13T00:02:15,paris,1520978,YGA:Vehicle:c4e5089290a4,saint-maur-des-fosses,48.790939,2.478687,0,0,864000,YGA:VehicleType:c4e5089290a4,Fiat,Ducato,2019,combustion_diesel,YGA:PricingPlan:c4e5089290a4,8.0,66.0,https://fr.getaround.com/location-voiture/saint-maur-des-fosses/fiat-ducato-1520978
2026-09-13T00:02:15,paris,1525390,YGA:Vehicle:60fa3186b827,courbevoie,48.899326,2.240748,0,0,455800,YGA:VehicleType:60fa3186b827,Citroen,Berlingo,2017,combustion_diesel,YGA:PricingPlan:60fa3186b827,7.0,57.0,https://fr.getaround.com/location-voiture/courbevoie/citroen-berlingo-1525390
2026-09-13T00:02:15,paris,1532077,YGA:Vehicle:0ff9ec7feb85,paris,48.854488,2.387447,0,0,472000,YGA:VehicleType:0ff9ec7feb85,Renault,Trafic,2019,combustion_diesel,YGA:PricingPlan:0ff9ec7feb85,9.0,70.0,https://fr.getaround.com/location-voiture/paris/renault-trafic-1532077
2026-09-13T00:02:15,paris,1533690,YGA:Vehicle:3a8cb871e6f9,courbevoie,48.905388,2.277082,0,0,500000,YGA:VehicleType:3a8cb871e6f9,Dacia,Lodgy,2017,combustion,YGA:PricingPlan:3a8cb871e6f9,5.0,36.0,https://fr.getaround.com/location-voiture/courbevoie/dacia-lodgy-1533690
2026-09-13T00:02:15,paris,1534593,YGA:Vehicle:178be2a590d3,paris,48.883198,2.376172,0,0,343200,YGA:VehicleType:178be2a590d3,Peugeot,208,2020,combustion,YGA:PricingPlan:178be2a590d3,6.0,45.0,https://fr.getaround.com/location-voiture/paris/peugeot-208-1534593
2026-09-13T00:02:15,paris,1534596,YGA:Vehicle:cc4b8dfb1d11,paris,48.852467,2.380469,0,0,490000,YGA:VehicleType:cc4b8dfb1d11,Renault,Kangoo Express,2021,combustion_diesel,YGA:PricingPlan:cc4b8dfb1d11,6.0,48.0,https://fr.getaround.com/location-voiture/paris/renault-kangoo-express-1534596
2026-09-13T00:02:15,paris,1538193,YGA:Vehicle:1db401e3ec38,boulogne-billancourt,48.836315,2.234548,0,0,496000,YGA:VehicleType:1db401e3ec38,Peugeot,Expert,2021,combustion_diesel,YGA:PricingPlan:1db401e3ec38,10.0,76.0,https://fr.getaround.com/location-voiture/boulogne-billancourt/peugeot-expert-1538193
2026-09-13T00:02:15,paris,1538366,YGA:Vehicle:59ac510c841b,montreuil,48.86974,2.455541,0,0,640000,YGA:VehicleType:59ac510c841b,Renault,Trafic,2024,combustion_diesel,YGA:PricingPlan:59ac510c841b,9.0,78.0,https://fr.getaround.com/location-voiture/montreuil/renault-trafic-1538366
2026-09-13T00:02:15,paris,1539169,YGA:Vehicle:9f9f6007a569,paris,48.838589,2.316789,0,0,440000,YGA:VehicleType:9f9f6007a569,Peugeot,208 GT Line,2020,combustion,YGA:PricingPlan:9f9f6007a569,5.0,43.0,https://fr.getaround.com/location-voiture/paris/peugeot-208-gt-line-1539169
2026-09-13T00:02:15,paris,1539488,YGA:Vehicle:2e85a2ed57cf,fontenay-sous-bois,48.852226,2.453354,0,0,396000,YGA:VehicleType:2e85a2ed57cf,Renault,Clio,2014,combustion,YGA:PricingPlan:2e85a2ed57cf,7.0,51.0,https://fr.getaround.com/location-voiture/fontenay-sous-bois/renault-clio-1539488
2026-09-13T00:02:15,paris,1541147,YGA:Vehicle:b8f22d0a3727,paris,48.854473,2.304768,0,0,88000,YGA:VehicleType:b8f22d0a3727,Renault,Master,2024,combustion_diesel,YGA:PricingPlan:b8f22d0a3727,9.0,78.0,https://fr.getaround.com/location-voiture/paris/renault-master-1541147
2026-09-13T00:02:15,paris,1541399,YGA:Vehicle:01aef944952e,paris,48.830418,2.337495,0,0,129600,YGA:VehicleType:01aef944952e,Toyota,Yaris Cross Hybrid,2021,hybrid,YGA:PricingPlan:01aef944952e,6.0,45.0,https://fr.getaround.com/location-voiture/paris/toyota-yaris-cross-hybrid-1541399
2026-09-13T00:02:15,paris,1541915,YGA:Vehicle:e42bdd0efa00,villejuif,48.7873,2.36701,0,0,418700,YGA:VehicleType:e42bdd0efa00,Peugeot,308,2019,combustion,YGA:PricingPlan:e42bdd0efa00,6.0,48.0,https://fr.getaround.com/location-voiture/villejuif/peugeot-308-1541915
2026-09-13T00:02:15,paris,1542070,YGA:Vehicle:6a809a018aea,paris,48.886017,2.388491,0,0,306000,YGA:VehicleType:6a809a018aea,Toyota,Yaris Hybride,2022,hybrid,YGA:PricingPlan:6a809a018aea,6.0,49.0,https://fr.getaround.com/location-voiture/paris/toyota-yaris-hybride-1542070
2026-09-13T00:02:15,paris,1544563,YGA:Vehicle:d0afdc81e569,montreuil,48.86071,2.446602,0,0,528000,YGA:VehicleType:d0afdc81e569,Renault,Trafic,2019,combustion_diesel,YGA:PricingPlan:d0afdc81e569,10.0,74.0,https://fr.getaround.com/location-voiture/montreuil/renault-trafic-1544563
2026-09-13T00:02:15,paris,1546585,YGA:Vehicle:9650708d3d52,vitry-sur-seine,48.80101,2.378796,0,0,600300,YGA:VehicleType:9650708d3d52,Citroen,Jumpy,2018,combustion_diesel,YGA:PricingPlan:9650708d3d52,8.0,64.0,https://fr.getaround.com/location-voiture/vitry-sur-seine/citroen-jumpy-1546585
2026-09-13T00:02:15,paris,1548918,YGA:Vehicle:249acd50f9f3,paris,48.841187,2.374272,0,0,855000,YGA:VehicleType:249acd50f9f3,Renault,Trafic Passenger,2017,combustion_diesel,YGA:PricingPlan:249acd50f9f3,14.0,100.0,https://fr.getaround.com/location-voiture/paris/renault-trafic-passenger-1548918
2026-09-13T00:02:15,paris,1551186,YGA:Vehicle:2a746846b09a,paris,48.866566,2.380738,0,0,560000,YGA:VehicleType:2a746846b09a,Renault,Trafic,2018,combustion_diesel,YGA:PricingPlan:2a746846b09a,9.0,68.0,https://fr.getaround.com/location-voiture/paris/renault-trafic-1551186
2026-09-13T00:02:15,paris,1551189,YGA:Vehicle:5e0951af38d1,paris,48.873219,2.373415,0,0,240000,YGA:VehicleType:5e0951af38d1,Renault,Trafic,2019,combustion_diesel,YGA:PricingPlan:5e0951af38d1,9.0,68.0,https://fr.getaround.com/location-voiture/paris/renault-trafic-1551189
2026-09-13T00:02:15,paris,1551593,YGA:Vehicle:06dc8dd2f6c2,vitry-sur-seine,48.777637,2.405541,0,0,303600,YGA:VehicleType:06dc8dd2f6c2,Peugeot,2008,2021,combustion_diesel,YGA:PricingPlan:06dc8dd2f6c2,9.0,65.0,https://fr.getaround.com/location-voiture/vitry-sur-seine/peugeot-2008-1551593
2026-09-13T00:02:15,paris,1556424,YGA:Vehicle:f332610cee8a,paris,48.821079,2.343322,0,0,155400,YGA:VehicleType:f332610cee8a,Toyota,Yaris Hybride,2021,hybrid,YGA:PricingPlan:f332610cee8a,6.0,46.0,https://fr.getaround.com/location-voiture/paris/toyota-yaris-hybride-1556424
2026-09-13T00:02:15,paris,1557087,YGA:Vehicle:67dc641d2694,paris,48.841248,2.374731,0,0,162800,YGA:VehicleType:67dc641d2694,Peugeot,208,2023,combustion,YGA:PricingPlan:67dc641d2694,7.0,54.0,https://fr.getaround.com/location-voiture/paris/peugeot-208-1557087
2026-09-13T00:02:15,paris,1557094,YGA:Vehicle:6c36e1876e7e,paris,48.839878,2.303232,0,0,470800,YGA:VehicleType:6c36e1876e7e,Peugeot,208,2023,hybrid,YGA:PricingPlan:6c36e1876e7e,7.0,53.0,https://fr.getaround.com/location-voiture/paris/peugeot-208-1557094
2026-09-13T00:02:15,paris,1557141,YGA:Vehicle:b65794a1c351,paris,48.849644,2.285553,0,0,286000,YGA:VehicleType:b65794a1c351,Peugeot,208,2023,combustion,YGA:PricingPlan:b65794a1c351,7.0,54.0,https://fr.getaround.com/location-voiture/paris/peugeot-208-1557141
2026-09-13T00:02:15,paris,1557262,YGA:Vehicle:25cff7592d49,bois-colombes,48.923786,2.272805,0,0,280000,YGA:VehicleType:25cff7592d49,Citroen,C1,2012,combustion,YGA:PricingPlan:25cff7592d49,4.0,28.0,https://fr.getaround.com/location-voiture/bois-colombes/citroen-c1-1557262
2026-09-13T00:02:15,paris,1557568,YGA:Vehicle:d9e0af846635,rosny-sous-bois,48.883739,2.477744,0,0,128000,YGA:VehicleType:d9e0af846635,Renault,Trafic,2021,combustion_diesel,YGA:PricingPlan:d9e0af846635,11.0,86.0,https://fr.getaround.com/location-voiture/rosny-sous-bois/renault-trafic-1557568
2026-09-13T00:02:15,paris,1559887,YGA:Vehicle:c55ccbf69542,saint-maurice,48.822056,2.421565,0,0,342000,YGA:VehicleType:c55ccbf69542,Renault,Captur,2017,combustion,YGA:PricingPlan:c55ccbf69542,10.0,66.0,https://fr.getaround.com/location-voiture/saint-maurice/renault-captur-1559887
2026-09-13T00:02:15,paris,1563212,YGA:Vehicle:0b62a37a5938,clamart,48.80661,2.253856,0,0,144000,YGA:VehicleType:0b62a37a5938,Citroen,Berlingo,2015,combustion_diesel,YGA:PricingPlan:0b62a37a5938,6.0,42.0,https://fr.getaround.com/location-voiture/clamart/citroen-berlingo-1563212
2026-09-13T00:02:15,paris,1565463,YGA:Vehicle:88262f0cfb4f,paris,48.877487,2.32243,0,0,567000,YGA:VehicleType:88262f0cfb4f,Renault,Master,2020,combustion_diesel,YGA:PricingPlan:88262f0cfb4f,9.0,69.0,https://fr.getaround.com/location-voiture/paris/renault-master-1565463
2026-09-13T00:02:15,paris,1567597,YGA:Vehicle:2e71891c99cd,paris,48.840374,2.340826,0,0,240000,YGA:VehicleType:2e71891c99cd,Renault,Kangoo Express,2015,combustion,YGA:PricingPlan:2e71891c99cd,7.0,53.0,https://fr.getaround.com/location-voiture/paris/renault-kangoo-express-1567597
2026-09-13T00:02:15,paris,1569354,YGA:Vehicle:162af448b7f2,paris,48.863735,2.388018,0,0,216000,YGA:VehicleType:162af448b7f2,Toyota,Yaris Hybride,2017,hybrid,YGA:PricingPlan:162af448b7f2,5.0,42.0,https://fr.getaround.com/location-voiture/paris/toyota-yaris-hybride-1569354
2026-09-13T00:02:15,paris,1570630,YGA:Vehicle:5487de59c7e0,paris,48.832951,2.291778,0,0,297000,YGA:VehicleType:5487de59c7e0,Skoda,Fabia,2016,combustion,YGA:PricingPlan:5487de59c7e0,5.0,35.0,https://fr.getaround.com/location-voiture/paris/skoda-fabia-1570630
2026-09-13T00:02:15,paris,1570825,YGA:Vehicle:85f30deec74f,boulogne-billancourt,48.835758,2.23052,0,0,504000,YGA:VehicleType:85f30deec74f,Renault,Trafic,2020,combustion_diesel,YGA:PricingPlan:85f30deec74f,8.0,62.0,https://fr.getaround.com/location-voiture/boulogne-billancourt/renault-trafic-1570825
2026-09-13T00:02:15,paris,1574043,YGA:Vehicle:4f076ab06d0d,paris,48.875008,2.36516,0,0,196000,YGA:VehicleType:4f076ab06d0d,Hyundai,i20,2021,hybrid,YGA:PricingPlan:4f076ab06d0d,7.0,53.0,https://fr.getaround.com/location-voiture/paris/hyundai-i20-1574043
2026-09-13T00:02:15,paris,1574332,YGA:Vehicle:15179ef778ff,saint-denis,48.921192,2.362818,0,0,680000,YGA:VehicleType:15179ef778ff,Renault,Trafic,2020,combustion_diesel,YGA:PricingPlan:15179ef778ff,7.0,55.0,https://fr.getaround.com/location-voiture/saint-denis/renault-trafic-1574332
2026-09-13T00:02:15,paris,1575661,YGA:Vehicle:f11fadb30906,paris,48.856949,2.375985,0,0,140000,YGA:VehicleType:f11fadb30906,Citroen,Jumpy,2019,combustion_diesel,YGA:PricingPlan:f11fadb30906,8.0,57.0,https://fr.getaround.com/location-voiture/paris/citroen-jumpy-1575661
2026-09-13T00:02:15,paris,1575664,YGA:Vehicle:2fadbc40e5de,paris,48.872349,2.373634,0,0,384000,YGA:VehicleType:2fadbc40e5de,Renault,Kangoo Express,2019,combustion_diesel,YGA:PricingPlan:2fadbc40e5de,6.0,49.0,https://fr.getaround.com/location-voiture/paris/renault-kangoo-express-1575664
2026-09-13T00:02:15,paris,1575668,YGA:Vehicle:591f7a931aa3,paris,48.875408,2.363313,0,0,800000,YGA:VehicleType:591f7a931aa3,Renault,Trafic Double Cabine ,2017,combustion_diesel,YGA:PricingPlan:591f7a931aa3,9.0,68.0,https://fr.getaround.com/location-voiture/paris/renault-trafic-double-cabine-1575668
2026-09-13T00:02:15,paris,1576664,YGA:Vehicle:d08021308c08,maisons-alfort,48.815636,2.42308,0,0,165000,YGA:VehicleType:d08021308c08,Citroen,C3 Picasso,2014,combustion,YGA:PricingPlan:d08021308c08,7.0,51.0,https://fr.getaround.com/location-voiture/maisons-alfort/citroen-c3-picasso-1576664
2026-09-13T00:02:15,paris,1581156,YGA:Vehicle:9dd26b05a4b0,paris,48.837776,2.280085,0,0,272000,YGA:VehicleType:9dd26b05a4b0,Renault,Trafic,2019,combustion_diesel,YGA:PricingPlan:9dd26b05a4b0,8.0,66.0,https://fr.getaround.com/location-voiture/paris/renault-trafic-1581156
2026-09-13T00:02:15,paris,1582568,YGA:Vehicle:2451a36da1df,paris,48.875675,2.303899,0,0,315000,YGA:VehicleType:2451a36da1df,Peugeot,208,2020,combustion,YGA:PricingPlan:2451a36da1df,6.0,47.0,https://fr.getaround.com/location-voiture/paris/peugeot-208-1582568
2026-09-13T00:02:15,paris,1582572,YGA:Vehicle:2b40e9b56cbe,montreuil,48.855801,2.430462,0,0,434000,YGA:VehicleType:2b40e9b56cbe,Citroen,Jumpy,2020,combustion_diesel,YGA:PricingPlan:2b40e9b56cbe,8.0,57.0,https://fr.getaround.com/location-voiture/montreuil/citroen-jumpy-1582572
2026-09-13T00:02:15,paris,1582577,YGA:Vehicle:ad6d2aebe7a0,paris,48.882477,2.375214,0,0,456000,YGA:VehicleType:ad6d2aebe7a0,Renault,Kangoo Express,2018,combustion_diesel,YGA:PricingPlan:ad6d2aebe7a0,6.0,49.0,https://fr.getaround.com/location-voiture/paris/renault-kangoo-express-1582577
2026-09-13T00:02:15,paris,1583026,YGA:Vehicle:d36d87a2ff4c,neuilly-sur-seine,48.893902,2.269842,0,0,505000,YGA:VehicleType:d36d87a2ff4c,Renault,Kangoo Express,2021,combustion_diesel,YGA:PricingPlan:d36d87a2ff4c,8.0,64.0,https://fr.getaround.com/location-voiture/neuilly-sur-seine/renault-kangoo-express-1583026
2026-09-13T00:02:15,paris,1583286,YGA:Vehicle:243628d9228b,le-pre-saint-gervais,48.881519,2.406467,0,0,752000,YGA:VehicleType:243628d9228b,Citroen,Jumpy,2017,combustion_diesel,YGA:PricingPlan:243628d9228b,7.0,53.0,https://fr.getaround.com/location-voiture/le-pre-saint-gervais/citroen-jumpy-1583286
2026-09-13T00:02:15,paris,1583893,YGA:Vehicle:f63da7314361,le-kremlin-bicetre,48.810352,2.362914,0,0,110000,YGA:VehicleType:f63da7314361,Peugeot,208,2020,combustion,YGA:PricingPlan:f63da7314361,5.0,40.0,https://fr.getaround.com/location-voiture/le-kremlin-bicetre/peugeot-208-1583893
2026-09-13T00:02:15,paris,1583911,YGA:Vehicle:0eaf4e0cf9cc,paris,48.831039,2.35827,0,0,132000,YGA:VehicleType:0eaf4e0cf9cc,Peugeot,208,2020,combustion,YGA:PricingPlan:0eaf4e0cf9cc,5.0,40.0,https://fr.getaround.com/location-voiture/paris/peugeot-208-1583911
2026-09-13T00:02:15,paris,1583912,YGA:Vehicle:4e20c67c8e81,paris,48.861061,2.308672,0,0,640000,YGA:VehicleType:4e20c67c8e81,Renault,Trafic,2016,combustion_diesel,YGA:PricingPlan:4e20c67c8e81,6.0,47.0,https://fr.getaround.com/location-voiture/paris/renault-trafic-1583912
2026-09-13T00:02:15,paris,1583923,YGA:Vehicle:455e56441c16,boulogne-billancourt,48.835758,2.23052,0,0,320000,YGA:VehicleType:455e56441c16,Renault,Trafic,2017,combustion_diesel,YGA:PricingPlan:455e56441c16,7.0,54.0,https://fr.getaround.com/location-voiture/boulogne-billancourt/renault-trafic-1583923
2026-09-13T00:02:15,paris,1583938,YGA:Vehicle:184e5a835390,paris,48.892319,2.314661,0,0,488400,YGA:VehicleType:184e5a835390,Peugeot,208,2020,combustion,YGA:PricingPlan:184e5a835390,5.0,40.0,https://fr.getaround.com/location-voiture/paris/peugeot-208-1583938
2026-09-13T00:02:15,paris,1583961,YGA:Vehicle:94aabda4f050,la-courneuve,48.925682,2.382795,0,0,275000,YGA:VehicleType:94aabda4f050,Peugeot,208,2019,combustion,YGA:PricingPlan:94aabda4f050,5.0,38.0,https://fr.getaround.com/location-voiture/la-courneuve/peugeot-208-1583961
2026-09-13T00:02:15,paris,1584217,YGA:Vehicle:56346388fc23,neuilly-sur-seine,48.883709,2.2812,0,0,402800,YGA:VehicleType:56346388fc23,Renault,Grand Scenic,2018,combustion,YGA:PricingPlan:56346388fc23,10.0,70.0,https://fr.getaround.com/location-voiture/neuilly-sur-seine/renault-grand-scenic-1584217
2026-09-13T00:02:15,paris,1589274,YGA:Vehicle:5143343de112,charenton-le-pont,48.825314,2.394806,0,0,576000,YGA:VehicleType:5143343de112,Renault,Grand Scenic,2014,combustion_diesel,YGA:PricingPlan:5143343de112,5.0,39.0,https://fr.getaround.com/location-voiture/charenton-le-pont/renault-grand-scenic-1589274
2026-09-13T00:02:15,paris,1589882,YGA:Vehicle:fedea990e028,levallois-perret,48.89529,2.298565,0,0,360800,YGA:VehicleType:fedea990e028,Peugeot,2008,2023,combustion,YGA:PricingPlan:fedea990e028,8.0,58.0,https://fr.getaround.com/location-voiture/levallois-perret/peugeot-2008-1589882
2026-09-13T00:02:15,paris,1590029,YGA:Vehicle:ef75b54778da,paris,48.873249,2.302673,0,0,576000,YGA:VehicleType:ef75b54778da,Peugeot,Boxer,2017,combustion_diesel,YGA:PricingPlan:ef75b54778da,11.0,84.0,https://fr.getaround.com/location-voiture/paris/peugeot-boxer-1590029
2026-09-13T00:02:15,paris,1590612,YGA:Vehicle:7aa990e9f1a4,paris,48.837269,2.310968,0,0,606000,YGA:VehicleType:7aa990e9f1a4,Renault,Kangoo Express,2019,combustion_diesel,YGA:PricingPlan:7aa990e9f1a4,7.0,53.0,https://fr.getaround.com/location-voiture/paris/renault-kangoo-express-1590612
2026-09-13T00:02:15,paris,1592054,YGA:Vehicle:93b1538f392d,vitry-sur-seine,48.781452,2.383727,0,0,351000,YGA:VehicleType:93b1538f392d,Peugeot,Boxer,2017,combustion_diesel,YGA:PricingPlan:93b1538f392d,7.0,58.0,https://fr.getaround.com/location-voiture/vitry-sur-seine/peugeot-boxer-1592054
2026-09-13T00:02:15,paris,1592390,YGA:Vehicle:a06f8f183f35,paris,48.836582,2.371437,0,0,350000,YGA:VehicleType:a06f8f183f35,Citroen,C1,2014,combustion,YGA:PricingPlan:a06f8f183f35,4.0,29.0,https://fr.getaround.com/location-voiture/paris/citroen-c1-1592390
2026-09-13T00:02:15,paris,1594744,YGA:Vehicle:efa535535d4f,chevilly-larue,48.766632,2.367749,0,0,420000,YGA:VehicleType:efa535535d4f,Toyota,Yaris,2015,hybrid,YGA:PricingPlan:efa535535d4f,5.0,41.0,https://fr.getaround.com/location-voiture/chevilly-larue/toyota-yaris-1594744
2026-09-13T00:02:15,paris,1595667,YGA:Vehicle:77a1fd03fd29,ivry-sur-seine,48.810154,2.37303,0,0,224400,YGA:VehicleType:77a1fd03fd29,Peugeot,208,2024,combustion,YGA:PricingPlan:77a1fd03fd29,7.0,56.0,https://fr.getaround.com/location-voiture/ivry-sur-seine/peugeot-208-1595667
2026-09-13T00:02:15,paris,1596749,YGA:Vehicle:39ffb220c0bb,paris,48.874424,2.360746,0,0,488000,YGA:VehicleType:39ffb220c0bb,Peugeot,Expert,2016,combustion_diesel,YGA:PricingPlan:39ffb220c0bb,8.0,58.0,https://fr.getaround.com/location-voiture/paris/peugeot-expert-1596749
2026-09-13T00:02:15,paris,1598469,YGA:Vehicle:e758b0e6bac4,suresnes,48.869545,2.228682,0,0,380000,YGA:VehicleType:e758b0e6bac4,Peugeot,208 GT Line,2020,combustion,YGA:PricingPlan:e758b0e6bac4,9.0,69.0,https://fr.getaround.com/location-voiture/suresnes/peugeot-208-gt-line-1598469
2026-09-13T00:02:15,paris,1600717,YGA:Vehicle:73cdf8e2246f,paris,48.855156,2.340991,0,0,352000,YGA:VehicleType:73cdf8e2246f,Peugeot,2008,2022,combustion,YGA:PricingPlan:73cdf8e2246f,6.0,47.0,https://fr.getaround.com/location-voiture/paris/peugeot-2008-1600717
2026-09-13T00:02:15,paris,1600728,YGA:Vehicle:216cadd381f8,paris,48.901234,2.333986,0,0,404800,YGA:VehicleType:216cadd381f8,Peugeot,2008,2022,combustion,YGA:PricingPlan:216cadd381f8,6.0,47.0,https://fr.getaround.com/location-voiture/paris/peugeot-2008-1600728
2026-09-13T00:02:15,paris,1602643,YGA:Vehicle:d6ad83ef14ce,paris,48.883179,2.351332,0,0,765000,YGA:VehicleType:d6ad83ef14ce,Renault,Trafic Passenger,2019,combustion_diesel,YGA:PricingPlan:d6ad83ef14ce,17.0,122.0,https://fr.getaround.com/location-voiture/paris/renault-trafic-passenger-1602643
2026-09-13T00:02:15,paris,1603298,YGA:Vehicle:e15e4ec85b08,bois-colombes,48.9132,2.258264,0,0,864000,YGA:VehicleType:e15e4ec85b08,Fiat,Ducato,2021,combustion_diesel,YGA:PricingPlan:e15e4ec85b08,17.0,131.0,https://fr.getaround.com/location-voiture/bois-colombes/fiat-ducato-1603298
2026-09-13T00:02:15,paris,1603687,YGA:Vehicle:53e9c839e2e3,arcueil,48.801273,2.3388,0,0,846000,YGA:VehicleType:53e9c839e2e3,Nissan,Primastar Fourgon,2015,combustion_diesel,YGA:PricingPlan:53e9c839e2e3,6.0,50.0,https://fr.getaround.com/location-voiture/arcueil/nissan-primastar-fourgon-1603687
2026-09-13T00:02:15,paris,1608113,YGA:Vehicle:11cdea01b10b,puteaux,48.882641,2.234779,0,0,800000,YGA:VehicleType:11cdea01b10b,Renault,Trafic,2016,combustion_diesel,YGA:PricingPlan:11cdea01b10b,7.0,54.0,https://fr.getaround.com/location-voiture/puteaux/renault-trafic-1608113
2026-09-13T00:02:15,paris,1608398,YGA:Vehicle:c3d5fbbc6c8b,paris,48.844097,2.372992,0,0,472000,YGA:VehicleType:c3d5fbbc6c8b,Renault,Trafic Passenger,2022,combustion_diesel,YGA:PricingPlan:c3d5fbbc6c8b,10.0,70.0,https://fr.getaround.com/location-voiture/paris/renault-trafic-passenger-1608398
2026-09-13T00:02:15,paris,1608623,YGA:Vehicle:fbd02cbd4586,paris,48.894276,2.333836,0,0,338400,YGA:VehicleType:fbd02cbd4586,Toyota,Yaris Hybride,2024,combustion,YGA:PricingPlan:fbd02cbd4586,7.0,59.0,https://fr.getaround.com/location-voiture/paris/toyota-yaris-hybride-1608623
2026-09-13T00:02:15,paris,1608625,YGA:Vehicle:f520f469ffc1,paris,48.89275,2.326863,0,0,298800,YGA:VehicleType:f520f469ffc1,Toyota,Yaris Hybride,2024,combustion,YGA:PricingPlan:f520f469ffc1,7.0,59.0,https://fr.getaround.com/location-voiture/paris/toyota-yaris-hybride-1608625
2026-09-13T00:02:15,paris,1608641,YGA:Vehicle:1e27c30a2633,antony,48.768509,2.310887,0,0,621000,YGA:VehicleType:1e27c30a2633,Opel,Vivaro,2014,combustion_diesel,YGA:PricingPlan:1e27c30a2633,6.0,48.0,https://fr.getaround.com/location-voiture/antony/opel-vivaro-1608641
2026-09-13T00:02:15,paris,1608806,YGA:Vehicle:6447a09022e2,saint-maurice,48.816273,2.460873,0,0,360000,YGA:VehicleType:6447a09022e2,Peugeot,208,2020,combustion,YGA:PricingPlan:6447a09022e2,6.0,48.0,https://fr.getaround.com/location-voiture/saint-maurice/peugeot-208-1608806
2026-09-13T00:02:15,paris,1611741,YGA:Vehicle:83f961de2bbc,courbevoie,48.898617,2.240315,0,0,432000,YGA:VehicleType:83f961de2bbc,Renault,Kangoo Express,2013,combustion_diesel,YGA:PricingPlan:83f961de2bbc,7.0,54.0,https://fr.getaround.com/location-voiture/courbevoie/renault-kangoo-express-1611741
2026-09-13T00:02:15,paris,1611906,YGA:Vehicle:2c280e813b25,paris,48.892307,2.364897,0,0,489900,YGA:VehicleType:2c280e813b25,Citroen,Jumpy,2018,combustion_diesel,YGA:PricingPlan:2c280e813b25,7.0,57.0,https://fr.getaround.com/location-voiture/paris/citroen-jumpy-1611906
2026-09-13T00:02:15,paris,1611911,YGA:Vehicle:c6769892dc44,paris,48.897182,2.352518,0,0,280000,YGA:VehicleType:c6769892dc44,Nissan,NV300,2016,combustion_diesel,YGA:PricingPlan:c6769892dc44,6.0,47.0,https://fr.getaround.com/location-voiture/paris/nissan-nv300-1611911
2026-09-13T00:02:15,paris,1612436,YGA:Vehicle:fed6784402c7,sevres,48.814095,2.213846,0,0,288000,YGA:VehicleType:fed6784402c7,Renault,Trafic,2014,combustion_diesel,YGA:PricingPlan:fed6784402c7,6.0,46.0,https://fr.getaround.com/location-voiture/sevres/renault-trafic-1612436
2026-09-13T00:02:15,paris,1612869,YGA:Vehicle:512719a06fc1,rosny-sous-bois,48.878956,2.482294,0,0,528000,YGA:VehicleType:512719a06fc1,Renault,Kangoo Fourgon,2014,combustion_diesel,YGA:PricingPlan:512719a06fc1,5.0,38.0,https://fr.getaround.com/location-voiture/rosny-sous-bois/renault-kangoo-fourgon-1612869
2026-09-13T00:02:15,paris,1613102,YGA:Vehicle:b3638c101b14,montreuil,48.860703,2.446581,0,0,255300,YGA:VehicleType:b3638c101b14,Citroen,Jumpy,2018,combustion_diesel,YGA:PricingPlan:b3638c101b14,8.0,64.0,https://fr.getaround.com/location-voiture/montreuil/citroen-jumpy-1613102
2026-09-13T00:02:15,paris,1613106,YGA:Vehicle:395703079fea,malakoff,48.825012,2.302208,0,0,630000,YGA:VehicleType:395703079fea,Renault,Trafic Passenger,2017,combustion_diesel,YGA:PricingPlan:395703079fea,12.0,81.0,https://fr.getaround.com/location-voiture/malakoff/renault-trafic-passenger-1613106
2026-09-13T00:02:15,paris,1614085,YGA:Vehicle:2c5e1e3951f0,chatillon,48.810001,2.297041,0,0,180000,YGA:VehicleType:2c5e1e3951f0,Citroen,Jumper,2015,combustion_diesel,YGA:PricingPlan:2c5e1e3951f0,8.0,61.0,https://fr.getaround.com/location-voiture/chatillon/citroen-jumper-1614085
2026-09-13T00:02:15,paris,1614131,YGA:Vehicle:3a1e21f31384,paris,48.856781,2.399765,0,0,272000,YGA:VehicleType:3a1e21f31384,Renault,Trafic,2017,combustion_diesel,YGA:PricingPlan:3a1e21f31384,7.0,57.0,https://fr.getaround.com/location-voiture/paris/renault-trafic-1614131
2026-09-13T00:02:15,paris,1614133,YGA:Vehicle:a91f36776fe2,paris,48.833191,2.312307,0,0,704000,YGA:VehicleType:a91f36776fe2,Citroen,Jumpy,2017,combustion_diesel,YGA:PricingPlan:a91f36776fe2,7.0,57.0,https://fr.getaround.com/location-voiture/paris/citroen-jumpy-1614133
2026-09-13T00:02:15,paris,1614578,YGA:Vehicle:5d529ca43403,clichy,48.902691,2.304539,0,0,500000,YGA:VehicleType:5d529ca43403,Dacia,Duster,2019,combustion,YGA:PricingPlan:5d529ca43403,8.0,58.0,https://fr.getaround.com/location-voiture/clichy/dacia-duster-1614578
2026-09-13T00:02:15,paris,1614626,YGA:Vehicle:01ca225db612,saint-maur-des-fosses,48.79097,2.478582,0,0,238000,YGA:VehicleType:01ca225db612,Opel,Vivaro,2023,combustion_diesel,YGA:PricingPlan:01ca225db612,11.0,86.0,https://fr.getaround.com/location-voiture/saint-maur-des-fosses/opel-vivaro-1614626
2026-09-13T00:02:15,paris,1616468,YGA:Vehicle:9d1e97c564c2,creteil,48.790684,2.460315,0,0,270300,YGA:VehicleType:9d1e97c564c2,Citroen,Berlingo,2017,combustion_diesel,YGA:PricingPlan:9d1e97c564c2,7.0,53.0,https://fr.getaround.com/location-voiture/creteil/citroen-berlingo-1616468
2026-09-13T00:02:15,paris,1617630,YGA:Vehicle:5221b73b3853,gennevilliers,48.934052,2.306691,0,0,450000,YGA:VehicleType:5221b73b3853,Renault,Clio,2017,combustion_diesel,YGA:PricingPlan:5221b73b3853,5.0,42.0,https://fr.getaround.com/location-voiture/gennevilliers/renault-clio-1617630
2026-09-13T00:02:15,paris,1620077,YGA:Vehicle:cef0f8e5e890,paris,48.848759,2.401202,0,0,96000,YGA:VehicleType:cef0f8e5e890,Peugeot,Expert,2019,combustion_diesel,YGA:PricingPlan:cef0f8e5e890,8.0,57.0,https://fr.getaround.com/location-voiture/paris/peugeot-expert-1620077
2026-09-13T00:02:15,paris,1621839,YGA:Vehicle:3372498becd0,levallois-perret,48.896324,2.278043,0,0,530000,YGA:VehicleType:3372498becd0,Peugeot,308 SW,2018,combustion_diesel,YGA:PricingPlan:3372498becd0,6.0,42.0,https://fr.getaround.com/location-voiture/levallois-perret/peugeot-308-sw-1621839
2026-09-13T00:02:15,paris,1621900,YGA:Vehicle:c52e300277bb,cachan,48.796696,2.324268,0,0,585000,YGA:VehicleType:c52e300277bb,Peugeot,Boxer,2017,combustion_diesel,YGA:PricingPlan:c52e300277bb,9.0,67.0,https://fr.getaround.com/location-voiture/cachan/peugeot-boxer-1621900
2026-09-13T00:02:15,paris,1624621,YGA:Vehicle:5c7cb1d4e436,levallois-perret,48.89529,2.298565,0,0,136400,YGA:VehicleType:5c7cb1d4e436,Peugeot,208,2020,combustion,YGA:PricingPlan:5c7cb1d4e436,6.0,47.0,https://fr.getaround.com/location-voiture/levallois-perret/peugeot-208-1624621
2026-09-13T00:02:15,paris,1624627,YGA:Vehicle:6a716e8f75e9,neuilly-sur-seine,48.886673,2.276236,0,0,540000,YGA:VehicleType:6a716e8f75e9,Renault,Kangoo Express,2016,combustion_diesel,YGA:PricingPlan:6a716e8f75e9,6.0,47.0,https://fr.getaround.com/location-voiture/neuilly-sur-seine/renault-kangoo-express-1624627
2026-09-13T00:02:15,paris,1625635,YGA:Vehicle:c45f8aaef08b,asnieres-sur-seine,48.914448,2.292987,0,0,262500,YGA:VehicleType:c45f8aaef08b,Citroen,C1 II,2015,combustion,YGA:PricingPlan:c45f8aaef08b,9.0,64.0,https://fr.getaround.com/location-voiture/asnieres-sur-seine/citroen-c1-ii-1625635
2026-09-13T00:02:15,paris,1626106,YGA:Vehicle:b75942b293e0,paris,48.882156,2.373386,0,0,139500,YGA:VehicleType:b75942b293e0,Citroen,C3,2020,combustion,YGA:PricingPlan:b75942b293e0,7.0,53.0,https://fr.getaround.com/location-voiture/paris/citroen-c3-1626106
2026-09-13T00:02:15,paris,1629711,YGA:Vehicle:1b6c5b759dab,clichy,48.900517,2.308593,0,0,783000,YGA:VehicleType:1b6c5b759dab,Renault,Trafic Passenger,2019,combustion_diesel,YGA:PricingPlan:1b6c5b759dab,14.0,101.0,https://fr.getaround.com/location-voiture/clichy/renault-trafic-passenger-1629711
2026-09-13T00:02:15,paris,1629918,YGA:Vehicle:da23491e4a6b,paris,48.881721,2.353585,0,0,567300,YGA:VehicleType:da23491e4a6b,Toyota,Proace Combi,2022,combustion_diesel,YGA:PricingPlan:da23491e4a6b,9.0,65.0,https://fr.getaround.com/location-voiture/paris/toyota-proace-combi-1629918
2026-09-13T00:02:15,paris,1629920,YGA:Vehicle:0fefcfba1def,paris,48.872974,2.276916,0,0,399000,YGA:VehicleType:0fefcfba1def,Renault,Master,2016,combustion_diesel,YGA:PricingPlan:0fefcfba1def,7.0,55.0,https://fr.getaround.com/location-voiture/paris/renault-master-1629920
2026-09-13T00:02:15,paris,1629923,YGA:Vehicle:84bf18dc13b8,paris,48.821079,2.343322,0,0,189100,YGA:VehicleType:84bf18dc13b8,Toyota,Proace Combi,2022,combustion_diesel,YGA:PricingPlan:84bf18dc13b8,9.0,65.0,https://fr.getaround.com/location-voiture/paris/toyota-proace-combi-1629923
2026-09-13T00:02:15,paris,1629945,YGA:Vehicle:e1bcebfbf109,puteaux,48.886124,2.228461,0,0,610000,YGA:VehicleType:e1bcebfbf109,Toyota,Proace Combi,2022,combustion_diesel,YGA:PricingPlan:e1bcebfbf109,9.0,65.0,https://fr.getaround.com/location-voiture/puteaux/toyota-proace-combi-1629945
2026-09-13T00:02:15,paris,1630350,YGA:Vehicle:db00bb29628b,bois-colombes,48.9132,2.258264,0,0,900000,YGA:VehicleType:db00bb29628b,Fiat,Ducato,2021,combustion_diesel,YGA:PricingPlan:db00bb29628b,17.0,129.0,https://fr.getaround.com/location-voiture/bois-colombes/fiat-ducato-1630350
2026-09-13T00:02:15,paris,1631651,YGA:Vehicle:2083f28a93d7,boulogne-billancourt,48.839653,2.232064,0,0,435600,YGA:VehicleType:2083f28a93d7,Opel,Corsa,2024,combustion,YGA:PricingPlan:2083f28a93d7,7.0,53.0,https://fr.getaround.com/location-voiture/boulogne-billancourt/opel-corsa-1631651
2026-09-13T00:02:15,paris,1633612,YGA:Vehicle:d6665d15c02b,paris,48.824589,2.351881,0,0,402000,YGA:VehicleType:d6665d15c02b,Renault,Kangoo,2019,combustion_diesel,YGA:PricingPlan:d6665d15c02b,8.0,55.0,https://fr.getaround.com/location-voiture/paris/renault-kangoo-1633612
2026-09-13T00:02:15,paris,1633665,YGA:Vehicle:b2c1f0692923,paris,48.840885,2.321221,0,0,179400,YGA:VehicleType:b2c1f0692923,Toyota,Proace Verso,2020,combustion_diesel,YGA:PricingPlan:b2c1f0692923,22.0,151.0,https://fr.getaround.com/location-voiture/paris/toyota-proace-verso-1633665
2026-09-13T00:02:15,paris,1633963,YGA:Vehicle:e6b542b3cf2d,paris,48.836945,2.373345,0,0,348000,YGA:VehicleType:e6b542b3cf2d,Renault,Kangoo Express,2018,combustion,YGA:PricingPlan:e6b542b3cf2d,8.0,65.0,https://fr.getaround.com/location-voiture/paris/renault-kangoo-express-1633963
2026-09-13T00:02:15,paris,1634860,YGA:Vehicle:d650a22da4a7,paris,48.875408,2.363313,0,0,366000,YGA:VehicleType:d650a22da4a7,Renault,Kangoo Express,2016,combustion_diesel,YGA:PricingPlan:d650a22da4a7,6.0,42.0,https://fr.getaround.com/location-voiture/paris/renault-kangoo-express-1634860
2026-09-13T00:02:15,paris,1637484,YGA:Vehicle:d872a38b1b41,saint-ouen-sur-seine,48.913975,2.325631,0,0,427500,YGA:VehicleType:d872a38b1b41,Renault,Clio,2014,combustion,YGA:PricingPlan:d872a38b1b41,6.0,43.0,https://fr.getaround.com/location-voiture/saint-ouen-sur-seine/renault-clio-1637484
2026-09-13T00:02:15,paris,1638461,YGA:Vehicle:400fa1f50199,paris,48.868488,2.381975,0,0,356400,YGA:VehicleType:400fa1f50199,Toyota,Yaris Cross Hybrid,2025,hybrid,YGA:PricingPlan:400fa1f50199,10.0,67.0,https://fr.getaround.com/location-voiture/paris/toyota-yaris-cross-hybrid-1638461
2026-09-13T00:02:15,paris,1639241,YGA:Vehicle:f64db65408a8,paris,48.867317,2.270796,0,0,420000,YGA:VehicleType:f64db65408a8,Renault,Kangoo Express,2020,combustion_diesel,YGA:PricingPlan:f64db65408a8,6.0,49.0,https://fr.getaround.com/location-voiture/paris/renault-kangoo-express-1639241
2026-09-13T00:02:15,paris,1639244,YGA:Vehicle:9c07505778b0,paris,48.883198,2.376172,0,0,233200,YGA:VehicleType:9c07505778b0,Peugeot,3008,2018,combustion,YGA:PricingPlan:9c07505778b0,7.0,54.0,https://fr.getaround.com/location-voiture/paris/peugeot-3008-1639244
2026-09-13T00:02:15,paris,1641713,YGA:Vehicle:9eaeeba58eb3,paris,48.892872,2.38132,0,0,576000,YGA:VehicleType:9eaeeba58eb3,Renault,Trafic,2017,combustion_diesel,YGA:PricingPlan:9eaeeba58eb3,7.0,57.0,https://fr.getaround.com/location-voiture/paris/renault-trafic-1641713
2026-09-13T00:02:15,paris,1642723,YGA:Vehicle:76c72bddca61,paris,48.897182,2.352518,0,0,368000,YGA:VehicleType:76c72bddca61,Citroen,Jumpy,2015,combustion_diesel,YGA:PricingPlan:76c72bddca61,6.0,49.0,https://fr.getaround.com/location-voiture/paris/citroen-jumpy-1642723
2026-09-13T00:02:15,paris,1644084,YGA:Vehicle:784d3932e1e7,paris,48.840355,2.356026,0,0,176700,YGA:VehicleType:784d3932e1e7,Citroen,C4 Grand Spacetourer,2020,combustion,YGA:PricingPlan:784d3932e1e7,7.0,55.0,https://fr.getaround.com/location-voiture/paris/citroen-c4-grand-spacetourer-1644084
2026-09-13T00:02:15,paris,1644103,YGA:Vehicle:eaca9407cd26,paris,48.851543,2.293099,0,0,245000,YGA:VehicleType:eaca9407cd26,Citroen,Jumpy,2020,combustion_diesel,YGA:PricingPlan:eaca9407cd26,7.0,52.0,https://fr.getaround.com/location-voiture/paris/citroen-jumpy-1644103
2026-09-13T00:02:15,paris,1644193,YGA:Vehicle:c5da3051f3eb,boulogne-billancourt,48.829166,2.238758,0,0,530000,YGA:VehicleType:c5da3051f3eb,Peugeot,308,2020,combustion,YGA:PricingPlan:c5da3051f3eb,6.0,47.0,https://fr.getaround.com/location-voiture/boulogne-billancourt/peugeot-308-1644193
2026-09-13T00:02:15,paris,1644534,YGA:Vehicle:659e5726b50f,paris,48.837666,2.303338,0,0,355000,YGA:VehicleType:659e5726b50f,Peugeot,208,2016,combustion,YGA:PricingPlan:659e5726b50f,5.0,37.0,https://fr.getaround.com/location-voiture/paris/peugeot-208-1644534
2026-09-13T00:02:15,paris,1645610,YGA:Vehicle:3b126e9db5d7,levallois-perret,48.895302,2.298714,0,0,70400,YGA:VehicleType:3b126e9db5d7,Peugeot,208,2020,combustion,YGA:PricingPlan:3b126e9db5d7,6.0,44.0,https://fr.getaround.com/location-voiture/levallois-perret/peugeot-208-1645610
2026-09-13T00:02:15,paris,1646970,YGA:Vehicle:375930362243,paris,48.826294,2.353419,0,0,240000,YGA:VehicleType:375930362243,Citroen,Jumpy,2013,combustion_diesel,YGA:PricingPlan:375930362243,6.0,47.0,https://fr.getaround.com/location-voiture/paris/citroen-jumpy-1646970
2026-09-13T00:02:15,paris,1649570,YGA:Vehicle:26fe663de07f,paris,48.890446,2.337614,0,0,651000,YGA:VehicleType:26fe663de07f,Renault,Master,2018,combustion_diesel,YGA:PricingPlan:26fe663de07f,14.0,104.0,https://fr.getaround.com/location-voiture/paris/renault-master-1649570
2026-09-13T00:02:15,paris,1650419,YGA:Vehicle:2eaa167da5c5,bagneux,48.795727,2.320393,0,0,260000,YGA:VehicleType:2eaa167da5c5,Volkswagen,T-Cross,2024,combustion,YGA:PricingPlan:2eaa167da5c5,8.0,63.0,https://fr.getaround.com/location-voiture/bagneux/volkswagen-t-cross-1650419
2026-09-13T00:02:15,paris,1650430,YGA:Vehicle:93eb324918eb,paris,48.824848,2.368816,0,0,168000,YGA:VehicleType:93eb324918eb,Volkswagen,T-Cross,2024,combustion,YGA:PricingPlan:93eb324918eb,8.0,62.0,https://fr.getaround.com/location-voiture/paris/volkswagen-t-cross-1650430
2026-09-13T00:02:15,paris,1650447,YGA:Vehicle:c773ae455e5e,paris,48.890331,2.37952,0,0,400000,YGA:VehicleType:c773ae455e5e,Volkswagen,T-Cross,2024,combustion,YGA:PricingPlan:c773ae455e5e,8.0,62.0,https://fr.getaround.com/location-voiture/paris/volkswagen-t-cross-1650447
2026-09-13T00:02:15,paris,1650449,YGA:Vehicle:615316635af7,clamart,48.801422,2.261772,0,0,400000,YGA:VehicleType:615316635af7,Volkswagen,T-Cross,2024,combustion,YGA:PricingPlan:615316635af7,7.0,57.0,https://fr.getaround.com/location-voiture/clamart/volkswagen-t-cross-1650449
2026-09-13T00:02:15,paris,1650450,YGA:Vehicle:437d3163ef22,paris,48.866684,2.380818,0,0,616000,YGA:VehicleType:437d3163ef22,Citroen,Jumpy,2021,combustion_diesel,YGA:PricingPlan:437d3163ef22,8.0,65.0,https://fr.getaround.com/location-voiture/paris/citroen-jumpy-1650450
2026-09-13T00:02:15,paris,1650467,YGA:Vehicle:274d3292e2a9,asnieres-sur-seine,48.913673,2.300255,0,0,348000,YGA:VehicleType:274d3292e2a9,Volkswagen,T-Cross,2024,combustion,YGA:PricingPlan:274d3292e2a9,8.0,62.0,https://fr.getaround.com/location-voiture/asnieres-sur-seine/volkswagen-t-cross-1650467
2026-09-13T00:02:15,paris,1650501,YGA:Vehicle:4283695bf30c,paris,48.862152,2.354257,0,0,228000,YGA:VehicleType:4283695bf30c,Volkswagen,T-Cross,2024,combustion,YGA:PricingPlan:4283695bf30c,8.0,62.0,https://fr.getaround.com/location-voiture/paris/volkswagen-t-cross-1650501
2026-09-13T00:02:15,paris,1650514,YGA:Vehicle:f458b4bfd8ad,pantin,48.890205,2.408347,0,0,400000,YGA:VehicleType:f458b4bfd8ad,Volkswagen,T-Cross,2024,combustion,YGA:PricingPlan:f458b4bfd8ad,9.0,67.0,https://fr.getaround.com/location-voiture/pantin/volkswagen-t-cross-1650514
2026-09-13T00:02:15,paris,1651861,YGA:Vehicle:4de24c8ff8cf,paris,48.893379,2.380743,0,0,216000,YGA:VehicleType:4de24c8ff8cf,Fiat,Scudo,2013,combustion_diesel,YGA:PricingPlan:4de24c8ff8cf,6.0,46.0,https://fr.getaround.com/location-voiture/paris/fiat-scudo-1651861
2026-09-13T00:02:15,paris,1651964,YGA:Vehicle:06091354c0d2,asnieres-sur-seine,48.909019,2.270391,0,0,360000,YGA:VehicleType:06091354c0d2,Renault,Clio,2018,combustion_diesel,YGA:PricingPlan:06091354c0d2,4.0,31.0,https://fr.getaround.com/location-voiture/asnieres-sur-seine/renault-clio-1651964
2026-09-13T00:02:15,paris,1652662,YGA:Vehicle:4bb3fd8714e9,paris,48.893379,2.380743,0,0,423000,YGA:VehicleType:4bb3fd8714e9,Renault,Trafic,2014,combustion_diesel,YGA:PricingPlan:4bb3fd8714e9,6.0,47.0,https://fr.getaround.com/location-voiture/paris/renault-trafic-1652662
2026-09-13T00:02:15,paris,1653714,YGA:Vehicle:a10bf9003f75,paris,48.856781,2.399777,0,0,800000,YGA:VehicleType:a10bf9003f75,Citroen,Jumpy,2015,combustion_diesel,YGA:PricingPlan:a10bf9003f75,6.0,49.0,https://fr.getaround.com/location-voiture/paris/citroen-jumpy-1653714
2026-09-13T00:02:15,paris,1654361,YGA:Vehicle:dcc2afa50643,paris,48.892307,2.364897,0,0,603000,YGA:VehicleType:dcc2afa50643,Renault,Trafic,2014,combustion_diesel,YGA:PricingPlan:dcc2afa50643,6.0,47.0,https://fr.getaround.com/location-voiture/paris/renault-trafic-1654361
2026-09-13T00:02:15,paris,1654485,YGA:Vehicle:2eef2442be8f,maisons-alfort,48.808464,2.460112,0,0,93600,YGA:VehicleType:2eef2442be8f,Renault,Clio E-tech,2021,combustion,YGA:PricingPlan:2eef2442be8f,9.0,64.0,https://fr.getaround.com/location-voiture/maisons-alfort/renault-clio-e-tech-1654485
2026-09-13T00:02:15,paris,1654628,YGA:Vehicle:f43906d48b76,paris,48.892551,2.351354,0,0,168000,YGA:VehicleType:f43906d48b76,Volkswagen,Polo,2025,combustion,YGA:PricingPlan:f43906d48b76,7.0,54.0,https://fr.getaround.com/location-voiture/paris/volkswagen-polo-1654628
2026-09-13T00:02:15,paris,1656292,YGA:Vehicle:0fbe68e0eb86,colombes,48.928082,2.249162,0,0,240000,YGA:VehicleType:0fbe68e0eb86,Renault,Kangoo Express,2015,combustion_diesel,YGA:PricingPlan:0fbe68e0eb86,6.0,47.0,https://fr.getaround.com/location-voiture/colombes/renault-kangoo-express-1656292
2026-09-13T00:02:15,paris,1657019,YGA:Vehicle:13b4550b84c6,paris,48.897022,2.352439,0,0,544000,YGA:VehicleType:13b4550b84c6,Citroen,Jumpy,2015,combustion_diesel,YGA:PricingPlan:13b4550b84c6,6.0,49.0,https://fr.getaround.com/location-voiture/paris/citroen-jumpy-1657019
2026-09-13T00:02:15,paris,1657551,YGA:Vehicle:311a9cd31f70,puteaux,48.881912,2.234077,0,0,540000,YGA:VehicleType:311a9cd31f70,Citroen,Berlingo,2020,combustion,YGA:PricingPlan:311a9cd31f70,8.0,65.0,https://fr.getaround.com/location-voiture/puteaux/citroen-berlingo-1657551
2026-09-13T00:02:15,paris,1658296,YGA:Vehicle:76a6b9a44697,paris,48.878426,2.332668,0,0,134400,YGA:VehicleType:76a6b9a44697,BMW,Série 1,2025,combustion,YGA:PricingPlan:76a6b9a44697,11.0,87.0,https://fr.getaround.com/location-voiture/paris/bmw-serie-1-1658296
2026-09-13T00:02:15,paris,1658302,YGA:Vehicle:113fad94d688,paris,48.875408,2.363313,0,0,420000,YGA:VehicleType:113fad94d688,BMW,Série 1,2025,combustion,YGA:PricingPlan:113fad94d688,11.0,83.0,https://fr.getaround.com/location-voiture/paris/bmw-serie-1-1658302
2026-09-13T00:02:15,paris,1658303,YGA:Vehicle:247cde219377,vincennes,48.846462,2.439939,0,0,420000,YGA:VehicleType:247cde219377,BMW,Série 1,2025,combustion,YGA:PricingPlan:247cde219377,11.0,87.0,https://fr.getaround.com/location-voiture/vincennes/bmw-serie-1-1658303
2026-09-13T00:02:15,paris,1658513,YGA:Vehicle:400e779dff74,saint-ouen-sur-seine,48.913864,2.32575,0,0,418500,YGA:VehicleType:400e779dff74,Renault,Clio,2018,combustion,YGA:PricingPlan:400e779dff74,6.0,47.0,https://fr.getaround.com/location-voiture/saint-ouen-sur-seine/renault-clio-1658513
2026-09-13T00:02:15,paris,1661041,YGA:Vehicle:035ee74a3196,montreuil,48.855709,2.430052,0,0,366000,YGA:VehicleType:035ee74a3196,Renault,Kangoo Express,2021,combustion_diesel,YGA:PricingPlan:035ee74a3196,6.0,51.0,https://fr.getaround.com/location-voiture/montreuil/renault-kangoo-express-1661041
2026-09-13T00:02:15,paris,1661277,YGA:Vehicle:c6f3b26e2b21,paris,48.844303,2.374377,0,0,700000,YGA:VehicleType:c6f3b26e2b21,Opel,Zafira Life,2022,combustion_diesel,YGA:PricingPlan:c6f3b26e2b21,12.0,81.0,https://fr.getaround.com/location-voiture/paris/opel-zafira-life-1661277
2026-09-13T00:02:15,paris,1661890,YGA:Vehicle:263cdd32aea7,paris,48.875519,2.372455,0,0,368000,YGA:VehicleType:263cdd32aea7,Citroen,Jumpy,2016,combustion_diesel,YGA:PricingPlan:263cdd32aea7,7.0,51.0,https://fr.getaround.com/location-voiture/paris/citroen-jumpy-1661890
2026-09-13T00:02:15,paris,1662641,YGA:Vehicle:c462de1d069e,asnieres-sur-seine,48.906651,2.278819,0,0,576000,YGA:VehicleType:c462de1d069e,Renault,Kangoo Fourgon,2018,combustion_diesel,YGA:PricingPlan:c462de1d069e,8.0,54.0,https://fr.getaround.com/location-voiture/asnieres-sur-seine/renault-kangoo-fourgon-1662641
2026-09-13T00:02:15,paris,1663376,YGA:Vehicle:d239412eb040,paris,48.84177,2.298104,0,0,552000,YGA:VehicleType:d239412eb040,Citroen,Berlingo,2015,combustion_diesel,YGA:PricingPlan:d239412eb040,6.0,44.0,https://fr.getaround.com/location-voiture/paris/citroen-berlingo-1663376
2026-09-13T00:02:15,paris,1664004,YGA:Vehicle:22aec82e2d52,asnieres-sur-seine,48.917229,2.29462,0,0,144000,YGA:VehicleType:22aec82e2d52,Renault,Trafic,2020,combustion_diesel,YGA:PricingPlan:22aec82e2d52,10.0,80.0,https://fr.getaround.com/location-voiture/asnieres-sur-seine/renault-trafic-1664004
2026-09-13T00:02:15,paris,1664008,YGA:Vehicle:832a2afc5f00,asnieres-sur-seine,48.906433,2.281558,0,0,310500,YGA:VehicleType:832a2afc5f00,Peugeot,Expert,2021,combustion_diesel,YGA:PricingPlan:832a2afc5f00,11.0,80.0,https://fr.getaround.com/location-voiture/asnieres-sur-seine/peugeot-expert-1664008
2026-09-13T00:02:15,paris,1665158,YGA:Vehicle:56167bc85160,paris,48.828613,2.336659,0,0,255200,YGA:VehicleType:56167bc85160,Peugeot,208,2020,combustion,YGA:PricingPlan:56167bc85160,6.0,45.0,https://fr.getaround.com/location-voiture/paris/peugeot-208-1665158
2026-09-13T00:02:15,paris,1665175,YGA:Vehicle:850741ce3db8,paris,48.855156,2.340991,0,0,136400,YGA:VehicleType:850741ce3db8,Peugeot,208,2020,combustion,YGA:PricingPlan:850741ce3db8,5.0,39.0,https://fr.getaround.com/location-voiture/paris/peugeot-208-1665175
2026-09-13T00:02:15,paris,1665184,YGA:Vehicle:d76cfa289252,paris,48.876186,2.323844,0,0,210000,YGA:VehicleType:d76cfa289252,Renault,Kangoo Express,2015,combustion_diesel,YGA:PricingPlan:d76cfa289252,5.0,35.0,https://fr.getaround.com/location-voiture/paris/renault-kangoo-express-1665184
2026-09-13T00:02:15,paris,1665189,YGA:Vehicle:d4448d10f781,paris,48.885578,2.371237,0,0,175000,YGA:VehicleType:d4448d10f781,Peugeot,208,2019,combustion,YGA:PricingPlan:d4448d10f781,5.0,39.0,https://fr.getaround.com/location-voiture/paris/peugeot-208-1665189
2026-09-13T00:02:15,paris,1665207,YGA:Vehicle:0665c0332fda,paris,48.856796,2.3978,0,0,307400,YGA:VehicleType:0665c0332fda,Peugeot,308,2019,combustion,YGA:PricingPlan:0665c0332fda,6.0,43.0,https://fr.getaround.com/location-voiture/paris/peugeot-308-1665207
2026-09-13T00:02:15,paris,1665226,YGA:Vehicle:7559c4c68034,levallois-perret,48.89529,2.298565,0,0,539000,YGA:VehicleType:7559c4c68034,Citroen,Jumpy,2019,combustion_diesel,YGA:PricingPlan:7559c4c68034,7.0,59.0,https://fr.getaround.com/location-voiture/levallois-perret/citroen-jumpy-1665226
2026-09-13T00:02:15,paris,1665240,YGA:Vehicle:ad8d80a1a665,boulogne-billancourt,48.844017,2.231357,0,0,338800,YGA:VehicleType:ad8d80a1a665,Peugeot,208,2020,combustion,YGA:PricingPlan:ad8d80a1a665,5.0,39.0,https://fr.getaround.com/location-voiture/boulogne-billancourt/peugeot-208-1665240
2026-09-13T00:02:15,paris,1668046,YGA:Vehicle:19500dde1ea0,paris,48.885941,2.294977,0,0,200000,YGA:VehicleType:19500dde1ea0,Renault,Trafic,2017,combustion_diesel,YGA:PricingPlan:19500dde1ea0,11.0,81.0,https://fr.getaround.com/location-voiture/paris/renault-trafic-1668046
2026-09-13T00:02:15,paris,1668619,YGA:Vehicle:d859fc157a4e,paris,48.873219,2.373415,0,0,80000,YGA:VehicleType:d859fc157a4e,Peugeot,2008,2021,combustion,YGA:PricingPlan:d859fc157a4e,7.0,55.0,https://fr.getaround.com/location-voiture/paris/peugeot-2008-1668619
2026-09-13T00:02:15,paris,1669541,YGA:Vehicle:8fab906e2eaf,paris,48.826054,2.361718,0,0,808000,YGA:VehicleType:8fab906e2eaf,Renault,Trafic,2016,combustion_diesel,YGA:PricingPlan:8fab906e2eaf,6.0,53.0,https://fr.getaround.com/location-voiture/paris/renault-trafic-1669541
2026-09-13T00:02:15,paris,1670094,YGA:Vehicle:e6c0789423a5,paris,48.878567,2.369406,0,0,390000,YGA:VehicleType:e6c0789423a5,Renault,Kangoo Express,2020,combustion_diesel,YGA:PricingPlan:e6c0789423a5,6.0,48.0,https://fr.getaround.com/location-voiture/paris/renault-kangoo-express-1670094
2026-09-13T00:02:15,paris,1670096,YGA:Vehicle:f19788895482,paris,48.866566,2.380738,0,0,168000,YGA:VehicleType:f19788895482,Renault,Kangoo Express,2019,combustion,YGA:PricingPlan:f19788895482,6.0,48.0,https://fr.getaround.com/location-voiture/paris/renault-kangoo-express-1670096
2026-09-13T00:02:15,paris,1670820,YGA:Vehicle:72febc4f97cd,paris,48.832748,2.32592,0,0,378400,YGA:VehicleType:72febc4f97cd,Peugeot,208,2025,combustion,YGA:PricingPlan:72febc4f97cd,7.0,56.0,https://fr.getaround.com/location-voiture/paris/peugeot-208-1670820
2026-09-13T00:02:15,paris,1671118,YGA:Vehicle:76aa6d441db7,paris,48.866596,2.380868,0,0,512000,YGA:VehicleType:76aa6d441db7,Renault,Trafic,2018,combustion_diesel,YGA:PricingPlan:76aa6d441db7,11.0,81.0,https://fr.getaround.com/location-voiture/paris/renault-trafic-1671118
2026-09-13T00:02:15,paris,1671367,YGA:Vehicle:4d5d997a6df4,paris,48.876312,2.393524,0,0,180200,YGA:VehicleType:4d5d997a6df4,Peugeot,308,2020,combustion,YGA:PricingPlan:4d5d997a6df4,6.0,44.0,https://fr.getaround.com/location-voiture/paris/peugeot-308-1671367
2026-09-13T00:02:15,paris,1671451,YGA:Vehicle:be46cca6f49f,montrouge,48.811028,2.309015,0,0,387200,YGA:VehicleType:be46cca6f49f,Peugeot,208,2020,combustion,YGA:PricingPlan:be46cca6f49f,5.0,37.0,https://fr.getaround.com/location-voiture/montrouge/peugeot-208-1671451
2026-09-13T00:02:15,paris,1671475,YGA:Vehicle:340a31705244,paris,48.842991,2.317086,0,0,148400,YGA:VehicleType:340a31705244,Peugeot,3008,2020,combustion,YGA:PricingPlan:340a31705244,10.0,70.0,https://fr.getaround.com/location-voiture/paris/peugeot-3008-1671475
2026-09-13T00:02:15,paris,1676925,YGA:Vehicle:a2f5f5a06c56,paris,48.83213,2.30336,0,0,522500,YGA:VehicleType:a2f5f5a06c56,Peugeot,5008,2019,combustion,YGA:PricingPlan:a2f5f5a06c56,12.0,90.0,https://fr.getaround.com/location-voiture/paris/peugeot-5008-1676925
2026-09-13T00:02:15,paris,1680083,YGA:Vehicle:e4036f482e2e,pantin,48.910656,2.411154,0,0,609000,YGA:VehicleType:e4036f482e2e,Renault,Master,2015,combustion_diesel,YGA:PricingPlan:e4036f482e2e,9.0,71.0,https://fr.getaround.com/location-voiture/pantin/renault-master-1680083
2026-09-13T00:02:15,paris,1681609,YGA:Vehicle:e684825995cf,paris,48.86219,2.354161,0,0,66000,YGA:VehicleType:e684825995cf,Renault,Kangoo Express,2020,combustion_diesel,YGA:PricingPlan:e684825995cf,7.0,52.0,https://fr.getaround.com/location-voiture/paris/renault-kangoo-express-1681609
2026-09-13T00:02:15,paris,1681641,YGA:Vehicle:0320fcfe1a0b,paris,48.901234,2.333986,0,0,544000,YGA:VehicleType:0320fcfe1a0b,Renault,Trafic,2018,combustion_diesel,YGA:PricingPlan:0320fcfe1a0b,7.0,54.0,https://fr.getaround.com/location-voiture/paris/renault-trafic-1681641
2026-09-13T00:02:15,paris,1681653,YGA:Vehicle:5f7682d94df8,courbevoie,48.891373,2.254075,0,0,382800,YGA:VehicleType:5f7682d94df8,Peugeot,208,2020,combustion,YGA:PricingPlan:5f7682d94df8,5.0,39.0,https://fr.getaround.com/location-voiture/courbevoie/peugeot-208-1681653
2026-09-13T00:02:15,paris,1681662,YGA:Vehicle:36cec36f4df5,paris,48.890404,2.346125,0,0,431200,YGA:VehicleType:36cec36f4df5,Peugeot,208,2020,combustion,YGA:PricingPlan:36cec36f4df5,5.0,39.0,https://fr.getaround.com/location-voiture/paris/peugeot-208-1681662
2026-09-13T00:02:15,paris,1681663,YGA:Vehicle:e3016cff6f33,saint-denis,48.908768,2.360785,0,0,198000,YGA:VehicleType:e3016cff6f33,Peugeot,208,2020,combustion,YGA:PricingPlan:e3016cff6f33,8.0,53.0,https://fr.getaround.com/location-voiture/saint-denis/peugeot-208-1681663
2026-09-13T00:02:15,paris,1681683,YGA:Vehicle:3a0537a08d3e,paris,48.865955,2.378036,0,0,153700,YGA:VehicleType:3a0537a08d3e,Peugeot,308,2017,combustion,YGA:PricingPlan:3a0537a08d3e,6.0,45.0,https://fr.getaround.com/location-voiture/paris/peugeot-308-1681683
2026-09-13T00:02:15,paris,1682091,YGA:Vehicle:c8e31fc3eb28,courbevoie,48.895103,2.239162,0,0,256500,YGA:VehicleType:c8e31fc3eb28,Citroen,C3,2019,combustion,YGA:PricingPlan:c8e31fc3eb28,5.0,38.0,https://fr.getaround.com/location-voiture/courbevoie/citroen-c3-1682091
2026-09-13T00:02:15,paris,1683390,YGA:Vehicle:a575a42221a8,ivry-sur-seine,48.812832,2.382694,0,0,227500,YGA:VehicleType:a575a42221a8,Citroen,C1,2016,hybrid,YGA:PricingPlan:a575a42221a8,6.0,43.0,https://fr.getaround.com/location-voiture/ivry-sur-seine/citroen-c1-1683390
2026-09-13T00:02:15,paris,1684094,YGA:Vehicle:a988555267a5,courbevoie,48.901157,2.266336,0,0,365700,YGA:VehicleType:a988555267a5,Peugeot,3008,2019,combustion,YGA:PricingPlan:a988555267a5,8.0,60.0,https://fr.getaround.com/location-voiture/courbevoie/peugeot-3008-1684094
2026-09-13T00:02:15,paris,1685103,YGA:Vehicle:31f63c809c27,bois-colombes,48.9132,2.258264,0,0,474000,YGA:VehicleType:31f63c809c27,Renault,Kangoo Express,2017,combustion,YGA:PricingPlan:31f63c809c27,6.0,49.0,https://fr.getaround.com/location-voiture/bois-colombes/renault-kangoo-express-1685103
2026-09-13T00:02:15,paris,1685958,YGA:Vehicle:fc69996770ef,alfortville,48.802238,2.416024,0,0,680000,YGA:VehicleType:fc69996770ef,Peugeot,Expert Double Cabine,2019,combustion_diesel,YGA:PricingPlan:fc69996770ef,7.0,53.0,https://fr.getaround.com/location-voiture/alfortville/peugeot-expert-double-cabine-1685958
2026-09-13T00:02:15,paris,1685959,YGA:Vehicle:cf8768e83d8d,les-lilas,48.882137,2.412895,0,0,156000,YGA:VehicleType:cf8768e83d8d,Renault,Kangoo Express,2019,combustion_diesel,YGA:PricingPlan:cf8768e83d8d,7.0,51.0,https://fr.getaround.com/location-voiture/les-lilas/renault-kangoo-express-1685959
2026-09-13T00:02:15,paris,1685960,YGA:Vehicle:b284eeb7338e,montreuil,48.852901,2.41985,0,0,197500,YGA:VehicleType:b284eeb7338e,Renault,Kangoo Express ZE,2021,electric,YGA:PricingPlan:b284eeb7338e,6.0,48.0,https://fr.getaround.com/location-voiture/montreuil/renault-kangoo-express-ze-1685960
2026-09-13T00:02:15,paris,1686534,YGA:Vehicle:9dca19bc13bc,issy-les-moulineaux,48.824524,2.2586,0,0,265000,YGA:VehicleType:9dca19bc13bc,Peugeot,308,2021,combustion,YGA:PricingPlan:9dca19bc13bc,6.0,46.0,https://fr.getaround.com/location-voiture/issy-les-moulineaux/peugeot-308-1686534
2026-09-13T00:02:15,paris,1686548,YGA:Vehicle:283a97ec102c,paris,48.877762,2.322935,0,0,431200,YGA:VehicleType:283a97ec102c,Peugeot,2008,2021,combustion,YGA:PricingPlan:283a97ec102c,6.0,44.0,https://fr.getaround.com/location-voiture/paris/peugeot-2008-1686548
2026-09-13T00:02:15,paris,1690643,YGA:Vehicle:d8d1e4960524,paris,48.876186,2.323844,0,0,224000,YGA:VehicleType:d8d1e4960524,Citroen,Jumpy,2017,combustion_diesel,YGA:PricingPlan:d8d1e4960524,7.0,54.0,https://fr.getaround.com/location-voiture/paris/citroen-jumpy-1690643
2026-09-13T00:02:15,paris,1691317,YGA:Vehicle:1476bc665c6a,boulogne-billancourt,48.837902,2.250906,0,0,120000,YGA:VehicleType:1476bc665c6a,Renault,Kangoo Fourgon,2019,combustion_diesel,YGA:PricingPlan:1476bc665c6a,7.0,57.0,https://fr.getaround.com/location-voiture/boulogne-billancourt/renault-kangoo-fourgon-1691317
2026-09-13T00:02:15,paris,1691997,YGA:Vehicle:5e64b28a0a0e,pantin,48.90979,2.412756,0,0,745500,YGA:VehicleType:5e64b28a0a0e,Renault,Master,2015,combustion_diesel,YGA:PricingPlan:5e64b28a0a0e,11.0,79.0,https://fr.getaround.com/location-voiture/pantin/renault-master-1691997
2026-09-13T00:02:15,paris,1694409,YGA:Vehicle:5c8b4e0670ab,suresnes,48.867718,2.214098,0,0,864000,YGA:VehicleType:5c8b4e0670ab,Peugeot,Boxer,2025,combustion_diesel,YGA:PricingPlan:5c8b4e0670ab,14.0,114.0,https://fr.getaround.com/location-voiture/suresnes/peugeot-boxer-1694409
2026-09-13T00:02:15,paris,1694490,YGA:Vehicle:a48db9288292,paris,48.866684,2.380818,0,0,270000,YGA:VehicleType:a48db9288292,Renault,Kangoo Express,2019,combustion_diesel,YGA:PricingPlan:a48db9288292,6.0,47.0,https://fr.getaround.com/location-voiture/paris/renault-kangoo-express-1694490
2026-09-13T00:02:15,paris,1694504,YGA:Vehicle:df240d5a4f41,ivry-sur-seine,48.813747,2.384733,0,0,470800,YGA:VehicleType:df240d5a4f41,Peugeot,208,2020,combustion,YGA:PricingPlan:df240d5a4f41,5.0,39.0,https://fr.getaround.com/location-voiture/ivry-sur-seine/peugeot-208-1694504
2026-09-13T00:02:15,paris,1694514,YGA:Vehicle:7672c885126c,clichy,48.903599,2.319265,0,0,197400,YGA:VehicleType:7672c885126c,Opel,Crossland,2024,combustion,YGA:PricingPlan:7672c885126c,8.0,58.0,https://fr.getaround.com/location-voiture/clichy/opel-crossland-1694514
2026-09-13T00:02:15,paris,1694516,YGA:Vehicle:8eeecaf4305e,paris,48.893154,2.352505,0,0,331800,YGA:VehicleType:8eeecaf4305e,Opel,Crossland,2024,combustion,YGA:PricingPlan:8eeecaf4305e,8.0,58.0,https://fr.getaround.com/location-voiture/paris/opel-crossland-1694516
2026-09-13T00:02:15,paris,1694521,YGA:Vehicle:6b2ec1888816,paris,48.82832,2.321923,0,0,445200,YGA:VehicleType:6b2ec1888816,Peugeot,308,2019,combustion,YGA:PricingPlan:6b2ec1888816,6.0,43.0,https://fr.getaround.com/location-voiture/paris/peugeot-308-1694521
2026-09-13T00:02:15,paris,1694572,YGA:Vehicle:27d28dab3462,saint-denis,48.92123,2.362998,0,0,512000,YGA:VehicleType:27d28dab3462,Renault,Trafic,2018,combustion_diesel,YGA:PricingPlan:27d28dab3462,6.0,49.0,https://fr.getaround.com/location-voiture/saint-denis/renault-trafic-1694572
2026-09-13T00:02:15,paris,1694978,YGA:Vehicle:1ed76b9a7f2b,paris,48.840439,2.291967,0,0,424000,YGA:VehicleType:1ed76b9a7f2b,Peugeot,3008,2018,combustion,YGA:PricingPlan:1ed76b9a7f2b,6.0,44.0,https://fr.getaround.com/location-voiture/paris/peugeot-3008-1694978
2026-09-13T00:02:15,paris,1695121,YGA:Vehicle:3d84e1807225,paris,48.84145,2.39202,0,0,321200,YGA:VehicleType:3d84e1807225,Peugeot,208,2020,combustion,YGA:PricingPlan:3d84e1807225,5.0,39.0,https://fr.getaround.com/location-voiture/paris/peugeot-208-1695121
2026-09-13T00:02:15,paris,1696529,YGA:Vehicle:9e7904bea5b1,paris,48.874222,2.277451,0,0,379500,YGA:VehicleType:9e7904bea5b1,Peugeot,Expert,2020,combustion_diesel,YGA:PricingPlan:9e7904bea5b1,8.0,59.0,https://fr.getaround.com/location-voiture/paris/peugeot-expert-1696529
2026-09-13T00:02:15,paris,1697428,YGA:Vehicle:0b78e9bcd3e5,paris,48.876312,2.393524,0,0,468000,YGA:VehicleType:0b78e9bcd3e5,Citroen,C3,2024,combustion,YGA:PricingPlan:0b78e9bcd3e5,7.0,53.0,https://fr.getaround.com/location-voiture/paris/citroen-c3-1697428
2026-09-13T00:02:15,paris,1697519,YGA:Vehicle:60b9f923a330,rosny-sous-bois,48.885338,2.473209,0,0,656000,YGA:VehicleType:60b9f923a330,Renault,Trafic,2021,combustion_diesel,YGA:PricingPlan:60b9f923a330,11.0,86.0,https://fr.getaround.com/location-voiture/rosny-sous-bois/renault-trafic-1697519
2026-09-13T00:02:15,paris,1698159,YGA:Vehicle:b32a875e2dd1,paris,48.886017,2.388489,0,0,420900,YGA:VehicleType:b32a875e2dd1,Toyota,Proace Fourgon,2023,combustion_diesel,YGA:PricingPlan:b32a875e2dd1,10.0,86.0,https://fr.getaround.com/location-voiture/paris/toyota-proace-fourgon-1698159
2026-09-13T00:02:15,paris,1698166,YGA:Vehicle:141a0fae2852,boulogne-billancourt,48.827862,2.236107,0,0,610000,YGA:VehicleType:141a0fae2852,Toyota,Proace Combi,2021,combustion_diesel,YGA:PricingPlan:141a0fae2852,9.0,65.0,https://fr.getaround.com/location-voiture/boulogne-billancourt/toyota-proace-combi-1698166
2026-09-13T00:02:15,paris,1698171,YGA:Vehicle:4bdc3dce18cd,paris,48.839314,2.321743,0,0,286700,YGA:VehicleType:4bdc3dce18cd,Toyota,Proace Combi,2021,combustion_diesel,YGA:PricingPlan:4bdc3dce18cd,9.0,65.0,https://fr.getaround.com/location-voiture/paris/toyota-proace-combi-1698171
2026-09-13T00:02:15,paris,1698175,YGA:Vehicle:83d17cc2a30f,paris,48.841206,2.374315,0,0,225700,YGA:VehicleType:83d17cc2a30f,Toyota,Proace Combi,2021,combustion_diesel,YGA:PricingPlan:83d17cc2a30f,9.0,65.0,https://fr.getaround.com/location-voiture/paris/toyota-proace-combi-1698175
2026-09-13T00:02:15,paris,1698208,YGA:Vehicle:e281276071f7,fontenay-aux-roses,48.789253,2.275593,0,0,648000,YGA:VehicleType:e281276071f7,Renault,Trafic,2014,combustion_diesel,YGA:PricingPlan:e281276071f7,7.0,53.0,https://fr.getaround.com/location-voiture/fontenay-aux-roses/renault-trafic-1698208
2026-09-13T00:02:15,paris,1698960,YGA:Vehicle:3b82670e84a9,chatenay-malabry,48.780228,2.278761,0,0,800000,YGA:VehicleType:3b82670e84a9,Renault,Trafic,2016,combustion_diesel,YGA:PricingPlan:3b82670e84a9,6.0,48.0,https://fr.getaround.com/location-voiture/chatenay-malabry/renault-trafic-1698960
2026-09-13T00:02:15,paris,1700485,YGA:Vehicle:15aa21b0de8d,paris,48.885979,2.388255,0,0,610000,YGA:VehicleType:15aa21b0de8d,Toyota,Proace Combi,2021,combustion_diesel,YGA:PricingPlan:15aa21b0de8d,9.0,65.0,https://fr.getaround.com/location-voiture/paris/toyota-proace-combi-1700485
2026-09-13T00:02:15,paris,1701222,YGA:Vehicle:76048ea73ffb,le-plessis-robinson,48.777161,2.262112,0,0,496800,YGA:VehicleType:76048ea73ffb,Peugeot,Expert,2017,combustion_diesel,YGA:PricingPlan:76048ea73ffb,7.0,58.0,https://fr.getaround.com/location-voiture/le-plessis-robinson/peugeot-expert-1701222
2026-09-13T00:02:15,paris,1703137,YGA:Vehicle:47d22382b739,vitry-sur-seine,48.78294,2.409058,0,0,524700,YGA:VehicleType:47d22382b739,Citroen,Berlingo,2016,combustion_diesel,YGA:PricingPlan:47d22382b739,6.0,49.0,https://fr.getaround.com/location-voiture/vitry-sur-seine/citroen-berlingo-1703137
2026-09-13T00:02:15,paris,1706992,YGA:Vehicle:c6c9bfa32684,pantin,48.913933,2.408941,0,0,530000,YGA:VehicleType:c6c9bfa32684,Renault,Grand Scenic,2017,combustion_diesel,YGA:PricingPlan:c6c9bfa32684,17.0,114.0,https://fr.getaround.com/location-voiture/pantin/renault-grand-scenic-1706992
2026-09-13T00:02:15,paris,1707810,YGA:Vehicle:d9bdabc517d2,clichy,48.902718,2.310684,0,0,180000,YGA:VehicleType:d9bdabc517d2,Renault,Kangoo Express,2014,combustion_diesel,YGA:PricingPlan:d9bdabc517d2,6.0,44.0,https://fr.getaround.com/location-voiture/clichy/renault-kangoo-express-1707810
2026-09-13T00:02:15,paris,1708040,YGA:Vehicle:8eae67d149ee,neuilly-sur-seine,48.880821,2.274356,0,0,350400,YGA:VehicleType:8eae67d149ee,Renault,Captur,2019,combustion,YGA:PricingPlan:8eae67d149ee,7.0,53.0,https://fr.getaround.com/location-voiture/neuilly-sur-seine/renault-captur-1708040
2026-09-13T00:02:15,paris,1708981,YGA:Vehicle:0ce40e5aeb7a,paris,48.849689,2.285664,0,0,530000,YGA:VehicleType:0ce40e5aeb7a,Peugeot,3008,2020,combustion,YGA:PricingPlan:0ce40e5aeb7a,11.0,74.0,https://fr.getaround.com/location-voiture/paris/peugeot-3008-1708981
2026-09-13T00:02:15,paris,1711247,YGA:Vehicle:ab769870bd18,paris,48.846878,2.303402,0,0,488000,YGA:VehicleType:ab769870bd18,Renault,Trafic,2019,combustion_diesel,YGA:PricingPlan:ab769870bd18,9.0,72.0,https://fr.getaround.com/location-voiture/paris/renault-trafic-1711247
2026-09-13T00:02:15,paris,1711522,YGA:Vehicle:df7a756bddac,paris,48.874397,2.377628,0,0,800000,YGA:VehicleType:df7a756bddac,Renault,Trafic,2018,combustion_diesel,YGA:PricingPlan:df7a756bddac,7.0,57.0,https://fr.getaround.com/location-voiture/paris/renault-trafic-1711522
2026-09-13T00:02:15,paris,1711781,YGA:Vehicle:58cf23368966,paris,48.895432,2.329709,0,0,165000,YGA:VehicleType:58cf23368966,Dacia,Duster,2014,combustion,YGA:PricingPlan:58cf23368966,6.0,48.0,https://fr.getaround.com/location-voiture/paris/dacia-duster-1711781
2026-09-13T00:02:15,paris,1712194,YGA:Vehicle:e701f4401667,paris,48.829426,2.355202,0,0,630000,YGA:VehicleType:e701f4401667,Renault,Kangoo Express,2022,combustion_diesel,YGA:PricingPlan:e701f4401667,6.0,51.0,https://fr.getaround.com/location-voiture/paris/renault-kangoo-express-1712194
2026-09-13T00:02:15,paris,1712218,YGA:Vehicle:a75924d4cd4d,paris,48.866596,2.380868,0,0,576000,YGA:VehicleType:a75924d4cd4d,Renault,Trafic,2018,combustion_diesel,YGA:PricingPlan:a75924d4cd4d,11.0,81.0,https://fr.getaround.com/location-voiture/paris/renault-trafic-1712218
2026-09-13T00:02:15,paris,1712921,YGA:Vehicle:637c120a03d9,nogent-sur-marne,48.830635,2.470709,0,0,189200,YGA:VehicleType:637c120a03d9,Peugeot,208,2021,combustion,YGA:PricingPlan:637c120a03d9,5.0,42.0,https://fr.getaround.com/location-voiture/nogent-sur-marne/peugeot-208-1712921
2026-09-13T00:02:15,paris,1715401,YGA:Vehicle:e4722aefd3bc,paris,48.8685,2.36091,0,0,227900,YGA:VehicleType:e4722aefd3bc,Peugeot,3008,2020,combustion,YGA:PricingPlan:e4722aefd3bc,7.0,51.0,https://fr.getaround.com/location-voiture/paris/peugeot-3008-1715401
2026-09-13T00:02:15,paris,1715431,YGA:Vehicle:fe275dae3765,clichy,48.904804,2.308099,0,0,294000,YGA:VehicleType:fe275dae3765,Ford,Fiesta,2021,combustion,YGA:PricingPlan:fe275dae3765,5.0,37.0,https://fr.getaround.com/location-voiture/clichy/ford-fiesta-1715431
2026-09-13T00:02:15,paris,1715468,YGA:Vehicle:32bdc5c8f3aa,boulogne-billancourt,48.844238,2.231389,0,0,265000,YGA:VehicleType:32bdc5c8f3aa,Peugeot,3008,2020,combustion_diesel,YGA:PricingPlan:32bdc5c8f3aa,8.0,55.0,https://fr.getaround.com/location-voiture/boulogne-billancourt/peugeot-3008-1715468
2026-09-13T00:02:15,paris,1715473,YGA:Vehicle:0ab092e4fa2f,paris,48.841206,2.374315,0,0,280600,YGA:VehicleType:0ab092e4fa2f,Toyota,Proace Verso,2023,combustion_diesel,YGA:PricingPlan:0ab092e4fa2f,24.0,167.0,https://fr.getaround.com/location-voiture/paris/toyota-proace-verso-1715473
2026-09-13T00:02:15,paris,1715618,YGA:Vehicle:019de2eaa28d,le-bourget,48.938038,2.429802,0,0,800000,YGA:VehicleType:019de2eaa28d,Renault,Trafic,2018,combustion_diesel,YGA:PricingPlan:019de2eaa28d,7.0,50.0,https://fr.getaround.com/location-voiture/le-bourget/renault-trafic-1715618
2026-09-13T00:02:15,paris,1715621,YGA:Vehicle:50e1eeb9a673,le-bourget,48.938038,2.429802,0,0,544000,YGA:VehicleType:50e1eeb9a673,Renault,Trafic,2017,combustion_diesel,YGA:PricingPlan:50e1eeb9a673,7.0,50.0,https://fr.getaround.com/location-voiture/le-bourget/renault-trafic-1715621
2026-09-13T00:02:15,paris,1717704,YGA:Vehicle:36f2280673e0,levallois-perret,48.899166,2.283743,0,0,366000,YGA:VehicleType:36f2280673e0,Renault,Kangoo Express,2019,combustion,YGA:PricingPlan:36f2280673e0,6.0,48.0,https://fr.getaround.com/location-voiture/levallois-perret/renault-kangoo-express-1717704
2026-09-13T00:02:15,paris,1718486,YGA:Vehicle:9b2d11087f7c,bagneux,48.799332,2.300634,0,0,130000,YGA:VehicleType:9b2d11087f7c,Renault,ZOE,2016,electric,YGA:PricingPlan:9b2d11087f7c,5.0,36.0,https://fr.getaround.com/location-voiture/bagneux/renault-zoe-1718486
2026-09-13T00:02:15,paris,1718489,YGA:Vehicle:e13c6d7a82a4,suresnes,48.866158,2.215343,0,0,324000,YGA:VehicleType:e13c6d7a82a4,Citroen,C3,2017,combustion,YGA:PricingPlan:e13c6d7a82a4,11.0,80.0,https://fr.getaround.com/location-voiture/suresnes/citroen-c3-1718489
2026-09-13T00:02:15,paris,1720231,YGA:Vehicle:844d5d567614,paris,48.882484,2.348256,0,0,200000,YGA:VehicleType:844d5d567614,Renault,ZOE,2015,electric,YGA:PricingPlan:844d5d567614,6.0,48.0,https://fr.getaround.com/location-voiture/paris/renault-zoe-1720231
2026-09-13T00:02:15,paris,1720816,YGA:Vehicle:7e064d9ea172,vanves,48.823151,2.292769,0,0,808000,YGA:VehicleType:7e064d9ea172,Renault,Trafic,2019,combustion_diesel,YGA:PricingPlan:7e064d9ea172,7.0,55.0,https://fr.getaround.com/location-voiture/vanves/renault-trafic-1720816
2026-09-13T00:02:15,paris,1721129,YGA:Vehicle:38c4b5aa7db9,issy-les-moulineaux,48.828613,2.274861,0,0,157500,YGA:VehicleType:38c4b5aa7db9,Smart,Forfour,2015,combustion,YGA:PricingPlan:38c4b5aa7db9,7.0,53.0,https://fr.getaround.com/location-voiture/issy-les-moulineaux/smart-forfour-1721129
2026-09-13T00:02:15,paris,1721189,YGA:Vehicle:599614be1f62,saint-mande,48.83564,2.419173,0,0,273000,YGA:VehicleType:599614be1f62,Renault,Master,2014,combustion_diesel,YGA:PricingPlan:599614be1f62,10.0,74.0,https://fr.getaround.com/location-voiture/saint-mande/renault-master-1721189
2026-09-13T00:02:15,paris,1722656,YGA:Vehicle:b4863ab20b2d,paris,48.882416,2.327769,0,0,180000,YGA:VehicleType:b4863ab20b2d,Citroen,C3,2021,combustion,YGA:PricingPlan:b4863ab20b2d,5.0,39.0,https://fr.getaround.com/location-voiture/paris/citroen-c3-1722656
2026-09-13T00:02:15,paris,1722678,YGA:Vehicle:80e849a249a7,vanves,48.824272,2.298802,0,0,281600,YGA:VehicleType:80e849a249a7,Peugeot,208,2020,combustion,YGA:PricingPlan:80e849a249a7,5.0,39.0,https://fr.getaround.com/location-voiture/vanves/peugeot-208-1722678
2026-09-13T00:02:15,paris,1726685,YGA:Vehicle:53fc48850c5d,paris,48.845852,2.40267,0,0,420000,YGA:VehicleType:53fc48850c5d,BMW,Série 1,2019,combustion,YGA:PricingPlan:53fc48850c5d,6.0,50.0,https://fr.getaround.com/location-voiture/paris/bmw-serie-1-1726685
2026-09-13T00:02:15,paris,1728333,YGA:Vehicle:7a989111f266,paris,48.882347,2.348366,0,0,87500,YGA:VehicleType:7a989111f266,Renault,Kangoo Express ZE,2019,electric,YGA:PricingPlan:7a989111f266,8.0,65.0,https://fr.getaround.com/location-voiture/paris/renault-kangoo-express-ze-1728333
2026-09-13T00:02:15,paris,1728863,YGA:Vehicle:13563f230a04,paris,48.852646,2.268927,0,0,480000,YGA:VehicleType:13563f230a04,Citroen,C4,2015,combustion_diesel,YGA:PricingPlan:13563f230a04,6.0,47.0,https://fr.getaround.com/location-voiture/paris/citroen-c4-1728863
2026-09-13T00:02:15,paris,1735548,YGA:Vehicle:d74cd5c4f855,paris,48.901234,2.333986,0,0,539000,YGA:VehicleType:d74cd5c4f855,Citroen,Jumpy,2017,combustion_diesel,YGA:PricingPlan:d74cd5c4f855,7.0,54.0,https://fr.getaround.com/location-voiture/paris/citroen-jumpy-1735548
2026-09-13T00:02:15,paris,1737041,YGA:Vehicle:110e50d7d722,saint-ouen-sur-seine,48.906555,2.339004,0,0,315000,YGA:VehicleType:110e50d7d722,Renault,Master,2017,combustion_diesel,YGA:PricingPlan:110e50d7d722,8.0,64.0,https://fr.getaround.com/location-voiture/saint-ouen-sur-seine/renault-master-1737041
2026-09-13T00:02:15,paris,1737949,YGA:Vehicle:66bd5520fc8a,saint-maur-des-fosses,48.79097,2.478582,0,0,283500,YGA:VehicleType:66bd5520fc8a,Renault,Master,2012,combustion_diesel,YGA:PricingPlan:66bd5520fc8a,9.0,66.0,https://fr.getaround.com/location-voiture/saint-maur-des-fosses/renault-master-1737949
2026-09-13T00:02:15,paris,1739497,YGA:Vehicle:3bfc3eb69ae7,ivry-sur-seine,48.820858,2.390835,0,0,512400,YGA:VehicleType:3bfc3eb69ae7,Toyota,Proace Fourgon,2023,combustion_diesel,YGA:PricingPlan:3bfc3eb69ae7,12.0,95.0,https://fr.getaround.com/location-voiture/ivry-sur-seine/toyota-proace-fourgon-1739497
2026-09-13T00:02:15,paris,1740123,YGA:Vehicle:738563ced71c,levallois-perret,48.895794,2.28722,0,0,498000,YGA:VehicleType:738563ced71c,Renault,Kangoo Fourgon,2016,combustion,YGA:PricingPlan:738563ced71c,6.0,47.0,https://fr.getaround.com/location-voiture/levallois-perret/renault-kangoo-fourgon-1740123
2026-09-13T00:02:15,paris,1741160,YGA:Vehicle:011565d12cb4,paris,48.837868,2.280259,0,0,808000,YGA:VehicleType:011565d12cb4,Renault,Trafic,2019,combustion_diesel,YGA:PricingPlan:011565d12cb4,8.0,65.0,https://fr.getaround.com/location-voiture/paris/renault-trafic-1741160
2026-09-13T00:02:15,paris,1743746,YGA:Vehicle:94a12caa2753,paris,48.842705,2.353392,0,0,108000,YGA:VehicleType:94a12caa2753,Renault,Trafic Passenger,2019,combustion_diesel,YGA:PricingPlan:94a12caa2753,15.0,106.0,https://fr.getaround.com/location-voiture/paris/renault-trafic-passenger-1743746
2026-09-13T00:02:15,paris,1745056,YGA:Vehicle:0d7f0b3ca586,paris,48.878426,2.332668,0,0,378000,YGA:VehicleType:0d7f0b3ca586,Citroen,Berlingo,2021,combustion,YGA:PricingPlan:0d7f0b3ca586,6.0,48.0,https://fr.getaround.com/location-voiture/paris/citroen-berlingo-1745056
2026-09-13T00:02:15,paris,1745064,YGA:Vehicle:b08c43be4860,alfortville,48.815544,2.41234,0,0,312700,YGA:VehicleType:b08c43be4860,Citroen,Berlingo,2017,combustion_diesel,YGA:PricingPlan:b08c43be4860,6.0,45.0,https://fr.getaround.com/location-voiture/alfortville/citroen-berlingo-1745064
2026-09-13T00:02:15,paris,1745068,YGA:Vehicle:57e961a43432,paris,48.849689,2.285664,0,0,261000,YGA:VehicleType:57e961a43432,Citroen,C3,2021,combustion,YGA:PricingPlan:57e961a43432,6.0,44.0,https://fr.getaround.com/location-voiture/paris/citroen-c3-1745068
2026-09-13T00:02:15,paris,1745070,YGA:Vehicle:6822e2b517d1,paris,48.8932,2.338106,0,0,29400,YGA:VehicleType:6822e2b517d1,Renault,Clio,2024,combustion,YGA:PricingPlan:6822e2b517d1,7.0,53.0,https://fr.getaround.com/location-voiture/paris/renault-clio-1745070
2026-09-13T00:02:15,paris,1745072,YGA:Vehicle:67ff7a12c397,paris,48.84882,2.298016,0,0,364000,YGA:VehicleType:67ff7a12c397,Peugeot,208,2020,combustion,YGA:PricingPlan:67ff7a12c397,6.0,44.0,https://fr.getaround.com/location-voiture/paris/peugeot-208-1745072
2026-09-13T00:02:15,paris,1745082,YGA:Vehicle:bd370fd4d436,saint-maur-des-fosses,48.801037,2.484919,0,0,190800,YGA:VehicleType:bd370fd4d436,Toyota,Yaris Hybride,2019,hybrid,YGA:PricingPlan:bd370fd4d436,6.0,42.0,https://fr.getaround.com/location-voiture/saint-maur-des-fosses/toyota-yaris-hybride-1745082
2026-09-13T00:02:15,paris,1745274,YGA:Vehicle:cffa9b551b37,paris,48.842991,2.317086,0,0,381600,YGA:VehicleType:cffa9b551b37,Peugeot,308 GT,2019,combustion,YGA:PricingPlan:cffa9b551b37,7.0,48.0,https://fr.getaround.com/location-voiture/paris/peugeot-308-gt-1745274
2026-09-13T00:02:15,paris,1745300,YGA:Vehicle:f4937357f498,paris,48.876289,2.323718,0,0,586500,YGA:VehicleType:f4937357f498,Peugeot,Expert,2019,combustion_diesel,YGA:PricingPlan:f4937357f498,7.0,55.0,https://fr.getaround.com/location-voiture/paris/peugeot-expert-1745300
2026-09-13T00:02:15,paris,1745784,YGA:Vehicle:ec40f03c66c2,paris,48.848759,2.401202,0,0,172200,YGA:VehicleType:ec40f03c66c2,Renault,Clio,2021,combustion,YGA:PricingPlan:ec40f03c66c2,6.0,44.0,https://fr.getaround.com/location-voiture/paris/renault-clio-1745784
2026-09-13T00:02:15,paris,1748605,YGA:Vehicle:720ef5e29648,bois-colombes,48.9132,2.258264,0,0,352800,YGA:VehicleType:720ef5e29648,Toyota,Yaris Hybride,2022,combustion,YGA:PricingPlan:720ef5e29648,12.0,86.0,https://fr.getaround.com/location-voiture/bois-colombes/toyota-yaris-hybride-1748605
2026-09-13T00:02:15,paris,1748838,YGA:Vehicle:83cea70cde25,levallois-perret,48.895794,2.28722,0,0,138000,YGA:VehicleType:83cea70cde25,Renault,Kangoo Fourgon,2017,combustion_diesel,YGA:PricingPlan:83cea70cde25,6.0,51.0,https://fr.getaround.com/location-voiture/levallois-perret/renault-kangoo-fourgon-1748838
2026-09-13T00:02:15,paris,1749219,YGA:Vehicle:9e60cafb8837,paris,48.847187,2.322221,0,0,354000,YGA:VehicleType:9e60cafb8837,Opel,Combo Life,2021,combustion,YGA:PricingPlan:9e60cafb8837,14.0,95.0,https://fr.getaround.com/location-voiture/paris/opel-combo-life-1749219
2026-09-13T00:02:15,paris,1750329,YGA:Vehicle:e45924fd76d6,paris,48.841141,2.374194,0,0,450000,YGA:VehicleType:e45924fd76d6,Renault,Trafic Passenger,2018,combustion_diesel,YGA:PricingPlan:e45924fd76d6,9.0,60.0,https://fr.getaround.com/location-voiture/paris/renault-trafic-passenger-1750329
2026-09-13T00:02:15,paris,1752463,YGA:Vehicle:f2a0bd1429b5,l-hay-les-roses,48.774162,2.325377,0,0,248400,YGA:VehicleType:f2a0bd1429b5,Toyota,Yaris Cross,2022,hybrid,YGA:PricingPlan:f2a0bd1429b5,7.0,52.0,https://fr.getaround.com/location-voiture/l-hay-les-roses/toyota-yaris-cross-1752463
2026-09-13T00:02:15,paris,1752834,YGA:Vehicle:0f51ab775270,paris,48.889576,2.319039,0,0,255000,YGA:VehicleType:0f51ab775270,Peugeot,308 SW,2022,combustion,YGA:PricingPlan:0f51ab775270,6.0,45.0,https://fr.getaround.com/location-voiture/paris/peugeot-308-sw-1752834
2026-09-13T00:02:15,paris,1752844,YGA:Vehicle:37b5e668ccd8,vincennes,48.844967,2.433479,0,0,564000,YGA:VehicleType:37b5e668ccd8,Renault,Kangoo Express,2018,combustion_diesel,YGA:PricingPlan:37b5e668ccd8,6.0,49.0,https://fr.getaround.com/location-voiture/vincennes/renault-kangoo-express-1752844
2026-09-13T00:02:15,paris,1753163,YGA:Vehicle:a5a0241e8832,paris,48.833149,2.312258,0,0,323300,YGA:VehicleType:a5a0241e8832,Citroen,Berlingo,2016,combustion_diesel,YGA:PricingPlan:a5a0241e8832,6.0,45.0,https://fr.getaround.com/location-voiture/paris/citroen-berlingo-1753163
2026-09-13T00:02:15,paris,1754795,YGA:Vehicle:7a6fe282435d,vincennes,48.847282,2.442326,0,0,609000,YGA:VehicleType:7a6fe282435d,Renault,Master,2021,combustion_diesel,YGA:PricingPlan:7a6fe282435d,14.0,104.0,https://fr.getaround.com/location-voiture/vincennes/renault-master-1754795
2026-09-13T00:02:15,paris,1755577,YGA:Vehicle:8f31d6c6d43b,paris,48.839561,2.380238,0,0,233200,YGA:VehicleType:8f31d6c6d43b,Peugeot,208,2022,combustion,YGA:PricingPlan:8f31d6c6d43b,5.0,43.0,https://fr.getaround.com/location-voiture/paris/peugeot-208-1755577
2026-09-13T00:02:15,paris,1755580,YGA:Vehicle:617e67aa57a6,boulogne-billancourt,48.84285,2.249188,0,0,153700,YGA:VehicleType:617e67aa57a6,Citroen,Berlingo,2018,combustion_diesel,YGA:PricingPlan:617e67aa57a6,7.0,53.0,https://fr.getaround.com/location-voiture/boulogne-billancourt/citroen-berlingo-1755580
2026-09-13T00:02:15,paris,1755663,YGA:Vehicle:afecf003d66c,l-ile-saint-denis,48.932781,2.339022,0,0,207000,YGA:VehicleType:afecf003d66c,Citroen,C3,2020,combustion,YGA:PricingPlan:afecf003d66c,5.0,36.0,https://fr.getaround.com/location-voiture/l-ile-saint-denis/citroen-c3-1755663
2026-09-13T00:02:15,paris,1755849,YGA:Vehicle:8ef1b1b432a2,paris,48.889687,2.331638,0,0,168000,YGA:VehicleType:8ef1b1b432a2,Opel,Combo,2019,combustion_diesel,YGA:PricingPlan:8ef1b1b432a2,8.0,59.0,https://fr.getaround.com/location-voiture/paris/opel-combo-1755849
2026-09-13T00:02:15,paris,1756136,YGA:Vehicle:31499d2ca80f,paris,48.874229,2.378191,0,0,462000,YGA:VehicleType:31499d2ca80f,Renault,Kangoo Express,2016,combustion_diesel,YGA:PricingPlan:31499d2ca80f,6.0,46.0,https://fr.getaround.com/location-voiture/paris/renault-kangoo-express-1756136
2026-09-13T00:02:15,paris,1756585,YGA:Vehicle:9f9225e77e9f,joinville-le-pont,48.81321,2.463971,0,0,684000,YGA:VehicleType:9f9225e77e9f,Renault,Trafic Passenger,2017,combustion_diesel,YGA:PricingPlan:9f9225e77e9f,12.0,85.0,https://fr.getaround.com/location-voiture/joinville-le-pont/renault-trafic-passenger-1756585
2026-09-13T00:02:15,paris,1756735,YGA:Vehicle:48bd6f47fc5e,paris,48.895435,2.350592,0,0,306600,YGA:VehicleType:48bd6f47fc5e,Renault,Clio,2024,combustion,YGA:PricingPlan:48bd6f47fc5e,7.0,53.0,https://fr.getaround.com/location-voiture/paris/renault-clio-1756735
2026-09-13T00:02:15,paris,1756738,YGA:Vehicle:c56b409cb60e,paris,48.839336,2.387617,0,0,243600,YGA:VehicleType:c56b409cb60e,Renault,Clio,2024,combustion,YGA:PricingPlan:c56b409cb60e,7.0,53.0,https://fr.getaround.com/location-voiture/paris/renault-clio-1756738
2026-09-13T00:02:15,paris,1756742,YGA:Vehicle:4218147dfe5a,paris,48.892101,2.344935,0,0,177600,YGA:VehicleType:4218147dfe5a,Renault,Captur,2024,combustion,YGA:PricingPlan:4218147dfe5a,8.0,61.0,https://fr.getaround.com/location-voiture/paris/renault-captur-1756742
2026-09-13T00:02:15,paris,1756768,YGA:Vehicle:dafb2554b709,courbevoie,48.90134,2.266155,0,0,265000,YGA:VehicleType:dafb2554b709,Peugeot,308,2018,combustion,YGA:PricingPlan:dafb2554b709,6.0,47.0,https://fr.getaround.com/location-voiture/courbevoie/peugeot-308-1756768
2026-09-13T00:02:15,paris,1757230,YGA:Vehicle:77f18c84d809,saint-ouen-sur-seine,48.913864,2.32575,0,0,270000,YGA:VehicleType:77f18c84d809,Renault,Clio,2018,hybrid,YGA:PricingPlan:77f18c84d809,7.0,55.0,https://fr.getaround.com/location-voiture/saint-ouen-sur-seine/renault-clio-1757230
2026-09-13T00:02:15,paris,1759610,YGA:Vehicle:f25640743a83,paris,48.883926,2.300673,0,0,450000,YGA:VehicleType:f25640743a83,Audi,A3 Sportback e-tron,2014,hybrid,YGA:PricingPlan:f25640743a83,9.0,68.0,https://fr.getaround.com/location-voiture/paris/audi-a3-sportback-e-tron-1759610
2026-09-13T00:02:15,paris,1759653,YGA:Vehicle:870bda3f083e,clichy,48.900318,2.314655,0,0,800000,YGA:VehicleType:870bda3f083e,Renault,Trafic,2017,combustion_diesel,YGA:PricingPlan:870bda3f083e,8.0,64.0,https://fr.getaround.com/location-voiture/clichy/renault-trafic-1759653
2026-09-13T00:02:15,paris,1759803,YGA:Vehicle:a31123ebf633,bois-colombes,48.911552,2.271547,0,0,116100,YGA:VehicleType:a31123ebf633,Toyota,C-HR Hybrid,2019,combustion,YGA:PricingPlan:a31123ebf633,7.0,55.0,https://fr.getaround.com/location-voiture/bois-colombes/toyota-c-hr-hybrid-1759803
2026-09-13T00:02:15,paris,1760629,YGA:Vehicle:537b0198e023,paris,48.847343,2.295346,0,0,344000,YGA:VehicleType:537b0198e023,Renault,Trafic,2019,combustion_diesel,YGA:PricingPlan:537b0198e023,11.0,82.0,https://fr.getaround.com/location-voiture/paris/renault-trafic-1760629
2026-09-13T00:02:15,paris,1761850,YGA:Vehicle:79674f046710,paris,48.862747,2.34705,0,0,328500,YGA:VehicleType:79674f046710,Citroen,C3 Génération,2022,combustion,YGA:PricingPlan:79674f046710,11.0,80.0,https://fr.getaround.com/location-voiture/paris/citroen-c3-generation-1761850
2026-09-13T00:02:15,paris,1762368,YGA:Vehicle:51455de249a3,paris,48.867054,2.286181,0,0,340800,YGA:VehicleType:51455de249a3,Renault,Captur,2024,combustion,YGA:PricingPlan:51455de249a3,8.0,61.0,https://fr.getaround.com/location-voiture/paris/renault-captur-1762368
2026-09-13T00:02:15,paris,1762373,YGA:Vehicle:e24f087feded,paris,48.883595,2.312934,0,0,177600,YGA:VehicleType:e24f087feded,Renault,Captur,2024,combustion,YGA:PricingPlan:e24f087feded,8.0,61.0,https://fr.getaround.com/location-voiture/paris/renault-captur-1762373
2026-09-13T00:02:15,paris,1763253,YGA:Vehicle:028719cf1fe2,bois-colombes,48.915092,2.266382,0,0,752000,YGA:VehicleType:028719cf1fe2,Renault,Trafic,2019,combustion_diesel,YGA:PricingPlan:028719cf1fe2,9.0,67.0,https://fr.getaround.com/location-voiture/bois-colombes/renault-trafic-1763253
2026-09-13T00:02:15,paris,1763978,YGA:Vehicle:f2a316bff6be,colombes,48.909698,2.233471,0,0,111600,YGA:VehicleType:f2a316bff6be,Toyota,Yaris Hybride,2019,combustion,YGA:PricingPlan:f2a316bff6be,9.0,64.0,https://fr.getaround.com/location-voiture/colombes/toyota-yaris-hybride-1763978
2026-09-13T00:02:15,paris,1764385,YGA:Vehicle:1fbc3506fdb8,bobigny,48.904072,2.431077,0,0,703500,YGA:VehicleType:1fbc3506fdb8,Renault,Master,2014,combustion_diesel,YGA:PricingPlan:1fbc3506fdb8,7.0,56.0,https://fr.getaround.com/location-voiture/bobigny/renault-master-1764385
2026-09-13T00:02:15,paris,1764453,YGA:Vehicle:515ded4857a6,vanves,48.822414,2.292009,0,0,512000,YGA:VehicleType:515ded4857a6,Renault,Trafic,2018,combustion_diesel,YGA:PricingPlan:515ded4857a6,8.0,62.0,https://fr.getaround.com/location-voiture/vanves/renault-trafic-1764453
2026-09-13T00:02:15,paris,1766485,YGA:Vehicle:4e1299fd1a52,aubervilliers,48.915298,2.404014,0,0,252000,YGA:VehicleType:4e1299fd1a52,Renault,Twingo III,2014,combustion,YGA:PricingPlan:4e1299fd1a52,7.0,53.0,https://fr.getaround.com/location-voiture/aubervilliers/renault-twingo-iii-1766485
2026-09-13T00:02:15,paris,1766493,YGA:Vehicle:ec9059fc4385,paris,48.882626,2.293558,0,0,139500,YGA:VehicleType:ec9059fc4385,Citroen,C3,2019,combustion,YGA:PricingPlan:ec9059fc4385,6.0,49.0,https://fr.getaround.com/location-voiture/paris/citroen-c3-1766493
2026-09-13T00:02:15,paris,1766527,YGA:Vehicle:7d5738fbdfa5,paris,48.858406,2.390596,0,0,837000,YGA:VehicleType:7d5738fbdfa5,Fiat,Ducato,2019,combustion_diesel,YGA:PricingPlan:7d5738fbdfa5,8.0,68.0,https://fr.getaround.com/location-voiture/paris/fiat-ducato-1766527
2026-09-13T00:02:15,paris,1766891,YGA:Vehicle:e0cf4c3bc2d0,bobigny,48.904613,2.427512,0,0,997500,YGA:VehicleType:e0cf4c3bc2d0,Renault,Master,2016,combustion_diesel,YGA:PricingPlan:e0cf4c3bc2d0,9.0,65.0,https://fr.getaround.com/location-voiture/bobigny/renault-master-1766891
2026-09-13T00:02:15,paris,1768818,YGA:Vehicle:8a437e05625b,clichy,48.901134,2.295409,0,0,488000,YGA:VehicleType:8a437e05625b,Fiat,Talento Combi,2018,combustion_diesel,YGA:PricingPlan:8a437e05625b,19.0,129.0,https://fr.getaround.com/location-voiture/clichy/fiat-talento-combi-1768818
2026-09-13T00:02:15,paris,1769190,YGA:Vehicle:8d6971ec80b7,paris,48.891869,2.316322,0,0,280900,YGA:VehicleType:8d6971ec80b7,Peugeot,308 SW,2020,combustion,YGA:PricingPlan:8d6971ec80b7,6.0,44.0,https://fr.getaround.com/location-voiture/paris/peugeot-308-sw-1769190
2026-09-13T00:02:15,paris,1769340,YGA:Vehicle:681d2234ac30,paris,48.829018,2.365712,0,0,94500,YGA:VehicleType:681d2234ac30,Smart,Fortwo Passion,2019,combustion,YGA:PricingPlan:681d2234ac30,6.0,47.0,https://fr.getaround.com/location-voiture/paris/smart-fortwo-passion-1769340
2026-09-13T00:02:15,paris,1769487,YGA:Vehicle:a68f4d5359e7,bois-colombes,48.923569,2.273063,0,0,490000,YGA:VehicleType:a68f4d5359e7,Dacia,Sandero Essential,2020,combustion,YGA:PricingPlan:a68f4d5359e7,4.0,35.0,https://fr.getaround.com/location-voiture/bois-colombes/dacia-sandero-essential-1769487
2026-09-13T00:02:15,paris,1769744,YGA:Vehicle:22af5ee27e1d,paris,48.879265,2.365063,0,0,232000,YGA:VehicleType:22af5ee27e1d,Renault,Trafic,2019,combustion_diesel,YGA:PricingPlan:22af5ee27e1d,11.0,83.0,https://fr.getaround.com/location-voiture/paris/renault-trafic-1769744
2026-09-13T00:02:15,paris,1769818,YGA:Vehicle:1116ccc7b357,paris,48.872604,2.398062,0,0,308100,YGA:VehicleType:1116ccc7b357,Renault,Clio E-tech,2022,combustion,YGA:PricingPlan:1116ccc7b357,7.0,56.0,https://fr.getaround.com/location-voiture/paris/renault-clio-e-tech-1769818
2026-09-13T00:02:15,paris,1769822,YGA:Vehicle:92771887947e,paris,48.837868,2.280259,0,0,117000,YGA:VehicleType:92771887947e,Renault,Clio E-tech,2022,hybrid,YGA:PricingPlan:92771887947e,6.0,47.0,https://fr.getaround.com/location-voiture/paris/renault-clio-e-tech-1769822
2026-09-13T00:02:15,paris,1771476,YGA:Vehicle:d40536c82971,pantin,48.911709,2.411856,0,0,1081500,YGA:VehicleType:d40536c82971,Renault,Master,2017,combustion_diesel,YGA:PricingPlan:d40536c82971,9.0,74.0,https://fr.getaround.com/location-voiture/pantin/renault-master-1771476
2026-09-13T00:02:15,paris,1772965,YGA:Vehicle:a7de0e9dc6c5,paris,48.857185,2.307411,0,0,396000,YGA:VehicleType:a7de0e9dc6c5,Citroen,C3,2019,combustion,YGA:PricingPlan:a7de0e9dc6c5,6.0,44.0,https://fr.getaround.com/location-voiture/paris/citroen-c3-1772965
2026-09-13T00:02:15,paris,1773364,YGA:Vehicle:3e217f862fdf,paris,48.831875,2.378703,0,0,400000,YGA:VehicleType:3e217f862fdf,Citroen,Jumpy,2015,combustion_diesel,YGA:PricingPlan:3e217f862fdf,8.0,58.0,https://fr.getaround.com/location-voiture/paris/citroen-jumpy-1773364
2026-09-13T00:02:15,paris,1773593,YGA:Vehicle:f08ad506ee47,paris,48.885941,2.294977,0,0,690000,YGA:VehicleType:f08ad506ee47,Peugeot,Expert,2018,combustion_diesel,YGA:PricingPlan:f08ad506ee47,10.0,75.0,https://fr.getaround.com/location-voiture/paris/peugeot-expert-1773593
2026-09-13T00:02:15,paris,1773684,YGA:Vehicle:95165e7da0fb,paris,48.880947,2.309394,0,0,270000,YGA:VehicleType:95165e7da0fb,Renault,Trafic Passenger,2020,combustion_diesel,YGA:PricingPlan:95165e7da0fb,16.0,117.0,https://fr.getaround.com/location-voiture/paris/renault-trafic-passenger-1773684
2026-09-13T00:02:15,paris,1773792,YGA:Vehicle:d5389a1bbf3b,velizy-villacoublay,48.781727,2.218792,0,0,600000,YGA:VehicleType:d5389a1bbf3b,Peugeot,Partner,2016,combustion_diesel,YGA:PricingPlan:d5389a1bbf3b,8.0,63.0,https://fr.getaround.com/location-voiture/velizy-villacoublay/peugeot-partner-1773792
2026-09-13T00:02:15,paris,1774168,YGA:Vehicle:b8405b2c2091,ivry-sur-seine,48.812943,2.392162,0,0,612000,YGA:VehicleType:b8405b2c2091,Citroen,Jumper,2019,combustion_diesel,YGA:PricingPlan:b8405b2c2091,12.0,86.0,https://fr.getaround.com/location-voiture/ivry-sur-seine/citroen-jumper-1774168
2026-09-13T00:02:15,paris,1775946,YGA:Vehicle:ecf96b7dfa70,paris,48.845078,2.37124,0,0,161000,YGA:VehicleType:ecf96b7dfa70,Fiat,500,2014,combustion,YGA:PricingPlan:ecf96b7dfa70,4.0,34.0,https://fr.getaround.com/location-voiture/paris/fiat-500-1775946
2026-09-13T00:02:15,paris,1776131,YGA:Vehicle:c9ee53bdfd8b,paris,48.830585,2.318442,0,0,400000,YGA:VehicleType:c9ee53bdfd8b,Volkswagen,Polo,2020,combustion,YGA:PricingPlan:c9ee53bdfd8b,12.0,84.0,https://fr.getaround.com/location-voiture/paris/volkswagen-polo-1776131
2026-09-13T00:02:15,paris,1776890,YGA:Vehicle:5f20af57f023,charenton-le-pont,48.825214,2.394158,0,0,370000,YGA:VehicleType:5f20af57f023,Dacia,Sandero,2015,combustion_diesel,YGA:PricingPlan:5f20af57f023,5.0,38.0,https://fr.getaround.com/location-voiture/charenton-le-pont/dacia-sandero-1776890
2026-09-13T00:02:15,paris,1777249,YGA:Vehicle:b76ba32c9c5b,paris,48.855457,2.382525,0,0,170000,YGA:VehicleType:b76ba32c9c5b,Nissan,X-Trail,2023,hybrid,YGA:PricingPlan:b76ba32c9c5b,10.0,83.0,https://fr.getaround.com/location-voiture/paris/nissan-x-trail-1777249
2026-09-13T00:02:15,paris,1777304,YGA:Vehicle:a6c204100d31,paris,48.842991,2.317086,0,0,550000,YGA:VehicleType:a6c204100d31,Peugeot,5008,2019,combustion,YGA:PricingPlan:a6c204100d31,7.0,51.0,https://fr.getaround.com/location-voiture/paris/peugeot-5008-1777304
2026-09-13T00:02:15,paris,1777345,YGA:Vehicle:439740dfddd3,paris,48.866684,2.380818,0,0,256500,YGA:VehicleType:439740dfddd3,Citroen,C4 Grand Spacetourer,2020,combustion,YGA:PricingPlan:439740dfddd3,7.0,54.0,https://fr.getaround.com/location-voiture/paris/citroen-c4-grand-spacetourer-1777345
2026-09-13T00:02:15,paris,1777985,YGA:Vehicle:024dad5416c3,paris,48.884045,2.372619,0,0,287000,YGA:VehicleType:024dad5416c3,Citroen,Jumpy,2017,combustion_diesel,YGA:PricingPlan:024dad5416c3,11.0,81.0,https://fr.getaround.com/location-voiture/paris/citroen-jumpy-1777985
2026-09-13T00:02:15,paris,1777989,YGA:Vehicle:5baae9251db3,paris,48.852299,2.397353,0,0,607200,YGA:VehicleType:5baae9251db3,Citroen,Jumpy,2018,combustion_diesel,YGA:PricingPlan:5baae9251db3,7.0,57.0,https://fr.getaround.com/location-voiture/paris/citroen-jumpy-1777989
2026-09-13T00:02:15,paris,1778004,YGA:Vehicle:d5686cb7c25e,paris,48.861099,2.387977,0,0,179400,YGA:VehicleType:d5686cb7c25e,Citroen,Jumpy,2018,combustion_diesel,YGA:PricingPlan:d5686cb7c25e,7.0,57.0,https://fr.getaround.com/location-voiture/paris/citroen-jumpy-1778004
2026-09-13T00:02:15,paris,1780179,YGA:Vehicle:cc9ab3791ab2,paris,48.897171,2.358226,0,0,508800,YGA:VehicleType:cc9ab3791ab2,Peugeot,308 SW,2020,combustion,YGA:PricingPlan:cc9ab3791ab2,6.0,44.0,https://fr.getaround.com/location-voiture/paris/peugeot-308-sw-1780179
2026-09-13T00:02:15,paris,1780182,YGA:Vehicle:98cd036e6062,paris,48.842991,2.317086,0,0,359100,YGA:VehicleType:98cd036e6062,Citroen,C4 Grand Spacetourer,2020,combustion,YGA:PricingPlan:98cd036e6062,7.0,54.0,https://fr.getaround.com/location-voiture/paris/citroen-c4-grand-spacetourer-1780182
2026-09-13T00:02:15,paris,1780194,YGA:Vehicle:5c10b011df9c,paris,48.878399,2.325771,0,0,307800,YGA:VehicleType:5c10b011df9c,Citroen,C4 Grand Spacetourer,2020,combustion,YGA:PricingPlan:5c10b011df9c,7.0,54.0,https://fr.getaround.com/location-voiture/paris/citroen-c4-grand-spacetourer-1780194
2026-09-13T00:02:15,paris,1780630,YGA:Vehicle:2942d861c6f1,paris,48.845078,2.37124,0,0,170000,YGA:VehicleType:2942d861c6f1,Renault,Arkana Evolution,2023,combustion,YGA:PricingPlan:2942d861c6f1,7.0,62.0,https://fr.getaround.com/location-voiture/paris/renault-arkana-evolution-1780630
2026-09-13T00:02:15,paris,1782006,YGA:Vehicle:6a711e4bd6ef,neuilly-sur-seine,48.89257,2.271202,0,0,335000,YGA:VehicleType:6a711e4bd6ef,Renault,Kangoo Express,2021,combustion_diesel,YGA:PricingPlan:6a711e4bd6ef,7.0,58.0,https://fr.getaround.com/location-voiture/neuilly-sur-seine/renault-kangoo-express-1782006
2026-09-13T00:02:15,paris,1782065,YGA:Vehicle:89531609876f,paris,48.876312,2.393524,0,0,373500,YGA:VehicleType:89531609876f,Citroen,C3,2024,combustion,YGA:PricingPlan:89531609876f,7.0,53.0,https://fr.getaround.com/location-voiture/paris/citroen-c3-1782065
2026-09-13T00:02:15,paris,1782232,YGA:Vehicle:4c8b0704dda1,paris,48.841476,2.385694,0,0,147500,YGA:VehicleType:4c8b0704dda1,Peugeot,208,2020,electric,YGA:PricingPlan:4c8b0704dda1,8.0,60.0,https://fr.getaround.com/location-voiture/paris/peugeot-208-1782232
2026-09-13T00:02:15,paris,1783126,YGA:Vehicle:9815acb95c4f,paris,48.885426,2.298009,0,0,193500,YGA:VehicleType:9815acb95c4f,Citroen,C3,2020,combustion,YGA:PricingPlan:9815acb95c4f,6.0,47.0,https://fr.getaround.com/location-voiture/paris/citroen-c3-1783126
2026-09-13T00:02:15,paris,1783256,YGA:Vehicle:184fb44b145d,montrouge,48.81778,2.329279,0,0,480000,YGA:VehicleType:184fb44b145d,Fiat,500L,2016,combustion,YGA:PricingPlan:184fb44b145d,4.0,33.0,https://fr.getaround.com/location-voiture/montrouge/fiat-500l-1783256
2026-09-13T00:02:15,paris,1783301,YGA:Vehicle:681c7a6bef89,paris,48.826054,2.361718,0,0,576000,YGA:VehicleType:681c7a6bef89,Renault,Kangoo Express,2019,combustion_diesel,YGA:PricingPlan:681c7a6bef89,7.0,58.0,https://fr.getaround.com/location-voiture/paris/renault-kangoo-express-1783301
2026-09-13T00:02:15,paris,1783370,YGA:Vehicle:cedbac7fc2e6,paris,48.891174,2.317691,0,0,460000,YGA:VehicleType:cedbac7fc2e6,Peugeot,208,2016,combustion,YGA:PricingPlan:cedbac7fc2e6,4.0,34.0,https://fr.getaround.com/location-voiture/paris/peugeot-208-1783370
2026-09-13T00:02:15,paris,1783555,YGA:Vehicle:af5f86682a7b,paris,48.841476,2.385694,0,0,85000,YGA:VehicleType:af5f86682a7b,Renault,ZOE,2021,electric,YGA:PricingPlan:af5f86682a7b,6.0,51.0,https://fr.getaround.com/location-voiture/paris/renault-zoe-1783555
2026-09-13T00:02:15,paris,1784306,YGA:Vehicle:30b1cdb11d69,paris,48.89724,2.385575,0,0,247500,YGA:VehicleType:30b1cdb11d69,Renault,Clio,2017,combustion,YGA:PricingPlan:30b1cdb11d69,6.0,43.0,https://fr.getaround.com/location-voiture/paris/renault-clio-1784306
2026-09-13T00:02:15,paris,1784355,YGA:Vehicle:a2897983be71,paris,48.850353,2.405022,0,0,400000,YGA:VehicleType:a2897983be71,Opel,Corsa,2022,combustion,YGA:PricingPlan:a2897983be71,5.0,42.0,https://fr.getaround.com/location-voiture/paris/opel-corsa-1784355
2026-09-13T00:02:15,paris,1785806,YGA:Vehicle:183bfd31570b,paris,48.822517,2.355468,0,0,246000,YGA:VehicleType:183bfd31570b,Renault,Kangoo Express,2020,combustion_diesel,YGA:PricingPlan:183bfd31570b,7.0,54.0,https://fr.getaround.com/location-voiture/paris/renault-kangoo-express-1785806
2026-09-13T00:02:15,paris,1786756,YGA:Vehicle:5226832a05cf,paris,48.878944,2.36876,0,0,588000,YGA:VehicleType:5226832a05cf,Citroen,Jumpy,2017,combustion_diesel,YGA:PricingPlan:5226832a05cf,11.0,81.0,https://fr.getaround.com/location-voiture/paris/citroen-jumpy-1786756
2026-09-13T00:02:15,paris,1787969,YGA:Vehicle:238e27beed40,colombes,48.93116,2.253639,0,0,840000,YGA:VehicleType:238e27beed40,Renault,Master,2018,combustion_diesel,YGA:PricingPlan:238e27beed40,8.0,65.0,https://fr.getaround.com/location-voiture/colombes/renault-master-1787969
2026-09-13T00:02:15,paris,1789090,YGA:Vehicle:f82e55c79bbd,suresnes,48.870686,2.218432,0,0,393300,YGA:VehicleType:f82e55c79bbd,Peugeot,Expert,2019,combustion_diesel,YGA:PricingPlan:f82e55c79bbd,8.0,58.0,https://fr.getaround.com/location-voiture/suresnes/peugeot-expert-1789090
2026-09-13T00:02:15,paris,1790547,YGA:Vehicle:363434182fa1,chatillon,48.803856,2.287771,0,0,526500,YGA:VehicleType:363434182fa1,Citroen,C3,2016,combustion,YGA:PricingPlan:363434182fa1,7.0,53.0,https://fr.getaround.com/location-voiture/chatillon/citroen-c3-1790547
2026-09-13T00:02:15,paris,1790665,YGA:Vehicle:1790d380ed08,vincennes,48.844967,2.433479,0,0,140000,YGA:VehicleType:1790d380ed08,Citroen,Jumpy,2021,combustion_diesel,YGA:PricingPlan:1790d380ed08,8.0,57.0,https://fr.getaround.com/location-voiture/vincennes/citroen-jumpy-1790665
2026-09-13T00:02:15,paris,1790668,YGA:Vehicle:e6ebc1685914,paris,48.87038,2.312392,0,0,277200,YGA:VehicleType:e6ebc1685914,Peugeot,2008,2021,combustion,YGA:PricingPlan:e6ebc1685914,6.0,47.0,https://fr.getaround.com/location-voiture/paris/peugeot-2008-1790668
2026-09-13T00:02:15,paris,1790672,YGA:Vehicle:10628d1b2635,vincennes,48.846462,2.439939,0,0,530000,YGA:VehicleType:10628d1b2635,Peugeot,308,2020,combustion,YGA:PricingPlan:10628d1b2635,6.0,50.0,https://fr.getaround.com/location-voiture/vincennes/peugeot-308-1790672
2026-09-13T00:02:15,paris,1790674,YGA:Vehicle:f6313ca25322,paris,48.854103,2.402358,0,0,232500,YGA:VehicleType:f6313ca25322,Renault,Kangoo Express ZE,2021,electric,YGA:PricingPlan:f6313ca25322,6.0,48.0,https://fr.getaround.com/location-voiture/paris/renault-kangoo-express-ze-1790674
2026-09-13T00:02:15,paris,1790798,YGA:Vehicle:6808210ba802,asnieres-sur-seine,48.906666,2.280387,0,0,179400,YGA:VehicleType:6808210ba802,Peugeot,Expert,2021,combustion_diesel,YGA:PricingPlan:6808210ba802,10.0,78.0,https://fr.getaround.com/location-voiture/asnieres-sur-seine/peugeot-expert-1790798
2026-09-13T00:02:15,paris,1793273,YGA:Vehicle:6c7da68b16ee,montreuil,48.874294,2.462116,0,0,125000,YGA:VehicleType:6c7da68b16ee,Toyota,bZ4X,2025,electric,YGA:PricingPlan:6c7da68b16ee,15.0,110.0,https://fr.getaround.com/location-voiture/montreuil/toyota-bz4x-1793273
2026-09-13T00:02:15,paris,1793951,YGA:Vehicle:4031b60f360d,paris,48.876884,2.368993,0,0,400000,YGA:VehicleType:4031b60f360d,Volkswagen,Golf,2018,combustion,YGA:PricingPlan:4031b60f360d,7.0,53.0,https://fr.getaround.com/location-voiture/paris/volkswagen-golf-1793951
2026-09-13T00:02:15,paris,1794537,YGA:Vehicle:84775f1e4b5f,paris,48.845394,2.399506,0,0,316800,YGA:VehicleType:84775f1e4b5f,Peugeot,208,2021,combustion,YGA:PricingPlan:84775f1e4b5f,5.0,42.0,https://fr.getaround.com/location-voiture/paris/peugeot-208-1794537
2026-09-13T00:02:15,paris,1795013,YGA:Vehicle:c9434f916a59,paris,48.872604,2.398062,0,0,159000,YGA:VehicleType:c9434f916a59,Citroen,Berlingo,2020,combustion_diesel,YGA:PricingPlan:c9434f916a59,6.0,48.0,https://fr.getaround.com/location-voiture/paris/citroen-berlingo-1795013
2026-09-13T00:02:15,paris,1795111,YGA:Vehicle:57f62d6741fd,bois-colombes,48.9132,2.258264,0,0,115500,YGA:VehicleType:57f62d6741fd,Fiat,500,2021,hybrid,YGA:PricingPlan:57f62d6741fd,6.0,50.0,https://fr.getaround.com/location-voiture/bois-colombes/fiat-500-1795111
2026-09-13T00:02:15,paris,1795138,YGA:Vehicle:f0699a74a362,cachan,48.792843,2.322868,0,0,159000,YGA:VehicleType:f0699a74a362,Citroen,Berlingo,2017,combustion_diesel,YGA:PricingPlan:f0699a74a362,6.0,51.0,https://fr.getaround.com/location-voiture/cachan/citroen-berlingo-1795138
2026-09-13T00:02:15,paris,1795325,YGA:Vehicle:90830ef75f5d,paris,48.850117,2.31382,0,0,215000,YGA:VehicleType:90830ef75f5d,Renault,Mégane E-tech Électrique,2022,electric,YGA:PricingPlan:90830ef75f5d,12.0,84.0,https://fr.getaround.com/location-voiture/paris/renault-megane-e-tech-electrique-1795325
2026-09-13T00:02:15,paris,1796021,YGA:Vehicle:e47c05f42de8,montreuil,48.862522,2.437909,0,0,496000,YGA:VehicleType:e47c05f42de8,Renault,Trafic Passenger,2015,combustion_diesel,YGA:PricingPlan:e47c05f42de8,12.0,80.0,https://fr.getaround.com/location-voiture/montreuil/renault-trafic-passenger-1796021
2026-09-13T00:02:15,paris,1797118,YGA:Vehicle:7963d90cfa5e,joinville-le-pont,48.829556,2.469152,0,0,279000,YGA:VehicleType:7963d90cfa5e,Renault,Mégane,2017,combustion_diesel,YGA:PricingPlan:7963d90cfa5e,7.0,50.0,https://fr.getaround.com/location-voiture/joinville-le-pont/renault-megane-1797118
2026-09-13T00:02:15,paris,1797333,YGA:Vehicle:54350b137094,paris,48.873146,2.303191,0,0,680000,YGA:VehicleType:54350b137094,Renault,Trafic,2021,combustion_diesel,YGA:PricingPlan:54350b137094,8.0,68.0,https://fr.getaround.com/location-voiture/paris/renault-trafic-1797333
2026-09-13T00:02:15,paris,1797460,YGA:Vehicle:cf7a23e41e85,paris,48.863754,2.402693,0,0,400000,YGA:VehicleType:cf7a23e41e85,Renault,Trafic,2018,combustion_diesel,YGA:PricingPlan:cf7a23e41e85,8.0,62.0,https://fr.getaround.com/location-voiture/paris/renault-trafic-1797460
2026-09-13T00:02:15,paris,1797755,YGA:Vehicle:f64951fcd5de,joinville-le-pont,48.829556,2.469152,0,0,445500,YGA:VehicleType:f64951fcd5de,Renault,Clio,2019,combustion,YGA:PricingPlan:f64951fcd5de,8.0,61.0,https://fr.getaround.com/location-voiture/joinville-le-pont/renault-clio-1797755
2026-09-13T00:02:15,paris,1798161,YGA:Vehicle:e0581008f66b,fontenay-sous-bois,48.843864,2.465333,0,0,688000,YGA:VehicleType:e0581008f66b,Renault,Master,2022,combustion_diesel,YGA:PricingPlan:e0581008f66b,11.0,88.0,https://fr.getaround.com/location-voiture/fontenay-sous-bois/renault-master-1798161
2026-09-13T00:02:15,paris,1800157,YGA:Vehicle:fe518a31a880,paris,48.841476,2.385694,0,0,160000,YGA:VehicleType:fe518a31a880,Fiat,500e,2022,electric,YGA:PricingPlan:fe518a31a880,8.0,59.0,https://fr.getaround.com/location-voiture/paris/fiat-500e-1800157
2026-09-13T00:02:15,paris,1800912,YGA:Vehicle:044e090000a1,vanves,48.823879,2.294397,0,0,96000,YGA:VehicleType:044e090000a1,Renault,Trafic,2019,combustion_diesel,YGA:PricingPlan:044e090000a1,7.0,55.0,https://fr.getaround.com/location-voiture/vanves/renault-trafic-1800912
2026-09-13T00:02:15,paris,1801283,YGA:Vehicle:aeaa69cc6cc3,asnieres-sur-seine,48.906792,2.268182,0,0,237900,YGA:VehicleType:aeaa69cc6cc3,Toyota,Proace Combi,2020,combustion_diesel,YGA:PricingPlan:aeaa69cc6cc3,17.0,114.0,https://fr.getaround.com/location-voiture/asnieres-sur-seine/toyota-proace-combi-1801283
2026-09-13T00:02:15,paris,1801514,YGA:Vehicle:b97f595f5a63,suresnes,48.869045,2.214392,0,0,784000,YGA:VehicleType:b97f595f5a63,Renault,Trafic,2020,combustion_diesel,YGA:PricingPlan:b97f595f5a63,8.0,64.0,https://fr.getaround.com/location-voiture/suresnes/renault-trafic-1801514
2026-09-13T00:02:15,paris,1801920,YGA:Vehicle:b5e46f37a264,asnieres-sur-seine,48.906792,2.268182,0,0,690000,YGA:VehicleType:b5e46f37a264,Peugeot,Expert,2022,combustion_diesel,YGA:PricingPlan:b5e46f37a264,9.0,73.0,https://fr.getaround.com/location-voiture/asnieres-sur-seine/peugeot-expert-1801920
2026-09-13T00:02:15,paris,1802222,YGA:Vehicle:6ba2dac8d049,les-lilas,48.882137,2.412895,0,0,480000,YGA:VehicleType:6ba2dac8d049,Renault,Kangoo Express,2021,combustion_diesel,YGA:PricingPlan:6ba2dac8d049,6.0,48.0,https://fr.getaround.com/location-voiture/les-lilas/renault-kangoo-express-1802222
2026-09-13T00:02:15,paris,1802225,YGA:Vehicle:4f3efa7150f2,paris,48.889977,2.317918,0,0,233200,YGA:VehicleType:4f3efa7150f2,Citroen,Berlingo,2016,combustion_diesel,YGA:PricingPlan:4f3efa7150f2,6.0,42.0,https://fr.getaround.com/location-voiture/paris/citroen-berlingo-1802225
2026-09-13T00:02:15,paris,1802229,YGA:Vehicle:fa8b52d130bb,vincennes,48.846462,2.439939,0,0,155400,YGA:VehicleType:fa8b52d130bb,Opel,Crossland,2023,combustion,YGA:PricingPlan:fa8b52d130bb,7.0,56.0,https://fr.getaround.com/location-voiture/vincennes/opel-crossland-1802229
2026-09-13T00:02:15,paris,1802313,YGA:Vehicle:dbea49e7a558,courbevoie,48.903248,2.257841,0,0,318000,YGA:VehicleType:dbea49e7a558,Renault,Scenic,2015,combustion_diesel,YGA:PricingPlan:dbea49e7a558,4.0,27.0,https://fr.getaround.com/location-voiture/courbevoie/renault-scenic-1802313
2026-09-13T00:02:15,paris,1802967,YGA:Vehicle:0cfda7300330,paris,48.845394,2.401418,0,0,279000,YGA:VehicleType:0cfda7300330,Fiat,Ducato,2018,combustion_diesel,YGA:PricingPlan:0cfda7300330,8.0,66.0,https://fr.getaround.com/location-voiture/paris/fiat-ducato-1802967
2026-09-13T00:02:15,paris,1803534,YGA:Vehicle:869078c4fcbb,malakoff,48.816532,2.297463,0,0,122500,YGA:VehicleType:869078c4fcbb,Volkswagen,e-Up !,2021,electric,YGA:PricingPlan:869078c4fcbb,6.0,46.0,https://fr.getaround.com/location-voiture/malakoff/volkswagen-e-up-1803534
2026-09-13T00:02:15,paris,1804135,YGA:Vehicle:5247a72f3a78,bourg-la-reine,48.778923,2.311934,0,0,728000,YGA:VehicleType:5247a72f3a78,Renault,Trafic,2019,combustion_diesel,YGA:PricingPlan:5247a72f3a78,8.0,59.0,https://fr.getaround.com/location-voiture/bourg-la-reine/renault-trafic-1804135
2026-09-13T00:02:15,paris,1804381,YGA:Vehicle:679975bf418e,fontenay-aux-roses,48.787453,2.292431,0,0,302400,YGA:VehicleType:679975bf418e,Toyota,Yaris Hybride,2019,hybrid,YGA:PricingPlan:679975bf418e,5.0,38.0,https://fr.getaround.com/location-voiture/fontenay-aux-roses/toyota-yaris-hybride-1804381
2026-09-13T00:02:15,paris,1808601,YGA:Vehicle:7e7c223feeb8,rosny-sous-bois,48.883739,2.477744,0,0,336000,YGA:VehicleType:7e7c223feeb8,Renault,Master,2019,combustion_diesel,YGA:PricingPlan:7e7c223feeb8,9.0,69.0,https://fr.getaround.com/location-voiture/rosny-sous-bois/renault-master-1808601
2026-09-13T00:02:15,paris,1809382,YGA:Vehicle:b93ecb20fbe2,paris,48.852467,2.380469,0,0,102000,YGA:VehicleType:b93ecb20fbe2,Renault,Kangoo Express,2019,combustion,YGA:PricingPlan:b93ecb20fbe2,6.0,48.0,https://fr.getaround.com/location-voiture/paris/renault-kangoo-express-1809382
2026-09-13T00:02:15,paris,1809384,YGA:Vehicle:eec66c46aab0,pantin,48.888279,2.410389,0,0,315000,YGA:VehicleType:eec66c46aab0,Citroen,Jumpy,2020,combustion_diesel,YGA:PricingPlan:eec66c46aab0,8.0,64.0,https://fr.getaround.com/location-voiture/pantin/citroen-jumpy-1809384
2026-09-13T00:02:15,paris,1809387,YGA:Vehicle:a7f50c257fa0,paris,48.860168,2.386258,0,0,184800,YGA:VehicleType:a7f50c257fa0,Renault,Clio,2022,combustion,YGA:PricingPlan:a7f50c257fa0,5.0,39.0,https://fr.getaround.com/location-voiture/paris/renault-clio-1809387
2026-09-13T00:02:15,paris,1810686,YGA:Vehicle:7b41ccb5be13,ivry-sur-seine,48.81168,2.380491,0,0,276000,YGA:VehicleType:7b41ccb5be13,Peugeot,Traveller,2018,combustion_diesel,YGA:PricingPlan:7b41ccb5be13,17.0,113.0,https://fr.getaround.com/location-voiture/ivry-sur-seine/peugeot-traveller-1810686
2026-09-13T00:02:15,paris,1811629,YGA:Vehicle:98ff70cd3661,creteil,48.775951,2.460773,0,0,546000,YGA:VehicleType:98ff70cd3661,Renault,Mégane,2014,combustion,YGA:PricingPlan:98ff70cd3661,6.0,48.0,https://fr.getaround.com/location-voiture/creteil/renault-megane-1811629
2026-09-13T00:02:15,paris,1813494,YGA:Vehicle:434fb4ac2ccb,paris,48.882084,2.35309,0,0,330000,YGA:VehicleType:434fb4ac2ccb,Peugeot,2008,2020,combustion,YGA:PricingPlan:434fb4ac2ccb,10.0,73.0,https://fr.getaround.com/location-voiture/paris/peugeot-2008-1813494
2026-09-13T00:02:15,paris,1814614,YGA:Vehicle:6e462b2a384d,pantin,48.895012,2.404713,0,0,505000,YGA:VehicleType:6e462b2a384d,Renault,Kangoo Express,2021,combustion_diesel,YGA:PricingPlan:6e462b2a384d,8.0,59.0,https://fr.getaround.com/location-voiture/pantin/renault-kangoo-express-1814614
2026-09-13T00:02:15,paris,1819289,YGA:Vehicle:932178202592,paris,48.825748,2.371976,0,0,378400,YGA:VehicleType:932178202592,Citroen,C3,2025,combustion,YGA:PricingPlan:932178202592,8.0,62.0,https://fr.getaround.com/location-voiture/paris/citroen-c3-1819289
2026-09-13T00:02:15,paris,1820985,YGA:Vehicle:9d0c3c044fb4,issy-les-moulineaux,48.82531,2.258651,0,0,500000,YGA:VehicleType:9d0c3c044fb4,Peugeot,208,2017,combustion,YGA:PricingPlan:9d0c3c044fb4,5.0,42.0,https://fr.getaround.com/location-voiture/issy-les-moulineaux/peugeot-208-1820985
2026-09-13T00:02:15,paris,1820987,YGA:Vehicle:c13d483ae413,boulogne-billancourt,48.831413,2.241692,0,0,300000,YGA:VehicleType:c13d483ae413,Peugeot,208,2015,combustion,YGA:PricingPlan:c13d483ae413,5.0,37.0,https://fr.getaround.com/location-voiture/boulogne-billancourt/peugeot-208-1820987
2026-09-13T00:02:15,paris,1821123,YGA:Vehicle:e87effb8bf02,la-garenne-colombes,48.909306,2.247578,0,0,576000,YGA:VehicleType:e87effb8bf02,Renault,Kangoo Express,2022,combustion,YGA:PricingPlan:e87effb8bf02,8.0,61.0,https://fr.getaround.com/location-voiture/la-garenne-colombes/renault-kangoo-express-1821123
2026-09-13T00:02:15,paris,1821155,YGA:Vehicle:1292d7a006e1,chevilly-larue,48.766991,2.367431,0,0,288000,YGA:VehicleType:1292d7a006e1,Toyota,Yaris Hybride,2017,hybrid,YGA:PricingPlan:1292d7a006e1,6.0,48.0,https://fr.getaround.com/location-voiture/chevilly-larue/toyota-yaris-hybride-1821155
2026-09-13T00:02:15,paris,1821161,YGA:Vehicle:f402b58ce292,malakoff,48.813622,2.276361,0,0,752000,YGA:VehicleType:f402b58ce292,Renault,Trafic,2019,combustion_diesel,YGA:PricingPlan:f402b58ce292,8.0,64.0,https://fr.getaround.com/location-voiture/malakoff/renault-trafic-1821161
2026-09-13T00:02:15,paris,1822101,YGA:Vehicle:91c959e5058c,paris,48.882626,2.345163,0,0,456000,YGA:VehicleType:91c959e5058c,Peugeot,Expert,2016,combustion_diesel,YGA:PricingPlan:91c959e5058c,7.0,53.0,https://fr.getaround.com/location-voiture/paris/peugeot-expert-1822101
2026-09-13T00:02:15,paris,1822677,YGA:Vehicle:46f1dd535627,antony,48.769924,2.316347,0,0,576000,YGA:VehicleType:46f1dd535627,Renault,Kangoo Express,2018,combustion_diesel,YGA:PricingPlan:46f1dd535627,7.0,53.0,https://fr.getaround.com/location-voiture/antony/renault-kangoo-express-1822677
2026-09-13T00:02:15,paris,1823652,YGA:Vehicle:f9c867256092,montrouge,48.814899,2.320802,0,0,382500,YGA:VehicleType:f9c867256092,Citroen,C3,2022,combustion,YGA:PricingPlan:f9c867256092,5.0,42.0,https://fr.getaround.com/location-voiture/montrouge/citroen-c3-1823652
2026-09-13T00:02:15,paris,1823779,YGA:Vehicle:d6348035b490,vincennes,48.846462,2.439939,0,0,237900,YGA:VehicleType:d6348035b490,Renault,Clio E-tech,2022,hybrid,YGA:PricingPlan:d6348035b490,6.0,47.0,https://fr.getaround.com/location-voiture/vincennes/renault-clio-e-tech-1823779
2026-09-13T00:02:15,paris,1824802,YGA:Vehicle:a9e9efb83088,pantin,48.911335,2.41236,0,0,819000,YGA:VehicleType:a9e9efb83088,Renault,Master,2018,combustion_diesel,YGA:PricingPlan:a9e9efb83088,9.0,73.0,https://fr.getaround.com/location-voiture/pantin/renault-master-1824802
2026-09-13T00:02:15,paris,1824916,YGA:Vehicle:c85879e97b45,montreuil,48.855801,2.430462,0,0,428400,YGA:VehicleType:c85879e97b45,Renault,Clio,2020,combustion,YGA:PricingPlan:c85879e97b45,5.0,38.0,https://fr.getaround.com/location-voiture/montreuil/renault-clio-1824916
2026-09-13T00:02:15,paris,1824921,YGA:Vehicle:67d6d0771ef9,paris,48.873219,2.373415,0,0,407400,YGA:VehicleType:67d6d0771ef9,Renault,Clio,2021,combustion,YGA:PricingPlan:67d6d0771ef9,5.0,38.0,https://fr.getaround.com/location-voiture/paris/renault-clio-1824921
2026-09-13T00:02:15,paris,1825354,YGA:Vehicle:1a942d5f2d0d,vincennes,48.847214,2.442493,0,0,955500,YGA:VehicleType:1a942d5f2d0d,Renault,Master,2023,combustion_diesel,YGA:PricingPlan:1a942d5f2d0d,14.0,113.0,https://fr.getaround.com/location-voiture/vincennes/renault-master-1825354
2026-09-13T00:02:15,paris,1826062,YGA:Vehicle:26b4fff5bf84,paris,48.875038,2.365442,0,0,292000,YGA:VehicleType:26b4fff5bf84,Volkswagen,Golf GTE,2021,hybrid,YGA:PricingPlan:26b4fff5bf84,11.0,79.0,https://fr.getaround.com/location-voiture/paris/volkswagen-golf-gte-1826062
2026-09-13T00:02:15,paris,1826397,YGA:Vehicle:a009e5cf22d1,montreuil,48.854881,2.442937,0,0,180000,YGA:VehicleType:a009e5cf22d1,Citroen,C3,2018,combustion,YGA:PricingPlan:a009e5cf22d1,5.0,39.0,https://fr.getaround.com/location-voiture/montreuil/citroen-c3-1826397
2026-09-13T00:02:15,paris,1827069,YGA:Vehicle:fe089f98a72a,paris,48.87212,2.387352,0,0,280000,YGA:VehicleType:fe089f98a72a,Renault,Trafic,2016,combustion_diesel,YGA:PricingPlan:fe089f98a72a,8.0,57.0,https://fr.getaround.com/location-voiture/paris/renault-trafic-1827069
2026-09-13T00:02:15,paris,1827075,YGA:Vehicle:7cb2420fbf12,malakoff,48.818726,2.30912,0,0,512000,YGA:VehicleType:7cb2420fbf12,Renault,Trafic,2018,combustion_diesel,YGA:PricingPlan:7cb2420fbf12,9.0,69.0,https://fr.getaround.com/location-voiture/malakoff/renault-trafic-1827075
2026-09-13T00:02:15,paris,1827163,YGA:Vehicle:0fe8d391b853,clichy,48.902382,2.309956,0,0,618000,YGA:VehicleType:0fe8d391b853,Renault,Kangoo Express,2016,combustion_diesel,YGA:PricingPlan:0fe8d391b853,6.0,45.0,https://fr.getaround.com/location-voiture/clichy/renault-kangoo-express-1827163
2026-09-13T00:02:15,paris,1827934,YGA:Vehicle:79cb1ea4391d,malakoff,48.821747,2.301754,0,0,409500,YGA:VehicleType:79cb1ea4391d,Citroen,C3,2021,combustion,YGA:PricingPlan:79cb1ea4391d,5.0,42.0,https://fr.getaround.com/location-voiture/malakoff/citroen-c3-1827934
2026-09-13T00:02:15,paris,1829298,YGA:Vehicle:816705c35092,malakoff,48.818714,2.309065,0,0,504000,YGA:VehicleType:816705c35092,Renault,Trafic,2018,combustion_diesel,YGA:PricingPlan:816705c35092,9.0,68.0,https://fr.getaround.com/location-voiture/malakoff/renault-trafic-1829298
2026-09-13T00:02:15,paris,1829992,YGA:Vehicle:6736ae897931,paris,48.845078,2.37124,0,0,163800,YGA:VehicleType:6736ae897931,Renault,Clio,2025,combustion,YGA:PricingPlan:6736ae897931,6.0,48.0,https://fr.getaround.com/location-voiture/paris/renault-clio-1829992
2026-09-13T00:02:15,paris,1829998,YGA:Vehicle:d6b5f08d9f07,paris,48.845078,2.37124,0,0,75600,YGA:VehicleType:d6b5f08d9f07,Renault,Clio,2025,combustion,YGA:PricingPlan:d6b5f08d9f07,6.0,48.0,https://fr.getaround.com/location-voiture/paris/renault-clio-1829998
2026-09-13T00:02:15,paris,1829999,YGA:Vehicle:feecc9380ac2,paris,48.845078,2.37124,0,0,390600,YGA:VehicleType:feecc9380ac2,Renault,Clio,2025,combustion,YGA:PricingPlan:feecc9380ac2,6.0,48.0,https://fr.getaround.com/location-voiture/paris/renault-clio-1829999
2026-09-13T00:02:15,paris,1831859,YGA:Vehicle:845317e7dbb7,paris,48.895432,2.329709,0,0,336000,YGA:VehicleType:845317e7dbb7,Toyota,Yaris,2016,combustion,YGA:PricingPlan:845317e7dbb7,6.0,48.0,https://fr.getaround.com/location-voiture/paris/toyota-yaris-1831859
2026-09-13T00:02:15,paris,1832401,YGA:Vehicle:30dd15e28cd3,saint-ouen-sur-seine,48.906555,2.339004,0,0,558000,YGA:VehicleType:30dd15e28cd3,Renault,Kangoo Express,2019,combustion_diesel,YGA:PricingPlan:30dd15e28cd3,7.0,55.0,https://fr.getaround.com/location-voiture/saint-ouen-sur-seine/renault-kangoo-express-1832401
2026-09-13T00:02:15,paris,1834015,YGA:Vehicle:8f37e741a9cf,paris,48.826054,2.361718,0,0,576000,YGA:VehicleType:8f37e741a9cf,Renault,Kangoo Express,2019,combustion_diesel,YGA:PricingPlan:8f37e741a9cf,6.0,52.0,https://fr.getaround.com/location-voiture/paris/renault-kangoo-express-1834015
2026-09-13T00:02:15,paris,1835053,YGA:Vehicle:8e62bfd41d9b,villejuif,48.780842,2.367501,0,0,360000,YGA:VehicleType:8e62bfd41d9b,Citroen,Jumpy,2016,combustion_diesel,YGA:PricingPlan:8e62bfd41d9b,7.0,52.0,https://fr.getaround.com/location-voiture/villejuif/citroen-jumpy-1835053
2026-09-13T00:02:15,paris,1836121,YGA:Vehicle:f784de456269,paris,48.841141,2.374194,0,0,300000,YGA:VehicleType:f784de456269,Volkswagen,Golf,2022,hybrid,YGA:PricingPlan:f784de456269,9.0,66.0,https://fr.getaround.com/location-voiture/paris/volkswagen-golf-1836121
2026-09-13T00:02:15,paris,1836643,YGA:Vehicle:a8043286e9a6,paris,48.820946,2.35627,0,0,240000,YGA:VehicleType:a8043286e9a6,Renault,Trafic Passenger,2021,combustion_diesel,YGA:PricingPlan:a8043286e9a6,12.0,90.0,https://fr.getaround.com/location-voiture/paris/renault-trafic-passenger-1836643
2026-09-13T00:02:15,paris,1837540,YGA:Vehicle:e9454fd96dc0,bagneux,48.790291,2.318015,0,0,800000,YGA:VehicleType:e9454fd96dc0,Peugeot,Boxer,2022,combustion_diesel,YGA:PricingPlan:e9454fd96dc0,8.0,63.0,https://fr.getaround.com/location-voiture/bagneux/peugeot-boxer-1837540
2026-09-13T00:02:15,paris,1840674,YGA:Vehicle:afa3f602d4ea,rosny-sous-bois,48.885269,2.47399,0,0,328500,YGA:VehicleType:afa3f602d4ea,Citroen,C3,2018,combustion,YGA:PricingPlan:afa3f602d4ea,5.0,37.0,https://fr.getaround.com/location-voiture/rosny-sous-bois/citroen-c3-1840674
2026-09-13T00:02:15,paris,1841443,YGA:Vehicle:eadbbdcf95ae,aubervilliers,48.911911,2.366513,0,0,798000,YGA:VehicleType:eadbbdcf95ae,Renault,Master,2019,combustion_diesel,YGA:PricingPlan:eadbbdcf95ae,8.0,65.0,https://fr.getaround.com/location-voiture/aubervilliers/renault-master-1841443
2026-09-13T00:02:15,paris,1841450,YGA:Vehicle:0ed16ec275ed,vincennes,48.844967,2.433479,0,0,382800,YGA:VehicleType:0ed16ec275ed,Peugeot,208,2023,combustion,YGA:PricingPlan:0ed16ec275ed,6.0,47.0,https://fr.getaround.com/location-voiture/vincennes/peugeot-208-1841450
2026-09-13T00:02:15,paris,1841453,YGA:Vehicle:7dd24890b155,paris,48.856182,2.378234,0,0,335000,YGA:VehicleType:7dd24890b155,Renault,Arkana E-Tech,2023,hybrid,YGA:PricingPlan:7dd24890b155,10.0,76.0,https://fr.getaround.com/location-voiture/paris/renault-arkana-e-tech-1841453
2026-09-13T00:02:15,paris,1841752,YGA:Vehicle:7dae80ca410d,suresnes,48.861057,2.220752,0,0,353500,YGA:VehicleType:7dae80ca410d,Citroen,C1 II,2020,combustion,YGA:PricingPlan:7dae80ca410d,7.0,53.0,https://fr.getaround.com/location-voiture/suresnes/citroen-c1-ii-1841752
2026-09-13T00:02:15,paris,1842198,YGA:Vehicle:a4912e80df1a,le-plessis-robinson,48.77948,2.251421,0,0,480000,YGA:VehicleType:a4912e80df1a,Dacia,Sandero Stepway,2021,combustion,YGA:PricingPlan:a4912e80df1a,8.0,58.0,https://fr.getaround.com/location-voiture/le-plessis-robinson/dacia-sandero-stepway-1842198
2026-09-13T00:02:15,paris,1842275,YGA:Vehicle:a35727090338,bobigny,48.90556,2.42412,0,0,357000,YGA:VehicleType:a35727090338,Renault,Master,2016,combustion_diesel,YGA:PricingPlan:a35727090338,6.0,48.0,https://fr.getaround.com/location-voiture/bobigny/renault-master-1842275
2026-09-13T00:02:15,paris,1842472,YGA:Vehicle:09bb6c4f20b4,paris,48.875729,2.395186,0,0,266000,YGA:VehicleType:09bb6c4f20b4,Citroen,Jumpy,2017,combustion_diesel,YGA:PricingPlan:09bb6c4f20b4,7.0,55.0,https://fr.getaround.com/location-voiture/paris/citroen-jumpy-1842472
2026-09-13T00:02:15,paris,1842698,YGA:Vehicle:15bc52ee7803,boulogne-billancourt,48.841373,2.239588,0,0,122500,YGA:VehicleType:15bc52ee7803,Renault,ZOE,2014,electric,YGA:PricingPlan:15bc52ee7803,4.0,32.0,https://fr.getaround.com/location-voiture/boulogne-billancourt/renault-zoe-1842698
2026-09-13T00:02:15,paris,1846676,YGA:Vehicle:9f1fed0d5521,maisons-alfort,48.802883,2.446719,0,0,396000,YGA:VehicleType:9f1fed0d5521,Renault,Clio,2016,combustion,YGA:PricingPlan:9f1fed0d5521,4.0,33.0,https://fr.getaround.com/location-voiture/maisons-alfort/renault-clio-1846676
2026-09-13T00:02:15,paris,1847290,YGA:Vehicle:eeff521f18b7,l-hay-les-roses,48.770725,2.329915,0,0,444000,YGA:VehicleType:eeff521f18b7,Renault,Mégane,2015,combustion_diesel,YGA:PricingPlan:eeff521f18b7,7.0,52.0,https://fr.getaround.com/location-voiture/l-hay-les-roses/renault-megane-1847290
2026-09-13T00:02:15,paris,1848582,YGA:Vehicle:fedd82ff8af0,montreuil,48.853287,2.423447,0,0,270000,YGA:VehicleType:fedd82ff8af0,Renault,Captur,2019,combustion,YGA:PricingPlan:fedd82ff8af0,5.0,39.0,https://fr.getaround.com/location-voiture/montreuil/renault-captur-1848582
2026-09-13T00:02:15,paris,1849083,YGA:Vehicle:3d0d10c9ed0a,paris,48.876492,2.39792,0,0,379500,YGA:VehicleType:3d0d10c9ed0a,Citroen,Jumpy,2018,combustion_diesel,YGA:PricingPlan:3d0d10c9ed0a,7.0,57.0,https://fr.getaround.com/location-voiture/paris/citroen-jumpy-1849083
2026-09-13T00:02:15,paris,1849120,YGA:Vehicle:9ab7a691e936,paris,48.830021,2.34611,0,0,351000,YGA:VehicleType:9ab7a691e936,Fiat,Ducato,2018,combustion_diesel,YGA:PricingPlan:9ab7a691e936,8.0,65.0,https://fr.getaround.com/location-voiture/paris/fiat-ducato-1849120
2026-09-13T00:02:15,paris,1850720,YGA:Vehicle:94998f169b44,le-plessis-robinson,48.775879,2.250975,0,0,776000,YGA:VehicleType:94998f169b44,Renault,Trafic,2019,combustion_diesel,YGA:PricingPlan:94998f169b44,7.0,57.0,https://fr.getaround.com/location-voiture/le-plessis-robinson/renault-trafic-1850720
2026-09-13T00:02:15,paris,1851096,YGA:Vehicle:dfda459c85af,paris,48.876492,2.39792,0,0,690000,YGA:VehicleType:dfda459c85af,Citroen,Jumpy,2018,combustion_diesel,YGA:PricingPlan:dfda459c85af,7.0,57.0,https://fr.getaround.com/location-voiture/paris/citroen-jumpy-1851096
2026-09-13T00:02:15,paris,1854138,YGA:Vehicle:245641cb9059,saint-mande,48.835621,2.419099,0,0,210000,YGA:VehicleType:245641cb9059,Renault,Master,2017,combustion_diesel,YGA:PricingPlan:245641cb9059,10.0,75.0,https://fr.getaround.com/location-voiture/saint-mande/renault-master-1854138
2026-09-13T00:02:15,paris,1854144,YGA:Vehicle:c758ae7a5f6f,creteil,48.770168,2.45494,0,0,430500,YGA:VehicleType:c758ae7a5f6f,Renault,Master,2017,combustion_diesel,YGA:PricingPlan:c758ae7a5f6f,10.0,78.0,https://fr.getaround.com/location-voiture/creteil/renault-master-1854144
2026-09-13T00:02:15,paris,1854695,YGA:Vehicle:6489d8c1a691,clichy,48.899445,2.313436,0,0,720000,YGA:VehicleType:6489d8c1a691,Renault,Trafic,2016,combustion_diesel,YGA:PricingPlan:6489d8c1a691,6.0,49.0,https://fr.getaround.com/location-voiture/clichy/renault-trafic-1854695
2026-09-13T00:02:15,paris,1854775,YGA:Vehicle:8b39a6af6088,suresnes,48.878613,2.234358,0,0,336000,YGA:VehicleType:8b39a6af6088,Renault,Kangoo Fourgon,2021,combustion_diesel,YGA:PricingPlan:8b39a6af6088,8.0,59.0,https://fr.getaround.com/location-voiture/suresnes/renault-kangoo-fourgon-1854775
2026-09-13T00:02:15,paris,1855640,YGA:Vehicle:bfefb5c26ab5,fontenay-sous-bois,48.848389,2.4586,0,0,297000,YGA:VehicleType:bfefb5c26ab5,Renault,Clio,2015,combustion,YGA:PricingPlan:bfefb5c26ab5,6.0,47.0,https://fr.getaround.com/location-voiture/fontenay-sous-bois/renault-clio-1855640
2026-09-13T00:02:15,paris,1856160,YGA:Vehicle:82dc859a705f,chatillon,48.803501,2.297301,0,0,600000,YGA:VehicleType:82dc859a705f,Renault,Kangoo Express,2016,combustion_diesel,YGA:PricingPlan:82dc859a705f,6.0,46.0,https://fr.getaround.com/location-voiture/chatillon/renault-kangoo-express-1856160
2026-09-13T00:02:15,paris,1856599,YGA:Vehicle:29882c03bdb5,paris,48.845078,2.37124,0,0,290500,YGA:VehicleType:29882c03bdb5,Fiat,500,2021,hybrid,YGA:PricingPlan:29882c03bdb5,5.0,39.0,https://fr.getaround.com/location-voiture/paris/fiat-500-1856599
2026-09-13T00:02:15,paris,1856737,YGA:Vehicle:77d9ed13c3e2,fontenay-sous-bois,48.852497,2.452468,0,0,548800,YGA:VehicleType:77d9ed13c3e2,Renault,Scenic,2016,combustion,YGA:PricingPlan:77d9ed13c3e2,7.0,55.0,https://fr.getaround.com/location-voiture/fontenay-sous-bois/renault-scenic-1856737
2026-09-13T00:02:15,paris,1857069,YGA:Vehicle:22776748fe9e,paris,48.87767,2.279175,0,0,339200,YGA:VehicleType:22776748fe9e,Renault,Grand Scenic,2020,combustion,YGA:PricingPlan:22776748fe9e,11.0,74.0,https://fr.getaround.com/location-voiture/paris/renault-grand-scenic-1857069
2026-09-13T00:02:15,paris,1857766,YGA:Vehicle:9b743cc1e696,saint-denis,48.925716,2.354547,0,0,210000,YGA:VehicleType:9b743cc1e696,Renault,Kangoo Fourgon,2019,combustion_diesel,YGA:PricingPlan:9b743cc1e696,7.0,53.0,https://fr.getaround.com/location-voiture/saint-denis/renault-kangoo-fourgon-1857766
2026-09-13T00:02:15,paris,1857930,YGA:Vehicle:12a3eea97526,saint-denis,48.92572,2.354534,0,0,441000,YGA:VehicleType:12a3eea97526,Citroen,Jumpy,2020,combustion_diesel,YGA:PricingPlan:12a3eea97526,7.0,57.0,https://fr.getaround.com/location-voiture/saint-denis/citroen-jumpy-1857930
2026-09-13T00:02:15,paris,1858394,YGA:Vehicle:a46cf8e401fe,chevilly-larue,48.772762,2.355212,0,0,250000,YGA:VehicleType:a46cf8e401fe,Fiat,E-Scudo,2023,electric,YGA:PricingPlan:a46cf8e401fe,11.0,86.0,https://fr.getaround.com/location-voiture/chevilly-larue/fiat-e-scudo-1858394
2026-09-13T00:02:15,paris,1859522,YGA:Vehicle:bef3355423a6,paris,48.895603,2.388069,0,0,776000,YGA:VehicleType:bef3355423a6,Renault,Trafic Passenger,2019,combustion_diesel,YGA:PricingPlan:bef3355423a6,18.0,128.0,https://fr.getaround.com/location-voiture/paris/renault-trafic-passenger-1859522
2026-09-13T00:02:15,paris,1859941,YGA:Vehicle:ba506a927e2f,paris,48.875729,2.395186,0,0,390600,YGA:VehicleType:ba506a927e2f,Renault,Clio,2023,combustion,YGA:PricingPlan:ba506a927e2f,7.0,52.0,https://fr.getaround.com/location-voiture/paris/renault-clio-1859941
2026-09-13T00:02:15,paris,1860329,YGA:Vehicle:4bd46e6cf444,paris,48.828281,2.336829,0,0,384000,YGA:VehicleType:4bd46e6cf444,Renault,Trafic Passenger,2019,combustion_diesel,YGA:PricingPlan:4bd46e6cf444,21.0,138.0,https://fr.getaround.com/location-voiture/paris/renault-trafic-passenger-1860329
2026-09-13T00:02:15,paris,1860421,YGA:Vehicle:8910a7d7fda3,paris,48.83897,2.321703,0,0,402800,YGA:VehicleType:8910a7d7fda3,Citroen,Berlingo,2019,combustion_diesel,YGA:PricingPlan:8910a7d7fda3,12.0,86.0,https://fr.getaround.com/location-voiture/paris/citroen-berlingo-1860421
2026-09-13T00:02:15,paris,1860689,YGA:Vehicle:78bd30e5f636,paris,48.826054,2.361718,0,0,608000,YGA:VehicleType:78bd30e5f636,Renault,Trafic,2015,combustion_diesel,YGA:PricingPlan:78bd30e5f636,6.0,52.0,https://fr.getaround.com/location-voiture/paris/renault-trafic-1860689
2026-09-13T00:02:15,paris,1863534,YGA:Vehicle:0fcb0e6f2809,paris,48.884575,2.39471,0,0,522000,YGA:VehicleType:0fcb0e6f2809,Renault,Kangoo Express,2014,combustion_diesel,YGA:PricingPlan:0fcb0e6f2809,8.0,61.0,https://fr.getaround.com/location-voiture/paris/renault-kangoo-express-1863534
2026-09-13T00:02:15,paris,1865184,YGA:Vehicle:1071072205aa,paris,48.876247,2.282912,0,0,480000,YGA:VehicleType:1071072205aa,Peugeot,208,2016,combustion,YGA:PricingPlan:1071072205aa,4.0,33.0,https://fr.getaround.com/location-voiture/paris/peugeot-208-1865184
2026-09-13T00:02:15,paris,1865205,YGA:Vehicle:cb16104e5b58,l-hay-les-roses,48.777046,2.350676,0,0,300000,YGA:VehicleType:cb16104e5b58,Opel,Corsa,2022,combustion,YGA:PricingPlan:cb16104e5b58,7.0,56.0,https://fr.getaround.com/location-voiture/l-hay-les-roses/opel-corsa-1865205
2026-09-13T00:02:15,paris,1865559,YGA:Vehicle:d1bd9d8459d9,cachan,48.796623,2.324276,0,0,384000,YGA:VehicleType:d1bd9d8459d9,Renault,Trafic,2019,combustion_diesel,YGA:PricingPlan:d1bd9d8459d9,7.0,53.0,https://fr.getaround.com/location-voiture/cachan/renault-trafic-1865559
2026-09-13T00:02:15,paris,1866718,YGA:Vehicle:0b236bb70ac8,le-blanc-mesnil,48.930912,2.477733,0,0,157500,YGA:VehicleType:0b236bb70ac8,Renault,Twingo,2015,combustion,YGA:PricingPlan:0b236bb70ac8,4.0,30.0,https://fr.getaround.com/location-voiture/le-blanc-mesnil/renault-twingo-1866718
2026-09-13T00:02:15,paris,1866998,YGA:Vehicle:a5917fe46927,arcueil,48.806919,2.333735,0,0,280900,YGA:VehicleType:a5917fe46927,Citroen,Berlingo,2017,combustion_diesel,YGA:PricingPlan:a5917fe46927,6.0,46.0,https://fr.getaround.com/location-voiture/arcueil/citroen-berlingo-1866998
2026-09-13T00:02:15,paris,1868888,YGA:Vehicle:796da8f429b8,le-bourget,48.932526,2.421792,0,0,153000,YGA:VehicleType:796da8f429b8,Citroen,C3,2017,combustion,YGA:PricingPlan:796da8f429b8,6.0,45.0,https://fr.getaround.com/location-voiture/le-bourget/citroen-c3-1868888
2026-09-13T00:02:15,paris,1869065,YGA:Vehicle:bd99e1a838bb,boulogne-billancourt,48.835526,2.236615,0,0,570000,YGA:VehicleType:bd99e1a838bb,Renault,Kangoo Express,2018,combustion_diesel,YGA:PricingPlan:bd99e1a838bb,8.0,65.0,https://fr.getaround.com/location-voiture/boulogne-billancourt/renault-kangoo-express-1869065
2026-09-13T00:02:15,paris,1872184,YGA:Vehicle:b904df1b079d,paris,48.828281,2.336829,0,0,576000,YGA:VehicleType:b904df1b079d,Renault,Kangoo Fourgon,2021,combustion_diesel,YGA:PricingPlan:b904df1b079d,8.0,62.0,https://fr.getaround.com/location-voiture/paris/renault-kangoo-fourgon-1872184
2026-09-13T00:02:15,paris,1873408,YGA:Vehicle:6c0a434a3b82,paris,48.889931,2.377401,0,0,336000,YGA:VehicleType:6c0a434a3b82,Toyota,Yaris Hybride,2015,hybrid,YGA:PricingPlan:6c0a434a3b82,4.0,33.0,https://fr.getaround.com/location-voiture/paris/toyota-yaris-hybride-1873408
2026-09-13T00:02:15,paris,1874227,YGA:Vehicle:3085056d88dc,joinville-le-pont,48.829556,2.469152,0,0,193200,YGA:VehicleType:3085056d88dc,Renault,Clio,2020,combustion,YGA:PricingPlan:3085056d88dc,7.0,53.0,https://fr.getaround.com/location-voiture/joinville-le-pont/renault-clio-1874227
2026-09-13T00:02:15,paris,1874336,YGA:Vehicle:f0e6c52197de,paris,48.830517,2.276296,0,0,1050000,YGA:VehicleType:f0e6c52197de,Renault,Master,2020,combustion_diesel,YGA:PricingPlan:f0e6c52197de,11.0,83.0,https://fr.getaround.com/location-voiture/paris/renault-master-1874336
2026-09-13T00:02:15,paris,1874364,YGA:Vehicle:f81b63c0b80d,pantin,48.893391,2.411771,0,0,352800,YGA:VehicleType:f81b63c0b80d,Toyota,Yaris Hybride,2020,hybrid,YGA:PricingPlan:f81b63c0b80d,5.0,41.0,https://fr.getaround.com/location-voiture/pantin/toyota-yaris-hybride-1874364
2026-09-13T00:02:15,paris,1874492,YGA:Vehicle:20fcf125eea1,paris,48.893452,2.370119,0,0,270000,YGA:VehicleType:20fcf125eea1,Renault,Clio,2015,combustion,YGA:PricingPlan:20fcf125eea1,4.0,32.0,https://fr.getaround.com/location-voiture/paris/renault-clio-1874492
2026-09-13T00:02:15,paris,1874731,YGA:Vehicle:c47f98ca3a5b,asnieres-sur-seine,48.912189,2.279901,0,0,810000,YGA:VehicleType:c47f98ca3a5b,Citroen,Jumper,2020,combustion_diesel,YGA:PricingPlan:c47f98ca3a5b,14.0,104.0,https://fr.getaround.com/location-voiture/asnieres-sur-seine/citroen-jumper-1874731
2026-09-13T00:02:15,paris,1875962,YGA:Vehicle:8c83982da43c,courbevoie,48.902798,2.272214,0,0,40000,YGA:VehicleType:8c83982da43c,Volkswagen,Golf,2021,hybrid,YGA:PricingPlan:8c83982da43c,16.0,117.0,https://fr.getaround.com/location-voiture/courbevoie/volkswagen-golf-1875962
2026-09-13T00:02:15,paris,1877573,YGA:Vehicle:2d4cbe02e359,paris,48.875454,2.338336,0,0,348600,YGA:VehicleType:2d4cbe02e359,Renault,Clio,2021,combustion,YGA:PricingPlan:2d4cbe02e359,6.0,42.0,https://fr.getaround.com/location-voiture/paris/renault-clio-1877573
2026-09-13T00:02:15,paris,1877581,YGA:Vehicle:f6d09517b5b8,paris,48.848759,2.401202,0,0,310800,YGA:VehicleType:f6d09517b5b8,Renault,Clio,2022,combustion,YGA:PricingPlan:f6d09517b5b8,6.0,42.0,https://fr.getaround.com/location-voiture/paris/renault-clio-1877581
2026-09-13T00:02:15,paris,1878010,YGA:Vehicle:277bf61a28df,paris,48.893452,2.370119,0,0,66300,YGA:VehicleType:277bf61a28df,Renault,Clio E-tech,2021,hybrid,YGA:PricingPlan:277bf61a28df,6.0,44.0,https://fr.getaround.com/location-voiture/paris/renault-clio-e-tech-1878010
2026-09-13T00:02:15,paris,1879244,YGA:Vehicle:8d51143367b7,courbevoie,48.900238,2.26593,0,0,344500,YGA:VehicleType:8d51143367b7,Peugeot,308,2019,combustion,YGA:PricingPlan:8d51143367b7,6.0,47.0,https://fr.getaround.com/location-voiture/courbevoie/peugeot-308-1879244
2026-09-13T00:02:15,paris,1881900,YGA:Vehicle:a136bc10d5c7,paris,48.863087,2.283558,0,0,114400,YGA:VehicleType:a136bc10d5c7,Peugeot,2008,2026,hybrid,YGA:PricingPlan:a136bc10d5c7,9.0,66.0,https://fr.getaround.com/location-voiture/paris/peugeot-2008-1881900
2026-09-13T00:02:15,paris,1881902,YGA:Vehicle:ef934fd8212c,paris,48.88903,2.322307,0,0,343200,YGA:VehicleType:ef934fd8212c,Peugeot,2008,2026,hybrid,YGA:PricingPlan:ef934fd8212c,9.0,71.0,https://fr.getaround.com/location-voiture/paris/peugeot-2008-1881902
2026-09-13T00:02:15,paris,1881943,YGA:Vehicle:602bd528e437,paris,48.840714,2.287509,0,0,255200,YGA:VehicleType:602bd528e437,Peugeot,2008,2026,hybrid,YGA:PricingPlan:602bd528e437,9.0,71.0,https://fr.getaround.com/location-voiture/paris/peugeot-2008-1881943
2026-09-13T00:02:15,paris,1882627,YGA:Vehicle:d69f53724e6d,paris,48.884045,2.372619,0,0,511000,YGA:VehicleType:d69f53724e6d,Citroen,Jumpy,2017,combustion_diesel,YGA:PricingPlan:d69f53724e6d,11.0,81.0,https://fr.getaround.com/location-voiture/paris/citroen-jumpy-1882627
2026-09-13T00:02:15,paris,1883464,YGA:Vehicle:62aa1d64cb36,paris,48.845078,2.37124,0,0,431200,YGA:VehicleType:62aa1d64cb36,Peugeot,208,2021,combustion,YGA:PricingPlan:62aa1d64cb36,6.0,44.0,https://fr.getaround.com/location-voiture/paris/peugeot-208-1883464
2026-09-13T00:02:15,paris,1883525,YGA:Vehicle:da3fcd5f6506,le-plessis-robinson,48.779655,2.27451,0,0,364000,YGA:VehicleType:da3fcd5f6506,Citroen,Jumpy,2019,combustion_diesel,YGA:PricingPlan:da3fcd5f6506,7.0,58.0,https://fr.getaround.com/location-voiture/le-plessis-robinson/citroen-jumpy-1883525
2026-09-13T00:02:15,paris,1883676,YGA:Vehicle:8fc5b0773d17,paris,48.893452,2.370119,0,0,283500,YGA:VehicleType:8fc5b0773d17,Fiat,500,2015,combustion,YGA:PricingPlan:8fc5b0773d17,8.0,53.0,https://fr.getaround.com/location-voiture/paris/fiat-500-1883676
2026-09-13T00:02:15,paris,1884832,YGA:Vehicle:6941e99ffb0f,paris,48.835091,2.385921,0,0,2500,YGA:VehicleType:6941e99ffb0f,Renault,Kangoo Express ZE,2016,electric,YGA:PricingPlan:6941e99ffb0f,8.0,58.0,https://fr.getaround.com/location-voiture/paris/renault-kangoo-express-ze-1884832
2026-09-13T00:02:15,paris,1885189,YGA:Vehicle:b9de8f6511d4,creteil,48.772484,2.433861,0,0,360000,YGA:VehicleType:b9de8f6511d4,Renault,Clio,2016,combustion,YGA:PricingPlan:b9de8f6511d4,4.0,33.0,https://fr.getaround.com/location-voiture/creteil/renault-clio-1885189
2026-09-13T00:02:15,paris,1887120,YGA:Vehicle:acdfc18c303b,gentilly,48.81295,2.348257,0,0,423000,YGA:VehicleType:acdfc18c303b,Fiat,Ducato,2014,combustion_diesel,YGA:PricingPlan:acdfc18c303b,11.0,81.0,https://fr.getaround.com/location-voiture/gentilly/fiat-ducato-1887120
2026-09-13T00:02:15,paris,1887230,YGA:Vehicle:49e111d61ca3,argenteuil,48.941158,2.250286,0,0,268000,YGA:VehicleType:49e111d61ca3,Volkswagen,Polo,2020,combustion,YGA:PricingPlan:49e111d61ca3,8.0,58.0,https://fr.getaround.com/location-voiture/argenteuil/volkswagen-polo-1887230
2026-09-13T00:02:15,paris,1887381,YGA:Vehicle:71193f2398b8,clichy,48.90332,2.318596,0,0,184800,YGA:VehicleType:71193f2398b8,Renault,Clio,2023,combustion,YGA:PricingPlan:71193f2398b8,9.0,73.0,https://fr.getaround.com/location-voiture/clichy/renault-clio-1887381
2026-09-13T00:02:15,paris,1888150,YGA:Vehicle:60bb4f8aa6bc,clichy,48.904556,2.316036,0,0,190000,YGA:VehicleType:60bb4f8aa6bc,Renault,Arkana Evolution,2022,hybrid,YGA:PricingPlan:60bb4f8aa6bc,9.0,59.0,https://fr.getaround.com/location-voiture/clichy/renault-arkana-evolution-1888150
2026-09-13T00:02:15,paris,1888294,YGA:Vehicle:6656fa5591de,nanterre,48.916199,2.220676,0,0,477000,YGA:VehicleType:6656fa5591de,Citroen,Jumper,2023,combustion_diesel,YGA:PricingPlan:6656fa5591de,10.0,82.0,https://fr.getaround.com/location-voiture/nanterre/citroen-jumper-1888294
2026-09-13T00:02:15,paris,1890293,YGA:Vehicle:f2b1b0c94ea2,paris,48.856808,2.406287,0,0,201600,YGA:VehicleType:f2b1b0c94ea2,Suzuki,Swift,2026,hybrid,YGA:PricingPlan:f2b1b0c94ea2,7.0,49.0,https://fr.getaround.com/location-voiture/paris/suzuki-swift-1890293
2026-09-13T00:02:15,paris,1891065,YGA:Vehicle:7c4405c29058,drancy,48.921982,2.42156,0,0,108000,YGA:VehicleType:7c4405c29058,Renault,Clio,2015,combustion_diesel,YGA:PricingPlan:7c4405c29058,8.0,60.0,https://fr.getaround.com/location-voiture/drancy/renault-clio-1891065
2026-09-13T00:02:15,paris,1892863,YGA:Vehicle:5bf275b08f71,montrouge,48.81448,2.305563,0,0,437400,YGA:VehicleType:5bf275b08f71,Renault,Kangoo Van,2024,combustion_diesel,YGA:PricingPlan:5bf275b08f71,8.0,72.0,https://fr.getaround.com/location-voiture/montrouge/renault-kangoo-van-1892863
2026-09-13T00:02:15,paris,1892866,YGA:Vehicle:6163832f0de1,paris,48.831322,2.352931,0,0,525000,YGA:VehicleType:6163832f0de1,Citroen,Jumpy,2017,combustion_diesel,YGA:PricingPlan:6163832f0de1,11.0,81.0,https://fr.getaround.com/location-voiture/paris/citroen-jumpy-1892866
2026-09-13T00:02:15,paris,1892871,YGA:Vehicle:18c96c504530,paris,48.862289,2.401696,0,0,182000,YGA:VehicleType:18c96c504530,Citroen,Jumpy,2022,combustion_diesel,YGA:PricingPlan:18c96c504530,11.0,88.0,https://fr.getaround.com/location-voiture/paris/citroen-jumpy-1892871
2026-09-13T00:02:15,paris,1893422,YGA:Vehicle:9f4f788b6493,drancy,48.919983,2.450639,0,0,756000,YGA:VehicleType:9f4f788b6493,Renault,Master,2016,combustion_diesel,YGA:PricingPlan:9f4f788b6493,7.0,49.0,https://fr.getaround.com/location-voiture/drancy/renault-master-1893422
2026-09-13T00:02:15,paris,1893731,YGA:Vehicle:505c43d8bb1d,saint-ouen-sur-seine,48.911625,2.325091,0,0,627000,YGA:VehicleType:505c43d8bb1d,Citroen,C4 Grand Spacetourer,2020,combustion_diesel,YGA:PricingPlan:505c43d8bb1d,10.0,70.0,https://fr.getaround.com/location-voiture/saint-ouen-sur-seine/citroen-c4-grand-spacetourer-1893731
2026-09-13T00:02:15,paris,1894570,YGA:Vehicle:cb825e61ab04,paris,48.845394,2.401418,0,0,344400,YGA:VehicleType:cb825e61ab04,Toyota,Yaris Hybride,2021,hybrid,YGA:PricingPlan:cb825e61ab04,6.0,44.0,https://fr.getaround.com/location-voiture/paris/toyota-yaris-hybride-1894570
2026-09-13T00:02:15,paris,1894656,YGA:Vehicle:99adaff24e93,clamart,48.812199,2.274233,0,0,189200,YGA:VehicleType:99adaff24e93,Peugeot,208,2021,combustion,YGA:PricingPlan:99adaff24e93,5.0,38.0,https://fr.getaround.com/location-voiture/clamart/peugeot-208-1894656
2026-09-13T00:02:15,paris,1894718,YGA:Vehicle:2d558d1bdcbc,vincennes,48.848923,2.445987,0,0,514100,YGA:VehicleType:2d558d1bdcbc,Peugeot,308,2020,combustion,YGA:PricingPlan:2d558d1bdcbc,6.0,45.0,https://fr.getaround.com/location-voiture/vincennes/peugeot-308-1894718
2026-09-13T00:02:15,paris,1895320,YGA:Vehicle:18ab9063e1ed,paris,48.859154,2.386446,0,0,368000,YGA:VehicleType:18ab9063e1ed,Volkswagen,Polo,2024,combustion,YGA:PricingPlan:18ab9063e1ed,7.0,62.0,https://fr.getaround.com/location-voiture/paris/volkswagen-polo-1895320
2026-09-13T00:02:15,paris,1895894,YGA:Vehicle:dd1d3a6332ee,asnieres-sur-seine,48.923111,2.278425,0,0,445500,YGA:VehicleType:dd1d3a6332ee,Citroen,C3,2018,combustion,YGA:PricingPlan:dd1d3a6332ee,5.0,38.0,https://fr.getaround.com/location-voiture/asnieres-sur-seine/citroen-c3-1895894
2026-09-13T00:02:15,paris,1896157,YGA:Vehicle:aac6fe3c5bbd,villejuif,48.795731,2.353368,0,0,211500,YGA:VehicleType:aac6fe3c5bbd,Volkswagen,Polo,2015,combustion_diesel,YGA:PricingPlan:aac6fe3c5bbd,6.0,46.0,https://fr.getaround.com/location-voiture/villejuif/volkswagen-polo-1896157
2026-09-13T00:02:15,paris,1897276,YGA:Vehicle:fbb37734c903,saint-denis,48.925716,2.354547,0,0,396000,YGA:VehicleType:fbb37734c903,Renault,Clio Société,2017,combustion_diesel,YGA:PricingPlan:fbb37734c903,4.0,35.0,https://fr.getaround.com/location-voiture/saint-denis/renault-clio-societe-1897276
2026-09-13T00:02:15,paris,1897393,YGA:Vehicle:9c6162de9205,paris,48.848648,2.258542,0,0,339200,YGA:VehicleType:9c6162de9205,Renault,Grand Scenic,2017,combustion_diesel,YGA:PricingPlan:9c6162de9205,12.0,91.0,https://fr.getaround.com/location-voiture/paris/renault-grand-scenic-1897393
2026-09-13T00:02:15,paris,1898188,YGA:Vehicle:13ac774da13d,boulogne-billancourt,48.842545,2.249249,0,0,264000,YGA:VehicleType:13ac774da13d,Citroen,Jumpy,2015,combustion_diesel,YGA:PricingPlan:13ac774da13d,6.0,47.0,https://fr.getaround.com/location-voiture/boulogne-billancourt/citroen-jumpy-1898188
2026-09-13T00:02:15,paris,1898415,YGA:Vehicle:af6007f95168,paris,48.854332,2.403046,0,0,252800,YGA:VehicleType:af6007f95168,Opel,Karl,2017,combustion,YGA:PricingPlan:af6007f95168,8.0,58.0,https://fr.getaround.com/location-voiture/paris/opel-karl-1898415
2026-09-13T00:02:15,paris,1898548,YGA:Vehicle:ce11695cdab2,saint-ouen-sur-seine,48.909039,2.3267,0,0,88000,YGA:VehicleType:ce11695cdab2,Seat,Arona,2018,combustion,YGA:PricingPlan:ce11695cdab2,10.0,68.0,https://fr.getaround.com/location-voiture/saint-ouen-sur-seine/seat-arona-1898548
2026-09-13T00:02:15,paris,1898964,YGA:Vehicle:68d6c3d8dacb,paris,48.864017,2.273912,0,0,360000,YGA:VehicleType:68d6c3d8dacb,Renault,Trafic Passenger,2021,combustion_diesel,YGA:PricingPlan:68d6c3d8dacb,16.0,113.0,https://fr.getaround.com/location-voiture/paris/renault-trafic-passenger-1898964
2026-09-13T00:02:15,paris,1900605,YGA:Vehicle:552c9ab4bd39,paris,48.873486,2.324448,0,0,186300,YGA:VehicleType:552c9ab4bd39,Peugeot,Traveller,2018,combustion_diesel,YGA:PricingPlan:552c9ab4bd39,9.0,61.0,https://fr.getaround.com/location-voiture/paris/peugeot-traveller-1900605
2026-09-13T00:02:15,paris,1900606,YGA:Vehicle:4f34595f3b98,paris,48.848759,2.401202,0,0,430000,YGA:VehicleType:4f34595f3b98,Renault,Arkana E-Tech,2022,hybrid,YGA:PricingPlan:4f34595f3b98,8.0,56.0,https://fr.getaround.com/location-voiture/paris/renault-arkana-e-tech-1900606
2026-09-13T00:02:15,paris,1900667,YGA:Vehicle:38a3adb192fc,paris,48.875538,2.364291,0,0,165000,YGA:VehicleType:38a3adb192fc,Volkswagen,Golf,2020,hybrid,YGA:PricingPlan:38a3adb192fc,12.0,90.0,https://fr.getaround.com/location-voiture/paris/volkswagen-golf-1900667
2026-09-13T00:02:15,paris,1902545,YGA:Vehicle:4c45d090ce13,paris,48.871525,2.409312,0,0,306000,YGA:VehicleType:4c45d090ce13,Fiat,Ducato,2015,combustion_diesel,YGA:PricingPlan:4c45d090ce13,8.0,58.0,https://fr.getaround.com/location-voiture/paris/fiat-ducato-1902545
2026-09-13T00:02:15,paris,1904270,YGA:Vehicle:9c2352fe1bd4,asnieres-sur-seine,48.910446,2.268811,0,0,580000,YGA:VehicleType:9c2352fe1bd4,Volkswagen,Touran,2017,combustion,YGA:PricingPlan:9c2352fe1bd4,12.0,82.0,https://fr.getaround.com/location-voiture/asnieres-sur-seine/volkswagen-touran-1904270
2026-09-13T00:02:15,paris,1904929,YGA:Vehicle:f906c9443275,saint-denis,48.931469,2.350852,0,0,256000,YGA:VehicleType:f906c9443275,Renault,Trafic,2019,combustion_diesel,YGA:PricingPlan:f906c9443275,8.0,64.0,https://fr.getaround.com/location-voiture/saint-denis/renault-trafic-1904929
2026-09-13T00:02:15,paris,1905323,YGA:Vehicle:8b43a8a189c9,paris,48.831322,2.352931,0,0,405000,YGA:VehicleType:8b43a8a189c9,Renault,Clio,2019,combustion,YGA:PricingPlan:8b43a8a189c9,9.0,66.0,https://fr.getaround.com/location-voiture/paris/renault-clio-1905323
2026-09-13T00:02:15,paris,1905844,YGA:Vehicle:b3f4b708739b,paris,48.856876,2.379016,0,0,144000,YGA:VehicleType:b3f4b708739b,Renault,Kangoo Express,2019,combustion_diesel,YGA:PricingPlan:b3f4b708739b,6.0,49.0,https://fr.getaround.com/location-voiture/paris/renault-kangoo-express-1905844
2026-09-13T00:02:15,paris,1907325,YGA:Vehicle:9833564b2af9,paris,48.884109,2.372736,0,0,462300,YGA:VehicleType:9833564b2af9,Citroen,Jumpy,2018,combustion_diesel,YGA:PricingPlan:9833564b2af9,11.0,81.0,https://fr.getaround.com/location-voiture/paris/citroen-jumpy-1907325
2026-09-13T00:02:15,paris,1909360,YGA:Vehicle:a68cb6342000,paris,48.845078,2.37124,0,0,234000,YGA:VehicleType:a68cb6342000,Renault,Clio E-tech,2023,hybrid,YGA:PricingPlan:a68cb6342000,7.0,58.0,https://fr.getaround.com/location-voiture/paris/renault-clio-e-tech-1909360
2026-09-13T00:02:15,paris,1909521,YGA:Vehicle:2a13453fdb0b,vitry-sur-seine,48.786556,2.377033,0,0,130000,YGA:VehicleType:2a13453fdb0b,Citroen,C3,2015,combustion,YGA:PricingPlan:2a13453fdb0b,4.0,32.0,https://fr.getaround.com/location-voiture/vitry-sur-seine/citroen-c3-1909521
2026-09-13T00:02:15,paris,1910845,YGA:Vehicle:70238f05d919,suresnes,48.876755,2.228471,0,0,396000,YGA:VehicleType:70238f05d919,Renault,Clio,2016,combustion,YGA:PricingPlan:70238f05d919,9.0,64.0,https://fr.getaround.com/location-voiture/suresnes/renault-clio-1910845
2026-09-13T00:02:15,paris,1910894,YGA:Vehicle:dc2005f63f25,paris,48.850479,2.352533,0,0,69000,YGA:VehicleType:dc2005f63f25,Citroen,Jumpy,2018,combustion_diesel,YGA:PricingPlan:dc2005f63f25,9.0,73.0,https://fr.getaround.com/location-voiture/paris/citroen-jumpy-1910894
2026-09-13T00:02:15,paris,1911182,YGA:Vehicle:118f7f23f814,creteil,48.791409,2.450541,0,0,331500,YGA:VehicleType:118f7f23f814,Renault,Clio RS Line,2021,combustion,YGA:PricingPlan:118f7f23f814,9.0,69.0,https://fr.getaround.com/location-voiture/creteil/renault-clio-rs-line-1911182
2026-09-13T00:02:15,paris,1911274,YGA:Vehicle:e0d52c78a2d5,paris,48.893154,2.352505,0,0,130500,YGA:VehicleType:e0d52c78a2d5,Citroen,C3,2022,combustion,YGA:PricingPlan:e0d52c78a2d5,5.0,39.0,https://fr.getaround.com/location-voiture/paris/citroen-c3-1911274
2026-09-13T00:02:15,paris,1911322,YGA:Vehicle:81bc17f24b36,paris,48.876884,2.368993,0,0,393300,YGA:VehicleType:81bc17f24b36,Citroen,C4 Grand Spacetourer,2022,combustion,YGA:PricingPlan:81bc17f24b36,7.0,52.0,https://fr.getaround.com/location-voiture/paris/citroen-c4-grand-spacetourer-1911322
2026-09-13T00:02:15,paris,1911327,YGA:Vehicle:a787d14ae8f6,paris,48.891869,2.316322,0,0,495900,YGA:VehicleType:a787d14ae8f6,Citroen,C4 Grand Spacetourer,2022,combustion,YGA:PricingPlan:a787d14ae8f6,7.0,52.0,https://fr.getaround.com/location-voiture/paris/citroen-c4-grand-spacetourer-1911327
2026-09-13T00:02:15,paris,1911752,YGA:Vehicle:1ee31a6e5486,bagnolet,48.863331,2.416179,0,0,450000,YGA:VehicleType:1ee31a6e5486,Citroen,C3 Aircross,2018,combustion,YGA:PricingPlan:1ee31a6e5486,6.0,47.0,https://fr.getaround.com/location-voiture/bagnolet/citroen-c3-aircross-1911752
2026-09-13T00:02:15,paris,1912582,YGA:Vehicle:248fdbc3743a,puteaux,48.88065,2.232789,0,0,203000,YGA:VehicleType:248fdbc3743a,Fiat,500,2016,combustion,YGA:PricingPlan:248fdbc3743a,4.0,32.0,https://fr.getaround.com/location-voiture/puteaux/fiat-500-1912582
2026-09-13T00:02:15,paris,1913137,YGA:Vehicle:38812e2c4239,aubervilliers,48.91687,2.404532,0,0,165000,YGA:VehicleType:38812e2c4239,Peugeot,Partner,2016,combustion,YGA:PricingPlan:38812e2c4239,7.0,53.0,https://fr.getaround.com/location-voiture/aubervilliers/peugeot-partner-1913137
2026-09-13T00:02:15,paris,1913571,YGA:Vehicle:f5ab319687bf,paris,48.841202,2.375059,0,0,570000,YGA:VehicleType:f5ab319687bf,Renault,Grand Scenic,2015,combustion_diesel,YGA:PricingPlan:f5ab319687bf,10.0,60.0,https://fr.getaround.com/location-voiture/paris/renault-grand-scenic-1913571
2026-09-13T00:02:15,paris,1915485,YGA:Vehicle:382609b91149,paris,48.831322,2.352931,0,0,690000,YGA:VehicleType:382609b91149,Citroen,Jumpy,2018,combustion_diesel,YGA:PricingPlan:382609b91149,11.0,81.0,https://fr.getaround.com/location-voiture/paris/citroen-jumpy-1915485
2026-09-13T00:02:15,paris,1915993,YGA:Vehicle:662a8567e6c7,issy-les-moulineaux,48.826683,2.277743,0,0,468000,YGA:VehicleType:662a8567e6c7,Citroen,C3,2020,combustion,YGA:PricingPlan:662a8567e6c7,6.0,47.0,https://fr.getaround.com/location-voiture/issy-les-moulineaux/citroen-c3-1915993
2026-09-13T00:02:15,paris,1916379,YGA:Vehicle:0518511b5124,clichy,48.900444,2.312665,0,0,440000,YGA:VehicleType:0518511b5124,Dacia,Sandero,2016,combustion,YGA:PricingPlan:0518511b5124,6.0,43.0,https://fr.getaround.com/location-voiture/clichy/dacia-sandero-1916379
2026-09-13T00:02:15,paris,1916407,YGA:Vehicle:40d3cf883c08,bondy,48.903179,2.481352,0,0,448800,YGA:VehicleType:40d3cf883c08,Peugeot,208,2026,combustion,YGA:PricingPlan:40d3cf883c08,7.0,56.0,https://fr.getaround.com/location-voiture/bondy/peugeot-208-1916407
2026-09-13T00:02:15,paris,1916964,YGA:Vehicle:ce83a37901b3,fontenay-sous-bois,48.843754,2.459803,0,0,568000,YGA:VehicleType:ce83a37901b3,Renault,Trafic Passenger,2017,combustion_diesel,YGA:PricingPlan:ce83a37901b3,13.0,96.0,https://fr.getaround.com/location-voiture/fontenay-sous-bois/renault-trafic-passenger-1916964
2026-09-13T00:02:15,paris,1917406,YGA:Vehicle:de0a9357cc0c,paris,48.86388,2.362396,0,0,413600,YGA:VehicleType:de0a9357cc0c,Peugeot,208,2026,combustion,YGA:PricingPlan:de0a9357cc0c,7.0,56.0,https://fr.getaround.com/location-voiture/paris/peugeot-208-1917406
2026-09-13T00:02:15,paris,1919513,YGA:Vehicle:a1016638e5a5,maisons-alfort,48.806831,2.434735,0,0,396000,YGA:VehicleType:a1016638e5a5,Citroen,C3,2020,combustion,YGA:PricingPlan:a1016638e5a5,5.0,42.0,https://fr.getaround.com/location-voiture/maisons-alfort/citroen-c3-1919513
2026-09-13T00:02:15,paris,1921524,YGA:Vehicle:b482bb6fd03b,romainville,48.891487,2.431104,0,0,342000,YGA:VehicleType:b482bb6fd03b,Peugeot,208,2019,combustion_diesel,YGA:PricingPlan:b482bb6fd03b,7.0,51.0,https://fr.getaround.com/location-voiture/romainville/peugeot-208-1921524
2026-09-13T00:02:15,paris,1922082,YGA:Vehicle:054a8b99c27b,paris,48.888802,2.342072,0,0,264000,YGA:VehicleType:054a8b99c27b,Peugeot,208,2021,combustion,YGA:PricingPlan:054a8b99c27b,7.0,51.0,https://fr.getaround.com/location-voiture/paris/peugeot-208-1922082
2026-09-13T00:02:15,paris,1922689,YGA:Vehicle:41a2eca28184,drancy,48.935207,2.45017,0,0,250000,YGA:VehicleType:41a2eca28184,Peugeot,e-208 Allure,2020,electric,YGA:PricingPlan:41a2eca28184,6.0,45.0,https://fr.getaround.com/location-voiture/drancy/peugeot-e-208-allure-1922689
2026-09-13T00:02:15,paris,1923766,YGA:Vehicle:e85da2355b48,maisons-alfort,48.800934,2.427344,0,0,540000,YGA:VehicleType:e85da2355b48,Renault,Kangoo Express,2019,combustion,YGA:PricingPlan:e85da2355b48,7.0,55.0,https://fr.getaround.com/location-voiture/maisons-alfort/renault-kangoo-express-1923766
2026-09-13T00:02:15,paris,1924361,YGA:Vehicle:9f9bb99317c6,noisy-le-sec,48.897797,2.462026,0,0,189000,YGA:VehicleType:9f9bb99317c6,Renault,Trafic,2014,combustion_diesel,YGA:PricingPlan:9f9bb99317c6,8.0,59.0,https://fr.getaround.com/location-voiture/noisy-le-sec/renault-trafic-1924361
2026-09-13T00:02:15,paris,1926237,YGA:Vehicle:bec85cf0e5ce,saint-maur-des-fosses,48.801037,2.484919,0,0,105300,YGA:VehicleType:bec85cf0e5ce,Renault,Clio E-tech,2021,hybrid,YGA:PricingPlan:bec85cf0e5ce,6.0,43.0,https://fr.getaround.com/location-voiture/saint-maur-des-fosses/renault-clio-e-tech-1926237
2026-09-13T00:02:15,paris,1926238,YGA:Vehicle:9ff45982eb96,paris,48.837868,2.280259,0,0,375000,YGA:VehicleType:9ff45982eb96,Renault,Arkana E-Tech,2022,hybrid,YGA:PricingPlan:9ff45982eb96,9.0,65.0,https://fr.getaround.com/location-voiture/paris/renault-arkana-e-tech-1926238
2026-09-13T00:02:15,paris,1926241,YGA:Vehicle:cf9aa4b7b188,alfortville,48.802238,2.416024,0,0,201600,YGA:VehicleType:cf9aa4b7b188,Renault,Clio,2020,combustion,YGA:PricingPlan:cf9aa4b7b188,5.0,39.0,https://fr.getaround.com/location-voiture/alfortville/renault-clio-1926241
2026-09-13T00:02:15,paris,1926929,YGA:Vehicle:eb80b8d105b6,la-garenne-colombes,48.908669,2.257356,0,0,462000,YGA:VehicleType:eb80b8d105b6,Citroen,Berlingo Multispace,2018,combustion,YGA:PricingPlan:eb80b8d105b6,5.0,39.0,https://fr.getaround.com/location-voiture/la-garenne-colombes/citroen-berlingo-multispace-1926929
2026-09-13T00:02:15,paris,1927110,YGA:Vehicle:4396e87b0d6d,paris,48.877743,2.310719,0,0,319500,YGA:VehicleType:4396e87b0d6d,Renault,Clio,2015,combustion,YGA:PricingPlan:4396e87b0d6d,6.0,45.0,https://fr.getaround.com/location-voiture/paris/renault-clio-1927110
2026-09-13T00:02:15,paris,1927312,YGA:Vehicle:ab37b68c4da8,le-plessis-robinson,48.776684,2.248337,0,0,375000,YGA:VehicleType:ab37b68c4da8,Citroen,C3,2014,combustion,YGA:PricingPlan:ab37b68c4da8,6.0,48.0,https://fr.getaround.com/location-voiture/le-plessis-robinson/citroen-c3-1927312
2026-09-13T00:02:15,paris,1927847,YGA:Vehicle:e291efa095c5,clamart,48.780769,2.229662,0,0,81000,YGA:VehicleType:e291efa095c5,Citroen,C3,2017,combustion,YGA:PricingPlan:e291efa095c5,6.0,45.0,https://fr.getaround.com/location-voiture/clamart/citroen-c3-1927847
2026-09-13T00:02:15,paris,1931171,YGA:Vehicle:9ec912536399,paris,48.879532,2.287117,0,0,488400,YGA:VehicleType:9ec912536399,Peugeot,208,2020,combustion,YGA:PricingPlan:9ec912536399,8.0,58.0,https://fr.getaround.com/location-voiture/paris/peugeot-208-1931171
2026-09-13T00:02:15,paris,1931412,YGA:Vehicle:3e59e0e9b25a,suresnes,48.867619,2.222647,0,0,214500,YGA:VehicleType:3e59e0e9b25a,Toyota,Yaris 5-Door L,2019,hybrid,YGA:PricingPlan:3e59e0e9b25a,6.0,45.0,https://fr.getaround.com/location-voiture/suresnes/toyota-yaris-5-door-l-1931412
2026-09-13T00:02:15,paris,1931610,YGA:Vehicle:2531260a0c67,montreuil,48.863987,2.438289,0,0,289800,YGA:VehicleType:2531260a0c67,Renault,Clio,2020,combustion,YGA:PricingPlan:2531260a0c67,5.0,39.0,https://fr.getaround.com/location-voiture/montreuil/renault-clio-1931610
2026-09-13T00:02:15,paris,1931715,YGA:Vehicle:896c759ce10b,bois-colombes,48.915226,2.268165,0,0,693000,YGA:VehicleType:896c759ce10b,Renault,Master,2015,combustion_diesel,YGA:PricingPlan:896c759ce10b,9.0,66.0,https://fr.getaround.com/location-voiture/bois-colombes/renault-master-1931715
2026-09-13T00:02:15,paris,1931785,YGA:Vehicle:8277b63f6196,paris,48.842091,2.401488,0,0,469000,YGA:VehicleType:8277b63f6196,Citroen,Jumpy,2017,combustion_diesel,YGA:PricingPlan:8277b63f6196,11.0,81.0,https://fr.getaround.com/location-voiture/paris/citroen-jumpy-1931785
2026-09-13T00:02:15,paris,1932993,YGA:Vehicle:e7ff466624af,saint-maur-des-fosses,48.812141,2.471096,0,0,365400,YGA:VehicleType:e7ff466624af,Renault,Clio,2020,combustion,YGA:PricingPlan:e7ff466624af,5.0,38.0,https://fr.getaround.com/location-voiture/saint-maur-des-fosses/renault-clio-1932993
2026-09-13T00:02:15,paris,1933224,YGA:Vehicle:fcc4a5a80e88,paris,48.852474,2.380472,0,0,360000,YGA:VehicleType:fcc4a5a80e88,Renault,Clio,2015,combustion_diesel,YGA:PricingPlan:fcc4a5a80e88,6.0,48.0,https://fr.getaround.com/location-voiture/paris/renault-clio-1933224
2026-09-13T00:02:15,paris,1934401,YGA:Vehicle:50fd31b49513,paris,48.861774,2.387602,0,0,776000,YGA:VehicleType:50fd31b49513,Citroen,Jumpy,2015,combustion_diesel,YGA:PricingPlan:50fd31b49513,6.0,47.0,https://fr.getaround.com/location-voiture/paris/citroen-jumpy-1934401
2026-09-13T00:02:15,paris,1934402,YGA:Vehicle:ebb0f7c1828f,paris,48.863922,2.386722,0,0,379500,YGA:VehicleType:ebb0f7c1828f,Citroen,Jumpy,2018,combustion_diesel,YGA:PricingPlan:ebb0f7c1828f,11.0,81.0,https://fr.getaround.com/location-voiture/paris/citroen-jumpy-1934402
2026-09-13T00:02:15,paris,1934404,YGA:Vehicle:95e35646e45e,paris,48.829281,2.348971,0,0,588000,YGA:VehicleType:95e35646e45e,Citroen,Jumpy,2017,combustion_diesel,YGA:PricingPlan:95e35646e45e,11.0,81.0,https://fr.getaround.com/location-voiture/paris/citroen-jumpy-1934404
2026-09-13T00:02:15,paris,1934408,YGA:Vehicle:47a6129da1eb,paris,48.853416,2.396509,0,0,182000,YGA:VehicleType:47a6129da1eb,Citroen,Jumpy,2017,combustion_diesel,YGA:PricingPlan:47a6129da1eb,11.0,81.0,https://fr.getaround.com/location-voiture/paris/citroen-jumpy-1934408
2026-09-13T00:02:15,paris,1934851,YGA:Vehicle:b2a6c82a627b,neuilly-sur-seine,48.886654,2.261505,0,0,306000,YGA:VehicleType:b2a6c82a627b,Renault,Captur,2018,combustion,YGA:PricingPlan:b2a6c82a627b,7.0,48.0,https://fr.getaround.com/location-voiture/neuilly-sur-seine/renault-captur-1934851
2026-09-13T00:02:15,paris,1936283,YGA:Vehicle:9752df3a049e,paris,48.832352,2.30264,0,0,400000,YGA:VehicleType:9752df3a049e,Fiat,Talento Combi,2018,combustion_diesel,YGA:PricingPlan:9752df3a049e,20.0,144.0,https://fr.getaround.com/location-voiture/paris/fiat-talento-combi-1936283
2026-09-13T00:02:15,paris,1936683,YGA:Vehicle:4a18c4c9fba5,fontenay-sous-bois,48.853191,2.449631,0,0,468000,YGA:VehicleType:4a18c4c9fba5,Citroen,C3,2020,combustion,YGA:PricingPlan:4a18c4c9fba5,5.0,39.0,https://fr.getaround.com/location-voiture/fontenay-sous-bois/citroen-c3-1936683
2026-09-13T00:02:15,paris,1937247,YGA:Vehicle:c2dbd8ba6bb2,courbevoie,48.905827,2.276984,0,0,162800,YGA:VehicleType:c2dbd8ba6bb2,Peugeot,208,2021,combustion,YGA:PricingPlan:c2dbd8ba6bb2,11.0,80.0,https://fr.getaround.com/location-voiture/courbevoie/peugeot-208-1937247
2026-09-13T00:02:15,paris,1937973,YGA:Vehicle:748ba7bada41,paris,48.890015,2.317901,0,0,195000,YGA:VehicleType:748ba7bada41,Renault,Captur,2022,hybrid,YGA:PricingPlan:748ba7bada41,8.0,59.0,https://fr.getaround.com/location-voiture/paris/renault-captur-1937973
2026-09-13T00:02:15,paris,1938124,YGA:Vehicle:bde13ce3c2a9,le-blanc-mesnil,48.930912,2.477733,0,0,351000,YGA:VehicleType:bde13ce3c2a9,Peugeot,208,2015,combustion_diesel,YGA:PricingPlan:bde13ce3c2a9,5.0,34.0,https://fr.getaround.com/location-voiture/le-blanc-mesnil/peugeot-208-1938124
2026-09-13T00:02:15,paris,1938832,YGA:Vehicle:5e6fc040a198,paris,48.875454,2.338324,0,0,206400,YGA:VehicleType:5e6fc040a198,Toyota,C-HR Hybrid,2024,hybrid,YGA:PricingPlan:5e6fc040a198,8.0,58.0,https://fr.getaround.com/location-voiture/paris/toyota-c-hr-hybrid-1938832
2026-09-13T00:02:15,paris,1939763,YGA:Vehicle:03ce0aca240e,ivry-sur-seine,48.81171,2.382451,0,0,71400,YGA:VehicleType:03ce0aca240e,Renault,Clio,2025,hybrid,YGA:PricingPlan:03ce0aca240e,13.0,100.0,https://fr.getaround.com/location-voiture/ivry-sur-seine/renault-clio-1939763
2026-09-13T00:02:15,paris,1941174,YGA:Vehicle:16c963f02a04,vanves,48.82428,2.298888,0,0,450000,YGA:VehicleType:16c963f02a04,Citroen,C3,2020,combustion,YGA:PricingPlan:16c963f02a04,5.0,38.0,https://fr.getaround.com/location-voiture/vanves/citroen-c3-1941174
2026-09-13T00:02:15,paris,1941317,YGA:Vehicle:22cfa014d4b8,malakoff,48.818714,2.309065,0,0,168000,YGA:VehicleType:22cfa014d4b8,Volkswagen,Polo,2023,combustion,YGA:PricingPlan:22cfa014d4b8,7.0,59.0,https://fr.getaround.com/location-voiture/malakoff/volkswagen-polo-1941317
2026-09-13T00:02:15,paris,1941774,YGA:Vehicle:f77f4b990879,suresnes,48.876755,2.227892,0,0,480000,YGA:VehicleType:f77f4b990879,Opel,Combo,2013,combustion_diesel,YGA:PricingPlan:f77f4b990879,5.0,41.0,https://fr.getaround.com/location-voiture/suresnes/opel-combo-1941774
2026-09-13T00:02:15,paris,1941805,YGA:Vehicle:ff18d894ec00,paris,48.889931,2.377401,0,0,600000,YGA:VehicleType:ff18d894ec00,Renault,Kangoo,2019,combustion_diesel,YGA:PricingPlan:ff18d894ec00,5.0,40.0,https://fr.getaround.com/location-voiture/paris/renault-kangoo-1941805
2026-09-13T00:02:15,paris,1941991,YGA:Vehicle:642d8c6d8979,paris,48.891869,2.316322,0,0,202400,YGA:VehicleType:642d8c6d8979,Peugeot,2008,2020,combustion,YGA:PricingPlan:642d8c6d8979,6.0,43.0,https://fr.getaround.com/location-voiture/paris/peugeot-2008-1941991
2026-09-13T00:02:15,paris,1943661,YGA:Vehicle:7125864bbdd3,boulogne-billancourt,48.847866,2.23685,0,0,185500,YGA:VehicleType:7125864bbdd3,Citroen,Berlingo,2016,combustion_diesel,YGA:PricingPlan:7125864bbdd3,10.0,74.0,https://fr.getaround.com/location-voiture/boulogne-billancourt/citroen-berlingo-1943661
2026-09-13T00:02:15,paris,1943675,YGA:Vehicle:27aef4b4be05,paris,48.885838,2.334814,0,0,190800,YGA:VehicleType:27aef4b4be05,Peugeot,308,2018,combustion,YGA:PricingPlan:27aef4b4be05,8.0,61.0,https://fr.getaround.com/location-voiture/paris/peugeot-308-1943675
2026-09-13T00:02:15,paris,1944333,YGA:Vehicle:f639a4e3423b,ivry-sur-seine,48.811054,2.381062,0,0,256500,YGA:VehicleType:f639a4e3423b,Renault,Captur,2018,combustion,YGA:PricingPlan:f639a4e3423b,5.0,37.0,https://fr.getaround.com/location-voiture/ivry-sur-seine/renault-captur-1944333
2026-09-13T00:02:15,paris,1944578,YGA:Vehicle:f6f8baa21b51,alfortville,48.810722,2.41079,0,0,259700,YGA:VehicleType:f6f8baa21b51,Peugeot,308 GT,2018,combustion,YGA:PricingPlan:f6f8baa21b51,10.0,76.0,https://fr.getaround.com/location-voiture/alfortville/peugeot-308-gt-1944578
2026-09-13T00:02:15,paris,1945077,YGA:Vehicle:b31a1f9792bd,boulogne-billancourt,48.844097,2.231219,0,0,236500,YGA:VehicleType:b31a1f9792bd,Peugeot,5008,2017,combustion,YGA:PricingPlan:b31a1f9792bd,6.0,45.0,https://fr.getaround.com/location-voiture/boulogne-billancourt/peugeot-5008-1945077
2026-09-13T00:02:15,paris,1948251,YGA:Vehicle:5adc14fda1bc,paris,48.837791,2.280099,0,0,614100,YGA:VehicleType:5adc14fda1bc,Citroen,Jumpy,2018,combustion_diesel,YGA:PricingPlan:5adc14fda1bc,8.0,62.0,https://fr.getaround.com/location-voiture/paris/citroen-jumpy-1948251
2026-09-13T00:02:15,paris,1950027,YGA:Vehicle:f365d6c09a83,paris,48.842075,2.395825,0,0,390000,YGA:VehicleType:f365d6c09a83,Renault,Arkana E-Tech,2022,hybrid,YGA:PricingPlan:f365d6c09a83,8.0,56.0,https://fr.getaround.com/location-voiture/paris/renault-arkana-e-tech-1950027
2026-09-13T00:02:15,paris,1951596,YGA:Vehicle:e3260c3d4a35,saint-maur-des-fosses,48.812141,2.471096,0,0,369600,YGA:VehicleType:e3260c3d4a35,Renault,Clio,2020,combustion,YGA:PricingPlan:e3260c3d4a35,5.0,37.0,https://fr.getaround.com/location-voiture/saint-maur-des-fosses/renault-clio-1951596
2026-09-13T00:02:15,paris,1951938,YGA:Vehicle:48a9ce9e2dea,clamart,48.782818,2.234159,0,0,220000,YGA:VehicleType:48a9ce9e2dea,Peugeot,208,2019,combustion,YGA:PricingPlan:48a9ce9e2dea,5.0,40.0,https://fr.getaround.com/location-voiture/clamart/peugeot-208-1951938
2026-09-13T00:02:15,paris,1954675,YGA:Vehicle:42b66421d3e8,paris,48.895603,2.388069,0,0,227500,YGA:VehicleType:42b66421d3e8,Fiat,500,2017,combustion,YGA:PricingPlan:42b66421d3e8,5.0,42.0,https://fr.getaround.com/location-voiture/paris/fiat-500-1954675
2026-09-13T00:02:15,paris,1954891,YGA:Vehicle:fbea451c6641,clamart,48.783176,2.23454,0,0,258000,YGA:VehicleType:fbea451c6641,Renault,Kangoo Fourgon,2021,combustion_diesel,YGA:PricingPlan:fbea451c6641,7.0,53.0,https://fr.getaround.com/location-voiture/clamart/renault-kangoo-fourgon-1954891
2026-09-13T00:02:15,paris,1957046,YGA:Vehicle:8cf7ca15c07f,courbevoie,48.905663,2.268615,0,0,576000,YGA:VehicleType:8cf7ca15c07f,Renault,Kangoo Express,2017,combustion_diesel,YGA:PricingPlan:8cf7ca15c07f,6.0,45.0,https://fr.getaround.com/location-voiture/courbevoie/renault-kangoo-express-1957046
2026-09-13T00:02:15,paris,1958111,YGA:Vehicle:e5e57980d5f6,issy-les-moulineaux,48.825802,2.26891,0,0,315000,YGA:VehicleType:e5e57980d5f6,Fiat,500 C,2017,combustion,YGA:PricingPlan:e5e57980d5f6,7.0,53.0,https://fr.getaround.com/location-voiture/issy-les-moulineaux/fiat-500-c-1958111
2026-09-13T00:02:15,paris,1960051,YGA:Vehicle:a5679062fc14,maisons-alfort,48.810951,2.423475,0,0,180000,YGA:VehicleType:a5679062fc14,Renault,Kangoo Express,2015,combustion_diesel,YGA:PricingPlan:a5679062fc14,6.0,44.0,https://fr.getaround.com/location-voiture/maisons-alfort/renault-kangoo-express-1960051
2026-09-13T00:02:15,paris,1960813,YGA:Vehicle:ba349146cb6a,courbevoie,48.890678,2.254113,0,0,140000,YGA:VehicleType:ba349146cb6a,Renault,Twingo III,2015,combustion,YGA:PricingPlan:ba349146cb6a,4.0,31.0,https://fr.getaround.com/location-voiture/courbevoie/renault-twingo-iii-1960813
2026-09-13T00:02:15,paris,1960937,YGA:Vehicle:7e66764884b3,paris,48.869446,2.388356,0,0,372600,YGA:VehicleType:7e66764884b3,Citroen,Jumpy,2018,combustion_diesel,YGA:PricingPlan:7e66764884b3,11.0,76.0,https://fr.getaround.com/location-voiture/paris/citroen-jumpy-1960937
2026-09-13T00:02:15,paris,1962941,YGA:Vehicle:d45e92e3d6ab,le-bourget,48.932129,2.429211,0,0,612000,YGA:VehicleType:d45e92e3d6ab,Peugeot,Boxer,2018,combustion_diesel,YGA:PricingPlan:d45e92e3d6ab,7.0,52.0,https://fr.getaround.com/location-voiture/le-bourget/peugeot-boxer-1962941
2026-09-13T00:02:15,paris,1963500,YGA:Vehicle:8920615a72a8,antony,48.769848,2.31632,0,0,270000,YGA:VehicleType:8920615a72a8,Renault,Kangoo,2016,combustion_diesel,YGA:PricingPlan:8920615a72a8,5.0,38.0,https://fr.getaround.com/location-voiture/antony/renault-kangoo-1963500
2026-09-13T00:02:15,paris,1967808,YGA:Vehicle:0e25aae3bdc0,la-courneuve,48.932438,2.391742,0,0,328000,YGA:VehicleType:0e25aae3bdc0,Nissan,Micra,2020,combustion,YGA:PricingPlan:0e25aae3bdc0,5.0,35.0,https://fr.getaround.com/location-voiture/la-courneuve/nissan-micra-1967808
2026-09-13T00:02:15,paris,1968740,YGA:Vehicle:e85632ce40c3,fontenay-aux-roses,48.789253,2.275593,0,0,784000,YGA:VehicleType:e85632ce40c3,Renault,Trafic,2018,combustion_diesel,YGA:PricingPlan:e85632ce40c3,8.0,55.0,https://fr.getaround.com/location-voiture/fontenay-aux-roses/renault-trafic-1968740
2026-09-13T00:02:15,meaux,1009439,YGA:Vehicle:133d57aa49ea,meaux,48.954048,2.879497,0,0,373500,YGA:VehicleType:133d57aa49ea,Citroen,C3,2022,combustion,YGA:PricingPlan:133d57aa49ea,8.0,56.0,https://fr.getaround.com/location-voiture/meaux/citroen-c3-1009439
2026-09-13T00:02:15,meaux,1070089,YGA:Vehicle:0385ff07e860,meaux,48.95116,2.888571,0,0,339500,YGA:VehicleType:0385ff07e860,Renault,Twingo,2016,combustion,YGA:PricingPlan:0385ff07e860,6.0,43.0,https://fr.getaround.com/location-voiture/meaux/renault-twingo-1070089
2026-09-13T00:02:15,meaux,1213832,YGA:Vehicle:e6c832c025c1,chessy,48.870445,2.782824,0,0,70000,YGA:VehicleType:e6c832c025c1,Renault,Twingo III,2020,combustion,YGA:PricingPlan:e6c832c025c1,5.0,39.0,https://fr.getaround.com/location-voiture/chessy/renault-twingo-iii-1213832
2026-09-13T00:02:15,meaux,1492679,YGA:Vehicle:88c7c557e410,meaux,48.954048,2.879497,0,0,222600,YGA:VehicleType:88c7c557e410,Renault,Clio,2021,combustion,YGA:PricingPlan:88c7c557e410,5.0,38.0,https://fr.getaround.com/location-voiture/meaux/renault-clio-1492679
2026-09-13T00:02:15,meaux,1654119,YGA:Vehicle:11996bb22b77,meaux,48.95224,2.887572,0,0,357000,YGA:VehicleType:11996bb22b77,Renault,Master,2021,combustion_diesel,YGA:PricingPlan:11996bb22b77,13.0,94.0,https://fr.getaround.com/location-voiture/meaux/renault-master-1654119
2026-09-13T00:02:15,meaux,1697520,YGA:Vehicle:f652790e7eda,meaux,48.952145,2.886746,0,0,192000,YGA:VehicleType:f652790e7eda,Renault,Scenic,2015,combustion,YGA:PricingPlan:f652790e7eda,10.0,69.0,https://fr.getaround.com/location-voiture/meaux/renault-scenic-1697520
2026-09-13T00:02:15,meaux,1707343,YGA:Vehicle:9f342659be69,chessy,48.870979,2.783669,0,0,105000,YGA:VehicleType:9f342659be69,Peugeot,208,2016,combustion,YGA:PricingPlan:9f342659be69,4.0,33.0,https://fr.getaround.com/location-voiture/chessy/peugeot-208-1707343
2026-09-13T00:02:15,meaux,1750873,YGA:Vehicle:61d9d7358211,meaux,48.95116,2.888571,0,0,339500,YGA:VehicleType:61d9d7358211,Renault,Twingo III,2015,combustion,YGA:PricingPlan:61d9d7358211,5.0,39.0,https://fr.getaround.com/location-voiture/meaux/renault-twingo-iii-1750873
2026-09-13T00:02:15,meaux,1827706,YGA:Vehicle:677d6df691ab,meaux,48.951782,2.911631,0,0,630000,YGA:VehicleType:677d6df691ab,Renault,Master,2019,combustion_diesel,YGA:PricingPlan:677d6df691ab,9.0,67.0,https://fr.getaround.com/location-voiture/meaux/renault-master-1827706
2026-09-13T00:02:15,meaux,1832794,YGA:Vehicle:1d405c78047c,meaux,48.952435,2.887069,0,0,180000,YGA:VehicleType:1d405c78047c,Seat,Arona,2019,combustion,YGA:PricingPlan:1d405c78047c,9.0,67.0,https://fr.getaround.com/location-voiture/meaux/seat-arona-1832794
2026-09-13T00:02:15,meaux,1833022,YGA:Vehicle:2b1685422980,chessy,48.870445,2.782824,0,0,375000,YGA:VehicleType:2b1685422980,Peugeot,208,2018,combustion,YGA:PricingPlan:2b1685422980,5.0,38.0,https://fr.getaround.com/location-voiture/chessy/peugeot-208-1833022
2026-09-13T00:02:15,meaux,1840454,YGA:Vehicle:9c6f747e07cc,meaux,48.957542,2.874732,0,0,440000,YGA:VehicleType:9c6f747e07cc,Opel,Corsa,2020,combustion,YGA:PricingPlan:9c6f747e07cc,8.0,59.0,https://fr.getaround.com/location-voiture/meaux/opel-corsa-1840454
2026-09-13T00:02:15,meaux,1840681,YGA:Vehicle:52ee321d2887,chessy,48.870445,2.782824,0,0,427500,YGA:VehicleType:52ee321d2887,Renault,Captur,2019,combustion,YGA:PricingPlan:52ee321d2887,7.0,55.0,https://fr.getaround.com/location-voiture/chessy/renault-captur-1840681
2026-09-13T00:02:15,meaux,1872085,YGA:Vehicle:bce474b51e62,meaux,48.951729,2.91183,0,0,530000,YGA:VehicleType:bce474b51e62,Citroen,Berlingo,2019,combustion_diesel,YGA:PricingPlan:bce474b51e62,7.0,56.0,https://fr.getaround.com/location-voiture/meaux/citroen-berlingo-1872085
2026-09-13T00:02:15,meaux,1884196,YGA:Vehicle:948a66755aab,meaux,48.941586,2.880115,0,0,306000,YGA:VehicleType:948a66755aab,Citroen,C3,2015,combustion_diesel,YGA:PricingPlan:948a66755aab,6.0,43.0,https://fr.getaround.com/location-voiture/meaux/citroen-c3-1884196
2026-09-13T00:02:15,meaux,1886152,YGA:Vehicle:1ec307c14086,esbly,48.907074,2.807484,0,0,301500,YGA:VehicleType:1ec307c14086,Renault,Clio,2019,combustion,YGA:PricingPlan:1ec307c14086,7.0,49.0,https://fr.getaround.com/location-voiture/esbly/renault-clio-1886152
2026-09-13T00:02:15,meaux,1922754,YGA:Vehicle:30e13e9db17b,montevrain,48.877571,2.750291,0,0,348600,YGA:VehicleType:30e13e9db17b,Renault,Clio,2021,combustion,YGA:PricingPlan:30e13e9db17b,5.0,41.0,https://fr.getaround.com/location-voiture/montevrain/renault-clio-1922754
2026-09-13T00:02:15,meaux,1924425,YGA:Vehicle:afddffd985c3,chessy,48.870445,2.782824,0,0,322000,YGA:VehicleType:afddffd985c3,Renault,Twingo III,2015,combustion,YGA:PricingPlan:afddffd985c3,6.0,42.0,https://fr.getaround.com/location-voiture/chessy/renault-twingo-iii-1924425
2026-09-13T00:02:15,meaux,1957138,YGA:Vehicle:b6b849ae74db,meaux,48.952614,2.910954,0,0,900000,YGA:VehicleType:b6b849ae74db,Fiat,Ducato,2019,combustion_diesel,YGA:PricingPlan:b6b849ae74db,7.0,53.0,https://fr.getaround.com/location-voiture/meaux/fiat-ducato-1957138
2026-09-13T00:02:15,chessy,635055,YGA:Vehicle:535b56458a13,bussy-saint-georges,48.840614,2.712346,0,0,288000,YGA:VehicleType:535b56458a13,Fiat,Panda,2019,combustion,YGA:PricingPlan:535b56458a13,5.0,36.0,https://fr.getaround.com/location-voiture/bussy-saint-georges/fiat-panda-635055
2026-09-13T00:02:15,chessy,648063,YGA:Vehicle:4af08d1d1e73,bussy-saint-georges,48.83963,2.708837,0,0,280000,YGA:VehicleType:4af08d1d1e73,Suzuki,Celerio,2018,combustion,YGA:PricingPlan:4af08d1d1e73,5.0,35.0,https://fr.getaround.com/location-voiture/bussy-saint-georges/suzuki-celerio-648063
2026-09-13T00:02:15,chessy,869554,YGA:Vehicle:e9da4af4ac39,lognes,48.839088,2.6337,0,0,387000,YGA:VehicleType:e9da4af4ac39,Renault,Clio,2015,combustion_diesel,YGA:PricingPlan:e9da4af4ac39,5.0,39.0,https://fr.getaround.com/location-voiture/lognes/renault-clio-869554
2026-09-13T00:02:15,chessy,972349,YGA:Vehicle:112cb26fb595,lognes,48.839085,2.632072,0,0,306000,YGA:VehicleType:112cb26fb595,Renault,Clio,2015,combustion_diesel,YGA:PricingPlan:112cb26fb595,5.0,39.0,https://fr.getaround.com/location-voiture/lognes/renault-clio-972349
2026-09-13T00:02:15,chessy,1002023,YGA:Vehicle:a956cafdaf7d,bussy-saint-georges,48.838642,2.709033,0,0,176000,YGA:VehicleType:a956cafdaf7d,Peugeot,208,2021,combustion,YGA:PricingPlan:a956cafdaf7d,7.0,46.0,https://fr.getaround.com/location-voiture/bussy-saint-georges/peugeot-208-1002023
2026-09-13T00:02:15,chessy,1069282,YGA:Vehicle:230ef3ff9f57,chessy,48.866543,2.782466,0,0,227500,YGA:VehicleType:230ef3ff9f57,Volkswagen,Up!,2013,combustion,YGA:PricingPlan:230ef3ff9f57,5.0,36.0,https://fr.getaround.com/location-voiture/chessy/volkswagen-up-1069282
2026-09-13T00:02:15,chessy,1074494,YGA:Vehicle:f87a116d431b,chessy,48.866543,2.782466,0,0,262500,YGA:VehicleType:f87a116d431b,Renault,Twingo,2015,combustion,YGA:PricingPlan:f87a116d431b,5.0,36.0,https://fr.getaround.com/location-voiture/chessy/renault-twingo-1074494
2026-09-13T00:02:15,chessy,1097699,YGA:Vehicle:4477501ddda1,chessy,48.866543,2.782466,0,0,418500,YGA:VehicleType:4477501ddda1,Skoda,Fabia,2014,combustion,YGA:PricingPlan:4477501ddda1,5.0,37.0,https://fr.getaround.com/location-voiture/chessy/skoda-fabia-1097699
2026-09-13T00:02:15,chessy,1136506,YGA:Vehicle:726a92c76007,ferrieres-en-brie,48.822258,2.703887,0,0,240000,YGA:VehicleType:726a92c76007,Citroen,Jumpy,2011,combustion_diesel,YGA:PricingPlan:726a92c76007,7.0,56.0,https://fr.getaround.com/location-voiture/ferrieres-en-brie/citroen-jumpy-1136506
2026-09-13T00:02:15,chessy,1146129,YGA:Vehicle:756f7c047079,torcy,48.839039,2.65484,0,0,220500,YGA:VehicleType:756f7c047079,Fiat,500,2015,combustion,YGA:PricingPlan:756f7c047079,4.0,30.0,https://fr.getaround.com/location-voiture/torcy/fiat-500-1146129
2026-09-13T00:02:15,chessy,1159484,YGA:Vehicle:63c845a6b1b8,torcy,48.850121,2.656413,0,0,340000,YGA:VehicleType:63c845a6b1b8,Smart,Fortwo Coupé,2015,combustion,YGA:PricingPlan:63c845a6b1b8,9.0,61.0,https://fr.getaround.com/location-voiture/torcy/smart-fortwo-coupe-1159484
2026-09-13T00:02:15,chessy,1174409,YGA:Vehicle:2ab6300090f9,chessy,48.86829,2.784206,0,0,339500,YGA:VehicleType:2ab6300090f9,Volkswagen,Up!,2012,combustion,YGA:PricingPlan:2ab6300090f9,5.0,36.0,https://fr.getaround.com/location-voiture/chessy/volkswagen-up-1174409
2026-09-13T00:02:15,chessy,1191746,YGA:Vehicle:61cbdc42a3e3,chessy,48.867104,2.78334,0,0,126000,YGA:VehicleType:61cbdc42a3e3,Renault,Clio,2020,combustion,YGA:PricingPlan:61cbdc42a3e3,5.0,40.0,https://fr.getaround.com/location-voiture/chessy/renault-clio-1191746
2026-09-13T00:02:15,chessy,1207367,YGA:Vehicle:319658c9ae9f,bussy-saint-georges,48.840549,2.711737,0,0,280800,YGA:VehicleType:319658c9ae9f,Peugeot,508 SW,2017,combustion_diesel,YGA:PricingPlan:319658c9ae9f,7.0,55.0,https://fr.getaround.com/location-voiture/bussy-saint-georges/peugeot-508-sw-1207367
2026-09-13T00:02:15,chessy,1332978,YGA:Vehicle:f154a5c72186,torcy,48.849659,2.653478,0,0,808000,YGA:VehicleType:f154a5c72186,Renault,Trafic,2019,combustion_diesel,YGA:PricingPlan:f154a5c72186,11.0,86.0,https://fr.getaround.com/location-voiture/torcy/renault-trafic-1332978
2026-09-13T00:02:15,chessy,1336183,YGA:Vehicle:a7ae914f4267,chessy,48.867104,2.78334,0,0,380000,YGA:VehicleType:a7ae914f4267,Peugeot,208,2017,combustion,YGA:PricingPlan:a7ae914f4267,5.0,36.0,https://fr.getaround.com/location-voiture/chessy/peugeot-208-1336183
2026-09-13T00:02:15,chessy,1344767,YGA:Vehicle:a7ef8e267c12,bussy-saint-georges,48.836399,2.708035,0,0,296700,YGA:VehicleType:a7ef8e267c12,Toyota,C-HR,2019,hybrid,YGA:PricingPlan:a7ef8e267c12,8.0,62.0,https://fr.getaround.com/location-voiture/bussy-saint-georges/toyota-c-hr-1344767
2026-09-13T00:02:15,chessy,1351242,YGA:Vehicle:264312d608d7,chessy,48.86829,2.784206,0,0,150500,YGA:VehicleType:264312d608d7,Citroen,C1 II,2016,combustion,YGA:PricingPlan:264312d608d7,5.0,35.0,https://fr.getaround.com/location-voiture/chessy/citroen-c1-ii-1351242
2026-09-13T00:02:15,chessy,1405972,YGA:Vehicle:7c99d483ca9d,chessy,48.868595,2.782622,0,0,402000,YGA:VehicleType:7c99d483ca9d,Citroen,C4,2017,combustion,YGA:PricingPlan:7c99d483ca9d,8.0,57.0,https://fr.getaround.com/location-voiture/chessy/citroen-c4-1405972
2026-09-13T00:02:15,chessy,1408808,YGA:Vehicle:8b62d47c6a9a,montevrain,48.853985,2.769703,0,0,350000,YGA:VehicleType:8b62d47c6a9a,Volkswagen,Up!,2013,combustion,YGA:PricingPlan:8b62d47c6a9a,4.0,33.0,https://fr.getaround.com/location-voiture/montevrain/volkswagen-up-1408808
2026-09-13T00:02:15,chessy,1441048,YGA:Vehicle:7a8baaa6af7a,chessy,48.867104,2.78334,0,0,318000,YGA:VehicleType:7a8baaa6af7a,Peugeot,308,2020,combustion,YGA:PricingPlan:7a8baaa6af7a,6.0,50.0,https://fr.getaround.com/location-voiture/chessy/peugeot-308-1441048
2026-09-13T00:02:15,chessy,1452883,YGA:Vehicle:860876b598ae,roissy-en-brie,48.794415,2.647378,0,0,648000,YGA:VehicleType:860876b598ae,Renault,Trafic,2020,combustion_diesel,YGA:PricingPlan:860876b598ae,11.0,84.0,https://fr.getaround.com/location-voiture/roissy-en-brie/renault-trafic-1452883
2026-09-13T00:02:15,chessy,1455324,YGA:Vehicle:84337b5e6318,chessy,48.867104,2.78334,0,0,9000,YGA:VehicleType:84337b5e6318,Renault,Clio,2018,combustion_diesel,YGA:PricingPlan:84337b5e6318,5.0,39.0,https://fr.getaround.com/location-voiture/chessy/renault-clio-1455324
2026-09-13T00:02:15,chessy,1455403,YGA:Vehicle:5de947aff7a2,ferrieres-en-brie,48.822258,2.703887,0,0,488000,YGA:VehicleType:5de947aff7a2,Citroen,Jumpy,2013,combustion_diesel,YGA:PricingPlan:5de947aff7a2,7.0,56.0,https://fr.getaround.com/location-voiture/ferrieres-en-brie/citroen-jumpy-1455403
2026-09-13T00:02:15,chessy,1460670,YGA:Vehicle:3cbe095b14a2,roissy-en-brie,48.79546,2.648707,0,0,693000,YGA:VehicleType:3cbe095b14a2,Renault,Trafic,2014,combustion_diesel,YGA:PricingPlan:3cbe095b14a2,9.0,68.0,https://fr.getaround.com/location-voiture/roissy-en-brie/renault-trafic-1460670
2026-09-13T00:02:15,chessy,1482149,YGA:Vehicle:e3dfe48901d2,thorigny-sur-marne,48.881889,2.704336,0,0,79200,YGA:VehicleType:e3dfe48901d2,Peugeot,2008,2020,combustion,YGA:PricingPlan:e3dfe48901d2,12.0,88.0,https://fr.getaround.com/location-voiture/thorigny-sur-marne/peugeot-2008-1482149
2026-09-13T00:02:15,chessy,1484615,YGA:Vehicle:58be9fdbe5cb,lognes,48.838909,2.633609,0,0,413000,YGA:VehicleType:58be9fdbe5cb,Renault,Trafic Passenger,2024,combustion_diesel,YGA:PricingPlan:58be9fdbe5cb,16.0,121.0,https://fr.getaround.com/location-voiture/lognes/renault-trafic-passenger-1484615
2026-09-13T00:02:15,chessy,1488292,YGA:Vehicle:2d9a15c2616a,roissy-en-brie,48.794994,2.649178,0,0,400000,YGA:VehicleType:2d9a15c2616a,Seat,Ibiza,2020,combustion,YGA:PricingPlan:2d9a15c2616a,7.0,48.0,https://fr.getaround.com/location-voiture/roissy-en-brie/seat-ibiza-1488292
2026-09-13T00:02:15,chessy,1535527,YGA:Vehicle:f24fccdc4771,collegien,48.837524,2.671171,0,0,508800,YGA:VehicleType:f24fccdc4771,Renault,Grand Scenic,2017,combustion,YGA:PricingPlan:f24fccdc4771,14.0,99.0,https://fr.getaround.com/location-voiture/collegien/renault-grand-scenic-1535527
2026-09-13T00:02:15,chessy,1575249,YGA:Vehicle:5d7c8136b82a,montevrain,48.854469,2.762485,0,0,512000,YGA:VehicleType:5d7c8136b82a,Renault,Trafic,2016,combustion_diesel,YGA:PricingPlan:5d7c8136b82a,6.0,47.0,https://fr.getaround.com/location-voiture/montevrain/renault-trafic-1575249
2026-09-13T00:02:15,chessy,1605730,YGA:Vehicle:160bd2bc26a4,bussy-saint-georges,48.839104,2.656198,0,0,174900,YGA:VehicleType:160bd2bc26a4,Peugeot,308,2018,combustion_diesel,YGA:PricingPlan:160bd2bc26a4,6.0,43.0,https://fr.getaround.com/location-voiture/bussy-saint-georges/peugeot-308-1605730
2026-09-13T00:02:15,chessy,1618259,YGA:Vehicle:cd4da979f718,chessy,48.87006,2.782137,0,0,292500,YGA:VehicleType:cd4da979f718,Lancia,Ypsilon,2014,combustion,YGA:PricingPlan:cd4da979f718,6.0,44.0,https://fr.getaround.com/location-voiture/chessy/lancia-ypsilon-1618259
2026-09-13T00:02:15,chessy,1618857,YGA:Vehicle:7bbd0d08f827,bussy-saint-georges,48.834312,2.717382,0,0,238500,YGA:VehicleType:7bbd0d08f827,Renault,Captur,2017,combustion,YGA:PricingPlan:7bbd0d08f827,5.0,40.0,https://fr.getaround.com/location-voiture/bussy-saint-georges/renault-captur-1618857
2026-09-13T00:02:15,chessy,1636377,YGA:Vehicle:53f254adaec3,le-pin,48.915169,2.631169,0,0,464000,YGA:VehicleType:53f254adaec3,Renault,Trafic,2019,combustion_diesel,YGA:PricingPlan:53f254adaec3,9.0,73.0,https://fr.getaround.com/location-voiture/le-pin/renault-trafic-1636377
2026-09-13T00:02:15,chessy,1650515,YGA:Vehicle:7baeffb5cb62,bussy-saint-georges,48.835552,2.707155,0,0,160000,YGA:VehicleType:7baeffb5cb62,Volkswagen,T-Cross,2024,combustion,YGA:PricingPlan:7baeffb5cb62,8.0,62.0,https://fr.getaround.com/location-voiture/bussy-saint-georges/volkswagen-t-cross-1650515
2026-09-13T00:02:15,chessy,1685156,YGA:Vehicle:e366058aeb1a,serris,48.855129,2.783515,0,0,140000,YGA:VehicleType:e366058aeb1a,Volkswagen,Polo,2024,combustion,YGA:PricingPlan:e366058aeb1a,13.0,102.0,https://fr.getaround.com/location-voiture/serris/volkswagen-polo-1685156
2026-09-13T00:02:15,chessy,1692243,YGA:Vehicle:6cb8d4ce7abe,torcy,48.838451,2.658149,0,0,768000,YGA:VehicleType:6cb8d4ce7abe,Citroen,Jumpy,2016,combustion_diesel,YGA:PricingPlan:6cb8d4ce7abe,7.0,56.0,https://fr.getaround.com/location-voiture/torcy/citroen-jumpy-1692243
2026-09-13T00:02:15,chessy,1703776,YGA:Vehicle:fc3305932dba,chessy,48.867226,2.782429,0,0,105000,YGA:VehicleType:fc3305932dba,Peugeot,208,2015,combustion,YGA:PricingPlan:fc3305932dba,4.0,32.0,https://fr.getaround.com/location-voiture/chessy/peugeot-208-1703776
2026-09-13T00:02:15,chessy,1708318,YGA:Vehicle:a9d9ab96028a,lognes,48.839474,2.631181,0,0,423500,YGA:VehicleType:a9d9ab96028a,Peugeot,5008,2024,combustion_diesel,YGA:PricingPlan:a9d9ab96028a,16.0,119.0,https://fr.getaround.com/location-voiture/lognes/peugeot-5008-1708318
2026-09-13T00:02:15,chessy,1721372,YGA:Vehicle:32079da2e7ef,lognes,48.839474,2.631181,0,0,348600,YGA:VehicleType:32079da2e7ef,Renault,Clio,2024,combustion,YGA:PricingPlan:32079da2e7ef,13.0,93.0,https://fr.getaround.com/location-voiture/lognes/renault-clio-1721372
2026-09-13T00:02:15,chessy,1728460,YGA:Vehicle:784d64e396fe,serris,48.854156,2.773673,0,0,399000,YGA:VehicleType:784d64e396fe,Renault,Clio,2021,combustion,YGA:PricingPlan:784d64e396fe,6.0,48.0,https://fr.getaround.com/location-voiture/serris/renault-clio-1728460
2026-09-13T00:02:15,chessy,1731887,YGA:Vehicle:4afc1d42ae95,montevrain,48.854733,2.769735,0,0,399000,YGA:VehicleType:4afc1d42ae95,Ford,Fiesta,2017,combustion,YGA:PricingPlan:4afc1d42ae95,6.0,44.0,https://fr.getaround.com/location-voiture/montevrain/ford-fiesta-1731887
2026-09-13T00:02:15,chessy,1752841,YGA:Vehicle:0e1c43f3a7be,bussy-saint-georges,48.835552,2.707155,0,0,378000,YGA:VehicleType:0e1c43f3a7be,Renault,Clio,2021,combustion,YGA:PricingPlan:0e1c43f3a7be,5.0,36.0,https://fr.getaround.com/location-voiture/bussy-saint-georges/renault-clio-1752841
2026-09-13T00:02:15,chessy,1758855,YGA:Vehicle:ab7f0b38e22c,torcy,48.836945,2.65939,0,0,690000,YGA:VehicleType:ab7f0b38e22c,Citroen,Jumpy,2018,combustion_diesel,YGA:PricingPlan:ab7f0b38e22c,8.0,61.0,https://fr.getaround.com/location-voiture/torcy/citroen-jumpy-1758855
2026-09-13T00:02:15,chessy,1763257,YGA:Vehicle:40553185d873,chessy,48.867104,2.78334,0,0,306000,YGA:VehicleType:40553185d873,Citroen,C3,2020,combustion,YGA:PricingPlan:40553185d873,5.0,36.0,https://fr.getaround.com/location-voiture/chessy/citroen-c3-1763257
2026-09-13T00:02:15,chessy,1765814,YGA:Vehicle:654ca22764e4,chessy,48.868595,2.782622,0,0,440000,YGA:VehicleType:654ca22764e4,Peugeot,208,2015,combustion,YGA:PricingPlan:654ca22764e4,4.0,32.0,https://fr.getaround.com/location-voiture/chessy/peugeot-208-1765814
2026-09-13T00:02:15,chessy,1794150,YGA:Vehicle:24c0556effca,bussy-saint-georges,48.8391,2.656175,0,0,340400,YGA:VehicleType:24c0556effca,Suzuki,Swift,2021,hybrid,YGA:PricingPlan:24c0556effca,8.0,59.0,https://fr.getaround.com/location-voiture/bussy-saint-georges/suzuki-swift-1794150
2026-09-13T00:02:15,chessy,1796597,YGA:Vehicle:a5f25e4a8b66,serris,48.854698,2.774975,0,0,175000,YGA:VehicleType:a5f25e4a8b66,Renault,Twingo III,2016,combustion,YGA:PricingPlan:a5f25e4a8b66,5.0,42.0,https://fr.getaround.com/location-voiture/serris/renault-twingo-iii-1796597
2026-09-13T00:02:15,chessy,1796759,YGA:Vehicle:12cdfa6ac393,chessy,48.866978,2.782029,0,0,427500,YGA:VehicleType:12cdfa6ac393,Renault,Clio,2016,combustion,YGA:PricingPlan:12cdfa6ac393,4.0,32.0,https://fr.getaround.com/location-voiture/chessy/renault-clio-1796759
2026-09-13T00:02:15,chessy,1798138,YGA:Vehicle:6e37bb7a94ce,lognes,48.837368,2.647268,0,0,103500,YGA:VehicleType:6e37bb7a94ce,Audi,A1 Sportback,2014,combustion,YGA:PricingPlan:6e37bb7a94ce,6.0,44.0,https://fr.getaround.com/location-voiture/lognes/audi-a1-sportback-1798138
2026-09-13T00:02:15,chessy,1801197,YGA:Vehicle:114409587cb5,torcy,48.849888,2.656402,0,0,322000,YGA:VehicleType:114409587cb5,Ford,Transit Custom Fourgon,2021,combustion_diesel,YGA:PricingPlan:114409587cb5,13.0,100.0,https://fr.getaround.com/location-voiture/torcy/ford-transit-custom-fourgon-1801197
2026-09-13T00:02:15,chessy,1823503,YGA:Vehicle:20a208efccc2,serris,48.856216,2.784176,0,0,904000,YGA:VehicleType:20a208efccc2,Renault,Trafic Passenger,2021,combustion_diesel,YGA:PricingPlan:20a208efccc2,17.0,125.0,https://fr.getaround.com/location-voiture/serris/renault-trafic-passenger-1823503
2026-09-13T00:02:15,chessy,1824328,YGA:Vehicle:8bb5a0efeb70,montevrain,48.853928,2.769709,0,0,460000,YGA:VehicleType:8bb5a0efeb70,Renault,Captur,2020,combustion,YGA:PricingPlan:8bb5a0efeb70,7.0,52.0,https://fr.getaround.com/location-voiture/montevrain/renault-captur-1824328
2026-09-13T00:02:15,chessy,1826074,YGA:Vehicle:dd36cfec0833,torcy,48.83474,2.660479,0,0,900000,YGA:VehicleType:dd36cfec0833,Citroen,Jumper,2015,combustion_diesel,YGA:PricingPlan:dd36cfec0833,9.0,69.0,https://fr.getaround.com/location-voiture/torcy/citroen-jumper-1826074
2026-09-13T00:02:15,chessy,1829236,YGA:Vehicle:9766114f0c4a,lognes,48.83556,2.640536,0,0,330000,YGA:VehicleType:9766114f0c4a,Peugeot,2008,2020,combustion,YGA:PricingPlan:9766114f0c4a,11.0,77.0,https://fr.getaround.com/location-voiture/lognes/peugeot-2008-1829236
2026-09-13T00:02:15,chessy,1840365,YGA:Vehicle:08147b5223d8,serris,48.854843,2.775055,0,0,248500,YGA:VehicleType:08147b5223d8,Fiat,500,2017,combustion,YGA:PricingPlan:08147b5223d8,6.0,48.0,https://fr.getaround.com/location-voiture/serris/fiat-500-1840365
2026-09-13T00:02:15,chessy,1846976,YGA:Vehicle:60fd0cc6216b,thorigny-sur-marne,48.883049,2.715242,0,0,311500,YGA:VehicleType:60fd0cc6216b,Renault,Twingo III,2018,combustion,YGA:PricingPlan:60fd0cc6216b,7.0,48.0,https://fr.getaround.com/location-voiture/thorigny-sur-marne/renault-twingo-iii-1846976
2026-09-13T00:02:15,chessy,1847377,YGA:Vehicle:3befaba1d047,torcy,48.840824,2.655656,0,0,259000,YGA:VehicleType:3befaba1d047,Fiat,500,2015,combustion,YGA:PricingPlan:3befaba1d047,6.0,45.0,https://fr.getaround.com/location-voiture/torcy/fiat-500-1847377
2026-09-13T00:02:15,chessy,1847908,YGA:Vehicle:cc77984f1f05,thorigny-sur-marne,48.882904,2.714248,0,0,272600,YGA:VehicleType:cc77984f1f05,Renault,Mégane IV,2018,combustion,YGA:PricingPlan:cc77984f1f05,7.0,51.0,https://fr.getaround.com/location-voiture/thorigny-sur-marne/renault-megane-iv-1847908
2026-09-13T00:02:15,chessy,1848280,YGA:Vehicle:8a7d594bee4f,torcy,48.839642,2.656146,0,0,238500,YGA:VehicleType:8a7d594bee4f,Renault,Clio,2019,combustion,YGA:PricingPlan:8a7d594bee4f,5.0,39.0,https://fr.getaround.com/location-voiture/torcy/renault-clio-1848280
2026-09-13T00:02:15,chessy,1849571,YGA:Vehicle:4a180b6ff224,chessy,48.857117,2.771377,0,0,405000,YGA:VehicleType:4a180b6ff224,Renault,Captur,2022,hybrid,YGA:PricingPlan:4a180b6ff224,6.0,48.0,https://fr.getaround.com/location-voiture/chessy/renault-captur-1849571
2026-09-13T00:02:15,chessy,1850376,YGA:Vehicle:ed5eac7cfe5e,serris,48.853062,2.778365,0,0,418700,YGA:VehicleType:ed5eac7cfe5e,Peugeot,308 GT,2019,combustion,YGA:PricingPlan:ed5eac7cfe5e,13.0,93.0,https://fr.getaround.com/location-voiture/serris/peugeot-308-gt-1850376
2026-09-13T00:02:15,chessy,1856038,YGA:Vehicle:1f0a6d8749b6,claye-souilly,48.940697,2.690068,0,0,530000,YGA:VehicleType:1f0a6d8749b6,Peugeot,308,2019,combustion,YGA:PricingPlan:1f0a6d8749b6,9.0,65.0,https://fr.getaround.com/location-voiture/claye-souilly/peugeot-308-1856038
2026-09-13T00:02:15,chessy,1861797,YGA:Vehicle:bfe18fbba171,serris,48.853062,2.778365,0,0,157500,YGA:VehicleType:bfe18fbba171,Renault,Twingo,2018,combustion,YGA:PricingPlan:bfe18fbba171,7.0,55.0,https://fr.getaround.com/location-voiture/serris/renault-twingo-1861797
2026-09-13T00:02:15,chessy,1869421,YGA:Vehicle:72ca6d2fb566,serris,48.853062,2.778365,0,0,500000,YGA:VehicleType:72ca6d2fb566,Dacia,Sandero,2018,combustion,YGA:PricingPlan:72ca6d2fb566,7.0,51.0,https://fr.getaround.com/location-voiture/serris/dacia-sandero-1869421
2026-09-13T00:02:15,chessy,1871551,YGA:Vehicle:4795727fb4ed,chessy,48.866833,2.782193,0,0,360000,YGA:VehicleType:4795727fb4ed,Volkswagen,Polo,2017,combustion,YGA:PricingPlan:4795727fb4ed,7.0,52.0,https://fr.getaround.com/location-voiture/chessy/volkswagen-polo-1871551
2026-09-13T00:02:15,chessy,1891691,YGA:Vehicle:3bca7c3580d8,serris,48.852516,2.788446,0,0,240000,YGA:VehicleType:3bca7c3580d8,Renault,Twingo II,2013,combustion,YGA:PricingPlan:3bca7c3580d8,5.0,39.0,https://fr.getaround.com/location-voiture/serris/renault-twingo-ii-1891691
2026-09-13T00:02:15,chessy,1893128,YGA:Vehicle:9636caef22b8,montevrain,48.853943,2.769645,0,0,339500,YGA:VehicleType:9636caef22b8,Renault,Twingo III,2017,combustion,YGA:PricingPlan:9636caef22b8,6.0,45.0,https://fr.getaround.com/location-voiture/montevrain/renault-twingo-iii-1893128
2026-09-13T00:02:15,chessy,1896287,YGA:Vehicle:a13b13e05fde,chessy,48.868652,2.782607,0,0,329000,YGA:VehicleType:a13b13e05fde,Volkswagen,Up!,2014,combustion,YGA:PricingPlan:a13b13e05fde,5.0,35.0,https://fr.getaround.com/location-voiture/chessy/volkswagen-up-1896287
2026-09-13T00:02:15,chessy,1896463,YGA:Vehicle:b738216c2af5,lognes,48.838799,2.632765,0,0,400500,YGA:VehicleType:b738216c2af5,Fiat,Punto,2015,combustion,YGA:PricingPlan:b738216c2af5,5.0,35.0,https://fr.getaround.com/location-voiture/lognes/fiat-punto-1896463
2026-09-13T00:02:15,chessy,1896688,YGA:Vehicle:70af55a4c280,bussy-saint-georges,48.842403,2.70782,0,0,600000,YGA:VehicleType:70af55a4c280,Renault,Kangoo Express,2019,combustion_diesel,YGA:PricingPlan:70af55a4c280,8.0,64.0,https://fr.getaround.com/location-voiture/bussy-saint-georges/renault-kangoo-express-1896688
2026-09-13T00:02:15,chessy,1913828,YGA:Vehicle:21fd9de15431,bailly-romainvilliers,48.849819,2.80869,0,0,387200,YGA:VehicleType:21fd9de15431,Peugeot,2008,2023,combustion,YGA:PricingPlan:21fd9de15431,9.0,67.0,https://fr.getaround.com/location-voiture/bailly-romainvilliers/peugeot-2008-1913828
2026-09-13T00:02:15,chessy,1923904,YGA:Vehicle:90e7950f5641,serris,48.852516,2.788446,0,0,165000,YGA:VehicleType:90e7950f5641,Peugeot,208,2015,combustion,YGA:PricingPlan:90e7950f5641,5.0,41.0,https://fr.getaround.com/location-voiture/serris/peugeot-208-1923904
2026-09-13T00:02:15,chessy,1924436,YGA:Vehicle:9cc21c0e6055,montevrain,48.853928,2.769709,0,0,322000,YGA:VehicleType:9cc21c0e6055,Renault,Twingo III,2015,combustion,YGA:PricingPlan:9cc21c0e6055,5.0,40.0,https://fr.getaround.com/location-voiture/montevrain/renault-twingo-iii-1924436
2026-09-13T00:02:15,chessy,1925563,YGA:Vehicle:57b4cc1eaa70,bussy-saint-georges,48.834873,2.717833,0,0,90100,YGA:VehicleType:57b4cc1eaa70,Citroen,Berlingo,2019,combustion_diesel,YGA:PricingPlan:57b4cc1eaa70,10.0,72.0,https://fr.getaround.com/location-voiture/bussy-saint-georges/citroen-berlingo-1925563
2026-09-13T00:02:15,chessy,1926690,YGA:Vehicle:f806acd5f2c6,ferrieres-en-brie,48.822678,2.70312,0,0,690000,YGA:VehicleType:f806acd5f2c6,Peugeot,Expert,2020,combustion_diesel,YGA:PricingPlan:f806acd5f2c6,8.0,60.0,https://fr.getaround.com/location-voiture/ferrieres-en-brie/peugeot-expert-1926690
2026-09-13T00:02:15,chessy,1938155,YGA:Vehicle:cf03240c344e,bussy-saint-georges,48.84082,2.711314,0,0,477000,YGA:VehicleType:cf03240c344e,Peugeot,3008,2017,combustion,YGA:PricingPlan:cf03240c344e,6.0,46.0,https://fr.getaround.com/location-voiture/bussy-saint-georges/peugeot-3008-1938155
2026-09-13T00:02:15,chessy,1963740,YGA:Vehicle:a599be7ed676,messy,48.967426,2.695821,0,0,72000,YGA:VehicleType:a599be7ed676,Renault,Trafic,2018,combustion_diesel,YGA:PricingPlan:a599be7ed676,12.0,83.0,https://fr.getaround.com/location-voiture/messy/renault-trafic-1963740
2026-09-13T00:02:15,serris,1676038,YGA:Vehicle:ed2e92eff45b,ozoir-la-ferriere,48.76487,2.693073,0,0,99000,YGA:VehicleType:ed2e92eff45b,Renault,Captur,2019,combustion,YGA:PricingPlan:ed2e92eff45b,5.0,42.0,https://fr.getaround.com/location-voiture/ozoir-la-ferriere/renault-captur-1676038
2026-09-13T00:02:15,serris,1740299,YGA:Vehicle:ddc5febd62c7,roissy-en-brie,48.791363,2.651652,0,0,1008000,YGA:VehicleType:ddc5febd62c7,Renault,Master,2014,combustion_diesel,YGA:PricingPlan:ddc5febd62c7,9.0,68.0,https://fr.getaround.com/location-voiture/roissy-en-brie/renault-master-1740299
2026-09-13T00:02:15,torcy,509465,YGA:Vehicle:0bf6724456f9,champs-sur-marne,48.843754,2.585645,0,0,73600,YGA:VehicleType:0bf6724456f9,Citroen,C3,2015,combustion_diesel,YGA:PricingPlan:0bf6724456f9,5.0,34.0,https://fr.getaround.com/location-voiture/champs-sur-marne/citroen-c3-509465
2026-09-13T00:02:15,torcy,636718,YGA:Vehicle:7107045f220f,champs-sur-marne,48.84486,2.585926,0,0,274500,YGA:VehicleType:7107045f220f,Peugeot,208,2017,combustion_diesel,YGA:PricingPlan:7107045f220f,5.0,38.0,https://fr.getaround.com/location-voiture/champs-sur-marne/peugeot-208-636718
2026-09-13T00:02:15,torcy,728213,YGA:Vehicle:663f7f2bd1a7,champs-sur-marne,48.844185,2.586436,0,0,450000,YGA:VehicleType:663f7f2bd1a7,Peugeot,208,2017,combustion_diesel,YGA:PricingPlan:663f7f2bd1a7,6.0,46.0,https://fr.getaround.com/location-voiture/champs-sur-marne/peugeot-208-728213
2026-09-13T00:02:15,torcy,838920,YGA:Vehicle:9269174dd6c1,gagny,48.884483,2.548112,0,0,440000,YGA:VehicleType:9269174dd6c1,Ford,Focus,2017,combustion_diesel,YGA:PricingPlan:9269174dd6c1,6.0,44.0,https://fr.getaround.com/location-voiture/gagny/ford-focus-838920
2026-09-13T00:02:15,torcy,845300,YGA:Vehicle:47a7a864190a,champs-sur-marne,48.84486,2.585926,0,0,247500,YGA:VehicleType:47a7a864190a,Peugeot,208,2018,combustion_diesel,YGA:PricingPlan:47a7a864190a,6.0,42.0,https://fr.getaround.com/location-voiture/champs-sur-marne/peugeot-208-845300
2026-09-13T00:02:15,torcy,861769,YGA:Vehicle:b461afab5061,noisy-le-grand,48.841381,2.564283,0,0,426000,YGA:VehicleType:b461afab5061,Renault,Kangoo Express,2015,combustion_diesel,YGA:PricingPlan:b461afab5061,6.0,45.0,https://fr.getaround.com/location-voiture/noisy-le-grand/renault-kangoo-express-861769
2026-09-13T00:02:15,torcy,897795,YGA:Vehicle:1f1a660d2b7d,gagny,48.882553,2.537118,0,0,400000,YGA:VehicleType:1f1a660d2b7d,Dacia,Sandero,2021,combustion,YGA:PricingPlan:1f1a660d2b7d,6.0,46.0,https://fr.getaround.com/location-voiture/gagny/dacia-sandero-897795
2026-09-13T00:02:15,torcy,898084,YGA:Vehicle:7e13bf2aa68f,noisiel,48.8493,2.623649,0,0,304000,YGA:VehicleType:7e13bf2aa68f,Fiat,Scudo,2016,combustion_diesel,YGA:PricingPlan:7e13bf2aa68f,7.0,54.0,https://fr.getaround.com/location-voiture/noisiel/fiat-scudo-898084
2026-09-13T00:02:15,torcy,981009,YGA:Vehicle:12336a4573ee,noisy-le-grand,48.844418,2.55187,0,0,396000,YGA:VehicleType:12336a4573ee,Renault,Clio,2015,combustion,YGA:PricingPlan:12336a4573ee,5.0,37.0,https://fr.getaround.com/location-voiture/noisy-le-grand/renault-clio-981009
2026-09-13T00:02:15,torcy,990291,YGA:Vehicle:87f6d577e453,bry-sur-marne,48.843029,2.525437,0,0,365200,YGA:VehicleType:87f6d577e453,Peugeot,208,2022,combustion,YGA:PricingPlan:87f6d577e453,5.0,36.0,https://fr.getaround.com/location-voiture/bry-sur-marne/peugeot-208-990291
2026-09-13T00:02:15,torcy,1029731,YGA:Vehicle:23c8a29fd6cf,bry-sur-marne,48.829704,2.524496,0,0,368000,YGA:VehicleType:23c8a29fd6cf,Fiat,Scudo,2015,combustion_diesel,YGA:PricingPlan:23c8a29fd6cf,6.0,49.0,https://fr.getaround.com/location-voiture/bry-sur-marne/fiat-scudo-1029731
2026-09-13T00:02:15,torcy,1034007,YGA:Vehicle:74a003d27bca,la-queue-en-brie,48.792137,2.558414,0,0,618000,YGA:VehicleType:74a003d27bca,Renault,Kangoo Express,2015,combustion_diesel,YGA:PricingPlan:74a003d27bca,6.0,48.0,https://fr.getaround.com/location-voiture/la-queue-en-brie/renault-kangoo-express-1034007
2026-09-13T00:02:15,torcy,1083935,YGA:Vehicle:2bb3512b75a9,champs-sur-marne,48.843754,2.585645,0,0,357000,YGA:VehicleType:2bb3512b75a9,Citroen,C3,2016,combustion_diesel,YGA:PricingPlan:2bb3512b75a9,5.0,34.0,https://fr.getaround.com/location-voiture/champs-sur-marne/citroen-c3-1083935
2026-09-13T00:02:15,torcy,1123826,YGA:Vehicle:672f8bf539fe,champs-sur-marne,48.852032,2.609178,0,0,512000,YGA:VehicleType:672f8bf539fe,Fiat,Scudo,2015,combustion_diesel,YGA:PricingPlan:672f8bf539fe,7.0,53.0,https://fr.getaround.com/location-voiture/champs-sur-marne/fiat-scudo-1123826
2026-09-13T00:02:15,torcy,1127171,YGA:Vehicle:0b4aa1e9fc31,la-queue-en-brie,48.792137,2.558414,0,0,450000,YGA:VehicleType:0b4aa1e9fc31,Renault,Kangoo Express,2013,combustion_diesel,YGA:PricingPlan:0b4aa1e9fc31,7.0,49.0,https://fr.getaround.com/location-voiture/la-queue-en-brie/renault-kangoo-express-1127171
2026-09-13T00:02:15,torcy,1149458,YGA:Vehicle:5e850cd2a8f4,noisiel,48.843548,2.616169,0,0,280000,YGA:VehicleType:5e850cd2a8f4,Citroen,C1,2013,combustion,YGA:PricingPlan:5e850cd2a8f4,5.0,37.0,https://fr.getaround.com/location-voiture/noisiel/citroen-c1-1149458
2026-09-13T00:02:15,torcy,1224539,YGA:Vehicle:580a2d9b7ec5,noisy-le-grand,48.84724,2.551692,0,0,206800,YGA:VehicleType:580a2d9b7ec5,Peugeot,208,2023,combustion,YGA:PricingPlan:580a2d9b7ec5,6.0,49.0,https://fr.getaround.com/location-voiture/noisy-le-grand/peugeot-208-1224539
2026-09-13T00:02:15,torcy,1231271,YGA:Vehicle:913d4d92004a,bry-sur-marne,48.829762,2.524419,0,0,320000,YGA:VehicleType:913d4d92004a,Citroen,Jumpy,2015,combustion_diesel,YGA:PricingPlan:913d4d92004a,8.0,61.0,https://fr.getaround.com/location-voiture/bry-sur-marne/citroen-jumpy-1231271
2026-09-13T00:02:15,torcy,1274541,YGA:Vehicle:34ecbd0fad1f,noisy-le-grand,48.845459,2.52871,0,0,409200,YGA:VehicleType:34ecbd0fad1f,Peugeot,208,2023,combustion,YGA:PricingPlan:34ecbd0fad1f,7.0,56.0,https://fr.getaround.com/location-voiture/noisy-le-grand/peugeot-208-1274541
2026-09-13T00:02:15,torcy,1298433,YGA:Vehicle:a588b270e625,noisy-le-grand,48.840206,2.564822,0,0,304500,YGA:VehicleType:a588b270e625,Renault,Master,2016,combustion_diesel,YGA:PricingPlan:a588b270e625,11.0,82.0,https://fr.getaround.com/location-voiture/noisy-le-grand/renault-master-1298433
2026-09-13T00:02:15,torcy,1298669,YGA:Vehicle:62dd2e5059da,gagny,48.882095,2.526973,0,0,207000,YGA:VehicleType:62dd2e5059da,Renault,Captur,2014,combustion_diesel,YGA:PricingPlan:62dd2e5059da,5.0,35.0,https://fr.getaround.com/location-voiture/gagny/renault-captur-1298669
2026-09-13T00:02:15,torcy,1307063,YGA:Vehicle:3a247114d6dc,neuilly-plaisance,48.852764,2.51388,0,0,260400,YGA:VehicleType:3a247114d6dc,Renault,Clio,2021,combustion,YGA:PricingPlan:3a247114d6dc,4.0,28.0,https://fr.getaround.com/location-voiture/neuilly-plaisance/renault-clio-1307063
2026-09-13T00:02:15,torcy,1307939,YGA:Vehicle:be9961887a39,noisiel,48.843258,2.623233,0,0,800000,YGA:VehicleType:be9961887a39,Renault,Trafic,2017,combustion_diesel,YGA:PricingPlan:be9961887a39,11.0,79.0,https://fr.getaround.com/location-voiture/noisiel/renault-trafic-1307939
2026-09-13T00:02:15,torcy,1320434,YGA:Vehicle:7dab52097e08,noisy-le-grand,48.838676,2.548939,0,0,184800,YGA:VehicleType:7dab52097e08,Peugeot,208,2023,combustion,YGA:PricingPlan:7dab52097e08,7.0,56.0,https://fr.getaround.com/location-voiture/noisy-le-grand/peugeot-208-1320434
2026-09-13T00:02:15,torcy,1324454,YGA:Vehicle:871605a4ab9a,champs-sur-marne,48.843754,2.58562,0,0,450000,YGA:VehicleType:871605a4ab9a,Citroen,C3,2015,combustion_diesel,YGA:PricingPlan:871605a4ab9a,5.0,34.0,https://fr.getaround.com/location-voiture/champs-sur-marne/citroen-c3-1324454
2026-09-13T00:02:15,torcy,1359540,YGA:Vehicle:bd37b3f9e340,villeparisis,48.939598,2.602248,0,0,252000,YGA:VehicleType:bd37b3f9e340,Peugeot,Boxer,2013,combustion_diesel,YGA:PricingPlan:bd37b3f9e340,10.0,72.0,https://fr.getaround.com/location-voiture/villeparisis/peugeot-boxer-1359540
2026-09-13T00:02:15,torcy,1394359,YGA:Vehicle:f8f31e079b2a,gagny,48.870407,2.56193,0,0,800000,YGA:VehicleType:f8f31e079b2a,Peugeot,Expert,2020,combustion_diesel,YGA:PricingPlan:f8f31e079b2a,19.0,138.0,https://fr.getaround.com/location-voiture/gagny/peugeot-expert-1394359
2026-09-13T00:02:15,torcy,1394589,YGA:Vehicle:31b83fb02594,noisy-le-grand,48.84079,2.574258,0,0,110000,YGA:VehicleType:31b83fb02594,Peugeot,2008,2020,combustion,YGA:PricingPlan:31b83fb02594,9.0,65.0,https://fr.getaround.com/location-voiture/noisy-le-grand/peugeot-2008-1394589
2026-09-13T00:02:15,torcy,1397005,YGA:Vehicle:7f6d26cf5b93,bry-sur-marne,48.839676,2.515687,0,0,610000,YGA:VehicleType:7f6d26cf5b93,Toyota,Proace Fourgon,2019,combustion_diesel,YGA:PricingPlan:7f6d26cf5b93,8.0,62.0,https://fr.getaround.com/location-voiture/bry-sur-marne/toyota-proace-fourgon-1397005
2026-09-13T00:02:15,torcy,1402516,YGA:Vehicle:0c9b8f1c86ca,bry-sur-marne,48.829964,2.52527,0,0,323300,YGA:VehicleType:0c9b8f1c86ca,Citroen,Berlingo,2016,combustion_diesel,YGA:PricingPlan:0c9b8f1c86ca,7.0,56.0,https://fr.getaround.com/location-voiture/bry-sur-marne/citroen-berlingo-1402516
2026-09-13T00:02:15,torcy,1420061,YGA:Vehicle:6bfc6940bca6,chennevieres-sur-marne,48.802597,2.551471,0,0,105000,YGA:VehicleType:6bfc6940bca6,Citroen,C4 Cactus,2017,combustion,YGA:PricingPlan:6bfc6940bca6,9.0,67.0,https://fr.getaround.com/location-voiture/chennevieres-sur-marne/citroen-c4-cactus-1420061
2026-09-13T00:02:15,torcy,1434683,YGA:Vehicle:0ff51b3965f7,villiers-sur-marne,48.822826,2.56455,0,0,512000,YGA:VehicleType:0ff51b3965f7,Renault,Trafic,2015,combustion_diesel,YGA:PricingPlan:0ff51b3965f7,6.0,44.0,https://fr.getaround.com/location-voiture/villiers-sur-marne/renault-trafic-1434683
2026-09-13T00:02:15,torcy,1446293,YGA:Vehicle:8c9d68358e5c,champs-sur-marne,48.842709,2.587603,0,0,500000,YGA:VehicleType:8c9d68358e5c,Peugeot,208 Société,2014,combustion_diesel,YGA:PricingPlan:8c9d68358e5c,5.0,38.0,https://fr.getaround.com/location-voiture/champs-sur-marne/peugeot-208-societe-1446293
2026-09-13T00:02:15,torcy,1458452,YGA:Vehicle:1308b5153eb8,bry-sur-marne,48.829704,2.524496,0,0,639000,YGA:VehicleType:1308b5153eb8,Opel,Vivaro,2013,combustion_diesel,YGA:PricingPlan:1308b5153eb8,7.0,51.0,https://fr.getaround.com/location-voiture/bry-sur-marne/opel-vivaro-1458452
2026-09-13T00:02:15,torcy,1460016,YGA:Vehicle:e87555da8c1a,noisiel,48.843079,2.62306,0,0,294800,YGA:VehicleType:e87555da8c1a,Peugeot,2008,2021,combustion,YGA:PricingPlan:e87555da8c1a,9.0,64.0,https://fr.getaround.com/location-voiture/noisiel/peugeot-2008-1460016
2026-09-13T00:02:15,torcy,1464651,YGA:Vehicle:080e0a50966b,livry-gargan,48.909958,2.527985,0,0,387000,YGA:VehicleType:080e0a50966b,Renault,Trafic,2013,combustion_diesel,YGA:PricingPlan:080e0a50966b,7.0,56.0,https://fr.getaround.com/location-voiture/livry-gargan/renault-trafic-1464651
2026-09-13T00:02:15,torcy,1480839,YGA:Vehicle:d492000f699c,noisy-le-grand,48.834034,2.554159,0,0,246000,YGA:VehicleType:d492000f699c,Renault,Kangoo Express,2017,combustion_diesel,YGA:PricingPlan:d492000f699c,7.0,54.0,https://fr.getaround.com/location-voiture/noisy-le-grand/renault-kangoo-express-1480839
2026-09-13T00:02:15,torcy,1485501,YGA:Vehicle:ea4592c818eb,chelles,48.882751,2.578407,0,0,486000,YGA:VehicleType:ea4592c818eb,Renault,Kangoo Express,2014,combustion_diesel,YGA:PricingPlan:ea4592c818eb,6.0,45.0,https://fr.getaround.com/location-voiture/chelles/renault-kangoo-express-1485501
2026-09-13T00:02:15,torcy,1487085,YGA:Vehicle:7a97e20888ae,neuilly-sur-marne,48.872299,2.529284,0,0,140800,YGA:VehicleType:7a97e20888ae,Peugeot,208,2020,combustion,YGA:PricingPlan:7a97e20888ae,6.0,48.0,https://fr.getaround.com/location-voiture/neuilly-sur-marne/peugeot-208-1487085
2026-09-13T00:02:15,torcy,1520386,YGA:Vehicle:705b8435f033,le-plessis-trevise,48.80159,2.573573,0,0,594000,YGA:VehicleType:705b8435f033,Citroen,Jumper,2015,combustion_diesel,YGA:PricingPlan:705b8435f033,6.0,48.0,https://fr.getaround.com/location-voiture/le-plessis-trevise/citroen-jumper-1520386
2026-09-13T00:02:15,torcy,1536571,YGA:Vehicle:d17629290272,ormesson-sur-marne,48.791302,2.552384,0,0,113400,YGA:VehicleType:d17629290272,Renault,Clio,2020,combustion,YGA:PricingPlan:d17629290272,4.0,33.0,https://fr.getaround.com/location-voiture/ormesson-sur-marne/renault-clio-1536571
2026-09-13T00:02:15,torcy,1545783,YGA:Vehicle:a64c7c0f5a0b,bry-sur-marne,48.832691,2.52919,0,0,258000,YGA:VehicleType:a64c7c0f5a0b,Peugeot,Partner Fourgon,2020,combustion_diesel,YGA:PricingPlan:a64c7c0f5a0b,7.0,53.0,https://fr.getaround.com/location-voiture/bry-sur-marne/peugeot-partner-fourgon-1545783
2026-09-13T00:02:15,torcy,1546236,YGA:Vehicle:d45a78c77724,noisy-le-grand,48.847878,2.550225,0,0,356400,YGA:VehicleType:d45a78c77724,Peugeot,208,2024,combustion,YGA:PricingPlan:d45a78c77724,7.0,56.0,https://fr.getaround.com/location-voiture/noisy-le-grand/peugeot-208-1546236
2026-09-13T00:02:15,torcy,1546843,YGA:Vehicle:3a1b517f0cc0,livry-gargan,48.91856,2.539054,0,0,736000,YGA:VehicleType:3a1b517f0cc0,Opel,Movano,2017,combustion_diesel,YGA:PricingPlan:3a1b517f0cc0,13.0,94.0,https://fr.getaround.com/location-voiture/livry-gargan/opel-movano-1546843
2026-09-13T00:02:15,torcy,1552727,YGA:Vehicle:1dd950cbef3d,saint-maur-des-fosses,48.788418,2.513791,0,0,510400,YGA:VehicleType:1dd950cbef3d,Renault,Espace,2015,combustion_diesel,YGA:PricingPlan:1dd950cbef3d,5.0,39.0,https://fr.getaround.com/location-voiture/saint-maur-des-fosses/renault-espace-1552727
2026-09-13T00:02:15,torcy,1559314,YGA:Vehicle:c88303df4ac2,champigny-sur-marne,48.810837,2.535658,0,0,175500,YGA:VehicleType:c88303df4ac2,Renault,Clio,2014,combustion,YGA:PricingPlan:c88303df4ac2,5.0,36.0,https://fr.getaround.com/location-voiture/champigny-sur-marne/renault-clio-1559314
2026-09-13T00:02:15,torcy,1574744,YGA:Vehicle:e1ed8b3669b6,villeparisis,48.939598,2.602248,0,0,117000,YGA:VehicleType:e1ed8b3669b6,Citroen,Jumper,2015,combustion_diesel,YGA:PricingPlan:e1ed8b3669b6,7.0,56.0,https://fr.getaround.com/location-voiture/villeparisis/citroen-jumper-1574744
2026-09-13T00:02:15,torcy,1575646,YGA:Vehicle:932f5c56f8b9,le-plessis-trevise,48.815018,2.569224,0,0,245000,YGA:VehicleType:932f5c56f8b9,Peugeot,208,2019,combustion,YGA:PricingPlan:932f5c56f8b9,5.0,36.0,https://fr.getaround.com/location-voiture/le-plessis-trevise/peugeot-208-1575646
2026-09-13T00:02:15,torcy,1579348,YGA:Vehicle:79788bdf65a4,sevran,48.930149,2.526512,0,0,639000,YGA:VehicleType:79788bdf65a4,Renault,Trafic,2013,combustion_diesel,YGA:PricingPlan:79788bdf65a4,7.0,56.0,https://fr.getaround.com/location-voiture/sevran/renault-trafic-1579348
2026-09-13T00:02:15,torcy,1599828,YGA:Vehicle:bba37261ac95,champs-sur-marne,48.842609,2.585939,0,0,304500,YGA:VehicleType:bba37261ac95,Renault,Twingo II,2014,combustion,YGA:PricingPlan:bba37261ac95,6.0,45.0,https://fr.getaround.com/location-voiture/champs-sur-marne/renault-twingo-ii-1599828
2026-09-13T00:02:15,torcy,1618101,YGA:Vehicle:36b149ab8cf4,noisiel,48.8493,2.623649,0,0,702000,YGA:VehicleType:36b149ab8cf4,Opel,Vivaro,2013,combustion_diesel,YGA:PricingPlan:36b149ab8cf4,7.0,50.0,https://fr.getaround.com/location-voiture/noisiel/opel-vivaro-1618101
2026-09-13T00:02:15,torcy,1622739,YGA:Vehicle:3fecf70508aa,champs-sur-marne,48.842709,2.587603,0,0,420000,YGA:VehicleType:3fecf70508aa,Renault,Kangoo Express,2016,combustion_diesel,YGA:PricingPlan:3fecf70508aa,6.0,45.0,https://fr.getaround.com/location-voiture/champs-sur-marne/renault-kangoo-express-1622739
2026-09-13T00:02:15,torcy,1633746,YGA:Vehicle:0f780a16dcd2,neuilly-sur-marne,48.855873,2.524425,0,0,112000,YGA:VehicleType:0f780a16dcd2,Smart,Fortwo Prime,2017,combustion,YGA:PricingPlan:0f780a16dcd2,10.0,72.0,https://fr.getaround.com/location-voiture/neuilly-sur-marne/smart-fortwo-prime-1633746
2026-09-13T00:02:15,torcy,1646145,YGA:Vehicle:e7486fa4ee39,pontault-combault,48.802387,2.62292,0,0,333000,YGA:VehicleType:e7486fa4ee39,Citroen,C3,2018,combustion,YGA:PricingPlan:e7486fa4ee39,8.0,59.0,https://fr.getaround.com/location-voiture/pontault-combault/citroen-c3-1646145
2026-09-13T00:02:15,torcy,1650411,YGA:Vehicle:b5012da9a7be,noisy-le-grand,48.839828,2.549854,0,0,220000,YGA:VehicleType:b5012da9a7be,Volkswagen,T-Cross,2024,combustion,YGA:PricingPlan:b5012da9a7be,8.0,62.0,https://fr.getaround.com/location-voiture/noisy-le-grand/volkswagen-t-cross-1650411
2026-09-13T00:02:15,torcy,1650492,YGA:Vehicle:85a95110af87,neuilly-plaisance,48.852764,2.51388,0,0,280000,YGA:VehicleType:85a95110af87,Volkswagen,T-Cross,2024,combustion,YGA:PricingPlan:85a95110af87,8.0,62.0,https://fr.getaround.com/location-voiture/neuilly-plaisance/volkswagen-t-cross-1650492
2026-09-13T00:02:15,torcy,1658260,YGA:Vehicle:65b7d1aa6545,champs-sur-marne,48.842609,2.585939,0,0,291000,YGA:VehicleType:65b7d1aa6545,Renault,Twingo III,2017,combustion,YGA:PricingPlan:65b7d1aa6545,5.0,39.0,https://fr.getaround.com/location-voiture/champs-sur-marne/renault-twingo-iii-1658260
2026-09-13T00:02:15,torcy,1666432,YGA:Vehicle:6c66c566c95b,noisy-le-grand,48.845459,2.52871,0,0,171600,YGA:VehicleType:6c66c566c95b,Peugeot,208,2025,hybrid,YGA:PricingPlan:6c66c566c95b,7.0,56.0,https://fr.getaround.com/location-voiture/noisy-le-grand/peugeot-208-1666432
2026-09-13T00:02:15,torcy,1672087,YGA:Vehicle:36f6c82218e1,champigny-sur-marne,48.806641,2.539418,0,0,240000,YGA:VehicleType:36f6c82218e1,Peugeot,208,2019,combustion,YGA:PricingPlan:36f6c82218e1,8.0,61.0,https://fr.getaround.com/location-voiture/champigny-sur-marne/peugeot-208-1672087
2026-09-13T00:02:15,torcy,1675494,YGA:Vehicle:e086d5b8aade,noisy-le-grand,48.848206,2.555185,0,0,114400,YGA:VehicleType:e086d5b8aade,Peugeot,208,2025,hybrid,YGA:PricingPlan:e086d5b8aade,7.0,56.0,https://fr.getaround.com/location-voiture/noisy-le-grand/peugeot-208-1675494
2026-09-13T00:02:15,torcy,1682116,YGA:Vehicle:8d78db2569b2,champs-sur-marne,48.845829,2.581926,0,0,440000,YGA:VehicleType:8d78db2569b2,Citroen,C4 Cactus,2022,combustion,YGA:PricingPlan:8d78db2569b2,5.0,39.0,https://fr.getaround.com/location-voiture/champs-sur-marne/citroen-c4-cactus-1682116
2026-09-13T00:02:15,torcy,1682569,YGA:Vehicle:bbec78c7863d,noisy-le-grand,48.844173,2.560688,0,0,242000,YGA:VehicleType:bbec78c7863d,Peugeot,208 GT Line,2020,combustion,YGA:PricingPlan:bbec78c7863d,7.0,50.0,https://fr.getaround.com/location-voiture/noisy-le-grand/peugeot-208-gt-line-1682569
2026-09-13T00:02:15,torcy,1684627,YGA:Vehicle:2316330086a3,le-plessis-trevise,48.80159,2.573573,0,0,264000,YGA:VehicleType:2316330086a3,Citroen,Jumpy,2015,combustion_diesel,YGA:PricingPlan:2316330086a3,6.0,46.0,https://fr.getaround.com/location-voiture/le-plessis-trevise/citroen-jumpy-1684627
2026-09-13T00:02:15,torcy,1691400,YGA:Vehicle:13192f2ef6e0,noisy-le-grand,48.829285,2.566572,0,0,440000,YGA:VehicleType:13192f2ef6e0,Peugeot,208,2025,hybrid,YGA:PricingPlan:13192f2ef6e0,7.0,56.0,https://fr.getaround.com/location-voiture/noisy-le-grand/peugeot-208-1691400
2026-09-13T00:02:15,torcy,1696077,YGA:Vehicle:fea63443b2f0,villiers-sur-marne,48.829388,2.538208,0,0,295000,YGA:VehicleType:fea63443b2f0,DS,3,2017,combustion,YGA:PricingPlan:fea63443b2f0,7.0,48.0,https://fr.getaround.com/location-voiture/villiers-sur-marne/ds-3-1696077
2026-09-13T00:02:15,torcy,1704853,YGA:Vehicle:f68a6028a9d1,livry-gargan,48.917831,2.515286,0,0,208000,YGA:VehicleType:f68a6028a9d1,Opel,Movano,2021,combustion_diesel,YGA:PricingPlan:f68a6028a9d1,9.0,73.0,https://fr.getaround.com/location-voiture/livry-gargan/opel-movano-1704853
2026-09-13T00:02:15,torcy,1707239,YGA:Vehicle:4390677aaa2c,noisy-le-grand,48.829285,2.566572,0,0,409200,YGA:VehicleType:4390677aaa2c,Peugeot,208,2025,hybrid,YGA:PricingPlan:4390677aaa2c,7.0,56.0,https://fr.getaround.com/location-voiture/noisy-le-grand/peugeot-208-1707239
2026-09-13T00:02:15,torcy,1715596,YGA:Vehicle:f8c789d8ca52,pontault-combault,48.804108,2.621824,0,0,105000,YGA:VehicleType:f8c789d8ca52,Citroen,C4,2019,combustion,YGA:PricingPlan:f8c789d8ca52,5.0,39.0,https://fr.getaround.com/location-voiture/pontault-combault/citroen-c4-1715596
2026-09-13T00:02:15,torcy,1727194,YGA:Vehicle:e630fc3d4914,noisiel,48.850319,2.619309,0,0,374000,YGA:VehicleType:e630fc3d4914,Peugeot,5008,2021,combustion,YGA:PricingPlan:e630fc3d4914,7.0,53.0,https://fr.getaround.com/location-voiture/noisiel/peugeot-5008-1727194
2026-09-13T00:02:15,torcy,1742028,YGA:Vehicle:2abcb44fd418,le-perreux-sur-marne,48.834793,2.513639,0,0,103500,YGA:VehicleType:2abcb44fd418,Citroen,C3,2018,hybrid,YGA:PricingPlan:2abcb44fd418,6.0,46.0,https://fr.getaround.com/location-voiture/le-perreux-sur-marne/citroen-c3-1742028
2026-09-13T00:02:15,torcy,1745989,YGA:Vehicle:5d1514924e50,noisiel,48.843258,2.623233,0,0,760000,YGA:VehicleType:5d1514924e50,Renault,Trafic,2020,combustion_diesel,YGA:PricingPlan:5d1514924e50,8.0,61.0,https://fr.getaround.com/location-voiture/noisiel/renault-trafic-1745989
2026-09-13T00:02:15,torcy,1748579,YGA:Vehicle:cda2e37a5e16,champs-sur-marne,48.84272,2.58711,0,0,210000,YGA:VehicleType:cda2e37a5e16,Peugeot,108,2017,combustion,YGA:PricingPlan:cda2e37a5e16,6.0,47.0,https://fr.getaround.com/location-voiture/champs-sur-marne/peugeot-108-1748579
2026-09-13T00:02:15,torcy,1752840,YGA:Vehicle:642539a7ee7c,bry-sur-marne,48.843029,2.525437,0,0,378000,YGA:VehicleType:642539a7ee7c,Citroen,C3,2022,combustion,YGA:PricingPlan:642539a7ee7c,5.0,36.0,https://fr.getaround.com/location-voiture/bry-sur-marne/citroen-c3-1752840
2026-09-13T00:02:15,torcy,1755195,YGA:Vehicle:67c9cdb1f3b3,noisy-le-grand,48.844604,2.554461,0,0,462000,YGA:VehicleType:67c9cdb1f3b3,Renault,Master,2019,combustion_diesel,YGA:PricingPlan:67c9cdb1f3b3,8.0,59.0,https://fr.getaround.com/location-voiture/noisy-le-grand/renault-master-1755195
2026-09-13T00:02:15,torcy,1756553,YGA:Vehicle:6aaeade501e9,neuilly-sur-marne,48.872162,2.529521,0,0,222600,YGA:VehicleType:6aaeade501e9,Renault,Clio,2024,combustion,YGA:PricingPlan:6aaeade501e9,10.0,74.0,https://fr.getaround.com/location-voiture/neuilly-sur-marne/renault-clio-1756553
2026-09-13T00:02:15,torcy,1759319,YGA:Vehicle:0ad3cf6b0076,chelles,48.878815,2.575982,0,0,247000,YGA:VehicleType:0ad3cf6b0076,Renault,Twingo II,2014,combustion,YGA:PricingPlan:0ad3cf6b0076,4.0,32.0,https://fr.getaround.com/location-voiture/chelles/renault-twingo-ii-1759319
2026-09-13T00:02:15,torcy,1761677,YGA:Vehicle:59334b112f47,noisy-le-grand,48.8232,2.578409,0,0,493500,YGA:VehicleType:59334b112f47,Renault,Master,2019,combustion_diesel,YGA:PricingPlan:59334b112f47,8.0,59.0,https://fr.getaround.com/location-voiture/noisy-le-grand/renault-master-1761677
2026-09-13T00:02:15,torcy,1763252,YGA:Vehicle:465b0400da24,noisiel,48.843372,2.622258,0,0,423000,YGA:VehicleType:465b0400da24,Citroen,C3,2020,combustion,YGA:PricingPlan:465b0400da24,5.0,36.0,https://fr.getaround.com/location-voiture/noisiel/citroen-c3-1763252
2026-09-13T00:02:15,torcy,1763286,YGA:Vehicle:8193f006272b,bry-sur-marne,48.843029,2.525437,0,0,432000,YGA:VehicleType:8193f006272b,Citroen,C3,2020,combustion,YGA:PricingPlan:8193f006272b,4.0,33.0,https://fr.getaround.com/location-voiture/bry-sur-marne/citroen-c3-1763286
2026-09-13T00:02:15,torcy,1764646,YGA:Vehicle:e7b3b70d3001,gagny,48.875587,2.555421,0,0,136500,YGA:VehicleType:e7b3b70d3001,Renault,Clio E-tech,2022,hybrid,YGA:PricingPlan:e7b3b70d3001,6.0,44.0,https://fr.getaround.com/location-voiture/gagny/renault-clio-e-tech-1764646
2026-09-13T00:02:15,torcy,1766060,YGA:Vehicle:862bb348a408,villemomble,48.881298,2.523573,0,0,111800,YGA:VehicleType:862bb348a408,Toyota,C-HR Hybrid,2019,hybrid,YGA:PricingPlan:862bb348a408,8.0,57.0,https://fr.getaround.com/location-voiture/villemomble/toyota-c-hr-hybrid-1766060
2026-09-13T00:02:15,torcy,1772844,YGA:Vehicle:d186f409f3d9,bry-sur-marne,48.829704,2.524496,0,0,344000,YGA:VehicleType:d186f409f3d9,Renault,Trafic,2018,combustion_diesel,YGA:PricingPlan:d186f409f3d9,8.0,59.0,https://fr.getaround.com/location-voiture/bry-sur-marne/renault-trafic-1772844
2026-09-13T00:02:15,torcy,1775562,YGA:Vehicle:291265ede131,villiers-sur-marne,48.829121,2.540564,0,0,426000,YGA:VehicleType:291265ede131,Renault,Kangoo Express,2013,combustion_diesel,YGA:PricingPlan:291265ede131,7.0,50.0,https://fr.getaround.com/location-voiture/villiers-sur-marne/renault-kangoo-express-1775562
2026-09-13T00:02:15,torcy,1775642,YGA:Vehicle:d328aaaa89a7,villemomble,48.879787,2.51493,0,0,426800,YGA:VehicleType:d328aaaa89a7,Peugeot,208 GT Line,2020,combustion,YGA:PricingPlan:d328aaaa89a7,8.0,61.0,https://fr.getaround.com/location-voiture/villemomble/peugeot-208-gt-line-1775642
2026-09-13T00:02:15,torcy,1779992,YGA:Vehicle:723bfad7b863,champs-sur-marne,48.842285,2.58789,0,0,427500,YGA:VehicleType:723bfad7b863,Citroen,C3,2015,combustion_diesel,YGA:PricingPlan:723bfad7b863,5.0,38.0,https://fr.getaround.com/location-voiture/champs-sur-marne/citroen-c3-1779992
2026-09-13T00:02:15,torcy,1784298,YGA:Vehicle:eded331d2ebc,pontault-combault,48.807259,2.61438,0,0,325000,YGA:VehicleType:eded331d2ebc,Peugeot,208,2018,combustion,YGA:PricingPlan:eded331d2ebc,4.0,33.0,https://fr.getaround.com/location-voiture/pontault-combault/peugeot-208-1784298
2026-09-13T00:02:15,torcy,1786698,YGA:Vehicle:119ce21f06c6,gagny,48.87112,2.560724,0,0,40000,YGA:VehicleType:119ce21f06c6,Renault,Twingo,2014,combustion,YGA:PricingPlan:119ce21f06c6,4.0,29.0,https://fr.getaround.com/location-voiture/gagny/renault-twingo-1786698
2026-09-13T00:02:15,torcy,1787186,YGA:Vehicle:c475e45165dd,sevran,48.929714,2.525056,0,0,720000,YGA:VehicleType:c475e45165dd,Renault,Trafic,2014,combustion_diesel,YGA:PricingPlan:c475e45165dd,7.0,56.0,https://fr.getaround.com/location-voiture/sevran/renault-trafic-1787186
2026-09-13T00:02:15,torcy,1790675,YGA:Vehicle:99596cb04925,bry-sur-marne,48.843029,2.525437,0,0,62400,YGA:VehicleType:99596cb04925,Renault,Clio E-tech,2022,hybrid,YGA:PricingPlan:99596cb04925,6.0,43.0,https://fr.getaround.com/location-voiture/bry-sur-marne/renault-clio-e-tech-1790675
2026-09-13T00:02:15,torcy,1807034,YGA:Vehicle:15ba35820688,noisiel,48.843372,2.622258,0,0,315000,YGA:VehicleType:15ba35820688,Fiat,500 Hybride,2023,combustion,YGA:PricingPlan:15ba35820688,5.0,41.0,https://fr.getaround.com/location-voiture/noisiel/fiat-500-hybride-1807034
2026-09-13T00:02:15,torcy,1810202,YGA:Vehicle:1ef3132e94cb,sevran,48.937935,2.524554,0,0,196000,YGA:VehicleType:1ef3132e94cb,Peugeot,108,2016,combustion,YGA:PricingPlan:1ef3132e94cb,5.0,40.0,https://fr.getaround.com/location-voiture/sevran/peugeot-108-1810202
2026-09-13T00:02:15,torcy,1811438,YGA:Vehicle:69c21d7316bb,champs-sur-marne,48.842709,2.587603,0,0,456000,YGA:VehicleType:69c21d7316bb,Renault,Kangoo Express,2017,combustion_diesel,YGA:PricingPlan:69c21d7316bb,6.0,49.0,https://fr.getaround.com/location-voiture/champs-sur-marne/renault-kangoo-express-1811438
2026-09-13T00:02:15,torcy,1820258,YGA:Vehicle:68de66932ec3,bry-sur-marne,48.829704,2.524496,0,0,540000,YGA:VehicleType:68de66932ec3,Renault,Kangoo Express,2016,combustion_diesel,YGA:PricingPlan:68de66932ec3,6.0,42.0,https://fr.getaround.com/location-voiture/bry-sur-marne/renault-kangoo-express-1820258
2026-09-13T00:02:15,torcy,1822204,YGA:Vehicle:2d7de8e30b03,champs-sur-marne,48.842609,2.585939,0,0,300000,YGA:VehicleType:2d7de8e30b03,Dacia,Sandero Stepway,2015,combustion,YGA:PricingPlan:2d7de8e30b03,6.0,43.0,https://fr.getaround.com/location-voiture/champs-sur-marne/dacia-sandero-stepway-1822204
2026-09-13T00:02:15,torcy,1824339,YGA:Vehicle:ff28189864e7,champs-sur-marne,48.843807,2.586009,0,0,308000,YGA:VehicleType:ff28189864e7,Skoda,Citigo,2015,combustion,YGA:PricingPlan:ff28189864e7,5.0,33.0,https://fr.getaround.com/location-voiture/champs-sur-marne/skoda-citigo-1824339
2026-09-13T00:02:15,torcy,1824808,YGA:Vehicle:3bc9879d55e6,bry-sur-marne,48.829693,2.524346,0,0,304000,YGA:VehicleType:3bc9879d55e6,Renault,Trafic,2015,combustion_diesel,YGA:PricingPlan:3bc9879d55e6,7.0,50.0,https://fr.getaround.com/location-voiture/bry-sur-marne/renault-trafic-1824808
2026-09-13T00:02:15,torcy,1825108,YGA:Vehicle:551affd58ea4,pontault-combault,48.802582,2.605679,0,0,900000,YGA:VehicleType:551affd58ea4,Citroen,Jumper,2015,combustion_diesel,YGA:PricingPlan:551affd58ea4,6.0,47.0,https://fr.getaround.com/location-voiture/pontault-combault/citroen-jumper-1825108
2026-09-13T00:02:15,torcy,1830884,YGA:Vehicle:674b61f8d842,gagny,48.885147,2.52726,0,0,360000,YGA:VehicleType:674b61f8d842,Peugeot,208,2018,combustion,YGA:PricingPlan:674b61f8d842,5.0,38.0,https://fr.getaround.com/location-voiture/gagny/peugeot-208-1830884
2026-09-13T00:02:15,torcy,1833730,YGA:Vehicle:6ee6c3644006,chelles,48.869953,2.588857,0,0,216000,YGA:VehicleType:6ee6c3644006,Renault,Clio,2020,combustion_diesel,YGA:PricingPlan:6ee6c3644006,5.0,37.0,https://fr.getaround.com/location-voiture/chelles/renault-clio-1833730
2026-09-13T00:02:15,torcy,1835002,YGA:Vehicle:ffa522fea43f,le-perreux-sur-marne,48.832451,2.515975,0,0,56000,YGA:VehicleType:ffa522fea43f,Peugeot,108,2019,combustion,YGA:PricingPlan:ffa522fea43f,4.0,34.0,https://fr.getaround.com/location-voiture/le-perreux-sur-marne/peugeot-108-1835002
2026-09-13T00:02:15,torcy,1835105,YGA:Vehicle:73e4d0c98c60,chelles,48.869793,2.591625,0,0,243600,YGA:VehicleType:73e4d0c98c60,Citroen,C3,2022,combustion_diesel,YGA:PricingPlan:73e4d0c98c60,5.0,37.0,https://fr.getaround.com/location-voiture/chelles/citroen-c3-1835105
2026-09-13T00:02:15,torcy,1835405,YGA:Vehicle:092e8be71ba8,noisy-le-grand,48.823456,2.579521,0,0,322000,YGA:VehicleType:092e8be71ba8,Citroen,C1 II,2018,combustion,YGA:PricingPlan:092e8be71ba8,5.0,39.0,https://fr.getaround.com/location-voiture/noisy-le-grand/citroen-c1-ii-1835405
2026-09-13T00:02:15,torcy,1839806,YGA:Vehicle:9f1590a64743,villiers-sur-marne,48.833233,2.544879,0,0,864000,YGA:VehicleType:9f1590a64743,Citroen,Jumper,2020,combustion_diesel,YGA:PricingPlan:9f1590a64743,10.0,77.0,https://fr.getaround.com/location-voiture/villiers-sur-marne/citroen-jumper-1839806
2026-09-13T00:02:15,torcy,1842828,YGA:Vehicle:8995ae2832b0,chennevieres-sur-marne,48.802681,2.551603,0,0,286000,YGA:VehicleType:8995ae2832b0,Peugeot,208,2020,combustion,YGA:PricingPlan:8995ae2832b0,8.0,61.0,https://fr.getaround.com/location-voiture/chennevieres-sur-marne/peugeot-208-1842828
2026-09-13T00:02:15,torcy,1844263,YGA:Vehicle:ddeae8ddabd8,chelles,48.869793,2.591625,0,0,96000,YGA:VehicleType:ddeae8ddabd8,Peugeot,208,2021,combustion_diesel,YGA:PricingPlan:ddeae8ddabd8,5.0,37.0,https://fr.getaround.com/location-voiture/chelles/peugeot-208-1844263
2026-09-13T00:02:15,torcy,1845016,YGA:Vehicle:12c0a91b6bf8,champs-sur-marne,48.83876,2.587478,0,0,714000,YGA:VehicleType:12c0a91b6bf8,Renault,Master,2019,combustion_diesel,YGA:PricingPlan:12c0a91b6bf8,7.0,56.0,https://fr.getaround.com/location-voiture/champs-sur-marne/renault-master-1845016
2026-09-13T00:02:15,torcy,1846271,YGA:Vehicle:eafd35de9be0,noisy-le-grand,48.844151,2.560517,0,0,295000,YGA:VehicleType:eafd35de9be0,Peugeot,208,2019,combustion,YGA:PricingPlan:eafd35de9be0,5.0,39.0,https://fr.getaround.com/location-voiture/noisy-le-grand/peugeot-208-1846271
2026-09-13T00:02:15,torcy,1846277,YGA:Vehicle:667bdedcf60b,noisy-le-grand,48.844151,2.560517,0,0,385000,YGA:VehicleType:667bdedcf60b,Peugeot,208,2019,combustion,YGA:PricingPlan:667bdedcf60b,5.0,39.0,https://fr.getaround.com/location-voiture/noisy-le-grand/peugeot-208-1846277
2026-09-13T00:02:15,torcy,1848907,YGA:Vehicle:8570c000285b,bry-sur-marne,48.847252,2.520598,0,0,350000,YGA:VehicleType:8570c000285b,Fiat,500,2019,combustion,YGA:PricingPlan:8570c000285b,6.0,45.0,https://fr.getaround.com/location-voiture/bry-sur-marne/fiat-500-1848907
2026-09-13T00:02:15,torcy,1850241,YGA:Vehicle:ee2184d0a03d,bry-sur-marne,48.847252,2.520598,0,0,348000,YGA:VehicleType:ee2184d0a03d,Renault,Scenic,2015,combustion_diesel,YGA:PricingPlan:ee2184d0a03d,7.0,45.0,https://fr.getaround.com/location-voiture/bry-sur-marne/renault-scenic-1850241
2026-09-13T00:02:15,torcy,1851244,YGA:Vehicle:6bf4a3a01778,noisiel,48.842731,2.619351,0,0,227500,YGA:VehicleType:6bf4a3a01778,Volkswagen,Up!,2019,combustion,YGA:PricingPlan:6bf4a3a01778,6.0,41.0,https://fr.getaround.com/location-voiture/noisiel/volkswagen-up-1851244
2026-09-13T00:02:15,torcy,1853059,YGA:Vehicle:26ed03b53177,chelles,48.886463,2.606856,0,0,350000,YGA:VehicleType:26ed03b53177,Fiat,500,2017,combustion,YGA:PricingPlan:26ed03b53177,4.0,35.0,https://fr.getaround.com/location-voiture/chelles/fiat-500-1853059
2026-09-13T00:02:15,torcy,1854679,YGA:Vehicle:41c77596b86f,villemomble,48.880264,2.514754,0,0,153000,YGA:VehicleType:41c77596b86f,Citroen,C3,2018,combustion,YGA:PricingPlan:41c77596b86f,8.0,61.0,https://fr.getaround.com/location-voiture/villemomble/citroen-c3-1854679
2026-09-13T00:02:15,torcy,1854766,YGA:Vehicle:68bd680378ca,noisy-le-grand,48.839882,2.548184,0,0,187200,YGA:VehicleType:68bd680378ca,Toyota,Yaris Cross Hybrid,2023,hybrid,YGA:PricingPlan:68bd680378ca,19.0,128.0,https://fr.getaround.com/location-voiture/noisy-le-grand/toyota-yaris-cross-hybrid-1854766
2026-09-13T00:02:15,torcy,1854866,YGA:Vehicle:c462fd89a9cc,noisiel,48.8493,2.623649,0,0,270000,YGA:VehicleType:c462fd89a9cc,Nissan,Primastar Fourgon,2014,combustion_diesel,YGA:PricingPlan:c462fd89a9cc,6.0,48.0,https://fr.getaround.com/location-voiture/noisiel/nissan-primastar-fourgon-1854866
2026-09-13T00:02:15,torcy,1859499,YGA:Vehicle:be5b402f5f15,villiers-sur-marne,48.823193,2.5374,0,0,328000,YGA:VehicleType:be5b402f5f15,Nissan,Micra,2019,combustion,YGA:PricingPlan:be5b402f5f15,6.0,45.0,https://fr.getaround.com/location-voiture/villiers-sur-marne/nissan-micra-1859499
2026-09-13T00:02:15,torcy,1860643,YGA:Vehicle:8d1db99bc7ee,noisy-le-grand,48.839516,2.576857,0,0,387000,YGA:VehicleType:8d1db99bc7ee,Renault,Captur,2019,combustion,YGA:PricingPlan:8d1db99bc7ee,6.0,42.0,https://fr.getaround.com/location-voiture/noisy-le-grand/renault-captur-1860643
2026-09-13T00:02:15,torcy,1863577,YGA:Vehicle:a846eee25a33,le-perreux-sur-marne,48.834793,2.513639,0,0,230400,YGA:VehicleType:a846eee25a33,Fiat,Panda,2020,combustion,YGA:PricingPlan:a846eee25a33,6.0,42.0,https://fr.getaround.com/location-voiture/le-perreux-sur-marne/fiat-panda-1863577
2026-09-13T00:02:15,torcy,1864510,YGA:Vehicle:8aed7f799f1b,champs-sur-marne,48.842285,2.58789,0,0,600000,YGA:VehicleType:8aed7f799f1b,Renault,Kangoo Express,2018,combustion_diesel,YGA:PricingPlan:8aed7f799f1b,7.0,54.0,https://fr.getaround.com/location-voiture/champs-sur-marne/renault-kangoo-express-1864510
2026-09-13T00:02:15,torcy,1865659,YGA:Vehicle:27579336a4f0,villiers-sur-marne,48.832535,2.535186,0,0,224000,YGA:VehicleType:27579336a4f0,Peugeot,208,2021,combustion_diesel,YGA:PricingPlan:27579336a4f0,5.0,40.0,https://fr.getaround.com/location-voiture/villiers-sur-marne/peugeot-208-1865659
2026-09-13T00:02:15,torcy,1867280,YGA:Vehicle:b76459c4626a,chelles,48.869907,2.591908,0,0,206800,YGA:VehicleType:b76459c4626a,Peugeot,208 GT Line,2020,combustion,YGA:PricingPlan:b76459c4626a,5.0,41.0,https://fr.getaround.com/location-voiture/chelles/peugeot-208-gt-line-1867280
2026-09-13T00:02:15,torcy,1870477,YGA:Vehicle:85f1127efe5e,noisy-le-grand,48.84547,2.534383,0,0,241200,YGA:VehicleType:85f1127efe5e,Toyota,Yaris Hybride,2020,hybrid,YGA:PricingPlan:85f1127efe5e,10.0,74.0,https://fr.getaround.com/location-voiture/noisy-le-grand/toyota-yaris-hybride-1870477
2026-09-13T00:02:15,torcy,1874089,YGA:Vehicle:38d304151e12,champs-sur-marne,48.837849,2.5868,0,0,145000,YGA:VehicleType:38d304151e12,Peugeot,208,2019,combustion,YGA:PricingPlan:38d304151e12,7.0,55.0,https://fr.getaround.com/location-voiture/champs-sur-marne/peugeot-208-1874089
2026-09-13T00:02:15,torcy,1874389,YGA:Vehicle:ca84254a1476,gagny,48.884823,2.527044,0,0,410000,YGA:VehicleType:ca84254a1476,Peugeot,208,2016,combustion,YGA:PricingPlan:ca84254a1476,4.0,31.0,https://fr.getaround.com/location-voiture/gagny/peugeot-208-1874389
2026-09-13T00:02:15,torcy,1877299,YGA:Vehicle:819a7a5acbaf,chelles,48.87701,2.596401,0,0,134400,YGA:VehicleType:819a7a5acbaf,Renault,Clio,2020,combustion,YGA:PricingPlan:819a7a5acbaf,7.0,49.0,https://fr.getaround.com/location-voiture/chelles/renault-clio-1877299
2026-09-13T00:02:15,torcy,1879088,YGA:Vehicle:3cd8ed99edf3,gagny,48.878155,2.558314,0,0,150000,YGA:VehicleType:3cd8ed99edf3,Renault,Kangoo Express,2020,combustion_diesel,YGA:PricingPlan:3cd8ed99edf3,7.0,53.0,https://fr.getaround.com/location-voiture/gagny/renault-kangoo-express-1879088
2026-09-13T00:02:15,torcy,1880637,YGA:Vehicle:1bccf7abc5b9,montfermeil,48.894123,2.552693,0,0,404200,YGA:VehicleType:1bccf7abc5b9,Toyota,C-HR Hybrid,2021,hybrid,YGA:PricingPlan:1bccf7abc5b9,10.0,76.0,https://fr.getaround.com/location-voiture/montfermeil/toyota-c-hr-hybrid-1880637
2026-09-13T00:02:15,torcy,1880863,YGA:Vehicle:29087f4d7b41,sevran,48.929646,2.525179,0,0,328000,YGA:VehicleType:29087f4d7b41,Nissan,Note,2014,combustion_diesel,YGA:PricingPlan:29087f4d7b41,5.0,41.0,https://fr.getaround.com/location-voiture/sevran/nissan-note-1880863
2026-09-13T00:02:15,torcy,1890903,YGA:Vehicle:d02d44ba5a71,villemomble,48.884499,2.516997,0,0,360400,YGA:VehicleType:d02d44ba5a71,Renault,Grand Scenic,2019,combustion,YGA:PricingPlan:d02d44ba5a71,6.0,41.0,https://fr.getaround.com/location-voiture/villemomble/renault-grand-scenic-1890903
2026-09-13T00:02:15,torcy,1893400,YGA:Vehicle:8a9d68eebb54,villiers-sur-marne,48.833614,2.545694,0,0,450000,YGA:VehicleType:8a9d68eebb54,Citroen,C3 Aircross,2018,combustion,YGA:PricingPlan:8a9d68eebb54,7.0,48.0,https://fr.getaround.com/location-voiture/villiers-sur-marne/citroen-c3-aircross-1893400
2026-09-13T00:02:15,torcy,1893586,YGA:Vehicle:4d0d9b0b4b29,neuilly-sur-marne,48.872337,2.529277,0,0,800000,YGA:VehicleType:4d0d9b0b4b29,Opel,Vivaro Combi,2015,combustion_diesel,YGA:PricingPlan:4d0d9b0b4b29,12.0,81.0,https://fr.getaround.com/location-voiture/neuilly-sur-marne/opel-vivaro-combi-1893586
2026-09-13T00:02:15,torcy,1898136,YGA:Vehicle:c7bcd7fc52e5,noisy-le-grand,48.826748,2.563202,0,0,325000,YGA:VehicleType:c7bcd7fc52e5,Peugeot,208,2017,combustion,YGA:PricingPlan:c7bcd7fc52e5,5.0,39.0,https://fr.getaround.com/location-voiture/noisy-le-grand/peugeot-208-1898136
2026-09-13T00:02:15,torcy,1899551,YGA:Vehicle:aeb20b2a0e55,champs-sur-marne,48.842285,2.58789,0,0,450000,YGA:VehicleType:aeb20b2a0e55,Citroen,C3,2014,combustion_diesel,YGA:PricingPlan:aeb20b2a0e55,6.0,43.0,https://fr.getaround.com/location-voiture/champs-sur-marne/citroen-c3-1899551
2026-09-13T00:02:15,torcy,1904143,YGA:Vehicle:88e334dce36d,chennevieres-sur-marne,48.802418,2.550869,0,0,460600,YGA:VehicleType:88e334dce36d,Ford,Transit Courier Fourgon,2015,combustion_diesel,YGA:PricingPlan:88e334dce36d,6.0,45.0,https://fr.getaround.com/location-voiture/chennevieres-sur-marne/ford-transit-courier-fourgon-1904143
2026-09-13T00:02:15,torcy,1904287,YGA:Vehicle:0923ebb8338d,champs-sur-marne,48.843006,2.585882,0,0,619500,YGA:VehicleType:0923ebb8338d,Renault,Master,2019,combustion_diesel,YGA:PricingPlan:0923ebb8338d,7.0,56.0,https://fr.getaround.com/location-voiture/champs-sur-marne/renault-master-1904287
2026-09-13T00:02:15,torcy,1908045,YGA:Vehicle:83802d35d299,chennevieres-sur-marne,48.802418,2.550869,0,0,600000,YGA:VehicleType:83802d35d299,Renault,Kangoo,2014,combustion_diesel,YGA:PricingPlan:83802d35d299,5.0,38.0,https://fr.getaround.com/location-voiture/chennevieres-sur-marne/renault-kangoo-1908045
2026-09-13T00:02:15,torcy,1911299,YGA:Vehicle:b8b31e89fdac,neuilly-sur-marne,48.872272,2.52932,0,0,560000,YGA:VehicleType:b8b31e89fdac,Ford,Transit Custom Kombi,2014,combustion_diesel,YGA:PricingPlan:b8b31e89fdac,13.0,88.0,https://fr.getaround.com/location-voiture/neuilly-sur-marne/ford-transit-custom-kombi-1911299
2026-09-13T00:02:15,torcy,1913320,YGA:Vehicle:65f707e822b3,chelles,48.879883,2.590238,0,0,175000,YGA:VehicleType:65f707e822b3,Renault,Kangoo Express,2021,combustion_diesel,YGA:PricingPlan:65f707e822b3,6.0,51.0,https://fr.getaround.com/location-voiture/chelles/renault-kangoo-express-1913320
2026-09-13T00:02:15,torcy,1913856,YGA:Vehicle:3c9850b9ebd5,ormesson-sur-marne,48.791302,2.552384,0,0,337500,YGA:VehicleType:3c9850b9ebd5,Citroen,C3,2021,combustion,YGA:PricingPlan:3c9850b9ebd5,5.0,39.0,https://fr.getaround.com/location-voiture/ormesson-sur-marne/citroen-c3-1913856
2026-09-13T00:02:15,torcy,1914709,YGA:Vehicle:732dca410816,sevran,48.929646,2.525179,0,0,792000,YGA:VehicleType:732dca410816,Renault,Trafic,2014,combustion_diesel,YGA:PricingPlan:732dca410816,8.0,62.0,https://fr.getaround.com/location-voiture/sevran/renault-trafic-1914709
2026-09-13T00:02:15,torcy,1915815,YGA:Vehicle:0dd040720f1f,villiers-sur-marne,48.829639,2.539767,0,0,292500,YGA:VehicleType:0dd040720f1f,Renault,Clio,2020,combustion_diesel,YGA:PricingPlan:0dd040720f1f,7.0,50.0,https://fr.getaround.com/location-voiture/villiers-sur-marne/renault-clio-1915815
2026-09-13T00:02:15,torcy,1922094,YGA:Vehicle:97cf5aea95f4,sevran,48.937012,2.529874,0,0,530000,YGA:VehicleType:97cf5aea95f4,Peugeot,308 SW,2019,combustion,YGA:PricingPlan:97cf5aea95f4,11.0,77.0,https://fr.getaround.com/location-voiture/sevran/peugeot-308-sw-1922094
2026-09-13T00:02:15,torcy,1923033,YGA:Vehicle:2c4919a213e5,sevran,48.929646,2.525179,0,0,418500,YGA:VehicleType:2c4919a213e5,Renault,Captur,2014,combustion_diesel,YGA:PricingPlan:2c4919a213e5,7.0,54.0,https://fr.getaround.com/location-voiture/sevran/renault-captur-1923033
2026-09-13T00:02:15,torcy,1923426,YGA:Vehicle:c3308c794deb,la-queue-en-brie,48.79398,2.559579,0,0,353500,YGA:VehicleType:c3308c794deb,Toyota,Aygo II,2020,combustion,YGA:PricingPlan:c3308c794deb,4.0,33.0,https://fr.getaround.com/location-voiture/la-queue-en-brie/toyota-aygo-ii-1923426
2026-09-13T00:02:15,torcy,1923949,YGA:Vehicle:4622f804d5f4,sevran,48.929646,2.525179,0,0,224000,YGA:VehicleType:4622f804d5f4,Opel,Vivaro,2014,combustion_diesel,YGA:PricingPlan:4622f804d5f4,7.0,56.0,https://fr.getaround.com/location-voiture/sevran/opel-vivaro-1923949
2026-09-13T00:02:15,torcy,1926572,YGA:Vehicle:751741044437,chennevieres-sur-marne,48.80352,2.531988,0,0,1039500,YGA:VehicleType:751741044437,Renault,Master,2013,combustion_diesel,YGA:PricingPlan:751741044437,9.0,69.0,https://fr.getaround.com/location-voiture/chennevieres-sur-marne/renault-master-1926572
2026-09-13T00:02:15,torcy,1928075,YGA:Vehicle:aeee6de568b9,saint-maur-des-fosses,48.78968,2.516411,0,0,987000,YGA:VehicleType:aeee6de568b9,Renault,Master,2021,combustion_diesel,YGA:PricingPlan:aeee6de568b9,11.0,84.0,https://fr.getaround.com/location-voiture/saint-maur-des-fosses/renault-master-1928075
2026-09-13T00:02:15,torcy,1931820,YGA:Vehicle:c151e62de3b9,saint-maur-des-fosses,48.789955,2.516575,0,0,612000,YGA:VehicleType:c151e62de3b9,Citroen,Jumper,2022,combustion_diesel,YGA:PricingPlan:c151e62de3b9,11.0,84.0,https://fr.getaround.com/location-voiture/saint-maur-des-fosses/citroen-jumper-1931820
2026-09-13T00:02:15,torcy,1939035,YGA:Vehicle:e37731578ddc,pontault-combault,48.807625,2.610116,0,0,465000,YGA:VehicleType:e37731578ddc,Citroen,C3,2013,combustion,YGA:PricingPlan:e37731578ddc,4.0,29.0,https://fr.getaround.com/location-voiture/pontault-combault/citroen-c3-1939035
2026-09-13T00:02:15,torcy,1939367,YGA:Vehicle:6bab74e7181a,chelles,48.877708,2.592831,0,0,486000,YGA:VehicleType:6bab74e7181a,Peugeot,Boxer,2020,combustion_diesel,YGA:PricingPlan:6bab74e7181a,11.0,81.0,https://fr.getaround.com/location-voiture/chelles/peugeot-boxer-1939367
2026-09-13T00:02:15,torcy,1945272,YGA:Vehicle:018688a547a0,sevran,48.929646,2.525179,0,0,390600,YGA:VehicleType:018688a547a0,Citroen,C3,2018,combustion_diesel,YGA:PricingPlan:018688a547a0,7.0,53.0,https://fr.getaround.com/location-voiture/sevran/citroen-c3-1945272
2026-09-13T00:02:15,torcy,1945799,YGA:Vehicle:be11625b1bdc,champs-sur-marne,48.841717,2.592615,0,0,382500,YGA:VehicleType:be11625b1bdc,Citroen,C3 Société,2019,combustion_diesel,YGA:PricingPlan:be11625b1bdc,6.0,44.0,https://fr.getaround.com/location-voiture/champs-sur-marne/citroen-c3-societe-1945799
2026-09-13T00:02:15,torcy,1951170,YGA:Vehicle:5aab997de884,le-plessis-trevise,48.811089,2.565921,0,0,390600,YGA:VehicleType:5aab997de884,Citroen,C3,2018,combustion_diesel,YGA:PricingPlan:5aab997de884,7.0,53.0,https://fr.getaround.com/location-voiture/le-plessis-trevise/citroen-c3-1951170
2026-09-13T00:02:15,torcy,1954423,YGA:Vehicle:3e5aa3d48e25,bry-sur-marne,48.847252,2.520598,0,0,108000,YGA:VehicleType:3e5aa3d48e25,Renault,Captur,2018,combustion,YGA:PricingPlan:3e5aa3d48e25,5.0,38.0,https://fr.getaround.com/location-voiture/bry-sur-marne/renault-captur-1954423
2026-09-13T00:02:15,torcy,1955772,YGA:Vehicle:bda2bf2d0e6d,noisy-le-grand,48.841381,2.564283,0,0,120000,YGA:VehicleType:bda2bf2d0e6d,Renault,Kangoo,2017,combustion_diesel,YGA:PricingPlan:bda2bf2d0e6d,5.0,40.0,https://fr.getaround.com/location-voiture/noisy-le-grand/renault-kangoo-1955772
2026-09-13T00:02:15,torcy,1962209,YGA:Vehicle:29f25abc928d,villiers-sur-marne,48.829891,2.539789,0,0,189000,YGA:VehicleType:29f25abc928d,Peugeot,Boxer,2018,combustion_diesel,YGA:PricingPlan:29f25abc928d,7.0,56.0,https://fr.getaround.com/location-voiture/villiers-sur-marne/peugeot-boxer-1962209
2026-09-13T00:02:15,torcy,1962908,YGA:Vehicle:e6246e42ff71,neuilly-sur-marne,48.852966,2.521452,0,0,712000,YGA:VehicleType:e6246e42ff71,Renault,Trafic,2020,combustion_diesel,YGA:PricingPlan:e6246e42ff71,9.0,67.0,https://fr.getaround.com/location-voiture/neuilly-sur-marne/renault-trafic-1962908
2026-09-13T00:02:15,torcy,1963356,YGA:Vehicle:a3e520441849,chelles,48.869907,2.591908,0,0,230000,YGA:VehicleType:a3e520441849,Volkswagen,Golf,2020,combustion,YGA:PricingPlan:a3e520441849,21.0,147.0,https://fr.getaround.com/location-voiture/chelles/volkswagen-golf-1963356
