snapshot_ts,system_id,listing_id,vehicle_id,commune,lat,lon,is_reserved,is_disabled,current_range_meters,vehicle_type_id,make,model,year,propulsion,pricing_plan_id,hourly_rate,daily_rate,rental_url
2026-09-18T00:04:17,paris,261942,YGA:Vehicle:641ce5abd12d,colombes,48.928352,2.238537,0,0,654545,YGA:VehicleType:641ce5abd12d,Citroen,Jumper,2011,combustion_diesel,YGA:PricingPlan:641ce5abd12d,8.0,70.0,https://fr.getaround.com/location-voiture/colombes/citroen-jumper-261942
2026-09-18T00:04:17,paris,284458,YGA:Vehicle:030514d2319a,paris,48.879673,2.350951,0,0,600000,YGA:VehicleType:030514d2319a,Fiat,Fiorino,2017,combustion,YGA:PricingPlan:030514d2319a,7.0,52.0,https://fr.getaround.com/location-voiture/paris/fiat-fiorino-284458
2026-09-18T00:04:17,paris,285756,YGA:Vehicle:d155fc4e4bec,paris,48.846066,2.307014,0,0,514285,YGA:VehicleType:d155fc4e4bec,Fiat,Fiorino,2017,combustion,YGA:PricingPlan:d155fc4e4bec,7.0,55.0,https://fr.getaround.com/location-voiture/paris/fiat-fiorino-285756
2026-09-18T00:04:17,paris,310794,YGA:Vehicle:cb6723814fac,paris,48.839813,2.251556,0,0,1028571,YGA:VehicleType:cb6723814fac,Renault,Trafic,2012,combustion_diesel,YGA:PricingPlan:cb6723814fac,10.0,74.0,https://fr.getaround.com/location-voiture/paris/renault-trafic-310794
2026-09-18T00:04:17,paris,319121,YGA:Vehicle:679ef20dc2bc,paris,48.839561,2.380247,0,0,760000,YGA:VehicleType:679ef20dc2bc,Volkswagen,Polo,2017,combustion,YGA:PricingPlan:679ef20dc2bc,6.0,45.0,https://fr.getaround.com/location-voiture/paris/volkswagen-polo-319121
2026-09-18T00:04:17,paris,366247,YGA:Vehicle:5c08900a4a57,boulogne-billancourt,48.830292,2.237212,0,0,890000,YGA:VehicleType:5c08900a4a57,Peugeot,2008,2018,combustion,YGA:PricingPlan:5c08900a4a57,6.0,47.0,https://fr.getaround.com/location-voiture/boulogne-billancourt/peugeot-2008-366247
2026-09-18T00:04:17,paris,399972,YGA:Vehicle:8c7d3285800c,nanterre,48.884827,2.216297,0,0,1260000,YGA:VehicleType:8c7d3285800c,Renault,Clio,2015,combustion_diesel,YGA:PricingPlan:8c7d3285800c,5.0,40.0,https://fr.getaround.com/location-voiture/nanterre/renault-clio-399972
2026-09-18T00:04:17,paris,438359,YGA:Vehicle:d1bcdaee1ae2,paris,48.866596,2.380868,0,0,1188000,YGA:VehicleType:d1bcdaee1ae2,Peugeot,Partner,2013,combustion_diesel,YGA:PricingPlan:d1bcdaee1ae2,6.0,49.0,https://fr.getaround.com/location-voiture/paris/peugeot-partner-438359
2026-09-18T00:04:17,paris,445323,YGA:Vehicle:352703135472,montreuil,48.854,2.426798,0,0,5760000,YGA:VehicleType:352703135472,Renault,Kangoo Express,2014,combustion_diesel,YGA:PricingPlan:352703135472,7.0,54.0,https://fr.getaround.com/location-voiture/montreuil/renault-kangoo-express-445323
2026-09-18T00:04:17,paris,473620,YGA:Vehicle:5c298265dba0,paris,48.853367,2.394739,0,0,400000,YGA:VehicleType:5c298265dba0,Dacia,Lodgy,2017,combustion,YGA:PricingPlan:5c298265dba0,5.0,37.0,https://fr.getaround.com/location-voiture/paris/dacia-lodgy-473620
2026-09-18T00:04:17,paris,475878,YGA:Vehicle:4bfb4bca2da9,colombes,48.928352,2.238537,0,0,1410000,YGA:VehicleType:4bfb4bca2da9,Renault,Master,2017,combustion_diesel,YGA:PricingPlan:4bfb4bca2da9,9.0,71.0,https://fr.getaround.com/location-voiture/colombes/renault-master-475878
2026-09-18T00:04:17,paris,554073,YGA:Vehicle:caaa4bd90240,paris,48.888428,2.389036,0,0,189000,YGA:VehicleType:caaa4bd90240,Renault,Clio,2016,combustion,YGA:PricingPlan:caaa4bd90240,5.0,35.0,https://fr.getaround.com/location-voiture/paris/renault-clio-554073
2026-09-18T00:04:17,paris,567074,YGA:Vehicle:6289b22f5716,neuilly-sur-seine,48.882866,2.271224,0,0,450000,YGA:VehicleType:6289b22f5716,Volkswagen,Polo,2016,combustion,YGA:PricingPlan:6289b22f5716,6.0,44.0,https://fr.getaround.com/location-voiture/neuilly-sur-seine/volkswagen-polo-567074
2026-09-18T00:04:17,paris,595937,YGA:Vehicle:b8057312d78d,montreuil,48.87072,2.432322,0,0,216000,YGA:VehicleType:b8057312d78d,Peugeot,Expert,2014,combustion_diesel,YGA:PricingPlan:b8057312d78d,8.0,59.0,https://fr.getaround.com/location-voiture/montreuil/peugeot-expert-595937
2026-09-18T00:04:17,paris,625152,YGA:Vehicle:1ae1cbcd871e,paris,48.824352,2.341341,0,0,174900,YGA:VehicleType:1ae1cbcd871e,Renault,Grand Scenic,2019,combustion_diesel,YGA:PricingPlan:1ae1cbcd871e,9.0,71.0,https://fr.getaround.com/location-voiture/paris/renault-grand-scenic-625152
2026-09-18T00:04:17,paris,641035,YGA:Vehicle:d61299107f06,paris,48.826054,2.361718,0,0,259000,YGA:VehicleType:d61299107f06,Fiat,500,2016,combustion,YGA:PricingPlan:d61299107f06,7.0,60.0,https://fr.getaround.com/location-voiture/paris/fiat-500-641035
2026-09-18T00:04:17,paris,653362,YGA:Vehicle:93c16e2d146b,paris,48.826054,2.361718,0,0,288000,YGA:VehicleType:93c16e2d146b,Renault,Clio,2017,combustion,YGA:PricingPlan:93c16e2d146b,5.0,47.0,https://fr.getaround.com/location-voiture/paris/renault-clio-653362
2026-09-18T00:04:17,paris,653820,YGA:Vehicle:b732d3009916,vanves,48.823151,2.292769,0,0,272000,YGA:VehicleType:b732d3009916,Renault,Trafic,2016,combustion_diesel,YGA:PricingPlan:b732d3009916,6.0,48.0,https://fr.getaround.com/location-voiture/vanves/renault-trafic-653820
2026-09-18T00:04:17,paris,657813,YGA:Vehicle:daaaca19d9c0,paris,48.866543,2.410436,0,0,199500,YGA:VehicleType:daaaca19d9c0,Citroen,C1,2015,combustion,YGA:PricingPlan:daaaca19d9c0,5.0,40.0,https://fr.getaround.com/location-voiture/paris/citroen-c1-657813
2026-09-18T00:04:17,paris,657838,YGA:Vehicle:4a5fb617edfc,paris,48.866467,2.40945,0,0,342000,YGA:VehicleType:4a5fb617edfc,Renault,Trafic,2013,combustion_diesel,YGA:PricingPlan:4a5fb617edfc,8.0,62.0,https://fr.getaround.com/location-voiture/paris/renault-trafic-657838
2026-09-18T00:04:17,paris,662114,YGA:Vehicle:91e1c32010a5,paris,48.839878,2.303232,0,0,360000,YGA:VehicleType:91e1c32010a5,Fiat,Fiorino,2020,combustion,YGA:PricingPlan:91e1c32010a5,6.0,51.0,https://fr.getaround.com/location-voiture/paris/fiat-fiorino-662114
2026-09-18T00:04:17,paris,673899,YGA:Vehicle:edfd0e29d923,ivry-sur-seine,48.813747,2.384733,0,0,387000,YGA:VehicleType:edfd0e29d923,Renault,Clio,2017,combustion,YGA:PricingPlan:edfd0e29d923,5.0,37.0,https://fr.getaround.com/location-voiture/ivry-sur-seine/renault-clio-673899
2026-09-18T00:04:17,paris,676141,YGA:Vehicle:87550b05da6d,paris,48.894657,2.330369,0,0,360000,YGA:VehicleType:87550b05da6d,Renault,Clio,2016,combustion,YGA:PricingPlan:87550b05da6d,4.0,32.0,https://fr.getaround.com/location-voiture/paris/renault-clio-676141
2026-09-18T00:04:17,paris,680484,YGA:Vehicle:4da0cd6bb3d7,clamart,48.791363,2.263773,0,0,576000,YGA:VehicleType:4da0cd6bb3d7,Renault,Grand Scenic,2015,combustion_diesel,YGA:PricingPlan:4da0cd6bb3d7,9.0,61.0,https://fr.getaround.com/location-voiture/clamart/renault-grand-scenic-680484
2026-09-18T00:04:17,paris,683694,YGA:Vehicle:f5ee95b11ec8,paris,48.844059,2.384585,0,0,640000,YGA:VehicleType:f5ee95b11ec8,Peugeot,Expert,2016,combustion_diesel,YGA:PricingPlan:f5ee95b11ec8,7.0,46.0,https://fr.getaround.com/location-voiture/paris/peugeot-expert-683694
2026-09-18T00:04:17,paris,693105,YGA:Vehicle:22ed3438bd58,montreuil,48.854401,2.430926,0,0,396000,YGA:VehicleType:22ed3438bd58,Renault,Clio,2017,combustion,YGA:PricingPlan:22ed3438bd58,5.0,37.0,https://fr.getaround.com/location-voiture/montreuil/renault-clio-693105
2026-09-18T00:04:17,paris,701671,YGA:Vehicle:0ea95de300af,paris,48.852798,2.396974,0,0,280000,YGA:VehicleType:0ea95de300af,Renault,Twingo,2016,combustion,YGA:PricingPlan:0ea95de300af,5.0,34.0,https://fr.getaround.com/location-voiture/paris/renault-twingo-701671
2026-09-18T00:04:17,paris,703728,YGA:Vehicle:703bd5fa46e0,colombes,48.925545,2.231082,0,0,427500,YGA:VehicleType:703bd5fa46e0,Renault,Clio,2019,combustion,YGA:PricingPlan:703bd5fa46e0,5.0,41.0,https://fr.getaround.com/location-voiture/colombes/renault-clio-703728
2026-09-18T00:04:17,paris,704187,YGA:Vehicle:8bbef0cde773,paris,48.842957,2.317132,0,0,683400,YGA:VehicleType:8bbef0cde773,BMW,Série 2 Gran Tourer,2017,combustion_diesel,YGA:PricingPlan:8bbef0cde773,10.0,76.0,https://fr.getaround.com/location-voiture/paris/bmw-serie-2-gran-tourer-704187
2026-09-18T00:04:17,paris,705838,YGA:Vehicle:127da54d39db,clamart,48.801571,2.267213,0,0,420000,YGA:VehicleType:127da54d39db,Dacia,Dokker,2017,combustion_diesel,YGA:PricingPlan:127da54d39db,6.0,49.0,https://fr.getaround.com/location-voiture/clamart/dacia-dokker-705838
2026-09-18T00:04:17,paris,730298,YGA:Vehicle:e079ba50d410,le-kremlin-bicetre,48.810303,2.362797,0,0,256500,YGA:VehicleType:e079ba50d410,Renault,Clio,2017,combustion,YGA:PricingPlan:e079ba50d410,5.0,37.0,https://fr.getaround.com/location-voiture/le-kremlin-bicetre/renault-clio-730298
2026-09-18T00:04:17,paris,734535,YGA:Vehicle:7cefd7d76851,levallois-perret,48.895302,2.298638,0,0,576000,YGA:VehicleType:7cefd7d76851,Renault,Kangoo Express,2017,combustion_diesel,YGA:PricingPlan:7cefd7d76851,6.0,47.0,https://fr.getaround.com/location-voiture/levallois-perret/renault-kangoo-express-734535
2026-09-18T00:04:17,paris,753726,YGA:Vehicle:357460ce9229,paris,48.843987,2.288375,0,0,403200,YGA:VehicleType:357460ce9229,Renault,Kangoo Express,2017,combustion_diesel,YGA:PricingPlan:357460ce9229,7.0,58.0,https://fr.getaround.com/location-voiture/paris/renault-kangoo-express-753726
2026-09-18T00:04:17,paris,753962,YGA:Vehicle:2e3318d78291,clichy,48.904804,2.308099,0,0,281400,YGA:VehicleType:2e3318d78291,Ford,Fiesta,2018,combustion,YGA:PricingPlan:2e3318d78291,5.0,37.0,https://fr.getaround.com/location-voiture/clichy/ford-fiesta-753962
2026-09-18T00:04:17,paris,770348,YGA:Vehicle:868b44f0c6bb,paris,48.866463,2.409447,0,0,720000,YGA:VehicleType:868b44f0c6bb,Peugeot,Boxer,2013,combustion_diesel,YGA:PricingPlan:868b44f0c6bb,10.0,75.0,https://fr.getaround.com/location-voiture/paris/peugeot-boxer-770348
2026-09-18T00:04:17,paris,770352,YGA:Vehicle:1be9e1951477,paris,48.865047,2.407115,0,0,462000,YGA:VehicleType:1be9e1951477,Renault,Master,2013,combustion_diesel,YGA:PricingPlan:1be9e1951477,10.0,74.0,https://fr.getaround.com/location-voiture/paris/renault-master-770352
2026-09-18T00:04:17,paris,771661,YGA:Vehicle:37168a17f04e,paris,48.842991,2.317086,0,0,228000,YGA:VehicleType:37168a17f04e,Renault,Kangoo Express,2017,combustion_diesel,YGA:PricingPlan:37168a17f04e,6.0,47.0,https://fr.getaround.com/location-voiture/paris/renault-kangoo-express-771661
2026-09-18T00:04:17,paris,778720,YGA:Vehicle:d41282e56d7e,saint-denis,48.927406,2.365922,0,0,108000,YGA:VehicleType:d41282e56d7e,Citroen,Berlingo Multispace,2010,combustion_diesel,YGA:PricingPlan:d41282e56d7e,8.0,58.0,https://fr.getaround.com/location-voiture/saint-denis/citroen-berlingo-multispace-778720
2026-09-18T00:04:17,paris,783686,YGA:Vehicle:aa57318bbac8,paris,48.890404,2.346125,0,0,157500,YGA:VehicleType:aa57318bbac8,Renault,Clio,2017,combustion,YGA:PricingPlan:aa57318bbac8,5.0,37.0,https://fr.getaround.com/location-voiture/paris/renault-clio-783686
2026-09-18T00:04:17,paris,784659,YGA:Vehicle:234235a628e2,gennevilliers,48.934052,2.306691,0,0,588000,YGA:VehicleType:234235a628e2,Renault,Kangoo Express,2013,combustion_diesel,YGA:PricingPlan:234235a628e2,6.0,49.0,https://fr.getaround.com/location-voiture/gennevilliers/renault-kangoo-express-784659
2026-09-18T00:04:17,paris,790333,YGA:Vehicle:321388c063f4,paris,48.877186,2.322051,0,0,324000,YGA:VehicleType:321388c063f4,Peugeot,Boxer,2012,combustion_diesel,YGA:PricingPlan:321388c063f4,8.0,60.0,https://fr.getaround.com/location-voiture/paris/peugeot-boxer-790333
2026-09-18T00:04:17,paris,793625,YGA:Vehicle:a28f3ee9a83d,paris,48.881214,2.321093,0,0,360000,YGA:VehicleType:a28f3ee9a83d,Fiat,Fiorino,2020,combustion,YGA:PricingPlan:a28f3ee9a83d,6.0,51.0,https://fr.getaround.com/location-voiture/paris/fiat-fiorino-793625
2026-09-18T00:04:17,paris,802848,YGA:Vehicle:2845f0004a0e,clichy,48.899555,2.297064,0,0,360000,YGA:VehicleType:2845f0004a0e,Renault,Twingo,2011,combustion,YGA:PricingPlan:2845f0004a0e,4.0,34.0,https://fr.getaround.com/location-voiture/clichy/renault-twingo-802848
2026-09-18T00:04:17,paris,820893,YGA:Vehicle:84b772186a67,paris,48.856331,2.386616,0,0,408000,YGA:VehicleType:84b772186a67,Renault,Twingo,2012,combustion,YGA:PricingPlan:84b772186a67,5.0,38.0,https://fr.getaround.com/location-voiture/paris/renault-twingo-820893
2026-09-18T00:04:17,paris,820939,YGA:Vehicle:af58eb03ecaf,paris,48.836651,2.320129,0,0,319500,YGA:VehicleType:af58eb03ecaf,Renault,Clio,2017,combustion,YGA:PricingPlan:af58eb03ecaf,5.0,41.0,https://fr.getaround.com/location-voiture/paris/renault-clio-820939
2026-09-18T00:04:17,paris,820943,YGA:Vehicle:585a5bfbadbc,paris,48.829971,2.325737,0,0,352800,YGA:VehicleType:585a5bfbadbc,Renault,Kangoo Express,2018,combustion_diesel,YGA:PricingPlan:585a5bfbadbc,7.0,58.0,https://fr.getaround.com/location-voiture/paris/renault-kangoo-express-820943
2026-09-18T00:04:17,paris,821854,YGA:Vehicle:d0ae093602f1,paris,48.837746,2.40357,0,0,156000,YGA:VehicleType:d0ae093602f1,Citroen,Berlingo,2016,combustion_diesel,YGA:PricingPlan:d0ae093602f1,6.0,41.0,https://fr.getaround.com/location-voiture/paris/citroen-berlingo-821854
2026-09-18T00:04:17,paris,823380,YGA:Vehicle:b0267378cb82,paris,48.871529,2.339638,0,0,243600,YGA:VehicleType:b0267378cb82,Renault,Clio E-tech,2021,hybrid,YGA:PricingPlan:b0267378cb82,5.0,40.0,https://fr.getaround.com/location-voiture/paris/renault-clio-e-tech-823380
2026-09-18T00:04:17,paris,824592,YGA:Vehicle:8026814a9678,bagnolet,48.875404,2.419378,0,0,369000,YGA:VehicleType:8026814a9678,Renault,Clio,2017,combustion,YGA:PricingPlan:8026814a9678,5.0,37.0,https://fr.getaround.com/location-voiture/bagnolet/renault-clio-824592
2026-09-18T00:04:17,paris,824680,YGA:Vehicle:34fd4423b88d,paris,48.893715,2.339493,0,0,800000,YGA:VehicleType:34fd4423b88d,Renault,Trafic,2015,combustion_diesel,YGA:PricingPlan:34fd4423b88d,10.0,78.0,https://fr.getaround.com/location-voiture/paris/renault-trafic-824680
2026-09-18T00:04:17,paris,827673,YGA:Vehicle:0de25f3a770a,montreuil,48.861549,2.444016,0,0,280000,YGA:VehicleType:0de25f3a770a,Fiat,500,2017,combustion,YGA:PricingPlan:0de25f3a770a,4.0,31.0,https://fr.getaround.com/location-voiture/montreuil/fiat-500-827673
2026-09-18T00:04:17,paris,828146,YGA:Vehicle:fb1a734baf8d,paris,48.842957,2.317132,0,0,361200,YGA:VehicleType:fb1a734baf8d,Toyota,Yaris Hybride,2021,hybrid,YGA:PricingPlan:fb1a734baf8d,6.0,44.0,https://fr.getaround.com/location-voiture/paris/toyota-yaris-hybride-828146
2026-09-18T00:04:17,paris,828745,YGA:Vehicle:38211ee44d70,paris,48.85025,2.365941,0,0,640000,YGA:VehicleType:38211ee44d70,Citroen,Jumpy,2016,combustion_diesel,YGA:PricingPlan:38211ee44d70,7.0,55.0,https://fr.getaround.com/location-voiture/paris/citroen-jumpy-828745
2026-09-18T00:04:17,paris,831985,YGA:Vehicle:fbe43f7c1e9c,paris,48.842991,2.317086,0,0,400000,YGA:VehicleType:fbe43f7c1e9c,Dacia,Lodgy,2021,combustion_diesel,YGA:PricingPlan:fbe43f7c1e9c,8.0,55.0,https://fr.getaround.com/location-voiture/paris/dacia-lodgy-831985
2026-09-18T00:04:17,paris,833696,YGA:Vehicle:a94acf76f5fd,paris,48.840065,2.338194,0,0,328500,YGA:VehicleType:a94acf76f5fd,Renault,Clio,2017,combustion,YGA:PricingPlan:a94acf76f5fd,5.0,37.0,https://fr.getaround.com/location-voiture/paris/renault-clio-833696
2026-09-18T00:04:17,paris,833698,YGA:Vehicle:24644ec59340,montreuil,48.868511,2.452141,0,0,409500,YGA:VehicleType:24644ec59340,Renault,Clio,2017,combustion,YGA:PricingPlan:24644ec59340,5.0,37.0,https://fr.getaround.com/location-voiture/montreuil/renault-clio-833698
2026-09-18T00:04:17,paris,833703,YGA:Vehicle:24d8c9722032,rosny-sous-bois,48.877079,2.485122,0,0,180000,YGA:VehicleType:24d8c9722032,Renault,Clio,2017,combustion,YGA:PricingPlan:24d8c9722032,5.0,35.0,https://fr.getaround.com/location-voiture/rosny-sous-bois/renault-clio-833703
2026-09-18T00:04:17,paris,833795,YGA:Vehicle:f58f42c9c841,saint-maur-des-fosses,48.812141,2.471096,0,0,360000,YGA:VehicleType:f58f42c9c841,Renault,Captur,2016,combustion,YGA:PricingPlan:f58f42c9c841,4.0,31.0,https://fr.getaround.com/location-voiture/saint-maur-des-fosses/renault-captur-833795
2026-09-18T00:04:17,paris,838475,YGA:Vehicle:cf9321d532e2,paris,48.875408,2.363313,0,0,380000,YGA:VehicleType:cf9321d532e2,Dacia,Lodgy,2021,combustion_diesel,YGA:PricingPlan:cf9321d532e2,8.0,56.0,https://fr.getaround.com/location-voiture/paris/dacia-lodgy-838475
2026-09-18T00:04:17,paris,843844,YGA:Vehicle:5a46ea67dd06,paris,48.870895,2.393842,0,0,450000,YGA:VehicleType:5a46ea67dd06,Renault,Clio Estate,2014,combustion,YGA:PricingPlan:5a46ea67dd06,9.0,59.0,https://fr.getaround.com/location-voiture/paris/renault-clio-estate-843844
2026-09-18T00:04:17,paris,845062,YGA:Vehicle:aa01d14aa322,paris,48.891701,2.350889,0,0,229500,YGA:VehicleType:aa01d14aa322,Renault,Clio,2019,combustion,YGA:PricingPlan:aa01d14aa322,5.0,37.0,https://fr.getaround.com/location-voiture/paris/renault-clio-845062
2026-09-18T00:04:17,paris,845063,YGA:Vehicle:f582d22d40ee,clamart,48.801422,2.261772,0,0,58500,YGA:VehicleType:f582d22d40ee,Renault,Clio,2019,combustion,YGA:PricingPlan:f582d22d40ee,5.0,35.0,https://fr.getaround.com/location-voiture/clamart/renault-clio-845063
2026-09-18T00:04:17,paris,845095,YGA:Vehicle:4f51af376349,paris,48.835747,2.319541,0,0,470000,YGA:VehicleType:4f51af376349,Dacia,Lodgy,2021,combustion_diesel,YGA:PricingPlan:4f51af376349,10.0,72.0,https://fr.getaround.com/location-voiture/paris/dacia-lodgy-845095
2026-09-18T00:04:17,paris,846327,YGA:Vehicle:d3f94aa9d302,paris,48.875412,2.336955,0,0,54000,YGA:VehicleType:d3f94aa9d302,Volkswagen,Polo,2021,combustion,YGA:PricingPlan:d3f94aa9d302,6.0,44.0,https://fr.getaround.com/location-voiture/paris/volkswagen-polo-846327
2026-09-18T00:04:17,paris,846329,YGA:Vehicle:7d24c0286cf9,paris,48.876415,2.364265,0,0,9000,YGA:VehicleType:7d24c0286cf9,Volkswagen,Polo,2021,combustion,YGA:PricingPlan:7d24c0286cf9,6.0,44.0,https://fr.getaround.com/location-voiture/paris/volkswagen-polo-846329
2026-09-18T00:04:17,paris,846345,YGA:Vehicle:52637390118e,paris,48.875412,2.336955,0,0,380000,YGA:VehicleType:52637390118e,Dacia,Sandero,2021,combustion,YGA:PricingPlan:52637390118e,5.0,40.0,https://fr.getaround.com/location-voiture/paris/dacia-sandero-846345
2026-09-18T00:04:17,paris,846347,YGA:Vehicle:ddf6bcff51e6,paris,48.839878,2.303232,0,0,265000,YGA:VehicleType:ddf6bcff51e6,Dacia,Sandero,2021,combustion,YGA:PricingPlan:ddf6bcff51e6,5.0,39.0,https://fr.getaround.com/location-voiture/paris/dacia-sandero-846347
2026-09-18T00:04:17,paris,846352,YGA:Vehicle:b8735019f5e6,paris,48.842957,2.317132,0,0,256500,YGA:VehicleType:b8735019f5e6,Volkswagen,Polo,2021,combustion,YGA:PricingPlan:b8735019f5e6,6.0,43.0,https://fr.getaround.com/location-voiture/paris/volkswagen-polo-846352
2026-09-18T00:04:17,paris,846364,YGA:Vehicle:d535947fd819,boulogne-billancourt,48.844238,2.231389,0,0,360000,YGA:VehicleType:d535947fd819,Renault,Clio,2019,combustion,YGA:PricingPlan:d535947fd819,5.0,37.0,https://fr.getaround.com/location-voiture/boulogne-billancourt/renault-clio-846364
2026-09-18T00:04:17,paris,851212,YGA:Vehicle:c7d235d37a18,paris,48.842896,2.318497,0,0,382800,YGA:VehicleType:c7d235d37a18,Peugeot,208,2021,combustion,YGA:PricingPlan:c7d235d37a18,8.0,59.0,https://fr.getaround.com/location-voiture/paris/peugeot-208-851212
2026-09-18T00:04:17,paris,851257,YGA:Vehicle:ffe852c23110,saint-ouen-sur-seine,48.902901,2.340048,0,0,265500,YGA:VehicleType:ffe852c23110,Skoda,Fabia,2021,combustion,YGA:PricingPlan:ffe852c23110,7.0,47.0,https://fr.getaround.com/location-voiture/saint-ouen-sur-seine/skoda-fabia-851257
2026-09-18T00:04:17,paris,851591,YGA:Vehicle:d64fad0f8496,paris,48.890987,2.330263,0,0,176000,YGA:VehicleType:d64fad0f8496,Fiat,Doblo Cargo,2021,combustion,YGA:PricingPlan:d64fad0f8496,7.0,51.0,https://fr.getaround.com/location-voiture/paris/fiat-doblo-cargo-851591
2026-09-18T00:04:17,paris,851592,YGA:Vehicle:f4036216e56a,paris,48.895523,2.326801,0,0,176000,YGA:VehicleType:f4036216e56a,Fiat,Doblo Cargo,2021,combustion,YGA:PricingPlan:f4036216e56a,7.0,54.0,https://fr.getaround.com/location-voiture/paris/fiat-doblo-cargo-851592
2026-09-18T00:04:17,paris,854925,YGA:Vehicle:b9f0885da578,malakoff,48.818714,2.309065,0,0,280000,YGA:VehicleType:b9f0885da578,Renault,Twingo,2015,combustion,YGA:PricingPlan:b9f0885da578,6.0,36.0,https://fr.getaround.com/location-voiture/malakoff/renault-twingo-854925
2026-09-18T00:04:17,paris,855777,YGA:Vehicle:911940152826,paris,48.842213,2.392246,0,0,320000,YGA:VehicleType:911940152826,Renault,Trafic,2019,combustion_diesel,YGA:PricingPlan:911940152826,16.0,120.0,https://fr.getaround.com/location-voiture/paris/renault-trafic-855777
2026-09-18T00:04:17,paris,858206,YGA:Vehicle:9e9c361e2d2d,fontenay-sous-bois,48.842392,2.462999,0,0,150500,YGA:VehicleType:9e9c361e2d2d,Smart,Forfour,2018,combustion,YGA:PricingPlan:9e9c361e2d2d,5.0,43.0,https://fr.getaround.com/location-voiture/fontenay-sous-bois/smart-forfour-858206
2026-09-18T00:04:17,paris,861861,YGA:Vehicle:6a59e552a7f8,paris,48.88018,2.321326,0,0,448000,YGA:VehicleType:6a59e552a7f8,Renault,Trafic,2015,combustion_diesel,YGA:PricingPlan:6a59e552a7f8,6.0,53.0,https://fr.getaround.com/location-voiture/paris/renault-trafic-861861
2026-09-18T00:04:17,paris,870155,YGA:Vehicle:036d3a3b495d,pantin,48.895012,2.40469,0,0,792000,YGA:VehicleType:036d3a3b495d,Citroen,Jumpy,2015,combustion_diesel,YGA:PricingPlan:036d3a3b495d,10.0,71.0,https://fr.getaround.com/location-voiture/pantin/citroen-jumpy-870155
2026-09-18T00:04:17,paris,870930,YGA:Vehicle:dc5b980af455,sevres,48.821411,2.214765,0,0,348000,YGA:VehicleType:dc5b980af455,Renault,Kangoo Express,2012,combustion,YGA:PricingPlan:dc5b980af455,7.0,50.0,https://fr.getaround.com/location-voiture/sevres/renault-kangoo-express-870930
2026-09-18T00:04:17,paris,872370,YGA:Vehicle:17159953d743,paris,48.885426,2.298009,0,0,212500,YGA:VehicleType:17159953d743,Peugeot,e-208 Style,2021,electric,YGA:PricingPlan:17159953d743,7.0,56.0,https://fr.getaround.com/location-voiture/paris/peugeot-e-208-style-872370
2026-09-18T00:04:17,paris,886117,YGA:Vehicle:90ddf858741c,suresnes,48.859367,2.214301,0,0,900000,YGA:VehicleType:90ddf858741c,Citroen,Jumper,2015,combustion_diesel,YGA:PricingPlan:90ddf858741c,8.0,61.0,https://fr.getaround.com/location-voiture/suresnes/citroen-jumper-886117
2026-09-18T00:04:17,paris,893709,YGA:Vehicle:68974f34cb97,paris,48.849644,2.285553,0,0,294800,YGA:VehicleType:68974f34cb97,Peugeot,208,2021,combustion,YGA:PricingPlan:68974f34cb97,5.0,42.0,https://fr.getaround.com/location-voiture/paris/peugeot-208-893709
2026-09-18T00:04:17,paris,893758,YGA:Vehicle:ab6b13e9b21e,paris,48.867893,2.379293,0,0,486000,YGA:VehicleType:ab6b13e9b21e,Renault,Kangoo Express,2012,combustion_diesel,YGA:PricingPlan:ab6b13e9b21e,6.0,50.0,https://fr.getaround.com/location-voiture/paris/renault-kangoo-express-893758
2026-09-18T00:04:17,paris,895929,YGA:Vehicle:c9dab9a11d9d,paris,48.849644,2.285553,0,0,154000,YGA:VehicleType:c9dab9a11d9d,Peugeot,208,2021,combustion,YGA:PricingPlan:c9dab9a11d9d,5.0,42.0,https://fr.getaround.com/location-voiture/paris/peugeot-208-895929
2026-09-18T00:04:17,paris,896091,YGA:Vehicle:ca55080c5544,paris,48.871174,2.347814,0,0,621000,YGA:VehicleType:ca55080c5544,Toyota,Proace Fourgon,2020,combustion_diesel,YGA:PricingPlan:ca55080c5544,6.0,53.0,https://fr.getaround.com/location-voiture/paris/toyota-proace-fourgon-896091
2026-09-18T00:04:17,paris,897942,YGA:Vehicle:e7ec77aedb6d,maisons-alfort,48.805382,2.437977,0,0,640000,YGA:VehicleType:e7ec77aedb6d,Fiat,Scudo,2015,combustion_diesel,YGA:PricingPlan:e7ec77aedb6d,7.0,54.0,https://fr.getaround.com/location-voiture/maisons-alfort/fiat-scudo-897942
2026-09-18T00:04:17,paris,899374,YGA:Vehicle:f3be46c2f8fd,neuilly-sur-seine,48.890675,2.264424,0,0,250000,YGA:VehicleType:f3be46c2f8fd,Renault,ZOE,2020,electric,YGA:PricingPlan:f3be46c2f8fd,4.0,31.0,https://fr.getaround.com/location-voiture/neuilly-sur-seine/renault-zoe-899374
2026-09-18T00:04:17,paris,900495,YGA:Vehicle:3d604c570492,paris,48.836445,2.253722,0,0,209000,YGA:VehicleType:3d604c570492,Fiat,Doblo Cargo,2021,combustion,YGA:PricingPlan:3d604c570492,7.0,51.0,https://fr.getaround.com/location-voiture/paris/fiat-doblo-cargo-900495
2026-09-18T00:04:17,paris,934709,YGA:Vehicle:5e70d00bfdef,paris,48.884766,2.36851,0,0,220000,YGA:VehicleType:5e70d00bfdef,Renault,Twingo,2013,combustion,YGA:PricingPlan:5e70d00bfdef,5.0,35.0,https://fr.getaround.com/location-voiture/paris/renault-twingo-934709
2026-09-18T00:04:17,paris,935659,YGA:Vehicle:86448926b819,paris,48.837807,2.256389,0,0,413600,YGA:VehicleType:86448926b819,Peugeot,208,2021,combustion,YGA:PricingPlan:86448926b819,5.0,43.0,https://fr.getaround.com/location-voiture/paris/peugeot-208-935659
2026-09-18T00:04:17,paris,940219,YGA:Vehicle:a910d212c0a9,paris,48.824867,2.325659,0,0,800000,YGA:VehicleType:a910d212c0a9,Renault,Trafic,2016,combustion_diesel,YGA:PricingPlan:a910d212c0a9,11.0,86.0,https://fr.getaround.com/location-voiture/paris/renault-trafic-940219
2026-09-18T00:04:17,paris,940735,YGA:Vehicle:bb6b9b9524d5,paris,48.88113,2.345076,0,0,37500,YGA:VehicleType:bb6b9b9524d5,Dacia,Spring,2020,electric,YGA:PricingPlan:bb6b9b9524d5,4.0,30.0,https://fr.getaround.com/location-voiture/paris/dacia-spring-940735
2026-09-18T00:04:17,paris,940736,YGA:Vehicle:930420ded7b3,ivry-sur-seine,48.813496,2.383244,0,0,42500,YGA:VehicleType:930420ded7b3,Dacia,Spring,2020,electric,YGA:PricingPlan:930420ded7b3,4.0,30.0,https://fr.getaround.com/location-voiture/ivry-sur-seine/dacia-spring-940736
2026-09-18T00:04:17,paris,940738,YGA:Vehicle:1362b38963a5,paris,48.878384,2.391174,0,0,250000,YGA:VehicleType:1362b38963a5,Dacia,Spring,2020,electric,YGA:PricingPlan:1362b38963a5,4.0,30.0,https://fr.getaround.com/location-voiture/paris/dacia-spring-940738
2026-09-18T00:04:17,paris,948173,YGA:Vehicle:faa9ec445fcc,paris,48.877602,2.319981,0,0,720000,YGA:VehicleType:faa9ec445fcc,Peugeot,Boxer,2012,combustion_diesel,YGA:PricingPlan:faa9ec445fcc,8.0,57.0,https://fr.getaround.com/location-voiture/paris/peugeot-boxer-948173
2026-09-18T00:04:17,paris,952559,YGA:Vehicle:fb2e1c947f9d,paris,48.89323,2.340558,0,0,846000,YGA:VehicleType:fb2e1c947f9d,Renault,Trafic,2012,combustion_diesel,YGA:PricingPlan:fb2e1c947f9d,10.0,82.0,https://fr.getaround.com/location-voiture/paris/renault-trafic-952559
2026-09-18T00:04:17,paris,952715,YGA:Vehicle:f5d81b95ca47,clichy,48.903713,2.306645,0,0,588000,YGA:VehicleType:f5d81b95ca47,Renault,Mégane,2012,combustion,YGA:PricingPlan:f5d81b95ca47,5.0,38.0,https://fr.getaround.com/location-voiture/clichy/renault-megane-952715
2026-09-18T00:04:17,paris,963594,YGA:Vehicle:a07baebcf573,paris,48.876163,2.363962,0,0,448000,YGA:VehicleType:a07baebcf573,Renault,Kangoo Express,2016,combustion_diesel,YGA:PricingPlan:a07baebcf573,7.0,48.0,https://fr.getaround.com/location-voiture/paris/renault-kangoo-express-963594
2026-09-18T00:04:17,paris,964303,YGA:Vehicle:2a8df37672ca,paris,48.844193,2.384556,0,0,300000,YGA:VehicleType:2a8df37672ca,Renault,Kangoo Express,2015,combustion_diesel,YGA:PricingPlan:2a8df37672ca,6.0,41.0,https://fr.getaround.com/location-voiture/paris/renault-kangoo-express-964303
2026-09-18T00:04:17,paris,964304,YGA:Vehicle:6f72f8c4a120,paris,48.854362,2.387515,0,0,348000,YGA:VehicleType:6f72f8c4a120,Renault,Kangoo Express,2015,combustion_diesel,YGA:PricingPlan:6f72f8c4a120,7.0,44.0,https://fr.getaround.com/location-voiture/paris/renault-kangoo-express-964304
2026-09-18T00:04:17,paris,965650,YGA:Vehicle:1359cf8c8fcc,malakoff,48.825012,2.302208,0,0,241500,YGA:VehicleType:1359cf8c8fcc,Renault,Master,2015,combustion_diesel,YGA:PricingPlan:1359cf8c8fcc,11.0,80.0,https://fr.getaround.com/location-voiture/malakoff/renault-master-965650
2026-09-18T00:04:17,paris,979840,YGA:Vehicle:4ed387e15616,ivry-sur-seine,48.807022,2.384853,0,0,354000,YGA:VehicleType:4ed387e15616,Renault,Kangoo Express,2017,combustion_diesel,YGA:PricingPlan:4ed387e15616,8.0,64.0,https://fr.getaround.com/location-voiture/ivry-sur-seine/renault-kangoo-express-979840
2026-09-18T00:04:17,paris,985117,YGA:Vehicle:63e220533855,paris,48.85154,2.29303,0,0,444400,YGA:VehicleType:63e220533855,Peugeot,208,2021,combustion,YGA:PricingPlan:63e220533855,7.0,50.0,https://fr.getaround.com/location-voiture/paris/peugeot-208-985117
2026-09-18T00:04:17,paris,985129,YGA:Vehicle:d1bd5c48c532,paris,48.842957,2.317132,0,0,306000,YGA:VehicleType:d1bd5c48c532,Citroen,C3,2021,combustion,YGA:PricingPlan:d1bd5c48c532,7.0,48.0,https://fr.getaround.com/location-voiture/paris/citroen-c3-985129
2026-09-18T00:04:17,paris,985136,YGA:Vehicle:db10f60c0c2b,paris,48.824924,2.369448,0,0,109200,YGA:VehicleType:db10f60c0c2b,Citroen,C3,2021,combustion,YGA:PricingPlan:db10f60c0c2b,7.0,48.0,https://fr.getaround.com/location-voiture/paris/citroen-c3-985136
2026-09-18T00:04:17,paris,985139,YGA:Vehicle:753ed742b056,suresnes,48.869377,2.223751,0,0,216000,YGA:VehicleType:753ed742b056,Citroen,C3,2021,combustion,YGA:PricingPlan:753ed742b056,7.0,48.0,https://fr.getaround.com/location-voiture/suresnes/citroen-c3-985139
2026-09-18T00:04:17,paris,985157,YGA:Vehicle:7916dd473712,paris,48.876884,2.368993,0,0,277200,YGA:VehicleType:7916dd473712,Peugeot,208,2021,combustion,YGA:PricingPlan:7916dd473712,5.0,37.0,https://fr.getaround.com/location-voiture/paris/peugeot-208-985157
2026-09-18T00:04:17,paris,985162,YGA:Vehicle:0bea2d998acb,paris,48.894657,2.330369,0,0,387000,YGA:VehicleType:0bea2d998acb,Citroen,C3,2021,combustion,YGA:PricingPlan:0bea2d998acb,5.0,37.0,https://fr.getaround.com/location-voiture/paris/citroen-c3-985162
2026-09-18T00:04:17,paris,985183,YGA:Vehicle:608cfef2527a,paris,48.899323,2.348058,0,0,396000,YGA:VehicleType:608cfef2527a,Citroen,C3,2021,combustion,YGA:PricingPlan:608cfef2527a,5.0,37.0,https://fr.getaround.com/location-voiture/paris/citroen-c3-985183
2026-09-18T00:04:17,paris,985185,YGA:Vehicle:f1237408a24c,sceaux,48.780781,2.296336,0,0,387000,YGA:VehicleType:f1237408a24c,Citroen,C3,2021,combustion,YGA:PricingPlan:f1237408a24c,4.0,31.0,https://fr.getaround.com/location-voiture/sceaux/citroen-c3-985185
2026-09-18T00:04:17,paris,985200,YGA:Vehicle:b952e5e74f25,colombes,48.931789,2.261061,0,0,134400,YGA:VehicleType:b952e5e74f25,Renault,Clio,2021,combustion,YGA:PricingPlan:b952e5e74f25,5.0,41.0,https://fr.getaround.com/location-voiture/colombes/renault-clio-985200
2026-09-18T00:04:17,paris,985205,YGA:Vehicle:eb5216ab4e41,paris,48.868038,2.403716,0,0,134400,YGA:VehicleType:eb5216ab4e41,Renault,Clio,2021,combustion,YGA:PricingPlan:eb5216ab4e41,4.0,33.0,https://fr.getaround.com/location-voiture/paris/renault-clio-985205
2026-09-18T00:04:17,paris,990274,YGA:Vehicle:38d84c32565a,paris,48.84882,2.298016,0,0,290400,YGA:VehicleType:38d84c32565a,Peugeot,208,2022,combustion,YGA:PricingPlan:38d84c32565a,5.0,38.0,https://fr.getaround.com/location-voiture/paris/peugeot-208-990274
2026-09-18T00:04:17,paris,990846,YGA:Vehicle:dd0f89487cd3,gennevilliers,48.934006,2.306705,0,0,297000,YGA:VehicleType:dd0f89487cd3,Peugeot,Boxer,2013,combustion_diesel,YGA:PricingPlan:dd0f89487cd3,8.0,61.0,https://fr.getaround.com/location-voiture/gennevilliers/peugeot-boxer-990846
2026-09-18T00:04:17,paris,991244,YGA:Vehicle:1615ad025a42,levallois-perret,48.897991,2.281109,0,0,127600,YGA:VehicleType:1615ad025a42,Peugeot,208,2021,combustion,YGA:PricingPlan:1615ad025a42,7.0,53.0,https://fr.getaround.com/location-voiture/levallois-perret/peugeot-208-991244
2026-09-18T00:04:17,paris,991247,YGA:Vehicle:fcd0ab4134cc,paris,48.870369,2.346406,0,0,126000,YGA:VehicleType:fcd0ab4134cc,Citroen,C3,2021,combustion,YGA:PricingPlan:fcd0ab4134cc,6.0,45.0,https://fr.getaround.com/location-voiture/paris/citroen-c3-991247
2026-09-18T00:04:17,paris,994621,YGA:Vehicle:5a4c5e4cb0da,paris,48.842991,2.276446,0,0,828000,YGA:VehicleType:5a4c5e4cb0da,Renault,Trafic,2014,combustion_diesel,YGA:PricingPlan:5a4c5e4cb0da,10.0,73.0,https://fr.getaround.com/location-voiture/paris/renault-trafic-994621
2026-09-18T00:04:17,paris,998477,YGA:Vehicle:5d839f1f80f4,issy-les-moulineaux,48.828579,2.263187,0,0,540000,YGA:VehicleType:5d839f1f80f4,Renault,Kangoo Fourgon,2015,combustion,YGA:PricingPlan:5d839f1f80f4,6.0,50.0,https://fr.getaround.com/location-voiture/issy-les-moulineaux/renault-kangoo-fourgon-998477
2026-09-18T00:04:17,paris,1000539,YGA:Vehicle:524447997cf0,paris,48.892815,2.343016,0,0,504000,YGA:VehicleType:524447997cf0,Renault,Trafic,2014,combustion_diesel,YGA:PricingPlan:524447997cf0,10.0,82.0,https://fr.getaround.com/location-voiture/paris/renault-trafic-1000539
2026-09-18T00:04:17,paris,1002018,YGA:Vehicle:dbc7e504604d,paris,48.831753,2.368142,0,0,272800,YGA:VehicleType:dbc7e504604d,Peugeot,208,2021,combustion,YGA:PricingPlan:dbc7e504604d,7.0,49.0,https://fr.getaround.com/location-voiture/paris/peugeot-208-1002018
2026-09-18T00:04:17,paris,1002028,YGA:Vehicle:cdba5066aef4,paris,48.845093,2.371318,0,0,294800,YGA:VehicleType:cdba5066aef4,Peugeot,208,2021,combustion,YGA:PricingPlan:cdba5066aef4,7.0,49.0,https://fr.getaround.com/location-voiture/paris/peugeot-208-1002028
2026-09-18T00:04:17,paris,1002068,YGA:Vehicle:3540ab75be6b,paris,48.882343,2.327687,0,0,145200,YGA:VehicleType:3540ab75be6b,Peugeot,208,2021,combustion,YGA:PricingPlan:3540ab75be6b,7.0,49.0,https://fr.getaround.com/location-voiture/paris/peugeot-208-1002068
2026-09-18T00:04:17,paris,1002074,YGA:Vehicle:70ed9777c304,paris,48.866299,2.285562,0,0,79200,YGA:VehicleType:70ed9777c304,Peugeot,208,2021,combustion,YGA:PricingPlan:70ed9777c304,7.0,46.0,https://fr.getaround.com/location-voiture/paris/peugeot-208-1002074
2026-09-18T00:04:17,paris,1002080,YGA:Vehicle:4ff51b036893,villejuif,48.799328,2.360937,0,0,440000,YGA:VehicleType:4ff51b036893,Peugeot,208,2021,combustion,YGA:PricingPlan:4ff51b036893,7.0,46.0,https://fr.getaround.com/location-voiture/villejuif/peugeot-208-1002080
2026-09-18T00:04:17,paris,1005693,YGA:Vehicle:d9bdaa386fbf,paris,48.874229,2.378191,0,0,500000,YGA:VehicleType:d9bdaa386fbf,Dacia,Lodgy,2017,combustion,YGA:PricingPlan:d9bdaa386fbf,9.0,65.0,https://fr.getaround.com/location-voiture/paris/dacia-lodgy-1005693
2026-09-18T00:04:17,paris,1007360,YGA:Vehicle:1363b6b9ef95,suresnes,48.87645,2.230981,0,0,193500,YGA:VehicleType:1363b6b9ef95,Citroen,C3,2022,combustion,YGA:PricingPlan:1363b6b9ef95,7.0,50.0,https://fr.getaround.com/location-voiture/suresnes/citroen-c3-1007360
2026-09-18T00:04:17,paris,1007376,YGA:Vehicle:4b3fa0867cfe,suresnes,48.876472,2.230942,0,0,396000,YGA:VehicleType:4b3fa0867cfe,Citroen,C3,2022,combustion,YGA:PricingPlan:4b3fa0867cfe,7.0,50.0,https://fr.getaround.com/location-voiture/suresnes/citroen-c3-1007376
2026-09-18T00:04:17,paris,1007377,YGA:Vehicle:b7670113a468,paris,48.901234,2.333986,0,0,288000,YGA:VehicleType:b7670113a468,Citroen,C3,2022,combustion,YGA:PricingPlan:b7670113a468,7.0,50.0,https://fr.getaround.com/location-voiture/paris/citroen-c3-1007377
2026-09-18T00:04:17,paris,1007378,YGA:Vehicle:602c04282125,paris,48.824993,2.369517,0,0,369000,YGA:VehicleType:602c04282125,Citroen,C3,2022,combustion,YGA:PricingPlan:602c04282125,7.0,50.0,https://fr.getaround.com/location-voiture/paris/citroen-c3-1007378
2026-09-18T00:04:17,paris,1007379,YGA:Vehicle:a878ae1ec489,paris,48.840355,2.356026,0,0,355500,YGA:VehicleType:a878ae1ec489,Citroen,C3,2022,combustion,YGA:PricingPlan:a878ae1ec489,7.0,50.0,https://fr.getaround.com/location-voiture/paris/citroen-c3-1007379
2026-09-18T00:04:17,paris,1007409,YGA:Vehicle:6dc3722a7af4,paris,48.892319,2.314661,0,0,436500,YGA:VehicleType:6dc3722a7af4,Citroen,C3,2022,combustion,YGA:PricingPlan:6dc3722a7af4,7.0,50.0,https://fr.getaround.com/location-voiture/paris/citroen-c3-1007409
2026-09-18T00:04:17,paris,1007410,YGA:Vehicle:c2a676466b50,asnieres-sur-seine,48.920609,2.287914,0,0,288000,YGA:VehicleType:c2a676466b50,Citroen,C3,2022,combustion,YGA:PricingPlan:c2a676466b50,7.0,50.0,https://fr.getaround.com/location-voiture/asnieres-sur-seine/citroen-c3-1007410
2026-09-18T00:04:17,paris,1007411,YGA:Vehicle:3d11f25afa10,paris,48.890469,2.346117,0,0,288000,YGA:VehicleType:3d11f25afa10,Citroen,C3,2022,combustion,YGA:PricingPlan:3d11f25afa10,7.0,50.0,https://fr.getaround.com/location-voiture/paris/citroen-c3-1007411
2026-09-18T00:04:17,paris,1009312,YGA:Vehicle:6651d621db6b,villejuif,48.799328,2.360937,0,0,130500,YGA:VehicleType:6651d621db6b,Citroen,C3,2022,combustion,YGA:PricingPlan:6651d621db6b,7.0,48.0,https://fr.getaround.com/location-voiture/villejuif/citroen-c3-1009312
2026-09-18T00:04:17,paris,1009315,YGA:Vehicle:d5aaec8ecbae,paris,48.862152,2.354257,0,0,153000,YGA:VehicleType:d5aaec8ecbae,Citroen,C3,2022,combustion,YGA:PricingPlan:d5aaec8ecbae,7.0,50.0,https://fr.getaround.com/location-voiture/paris/citroen-c3-1009315
2026-09-18T00:04:17,paris,1009443,YGA:Vehicle:39f11072cd3c,paris,48.851543,2.293099,0,0,378000,YGA:VehicleType:39f11072cd3c,Citroen,C3,2022,combustion,YGA:PricingPlan:39f11072cd3c,7.0,50.0,https://fr.getaround.com/location-voiture/paris/citroen-c3-1009443
2026-09-18T00:04:17,paris,1009470,YGA:Vehicle:1a2ee64932f4,bois-colombes,48.921799,2.272348,0,0,450000,YGA:VehicleType:1a2ee64932f4,Citroen,C3,2022,combustion,YGA:PricingPlan:1a2ee64932f4,7.0,48.0,https://fr.getaround.com/location-voiture/bois-colombes/citroen-c3-1009470
2026-09-18T00:04:17,paris,1009847,YGA:Vehicle:8c4f5ed89acb,pantin,48.888992,2.41454,0,0,168000,YGA:VehicleType:8c4f5ed89acb,Renault,Trafic,2018,combustion_diesel,YGA:PricingPlan:8c4f5ed89acb,9.0,68.0,https://fr.getaround.com/location-voiture/pantin/renault-trafic-1009847
2026-09-18T00:04:17,paris,1010949,YGA:Vehicle:5b3e66185254,montreuil,48.860165,2.451353,0,0,594000,YGA:VehicleType:5b3e66185254,Peugeot,Partner Fourgon,2015,combustion_diesel,YGA:PricingPlan:5b3e66185254,7.0,52.0,https://fr.getaround.com/location-voiture/montreuil/peugeot-partner-fourgon-1010949
2026-09-18T00:04:17,paris,1015578,YGA:Vehicle:9599027c29c1,paris,48.848759,2.401202,0,0,426000,YGA:VehicleType:9599027c29c1,Renault,Kangoo Express,2018,combustion_diesel,YGA:PricingPlan:9599027c29c1,6.0,48.0,https://fr.getaround.com/location-voiture/paris/renault-kangoo-express-1015578
2026-09-18T00:04:17,paris,1026236,YGA:Vehicle:dba9a102efa1,maisons-alfort,48.806351,2.447999,0,0,468000,YGA:VehicleType:dba9a102efa1,Renault,Kangoo Express,2013,combustion_diesel,YGA:PricingPlan:dba9a102efa1,6.0,50.0,https://fr.getaround.com/location-voiture/maisons-alfort/renault-kangoo-express-1026236
2026-09-18T00:04:17,paris,1029473,YGA:Vehicle:061b7c48f3b5,paris,48.871529,2.339638,0,0,445000,YGA:VehicleType:061b7c48f3b5,Dacia,Jogger,2022,combustion,YGA:PricingPlan:061b7c48f3b5,8.0,55.0,https://fr.getaround.com/location-voiture/paris/dacia-jogger-1029473
2026-09-18T00:04:17,paris,1031523,YGA:Vehicle:78891849d60b,paris,48.846058,2.264703,0,0,294000,YGA:VehicleType:78891849d60b,Fiat,500,2019,combustion,YGA:PricingPlan:78891849d60b,5.0,43.0,https://fr.getaround.com/location-voiture/paris/fiat-500-1031523
2026-09-18T00:04:17,paris,1034222,YGA:Vehicle:534f95a3afe1,paris,48.840401,2.263432,0,0,301500,YGA:VehicleType:534f95a3afe1,Peugeot,208,2016,combustion_diesel,YGA:PricingPlan:534f95a3afe1,6.0,42.0,https://fr.getaround.com/location-voiture/paris/peugeot-208-1034222
2026-09-18T00:04:17,paris,1035443,YGA:Vehicle:d8325e7dab9d,boulogne-billancourt,48.833351,2.255032,0,0,618000,YGA:VehicleType:d8325e7dab9d,Renault,Kangoo Fourgon,2015,combustion_diesel,YGA:PricingPlan:d8325e7dab9d,6.0,49.0,https://fr.getaround.com/location-voiture/boulogne-billancourt/renault-kangoo-fourgon-1035443
2026-09-18T00:04:17,paris,1041838,YGA:Vehicle:b2ea92ae186f,paris,48.849644,2.285553,0,0,266400,YGA:VehicleType:b2ea92ae186f,Fiat,Panda,2017,combustion,YGA:PricingPlan:b2ea92ae186f,5.0,42.0,https://fr.getaround.com/location-voiture/paris/fiat-panda-1041838
2026-09-18T00:04:17,paris,1046965,YGA:Vehicle:a5472675ab44,paris,48.889977,2.317918,0,0,390000,YGA:VehicleType:a5472675ab44,Renault,Kangoo Express,2020,combustion_diesel,YGA:PricingPlan:a5472675ab44,6.0,49.0,https://fr.getaround.com/location-voiture/paris/renault-kangoo-express-1046965
2026-09-18T00:04:17,paris,1048328,YGA:Vehicle:828bbba2fed9,joinville-le-pont,48.82983,2.469696,0,0,567000,YGA:VehicleType:828bbba2fed9,Opel,Vivaro,2017,combustion_diesel,YGA:PricingPlan:828bbba2fed9,8.0,65.0,https://fr.getaround.com/location-voiture/joinville-le-pont/opel-vivaro-1048328
2026-09-18T00:04:17,paris,1057098,YGA:Vehicle:8c4491d2c8b4,le-bourget,48.940033,2.429569,0,0,351000,YGA:VehicleType:8c4491d2c8b4,Renault,Clio E-tech,2022,hybrid,YGA:PricingPlan:8c4491d2c8b4,11.0,77.0,https://fr.getaround.com/location-voiture/le-bourget/renault-clio-e-tech-1057098
2026-09-18T00:04:17,paris,1057585,YGA:Vehicle:90245f5dc915,paris,48.867317,2.270796,0,0,270000,YGA:VehicleType:90245f5dc915,Renault,Kangoo Express,2018,combustion_diesel,YGA:PricingPlan:90245f5dc915,6.0,48.0,https://fr.getaround.com/location-voiture/paris/renault-kangoo-express-1057585
2026-09-18T00:04:17,paris,1066352,YGA:Vehicle:50e6f6ab2514,charenton-le-pont,48.824734,2.411642,0,0,336000,YGA:VehicleType:50e6f6ab2514,Toyota,Yaris,2019,hybrid,YGA:PricingPlan:50e6f6ab2514,6.0,48.0,https://fr.getaround.com/location-voiture/charenton-le-pont/toyota-yaris-1066352
2026-09-18T00:04:17,paris,1080459,YGA:Vehicle:c116eb27f7c6,bagnolet,48.875565,2.419635,0,0,162800,YGA:VehicleType:c116eb27f7c6,Peugeot,2008,2021,combustion,YGA:PricingPlan:c116eb27f7c6,6.0,44.0,https://fr.getaround.com/location-voiture/bagnolet/peugeot-2008-1080459
2026-09-18T00:04:17,paris,1087994,YGA:Vehicle:17bce9631789,aubervilliers,48.911304,2.387136,0,0,600000,YGA:VehicleType:17bce9631789,Peugeot,Partner,2018,combustion_diesel,YGA:PricingPlan:17bce9631789,8.0,62.0,https://fr.getaround.com/location-voiture/aubervilliers/peugeot-partner-1087994
2026-09-18T00:04:17,paris,1093572,YGA:Vehicle:a17189153059,pantin,48.88932,2.417837,0,0,711000,YGA:VehicleType:a17189153059,Renault,Trafic,2014,combustion_diesel,YGA:PricingPlan:a17189153059,9.0,72.0,https://fr.getaround.com/location-voiture/pantin/renault-trafic-1093572
2026-09-18T00:04:17,paris,1096368,YGA:Vehicle:d63cce4e57f8,paris,48.895386,2.372674,0,0,152000,YGA:VehicleType:d63cce4e57f8,Citroen,Jumpy,2015,combustion_diesel,YGA:PricingPlan:d63cce4e57f8,9.0,68.0,https://fr.getaround.com/location-voiture/paris/citroen-jumpy-1096368
2026-09-18T00:04:17,paris,1096370,YGA:Vehicle:77b2b4eed5ee,asnieres-sur-seine,48.908836,2.272577,0,0,600000,YGA:VehicleType:77b2b4eed5ee,Renault,Kangoo Express,2013,combustion_diesel,YGA:PricingPlan:77b2b4eed5ee,5.0,42.0,https://fr.getaround.com/location-voiture/asnieres-sur-seine/renault-kangoo-express-1096370
2026-09-18T00:04:17,paris,1099103,YGA:Vehicle:4f795508c7ac,paris,48.895191,2.372498,0,0,792000,YGA:VehicleType:4f795508c7ac,Renault,Trafic,2015,combustion_diesel,YGA:PricingPlan:4f795508c7ac,8.0,64.0,https://fr.getaround.com/location-voiture/paris/renault-trafic-1099103
2026-09-18T00:04:17,paris,1101649,YGA:Vehicle:9c614c3fd112,paris,48.892319,2.314661,0,0,873000,YGA:VehicleType:9c614c3fd112,Renault,Trafic,2014,combustion_diesel,YGA:PricingPlan:9c614c3fd112,10.0,78.0,https://fr.getaround.com/location-voiture/paris/renault-trafic-1101649
2026-09-18T00:04:17,paris,1103572,YGA:Vehicle:a7b55a8163e5,paris,48.889793,2.353539,0,0,192000,YGA:VehicleType:a7b55a8163e5,Citroen,Jumpy,2015,combustion_diesel,YGA:PricingPlan:a7b55a8163e5,8.0,59.0,https://fr.getaround.com/location-voiture/paris/citroen-jumpy-1103572
2026-09-18T00:04:17,paris,1115485,YGA:Vehicle:6e5292f238f8,paris,48.849808,2.400564,0,0,600000,YGA:VehicleType:6e5292f238f8,Renault,Kangoo Express,2017,combustion_diesel,YGA:PricingPlan:6e5292f238f8,7.0,48.0,https://fr.getaround.com/location-voiture/paris/renault-kangoo-express-1115485
2026-09-18T00:04:17,paris,1123907,YGA:Vehicle:9682ac560e8a,saint-denis,48.918308,2.343501,0,0,800000,YGA:VehicleType:9682ac560e8a,Renault,Trafic Passenger,2024,combustion_diesel,YGA:PricingPlan:9682ac560e8a,18.0,126.0,https://fr.getaround.com/location-voiture/saint-denis/renault-trafic-passenger-1123907
2026-09-18T00:04:17,paris,1124487,YGA:Vehicle:8d634c96c735,paris,48.839561,2.380247,0,0,132000,YGA:VehicleType:8d634c96c735,Smart,Fortwo Coupé,2013,combustion,YGA:PricingPlan:8d634c96c735,8.0,56.0,https://fr.getaround.com/location-voiture/paris/smart-fortwo-coupe-1124487
2026-09-18T00:04:17,paris,1125102,YGA:Vehicle:9b8d9b8f0fb0,levallois-perret,48.89529,2.298565,0,0,172200,YGA:VehicleType:9b8d9b8f0fb0,Renault,Clio,2021,combustion,YGA:PricingPlan:9b8d9b8f0fb0,5.0,38.0,https://fr.getaround.com/location-voiture/levallois-perret/renault-clio-1125102
2026-09-18T00:04:17,paris,1125579,YGA:Vehicle:5f6d8bb87c1a,vitry-sur-seine,48.798637,2.408571,0,0,357000,YGA:VehicleType:5f6d8bb87c1a,Renault,Master,2019,combustion_diesel,YGA:PricingPlan:5f6d8bb87c1a,10.0,76.0,https://fr.getaround.com/location-voiture/vitry-sur-seine/renault-master-1125579
2026-09-18T00:04:17,paris,1130089,YGA:Vehicle:ac2ed58675da,paris,48.849689,2.285664,0,0,348600,YGA:VehicleType:ac2ed58675da,Renault,Clio,2021,combustion,YGA:PricingPlan:ac2ed58675da,5.0,40.0,https://fr.getaround.com/location-voiture/paris/renault-clio-1130089
2026-09-18T00:04:17,paris,1136164,YGA:Vehicle:42a8506dbabb,maisons-alfort,48.805569,2.438362,0,0,207000,YGA:VehicleType:42a8506dbabb,Opel,Vivaro,2013,combustion_diesel,YGA:PricingPlan:42a8506dbabb,6.0,49.0,https://fr.getaround.com/location-voiture/maisons-alfort/opel-vivaro-1136164
2026-09-18T00:04:17,paris,1139073,YGA:Vehicle:07bf2d60449f,paris,48.891869,2.316322,0,0,246400,YGA:VehicleType:07bf2d60449f,Peugeot,2008,2021,combustion,YGA:PricingPlan:07bf2d60449f,6.0,42.0,https://fr.getaround.com/location-voiture/paris/peugeot-2008-1139073
2026-09-18T00:04:17,paris,1139133,YGA:Vehicle:884d863301fc,paris,48.849331,2.259859,0,0,378000,YGA:VehicleType:884d863301fc,Citroen,C3,2021,combustion,YGA:PricingPlan:884d863301fc,4.0,33.0,https://fr.getaround.com/location-voiture/paris/citroen-c3-1139133
2026-09-18T00:04:17,paris,1141133,YGA:Vehicle:a5016201e956,vitry-sur-seine,48.798637,2.408571,0,0,384000,YGA:VehicleType:a5016201e956,Opel,Movano,2018,combustion_diesel,YGA:PricingPlan:a5016201e956,9.0,74.0,https://fr.getaround.com/location-voiture/vitry-sur-seine/opel-movano-1141133
2026-09-18T00:04:17,paris,1142169,YGA:Vehicle:844eceb78415,paris,48.901234,2.333986,0,0,211200,YGA:VehicleType:844eceb78415,Peugeot,208,2021,combustion,YGA:PricingPlan:844eceb78415,6.0,42.0,https://fr.getaround.com/location-voiture/paris/peugeot-208-1142169
2026-09-18T00:04:17,paris,1145160,YGA:Vehicle:7f8ae25b9aef,saint-denis,48.918407,2.343441,0,0,900000,YGA:VehicleType:7f8ae25b9aef,Renault,Trafic Passenger,2020,combustion_diesel,YGA:PricingPlan:7f8ae25b9aef,17.0,114.0,https://fr.getaround.com/location-voiture/saint-denis/renault-trafic-passenger-1145160
2026-09-18T00:04:17,paris,1145397,YGA:Vehicle:c0d61bbe9cc0,gentilly,48.814308,2.341029,0,0,192000,YGA:VehicleType:c0d61bbe9cc0,Citroen,Berlingo,2014,combustion_diesel,YGA:PricingPlan:c0d61bbe9cc0,6.0,46.0,https://fr.getaround.com/location-voiture/gentilly/citroen-berlingo-1145397
2026-09-18T00:04:17,paris,1146812,YGA:Vehicle:5f987b01890d,paris,48.85611,2.415202,0,0,837000,YGA:VehicleType:5f987b01890d,Renault,Trafic Passenger,2013,combustion_diesel,YGA:PricingPlan:5f987b01890d,11.0,80.0,https://fr.getaround.com/location-voiture/paris/renault-trafic-passenger-1146812
2026-09-18T00:04:17,paris,1148327,YGA:Vehicle:76e58218d738,sevres,48.813763,2.213673,0,0,441000,YGA:VehicleType:76e58218d738,Renault,Master,2017,combustion_diesel,YGA:PricingPlan:76e58218d738,8.0,64.0,https://fr.getaround.com/location-voiture/sevres/renault-master-1148327
2026-09-18T00:04:17,paris,1149205,YGA:Vehicle:00b7dcab54de,ivry-sur-seine,48.813599,2.384753,0,0,204000,YGA:VehicleType:00b7dcab54de,Citroen,Berlingo,2014,combustion_diesel,YGA:PricingPlan:00b7dcab54de,8.0,59.0,https://fr.getaround.com/location-voiture/ivry-sur-seine/citroen-berlingo-1149205
2026-09-18T00:04:17,paris,1149662,YGA:Vehicle:979caca35595,paris,48.882477,2.375214,0,0,240000,YGA:VehicleType:979caca35595,Citroen,Jumpy,2015,combustion_diesel,YGA:PricingPlan:979caca35595,8.0,59.0,https://fr.getaround.com/location-voiture/paris/citroen-jumpy-1149662
2026-09-18T00:04:17,paris,1155838,YGA:Vehicle:33c34b26f0fe,creteil,48.790333,2.450805,0,0,537600,YGA:VehicleType:33c34b26f0fe,Renault,Grand Scenic,2016,combustion_diesel,YGA:PricingPlan:33c34b26f0fe,9.0,59.0,https://fr.getaround.com/location-voiture/creteil/renault-grand-scenic-1155838
2026-09-18T00:04:17,paris,1156197,YGA:Vehicle:4d172e6368d1,fontenay-sous-bois,48.843464,2.466725,0,0,428400,YGA:VehicleType:4d172e6368d1,Renault,Clio,2020,combustion,YGA:PricingPlan:4d172e6368d1,4.0,30.0,https://fr.getaround.com/location-voiture/fontenay-sous-bois/renault-clio-1156197
2026-09-18T00:04:17,paris,1156948,YGA:Vehicle:909e15ae5c76,paris,48.842846,2.352862,0,0,600000,YGA:VehicleType:909e15ae5c76,Renault,Kangoo Express,2016,combustion_diesel,YGA:PricingPlan:909e15ae5c76,6.0,47.0,https://fr.getaround.com/location-voiture/paris/renault-kangoo-express-1156948
2026-09-18T00:04:17,paris,1159301,YGA:Vehicle:1ef560262609,paris,48.862431,2.405893,0,0,139500,YGA:VehicleType:1ef560262609,Citroen,C3,2020,combustion,YGA:PricingPlan:1ef560262609,5.0,40.0,https://fr.getaround.com/location-voiture/paris/citroen-c3-1159301
2026-09-18T00:04:17,paris,1159303,YGA:Vehicle:969ec241212b,rosny-sous-bois,48.876595,2.476027,0,0,136500,YGA:VehicleType:969ec241212b,Renault,Master,2015,combustion_diesel,YGA:PricingPlan:969ec241212b,8.0,57.0,https://fr.getaround.com/location-voiture/rosny-sous-bois/renault-master-1159303
2026-09-18T00:04:17,paris,1164933,YGA:Vehicle:611d56800ad9,paris,48.871929,2.347583,0,0,552000,YGA:VehicleType:611d56800ad9,Toyota,Proace Verso,2020,combustion_diesel,YGA:PricingPlan:611d56800ad9,10.0,73.0,https://fr.getaround.com/location-voiture/paris/toyota-proace-verso-1164933
2026-09-18T00:04:17,paris,1166894,YGA:Vehicle:73c893be9056,chatillon,48.805618,2.284173,0,0,387000,YGA:VehicleType:73c893be9056,Renault,Trafic,2012,combustion_diesel,YGA:PricingPlan:73c893be9056,6.0,42.0,https://fr.getaround.com/location-voiture/chatillon/renault-trafic-1166894
2026-09-18T00:04:17,paris,1167007,YGA:Vehicle:8ce1bfddae4f,antony,48.769878,2.318018,0,0,207000,YGA:VehicleType:8ce1bfddae4f,Renault,Trafic,2013,combustion_diesel,YGA:PricingPlan:8ce1bfddae4f,6.0,49.0,https://fr.getaround.com/location-voiture/antony/renault-trafic-1167007
2026-09-18T00:04:17,paris,1167029,YGA:Vehicle:0d650092cee5,paris,48.875675,2.303899,0,0,396000,YGA:VehicleType:0d650092cee5,Renault,Clio,2021,combustion,YGA:PricingPlan:0d650092cee5,4.0,30.0,https://fr.getaround.com/location-voiture/paris/renault-clio-1167029
2026-09-18T00:04:17,paris,1168134,YGA:Vehicle:19a6336d1c64,paris,48.888126,2.345273,0,0,558000,YGA:VehicleType:19a6336d1c64,Renault,Scenic,2015,combustion,YGA:PricingPlan:19a6336d1c64,9.0,63.0,https://fr.getaround.com/location-voiture/paris/renault-scenic-1168134
2026-09-18T00:04:17,paris,1168700,YGA:Vehicle:15f71e6938b4,nanterre,48.899769,2.22622,0,0,496000,YGA:VehicleType:15f71e6938b4,Renault,Trafic,2016,combustion_diesel,YGA:PricingPlan:15f71e6938b4,9.0,66.0,https://fr.getaround.com/location-voiture/nanterre/renault-trafic-1168700
2026-09-18T00:04:17,paris,1169660,YGA:Vehicle:64e226ab8c54,asnieres-sur-seine,48.913609,2.274442,0,0,288000,YGA:VehicleType:64e226ab8c54,Renault,Clio,2018,combustion,YGA:PricingPlan:64e226ab8c54,6.0,47.0,https://fr.getaround.com/location-voiture/asnieres-sur-seine/renault-clio-1169660
2026-09-18T00:04:17,paris,1174479,YGA:Vehicle:1b5d3a6fbfbc,noisy-le-sec,48.896339,2.465337,0,0,168000,YGA:VehicleType:1b5d3a6fbfbc,Renault,Kangoo Express,2018,combustion_diesel,YGA:PricingPlan:1b5d3a6fbfbc,7.0,56.0,https://fr.getaround.com/location-voiture/noisy-le-sec/renault-kangoo-express-1174479
2026-09-18T00:04:17,paris,1176086,YGA:Vehicle:ee5c425a1e37,arcueil,48.803886,2.328591,0,0,450000,YGA:VehicleType:ee5c425a1e37,Renault,Clio,2016,combustion,YGA:PricingPlan:ee5c425a1e37,4.0,28.0,https://fr.getaround.com/location-voiture/arcueil/renault-clio-1176086
2026-09-18T00:04:17,paris,1179441,YGA:Vehicle:ed593178d225,gennevilliers,48.928402,2.288712,0,0,594000,YGA:VehicleType:ed593178d225,Peugeot,Partner,2013,combustion_diesel,YGA:PricingPlan:ed593178d225,6.0,47.0,https://fr.getaround.com/location-voiture/gennevilliers/peugeot-partner-1179441
2026-09-18T00:04:17,paris,1179653,YGA:Vehicle:3a19cdc1d0c0,malakoff,48.812061,2.294726,0,0,552000,YGA:VehicleType:3a19cdc1d0c0,Opel,Movano,2018,combustion_diesel,YGA:PricingPlan:3a19cdc1d0c0,8.0,68.0,https://fr.getaround.com/location-voiture/malakoff/opel-movano-1179653
2026-09-18T00:04:17,paris,1184150,YGA:Vehicle:334c0fbe2a2f,la-garenne-colombes,48.913483,2.257902,0,0,450000,YGA:VehicleType:334c0fbe2a2f,Skoda,Fabia,2017,combustion_diesel,YGA:PricingPlan:334c0fbe2a2f,9.0,67.0,https://fr.getaround.com/location-voiture/la-garenne-colombes/skoda-fabia-1184150
2026-09-18T00:04:17,paris,1186593,YGA:Vehicle:e22424bcfac8,clamart,48.812603,2.274871,0,0,237500,YGA:VehicleType:e22424bcfac8,Renault,Kangoo Express ZE,2016,electric,YGA:PricingPlan:e22424bcfac8,7.0,56.0,https://fr.getaround.com/location-voiture/clamart/renault-kangoo-express-ze-1186593
2026-09-18T00:04:17,paris,1187353,YGA:Vehicle:726bf658c7e9,paris,48.889576,2.319039,0,0,105000,YGA:VehicleType:726bf658c7e9,Renault,Clio,2021,combustion,YGA:PricingPlan:726bf658c7e9,4.0,31.0,https://fr.getaround.com/location-voiture/paris/renault-clio-1187353
2026-09-18T00:04:17,paris,1187355,YGA:Vehicle:ed92b6243232,pantin,48.890205,2.408347,0,0,415800,YGA:VehicleType:ed92b6243232,Renault,Clio,2021,combustion,YGA:PricingPlan:ed92b6243232,5.0,38.0,https://fr.getaround.com/location-voiture/pantin/renault-clio-1187355
2026-09-18T00:04:17,paris,1188586,YGA:Vehicle:be19caac09af,paris,48.831207,2.309197,0,0,168000,YGA:VehicleType:be19caac09af,Renault,Master,2013,combustion_diesel,YGA:PricingPlan:be19caac09af,9.0,71.0,https://fr.getaround.com/location-voiture/paris/renault-master-1188586
2026-09-18T00:04:17,paris,1189243,YGA:Vehicle:383a62b0f81f,paris,48.883808,2.312235,0,0,536000,YGA:VehicleType:383a62b0f81f,Renault,Trafic Passenger,2020,combustion_diesel,YGA:PricingPlan:383a62b0f81f,16.0,114.0,https://fr.getaround.com/location-voiture/paris/renault-trafic-passenger-1189243
2026-09-18T00:04:17,paris,1190400,YGA:Vehicle:c921967f3d87,colombes,48.931103,2.255057,0,0,584000,YGA:VehicleType:c921967f3d87,Renault,Trafic,2017,combustion_diesel,YGA:PricingPlan:c921967f3d87,7.0,66.0,https://fr.getaround.com/location-voiture/colombes/renault-trafic-1190400
2026-09-18T00:04:17,paris,1190514,YGA:Vehicle:d108e8f1d802,puteaux,48.886765,2.226953,0,0,98900,YGA:VehicleType:d108e8f1d802,Toyota,Corolla Break Hybride,2020,hybrid,YGA:PricingPlan:d108e8f1d802,5.0,37.0,https://fr.getaround.com/location-voiture/puteaux/toyota-corolla-break-hybride-1190514
2026-09-18T00:04:17,paris,1190794,YGA:Vehicle:9322e31a7b55,puteaux,48.886124,2.228461,0,0,427000,YGA:VehicleType:9322e31a7b55,Toyota,Proace Fourgon,2020,combustion_diesel,YGA:PricingPlan:9322e31a7b55,11.0,83.0,https://fr.getaround.com/location-voiture/puteaux/toyota-proace-fourgon-1190794
2026-09-18T00:04:17,paris,1194650,YGA:Vehicle:9d1b250d14d8,cachan,48.796535,2.325286,0,0,736000,YGA:VehicleType:9d1b250d14d8,Peugeot,Expert,2014,combustion_diesel,YGA:PricingPlan:9d1b250d14d8,7.0,50.0,https://fr.getaround.com/location-voiture/cachan/peugeot-expert-1194650
2026-09-18T00:04:17,paris,1197272,YGA:Vehicle:3bc2beff4ff2,colombes,48.911335,2.229425,0,0,420000,YGA:VehicleType:3bc2beff4ff2,Renault,Master,2013,combustion_diesel,YGA:PricingPlan:3bc2beff4ff2,38.0,267.0,https://fr.getaround.com/location-voiture/colombes/renault-master-1197272
2026-09-18T00:04:17,paris,1200965,YGA:Vehicle:303577bc9e0f,paris,48.871353,2.338388,0,0,235000,YGA:VehicleType:303577bc9e0f,Toyota,Proace City Electric,2023,electric,YGA:PricingPlan:303577bc9e0f,11.0,91.0,https://fr.getaround.com/location-voiture/paris/toyota-proace-city-electric-1200965
2026-09-18T00:04:17,paris,1203736,YGA:Vehicle:cdaacfc48605,paris,48.862198,2.354164,0,0,121500,YGA:VehicleType:cdaacfc48605,Citroen,C3,2023,combustion,YGA:PricingPlan:cdaacfc48605,6.0,49.0,https://fr.getaround.com/location-voiture/paris/citroen-c3-1203736
2026-09-18T00:04:17,paris,1204477,YGA:Vehicle:ded2b73b8c37,gennevilliers,48.934052,2.306691,0,0,126000,YGA:VehicleType:ded2b73b8c37,Renault,Trafic,2013,combustion_diesel,YGA:PricingPlan:ded2b73b8c37,6.0,49.0,https://fr.getaround.com/location-voiture/gennevilliers/renault-trafic-1204477
2026-09-18T00:04:17,paris,1204836,YGA:Vehicle:d70a277336c0,paris,48.873219,2.373415,0,0,128000,YGA:VehicleType:d70a277336c0,Citroen,Jumpy,2015,combustion_diesel,YGA:PricingPlan:d70a277336c0,7.0,53.0,https://fr.getaround.com/location-voiture/paris/citroen-jumpy-1204836
2026-09-18T00:04:17,paris,1205152,YGA:Vehicle:d32af10c3892,rosny-sous-bois,48.871735,2.471986,0,0,522000,YGA:VehicleType:d32af10c3892,Renault,Kangoo Express,2013,combustion_diesel,YGA:PricingPlan:d32af10c3892,5.0,42.0,https://fr.getaround.com/location-voiture/rosny-sous-bois/renault-kangoo-express-1205152
2026-09-18T00:04:17,paris,1206340,YGA:Vehicle:9ed2b6099322,boulogne-billancourt,48.832726,2.249987,0,0,137800,YGA:VehicleType:9ed2b6099322,Renault,Grand Scenic,2017,combustion_diesel,YGA:PricingPlan:9ed2b6099322,11.0,79.0,https://fr.getaround.com/location-voiture/boulogne-billancourt/renault-grand-scenic-1206340
2026-09-18T00:04:17,paris,1207394,YGA:Vehicle:e68ae8953094,paris,48.899929,2.344498,0,0,246000,YGA:VehicleType:e68ae8953094,Renault,Kangoo Express,2014,combustion_diesel,YGA:PricingPlan:e68ae8953094,6.0,45.0,https://fr.getaround.com/location-voiture/paris/renault-kangoo-express-1207394
2026-09-18T00:04:17,paris,1207726,YGA:Vehicle:7681907ba6de,saint-ouen-sur-seine,48.906155,2.335739,0,0,438000,YGA:VehicleType:7681907ba6de,Peugeot,Partner Fourgon,2018,combustion,YGA:PricingPlan:7681907ba6de,9.0,70.0,https://fr.getaround.com/location-voiture/saint-ouen-sur-seine/peugeot-partner-fourgon-1207726
2026-09-18T00:04:17,paris,1210675,YGA:Vehicle:8204386f7ee7,paris,48.87635,2.39357,0,0,319500,YGA:VehicleType:8204386f7ee7,Citroen,C3,2023,combustion,YGA:PricingPlan:8204386f7ee7,7.0,53.0,https://fr.getaround.com/location-voiture/paris/citroen-c3-1210675
2026-09-18T00:04:17,paris,1214990,YGA:Vehicle:d32452cfadae,le-plessis-robinson,48.78447,2.274867,0,0,576000,YGA:VehicleType:d32452cfadae,Renault,Kangoo Express,2016,combustion_diesel,YGA:PricingPlan:d32452cfadae,5.0,39.0,https://fr.getaround.com/location-voiture/le-plessis-robinson/renault-kangoo-express-1214990
2026-09-18T00:04:17,paris,1214992,YGA:Vehicle:bc19b3c33312,paris,48.836529,2.318608,0,0,408000,YGA:VehicleType:bc19b3c33312,Renault,Kangoo Express,2016,combustion_diesel,YGA:PricingPlan:bc19b3c33312,6.0,44.0,https://fr.getaround.com/location-voiture/paris/renault-kangoo-express-1214992
2026-09-18T00:04:17,paris,1216044,YGA:Vehicle:2632faf8b3e9,paris,48.853367,2.394739,0,0,342000,YGA:VehicleType:2632faf8b3e9,Citroen,C3,2023,combustion,YGA:PricingPlan:2632faf8b3e9,5.0,45.0,https://fr.getaround.com/location-voiture/paris/citroen-c3-1216044
2026-09-18T00:04:17,paris,1216051,YGA:Vehicle:e4d24ff74b84,neuilly-sur-seine,48.891434,2.277389,0,0,301500,YGA:VehicleType:e4d24ff74b84,Citroen,C3,2023,combustion,YGA:PricingPlan:e4d24ff74b84,7.0,53.0,https://fr.getaround.com/location-voiture/neuilly-sur-seine/citroen-c3-1216051
2026-09-18T00:04:17,paris,1219161,YGA:Vehicle:26b80d57b09a,paris,48.854397,2.30477,0,0,696000,YGA:VehicleType:26b80d57b09a,Renault,Master,2023,combustion_diesel,YGA:PricingPlan:26b80d57b09a,9.0,78.0,https://fr.getaround.com/location-voiture/paris/renault-master-1219161
2026-09-18T00:04:17,paris,1224560,YGA:Vehicle:e7ad91dc015d,paris,48.842957,2.317132,0,0,382800,YGA:VehicleType:e7ad91dc015d,Peugeot,208,2023,combustion,YGA:PricingPlan:e7ad91dc015d,5.0,45.0,https://fr.getaround.com/location-voiture/paris/peugeot-208-1224560
2026-09-18T00:04:17,paris,1224582,YGA:Vehicle:9bf3134d163f,courbevoie,48.895103,2.239162,0,0,444400,YGA:VehicleType:9bf3134d163f,Peugeot,208,2023,combustion,YGA:PricingPlan:9bf3134d163f,5.0,45.0,https://fr.getaround.com/location-voiture/courbevoie/peugeot-208-1224582
2026-09-18T00:04:17,paris,1226020,YGA:Vehicle:2f3d28825950,paris,48.866306,2.285578,0,0,270000,YGA:VehicleType:2f3d28825950,Citroen,C3,2023,combustion,YGA:PricingPlan:2f3d28825950,6.0,49.0,https://fr.getaround.com/location-voiture/paris/citroen-c3-1226020
2026-09-18T00:04:17,paris,1226024,YGA:Vehicle:153ea511f512,montrouge,48.810898,2.309095,0,0,180000,YGA:VehicleType:153ea511f512,Citroen,C3,2023,combustion,YGA:PricingPlan:153ea511f512,6.0,49.0,https://fr.getaround.com/location-voiture/montrouge/citroen-c3-1226024
2026-09-18T00:04:17,paris,1226026,YGA:Vehicle:aaf11234b405,paris,48.890697,2.363339,0,0,153000,YGA:VehicleType:aaf11234b405,Citroen,C3,2023,combustion,YGA:PricingPlan:aaf11234b405,7.0,53.0,https://fr.getaround.com/location-voiture/paris/citroen-c3-1226026
2026-09-18T00:04:17,paris,1226029,YGA:Vehicle:c49aea0a5a11,paris,48.890331,2.37952,0,0,360000,YGA:VehicleType:c49aea0a5a11,Citroen,C3,2023,combustion,YGA:PricingPlan:c49aea0a5a11,6.0,49.0,https://fr.getaround.com/location-voiture/paris/citroen-c3-1226029
2026-09-18T00:04:17,paris,1227454,YGA:Vehicle:ab54153c0837,ivry-sur-seine,48.812885,2.370104,0,0,423000,YGA:VehicleType:ab54153c0837,Peugeot,Boxer,2018,combustion_diesel,YGA:PricingPlan:ab54153c0837,11.0,87.0,https://fr.getaround.com/location-voiture/ivry-sur-seine/peugeot-boxer-1227454
2026-09-18T00:04:17,paris,1230204,YGA:Vehicle:86792d627b6c,colombes,48.931801,2.261068,0,0,140800,YGA:VehicleType:86792d627b6c,Peugeot,208,2023,combustion,YGA:PricingPlan:86792d627b6c,7.0,54.0,https://fr.getaround.com/location-voiture/colombes/peugeot-208-1230204
2026-09-18T00:04:17,paris,1230347,YGA:Vehicle:c12353f19e32,paris,48.850197,2.366032,0,0,246000,YGA:VehicleType:c12353f19e32,Fiat,Doblo Cargo,2016,combustion,YGA:PricingPlan:c12353f19e32,6.0,46.0,https://fr.getaround.com/location-voiture/paris/fiat-doblo-cargo-1230347
2026-09-18T00:04:17,paris,1232224,YGA:Vehicle:92f0811316cc,paris,48.890144,2.334173,0,0,800000,YGA:VehicleType:92f0811316cc,Renault,Trafic,2017,combustion_diesel,YGA:PricingPlan:92f0811316cc,11.0,88.0,https://fr.getaround.com/location-voiture/paris/renault-trafic-1232224
2026-09-18T00:04:17,paris,1235149,YGA:Vehicle:44b92e16f073,paris,48.863869,2.239796,0,0,672000,YGA:VehicleType:44b92e16f073,Peugeot,Boxer,2023,combustion_diesel,YGA:PricingPlan:44b92e16f073,10.0,85.0,https://fr.getaround.com/location-voiture/paris/peugeot-boxer-1235149
2026-09-18T00:04:17,paris,1238361,YGA:Vehicle:570013195900,paris,48.838421,2.312523,0,0,445500,YGA:VehicleType:570013195900,Opel,Corsa,2012,combustion,YGA:PricingPlan:570013195900,5.0,35.0,https://fr.getaround.com/location-voiture/paris/opel-corsa-1238361
2026-09-18T00:04:17,paris,1240535,YGA:Vehicle:d37a8733c900,paris,48.836529,2.318608,0,0,492000,YGA:VehicleType:d37a8733c900,Renault,Kangoo Express,2016,combustion_diesel,YGA:PricingPlan:d37a8733c900,5.0,39.0,https://fr.getaround.com/location-voiture/paris/renault-kangoo-express-1240535
2026-09-18T00:04:17,paris,1241184,YGA:Vehicle:27f926582f35,paris,48.883595,2.312934,0,0,323400,YGA:VehicleType:27f926582f35,Peugeot,208,2023,combustion,YGA:PricingPlan:27f926582f35,7.0,55.0,https://fr.getaround.com/location-voiture/paris/peugeot-208-1241184
2026-09-18T00:04:17,paris,1242243,YGA:Vehicle:54eaa685b7d5,saint-ouen-sur-seine,48.904102,2.341321,0,0,378000,YGA:VehicleType:54eaa685b7d5,Renault,Trafic Passenger,2018,combustion_diesel,YGA:PricingPlan:54eaa685b7d5,14.0,101.0,https://fr.getaround.com/location-voiture/saint-ouen-sur-seine/renault-trafic-passenger-1242243
2026-09-18T00:04:17,paris,1244233,YGA:Vehicle:80d6ce1e0397,paris,48.866566,2.380738,0,0,504000,YGA:VehicleType:80d6ce1e0397,Renault,Trafic,2020,combustion_diesel,YGA:PricingPlan:80d6ce1e0397,9.0,68.0,https://fr.getaround.com/location-voiture/paris/renault-trafic-1244233
2026-09-18T00:04:17,paris,1244523,YGA:Vehicle:051efc2ae943,pantin,48.889343,2.408207,0,0,8000,YGA:VehicleType:051efc2ae943,Volkswagen,Polo,2020,combustion,YGA:PricingPlan:051efc2ae943,6.0,45.0,https://fr.getaround.com/location-voiture/pantin/volkswagen-polo-1244523
2026-09-18T00:04:17,paris,1247954,YGA:Vehicle:0f0c3b6e98dd,saint-ouen-sur-seine,48.909351,2.32722,0,0,426000,YGA:VehicleType:0f0c3b6e98dd,Renault,Kangoo Express,2017,combustion_diesel,YGA:PricingPlan:0f0c3b6e98dd,8.0,59.0,https://fr.getaround.com/location-voiture/saint-ouen-sur-seine/renault-kangoo-express-1247954
2026-09-18T00:04:17,paris,1251324,YGA:Vehicle:800dff66b4dc,boulogne-billancourt,48.835758,2.23052,0,0,441000,YGA:VehicleType:800dff66b4dc,Citroen,C3,2023,combustion,YGA:PricingPlan:800dff66b4dc,7.0,52.0,https://fr.getaround.com/location-voiture/boulogne-billancourt/citroen-c3-1251324
2026-09-18T00:04:17,paris,1251338,YGA:Vehicle:83abf1a95cbd,courbevoie,48.897705,2.238831,0,0,386400,YGA:VehicleType:83abf1a95cbd,Toyota,Yaris,2020,combustion,YGA:PricingPlan:83abf1a95cbd,7.0,55.0,https://fr.getaround.com/location-voiture/courbevoie/toyota-yaris-1251338
2026-09-18T00:04:17,paris,1255891,YGA:Vehicle:217040f2d435,vitry-sur-seine,48.798637,2.408571,0,0,766500,YGA:VehicleType:217040f2d435,Renault,Master,2019,combustion_diesel,YGA:PricingPlan:217040f2d435,8.0,68.0,https://fr.getaround.com/location-voiture/vitry-sur-seine/renault-master-1255891
2026-09-18T00:04:17,paris,1256359,YGA:Vehicle:ca4172278aca,fontenay-aux-roses,48.794384,2.291018,0,0,400400,YGA:VehicleType:ca4172278aca,Peugeot,208,2023,combustion,YGA:PricingPlan:ca4172278aca,7.0,51.0,https://fr.getaround.com/location-voiture/fontenay-aux-roses/peugeot-208-1256359
2026-09-18T00:04:17,paris,1257225,YGA:Vehicle:35b7e20b8865,paris,48.851051,2.369787,0,0,360000,YGA:VehicleType:35b7e20b8865,Renault,Kangoo Express,2013,combustion_diesel,YGA:PricingPlan:35b7e20b8865,6.0,43.0,https://fr.getaround.com/location-voiture/paris/renault-kangoo-express-1257225
2026-09-18T00:04:17,paris,1261200,YGA:Vehicle:0ae2c74d2ff5,levallois-perret,48.895336,2.298734,0,0,75600,YGA:VehicleType:0ae2c74d2ff5,Renault,Clio,2023,combustion,YGA:PricingPlan:0ae2c74d2ff5,7.0,53.0,https://fr.getaround.com/location-voiture/levallois-perret/renault-clio-1261200
2026-09-18T00:04:17,paris,1262036,YGA:Vehicle:1d98efe3d326,paris,48.882736,2.379291,0,0,568000,YGA:VehicleType:1d98efe3d326,Citroen,Jumpy,2013,combustion_diesel,YGA:PricingPlan:1d98efe3d326,8.0,58.0,https://fr.getaround.com/location-voiture/paris/citroen-jumpy-1262036
2026-09-18T00:04:17,paris,1266392,YGA:Vehicle:89405d2fa639,paris,48.876373,2.393625,0,0,510000,YGA:VehicleType:89405d2fa639,Renault,Kangoo Express,2016,combustion_diesel,YGA:PricingPlan:89405d2fa639,6.0,51.0,https://fr.getaround.com/location-voiture/paris/renault-kangoo-express-1266392
2026-09-18T00:04:17,paris,1267997,YGA:Vehicle:885fe9a1b85f,paris,48.863544,2.271824,0,0,34000,YGA:VehicleType:885fe9a1b85f,Smart,Fortwo Coupé,2016,combustion,YGA:PricingPlan:885fe9a1b85f,9.0,68.0,https://fr.getaround.com/location-voiture/paris/smart-fortwo-coupe-1267997
2026-09-18T00:04:17,paris,1268814,YGA:Vehicle:9c97009e3763,paris,48.840389,2.284114,0,0,736000,YGA:VehicleType:9c97009e3763,Renault,Trafic,2019,combustion_diesel,YGA:PricingPlan:9c97009e3763,8.0,65.0,https://fr.getaround.com/location-voiture/paris/renault-trafic-1268814
2026-09-18T00:04:17,paris,1271655,YGA:Vehicle:7533cc2c5850,cachan,48.796535,2.325286,0,0,436500,YGA:VehicleType:7533cc2c5850,Seat,Ibiza,2017,combustion,YGA:PricingPlan:7533cc2c5850,7.0,50.0,https://fr.getaround.com/location-voiture/cachan/seat-ibiza-1271655
2026-09-18T00:04:17,paris,1272472,YGA:Vehicle:853e0a674586,bois-colombes,48.9132,2.258264,0,0,320400,YGA:VehicleType:853e0a674586,Toyota,Yaris Hybride,2018,hybrid,YGA:PricingPlan:853e0a674586,13.0,95.0,https://fr.getaround.com/location-voiture/bois-colombes/toyota-yaris-hybride-1272472
2026-09-18T00:04:17,paris,1272822,YGA:Vehicle:91ae81102d8b,paris,48.846039,2.394471,0,0,701400,YGA:VehicleType:91ae81102d8b,Toyota,Yaris Hybride,2020,hybrid,YGA:PricingPlan:91ae81102d8b,5.0,37.0,https://fr.getaround.com/location-voiture/paris/toyota-yaris-hybride-1272822
2026-09-18T00:04:17,paris,1273046,YGA:Vehicle:65cf4ebec26c,paris,48.887123,2.328162,0,0,350000,YGA:VehicleType:65cf4ebec26c,Volkswagen,Up!,2016,combustion,YGA:PricingPlan:65cf4ebec26c,6.0,45.0,https://fr.getaround.com/location-voiture/paris/volkswagen-up-1273046
2026-09-18T00:04:17,paris,1273278,YGA:Vehicle:7405b2fc1fd3,pantin,48.91256,2.41073,0,0,522000,YGA:VehicleType:7405b2fc1fd3,Fiat,Ducato,2015,combustion_diesel,YGA:PricingPlan:7405b2fc1fd3,12.0,90.0,https://fr.getaround.com/location-voiture/pantin/fiat-ducato-1273278
2026-09-18T00:04:17,paris,1275467,YGA:Vehicle:cca3e58c533c,boulogne-billancourt,48.827862,2.236107,0,0,610000,YGA:VehicleType:cca3e58c533c,Toyota,Proace Fourgon,2020,combustion_diesel,YGA:PricingPlan:cca3e58c533c,11.0,83.0,https://fr.getaround.com/location-voiture/boulogne-billancourt/toyota-proace-fourgon-1275467
2026-09-18T00:04:17,paris,1283752,YGA:Vehicle:6ea57732695f,paris,48.895466,2.337892,0,0,405000,YGA:VehicleType:6ea57732695f,Opel,Meriva,2016,combustion,YGA:PricingPlan:6ea57732695f,10.0,66.0,https://fr.getaround.com/location-voiture/paris/opel-meriva-1283752
2026-09-18T00:04:17,paris,1285003,YGA:Vehicle:a17af292e559,neuilly-sur-seine,48.879612,2.279756,0,0,482300,YGA:VehicleType:a17af292e559,Renault,Grand Scenic,2018,combustion,YGA:PricingPlan:a17af292e559,11.0,75.0,https://fr.getaround.com/location-voiture/neuilly-sur-seine/renault-grand-scenic-1285003
2026-09-18T00:04:17,paris,1287201,YGA:Vehicle:b3c92c6bd8e2,maisons-alfort,48.806728,2.431915,0,0,747000,YGA:VehicleType:b3c92c6bd8e2,Opel,Vivaro,2013,combustion_diesel,YGA:PricingPlan:b3c92c6bd8e2,9.0,68.0,https://fr.getaround.com/location-voiture/maisons-alfort/opel-vivaro-1287201
2026-09-18T00:04:17,paris,1287364,YGA:Vehicle:e9209286d49d,paris,48.846569,2.261226,0,0,426800,YGA:VehicleType:e9209286d49d,Peugeot,208,2023,combustion,YGA:PricingPlan:e9209286d49d,7.0,52.0,https://fr.getaround.com/location-voiture/paris/peugeot-208-1287364
2026-09-18T00:04:17,paris,1291519,YGA:Vehicle:ff7ef6210eed,paris,48.891064,2.332093,0,0,413400,YGA:VehicleType:ff7ef6210eed,Peugeot,308,2019,combustion,YGA:PricingPlan:ff7ef6210eed,7.0,55.0,https://fr.getaround.com/location-voiture/paris/peugeot-308-1291519
2026-09-18T00:04:17,paris,1291656,YGA:Vehicle:a654f1549651,paris,48.878857,2.39278,0,0,236500,YGA:VehicleType:a654f1549651,Toyota,C-HR Hybrid,2020,hybrid,YGA:PricingPlan:a654f1549651,5.0,36.0,https://fr.getaround.com/location-voiture/paris/toyota-c-hr-hybrid-1291656
2026-09-18T00:04:17,paris,1299198,YGA:Vehicle:4d2b36c75c33,boulogne-billancourt,48.831367,2.232619,0,0,510000,YGA:VehicleType:4d2b36c75c33,Renault,Kangoo Fourgon,2014,combustion_diesel,YGA:PricingPlan:4d2b36c75c33,6.0,48.0,https://fr.getaround.com/location-voiture/boulogne-billancourt/renault-kangoo-fourgon-1299198
2026-09-18T00:04:17,paris,1299637,YGA:Vehicle:6bc4be90c065,paris,48.833843,2.40518,0,0,342000,YGA:VehicleType:6bc4be90c065,Renault,Trafic,2014,combustion_diesel,YGA:PricingPlan:6bc4be90c065,11.0,78.0,https://fr.getaround.com/location-voiture/paris/renault-trafic-1299637
2026-09-18T00:04:17,paris,1300218,YGA:Vehicle:678c783f4ef4,maisons-alfort,48.809418,2.439906,0,0,900000,YGA:VehicleType:678c783f4ef4,Renault,Trafic,2014,combustion_diesel,YGA:PricingPlan:678c783f4ef4,8.0,58.0,https://fr.getaround.com/location-voiture/maisons-alfort/renault-trafic-1300218
2026-09-18T00:04:17,paris,1302570,YGA:Vehicle:e65ce4a5bb5e,paris,48.890823,2.340879,0,0,600000,YGA:VehicleType:e65ce4a5bb5e,Renault,Kangoo Express,2015,combustion_diesel,YGA:PricingPlan:e65ce4a5bb5e,8.0,58.0,https://fr.getaround.com/location-voiture/paris/renault-kangoo-express-1302570
2026-09-18T00:04:17,paris,1302727,YGA:Vehicle:76930fa350b9,paris,48.844097,2.372992,0,0,664000,YGA:VehicleType:76930fa350b9,Renault,Trafic,2020,combustion_diesel,YGA:PricingPlan:76930fa350b9,8.0,59.0,https://fr.getaround.com/location-voiture/paris/renault-trafic-1302727
2026-09-18T00:04:17,paris,1303316,YGA:Vehicle:66b83bfbc771,paris,48.866886,2.397788,0,0,396000,YGA:VehicleType:66b83bfbc771,Citroen,Berlingo Plancher Cabine,2014,combustion_diesel,YGA:PricingPlan:66b83bfbc771,7.0,55.0,https://fr.getaround.com/location-voiture/paris/citroen-berlingo-plancher-cabine-1303316
2026-09-18T00:04:17,paris,1306478,YGA:Vehicle:6ed844e9e3d9,paris,48.844193,2.384556,0,0,800000,YGA:VehicleType:6ed844e9e3d9,Peugeot,Expert,2018,combustion_diesel,YGA:PricingPlan:6ed844e9e3d9,7.0,51.0,https://fr.getaround.com/location-voiture/paris/peugeot-expert-1306478
2026-09-18T00:04:17,paris,1306720,YGA:Vehicle:3d961a51d7f6,paris,48.847095,2.322311,0,0,210000,YGA:VehicleType:3d961a51d7f6,Renault,Kangoo Express,2019,combustion_diesel,YGA:PricingPlan:3d961a51d7f6,10.0,78.0,https://fr.getaround.com/location-voiture/paris/renault-kangoo-express-1306720
2026-09-18T00:04:17,paris,1306895,YGA:Vehicle:05ea2d4c20f0,paris,48.85704,2.372748,0,0,264000,YGA:VehicleType:05ea2d4c20f0,Peugeot,2008,2023,combustion,YGA:PricingPlan:05ea2d4c20f0,9.0,68.0,https://fr.getaround.com/location-voiture/paris/peugeot-2008-1306895
2026-09-18T00:04:17,paris,1307060,YGA:Vehicle:139c29c17ae5,paris,48.833149,2.312258,0,0,576000,YGA:VehicleType:139c29c17ae5,Renault,Kangoo Express,2021,combustion_diesel,YGA:PricingPlan:139c29c17ae5,6.0,49.0,https://fr.getaround.com/location-voiture/paris/renault-kangoo-express-1307060
2026-09-18T00:04:17,paris,1307412,YGA:Vehicle:89378d134d9f,paris,48.856243,2.262861,0,0,432000,YGA:VehicleType:89378d134d9f,Renault,Trafic,2013,combustion_diesel,YGA:PricingPlan:89378d134d9f,10.0,77.0,https://fr.getaround.com/location-voiture/paris/renault-trafic-1307412
2026-09-18T00:04:17,paris,1308665,YGA:Vehicle:3492e43edb2d,le-pre-saint-gervais,48.880718,2.407077,0,0,432000,YGA:VehicleType:3492e43edb2d,Renault,Trafic,2014,combustion_diesel,YGA:PricingPlan:3492e43edb2d,10.0,74.0,https://fr.getaround.com/location-voiture/le-pre-saint-gervais/renault-trafic-1308665
2026-09-18T00:04:17,paris,1308729,YGA:Vehicle:7a91a639fb48,paris,48.821709,2.374366,0,0,612000,YGA:VehicleType:7a91a639fb48,Opel,Vivaro,2013,combustion_diesel,YGA:PricingPlan:7a91a639fb48,10.0,74.0,https://fr.getaround.com/location-voiture/paris/opel-vivaro-1308729
2026-09-18T00:04:17,paris,1309263,YGA:Vehicle:cb467a5202d4,paris,48.858082,2.263987,0,0,760000,YGA:VehicleType:cb467a5202d4,Renault,Trafic,2016,combustion_diesel,YGA:PricingPlan:cb467a5202d4,11.0,84.0,https://fr.getaround.com/location-voiture/paris/renault-trafic-1309263
2026-09-18T00:04:17,paris,1309285,YGA:Vehicle:056c81ee0eb9,paris,48.856949,2.375985,0,0,75600,YGA:VehicleType:056c81ee0eb9,Renault,Clio,2021,combustion,YGA:PricingPlan:056c81ee0eb9,5.0,38.0,https://fr.getaround.com/location-voiture/paris/renault-clio-1309285
2026-09-18T00:04:17,paris,1309986,YGA:Vehicle:5643766c2711,paris,48.869358,2.388407,0,0,712000,YGA:VehicleType:5643766c2711,Ford,Transit Custom Fourgon,2017,combustion_diesel,YGA:PricingPlan:5643766c2711,8.0,64.0,https://fr.getaround.com/location-voiture/paris/ford-transit-custom-fourgon-1309986
2026-09-18T00:04:17,paris,1310057,YGA:Vehicle:390396b1f838,pantin,48.888279,2.410389,0,0,116600,YGA:VehicleType:390396b1f838,Citroen,Berlingo,2017,combustion_diesel,YGA:PricingPlan:390396b1f838,6.0,48.0,https://fr.getaround.com/location-voiture/pantin/citroen-berlingo-1310057
2026-09-18T00:04:17,paris,1311587,YGA:Vehicle:08644bb7baec,boulogne-billancourt,48.832897,2.250026,0,0,288000,YGA:VehicleType:08644bb7baec,Renault,Twingo II,2013,combustion,YGA:PricingPlan:08644bb7baec,4.0,31.0,https://fr.getaround.com/location-voiture/boulogne-billancourt/renault-twingo-ii-1311587
2026-09-18T00:04:17,paris,1312111,YGA:Vehicle:88a2ef15c7e3,paris,48.821709,2.374366,0,0,378000,YGA:VehicleType:88a2ef15c7e3,Renault,Master,2014,combustion_diesel,YGA:PricingPlan:88a2ef15c7e3,12.0,90.0,https://fr.getaround.com/location-voiture/paris/renault-master-1312111
2026-09-18T00:04:17,paris,1314551,YGA:Vehicle:efd6695c3968,paris,48.849915,2.405766,0,0,380000,YGA:VehicleType:efd6695c3968,Dacia,Sandero,2018,combustion,YGA:PricingPlan:efd6695c3968,13.0,96.0,https://fr.getaround.com/location-voiture/paris/dacia-sandero-1314551
2026-09-18T00:04:17,paris,1316556,YGA:Vehicle:9921c8cd4977,paris,48.880234,2.391927,0,0,800000,YGA:VehicleType:9921c8cd4977,Renault,Trafic,2017,combustion_diesel,YGA:PricingPlan:9921c8cd4977,11.0,84.0,https://fr.getaround.com/location-voiture/paris/renault-trafic-1316556
2026-09-18T00:04:17,paris,1324720,YGA:Vehicle:ebd84818dc4b,paris,48.848057,2.323442,0,0,792000,YGA:VehicleType:ebd84818dc4b,Renault,Trafic,2018,combustion_diesel,YGA:PricingPlan:ebd84818dc4b,11.0,83.0,https://fr.getaround.com/location-voiture/paris/renault-trafic-1324720
2026-09-18T00:04:17,paris,1326909,YGA:Vehicle:c1c428320731,paris,48.842896,2.318497,0,0,348400,YGA:VehicleType:c1c428320731,BMW,Série 1,2023,combustion,YGA:PricingPlan:c1c428320731,12.0,99.0,https://fr.getaround.com/location-voiture/paris/bmw-serie-1-1326909
2026-09-18T00:04:17,paris,1326913,YGA:Vehicle:969ccc2d09ac,paris,48.871529,2.339638,0,0,249600,YGA:VehicleType:969ccc2d09ac,BMW,Série 1,2023,combustion,YGA:PricingPlan:969ccc2d09ac,12.0,98.0,https://fr.getaround.com/location-voiture/paris/bmw-serie-1-1326913
2026-09-18T00:04:17,paris,1328521,YGA:Vehicle:84440308b06f,saint-maur-des-fosses,48.805367,2.475335,0,0,800000,YGA:VehicleType:84440308b06f,Renault,Trafic,2017,combustion_diesel,YGA:PricingPlan:84440308b06f,8.0,59.0,https://fr.getaround.com/location-voiture/saint-maur-des-fosses/renault-trafic-1328521
2026-09-18T00:04:17,paris,1334257,YGA:Vehicle:d7a612eb394d,paris,48.844097,2.372992,0,0,480000,YGA:VehicleType:d7a612eb394d,Renault,Kangoo Fourgon,2019,combustion_diesel,YGA:PricingPlan:d7a612eb394d,7.0,55.0,https://fr.getaround.com/location-voiture/paris/renault-kangoo-fourgon-1334257
2026-09-18T00:04:17,paris,1336808,YGA:Vehicle:768e1eb20c17,alfortville,48.801502,2.422677,0,0,342000,YGA:VehicleType:768e1eb20c17,Renault,Clio,2019,combustion,YGA:PricingPlan:768e1eb20c17,7.0,50.0,https://fr.getaround.com/location-voiture/alfortville/renault-clio-1336808
2026-09-18T00:04:17,paris,1337550,YGA:Vehicle:21fba878e1f7,boulogne-billancourt,48.835705,2.237784,0,0,332500,YGA:VehicleType:21fba878e1f7,Peugeot,108,2016,combustion,YGA:PricingPlan:21fba878e1f7,6.0,43.0,https://fr.getaround.com/location-voiture/boulogne-billancourt/peugeot-108-1337550
2026-09-18T00:04:17,paris,1337988,YGA:Vehicle:d56723e3a1d9,paris,48.852974,2.401255,0,0,296000,YGA:VehicleType:d56723e3a1d9,Citroen,Jumpy,2018,combustion_diesel,YGA:PricingPlan:d56723e3a1d9,8.0,59.0,https://fr.getaround.com/location-voiture/paris/citroen-jumpy-1337988
2026-09-18T00:04:17,paris,1339800,YGA:Vehicle:e58e7f00157a,paris,48.872047,2.350104,0,0,336000,YGA:VehicleType:e58e7f00157a,Renault,Clio,2023,combustion,YGA:PricingPlan:e58e7f00157a,6.0,47.0,https://fr.getaround.com/location-voiture/paris/renault-clio-1339800
2026-09-18T00:04:17,paris,1339824,YGA:Vehicle:881ba9a01ade,le-plessis-robinson,48.779953,2.250867,0,0,147000,YGA:VehicleType:881ba9a01ade,Smart,Forfour,2016,combustion,YGA:PricingPlan:881ba9a01ade,6.0,43.0,https://fr.getaround.com/location-voiture/le-plessis-robinson/smart-forfour-1339824
2026-09-18T00:04:17,paris,1341543,YGA:Vehicle:7c6f290db688,asnieres-sur-seine,48.908836,2.272577,0,0,490000,YGA:VehicleType:7c6f290db688,Dacia,Sandero,2015,combustion,YGA:PricingPlan:7c6f290db688,4.0,32.0,https://fr.getaround.com/location-voiture/asnieres-sur-seine/dacia-sandero-1341543
2026-09-18T00:04:17,paris,1344646,YGA:Vehicle:24c56bca7d8c,paris,48.872604,2.398062,0,0,374000,YGA:VehicleType:24c56bca7d8c,Peugeot,208,2020,combustion,YGA:PricingPlan:24c56bca7d8c,5.0,38.0,https://fr.getaround.com/location-voiture/paris/peugeot-208-1344646
2026-09-18T00:04:17,paris,1345809,YGA:Vehicle:5fd1dd011134,clamart,48.791782,2.265703,0,0,280000,YGA:VehicleType:5fd1dd011134,Citroen,C1,2014,combustion,YGA:PricingPlan:5fd1dd011134,4.0,32.0,https://fr.getaround.com/location-voiture/clamart/citroen-c1-1345809
2026-09-18T00:04:17,paris,1348278,YGA:Vehicle:1d0b7ef14ef3,clamart,48.812695,2.27332,0,0,680000,YGA:VehicleType:1d0b7ef14ef3,Peugeot,Expert,2019,combustion_diesel,YGA:PricingPlan:1d0b7ef14ef3,7.0,55.0,https://fr.getaround.com/location-voiture/clamart/peugeot-expert-1348278
2026-09-18T00:04:17,paris,1349888,YGA:Vehicle:3585ce148e47,paris,48.888672,2.323134,0,0,252000,YGA:VehicleType:3585ce148e47,Toyota,Yaris Cross Hybrid,2022,hybrid,YGA:PricingPlan:3585ce148e47,6.0,47.0,https://fr.getaround.com/location-voiture/paris/toyota-yaris-cross-hybrid-1349888
2026-09-18T00:04:17,paris,1351756,YGA:Vehicle:1b8259c9e81e,paris,48.873116,2.312991,0,0,488400,YGA:VehicleType:1b8259c9e81e,Peugeot,2008,2023,combustion,YGA:PricingPlan:1b8259c9e81e,8.0,60.0,https://fr.getaround.com/location-voiture/paris/peugeot-2008-1351756
2026-09-18T00:04:17,paris,1352812,YGA:Vehicle:cb5899ab059b,vincennes,48.849827,2.445899,0,0,307400,YGA:VehicleType:cb5899ab059b,Peugeot,308,2019,combustion,YGA:PricingPlan:cb5899ab059b,6.0,49.0,https://fr.getaround.com/location-voiture/vincennes/peugeot-308-1352812
2026-09-18T00:04:17,paris,1356049,YGA:Vehicle:7f78730d23c5,montreuil,48.855259,2.438775,0,0,273000,YGA:VehicleType:7f78730d23c5,Renault,Clio,2021,combustion,YGA:PricingPlan:7f78730d23c5,5.0,44.0,https://fr.getaround.com/location-voiture/montreuil/renault-clio-1356049
2026-09-18T00:04:17,paris,1356954,YGA:Vehicle:9ab7827b1aaf,gennevilliers,48.933643,2.306759,0,0,360000,YGA:VehicleType:9ab7827b1aaf,Opel,Vivaro,2013,combustion_diesel,YGA:PricingPlan:9ab7827b1aaf,6.0,46.0,https://fr.getaround.com/location-voiture/gennevilliers/opel-vivaro-1356954
2026-09-18T00:04:17,paris,1357349,YGA:Vehicle:6d6f5620d8e0,paris,48.845093,2.371318,0,0,391600,YGA:VehicleType:6d6f5620d8e0,Peugeot,2008,2023,combustion,YGA:PricingPlan:6d6f5620d8e0,9.0,68.0,https://fr.getaround.com/location-voiture/paris/peugeot-2008-1357349
2026-09-18T00:04:17,paris,1357355,YGA:Vehicle:05298c21a286,paris,48.842957,2.317132,0,0,312400,YGA:VehicleType:05298c21a286,Peugeot,2008,2023,combustion,YGA:PricingPlan:05298c21a286,9.0,68.0,https://fr.getaround.com/location-voiture/paris/peugeot-2008-1357355
2026-09-18T00:04:17,paris,1357362,YGA:Vehicle:49b680eb8101,sceaux,48.775013,2.304171,0,0,79200,YGA:VehicleType:49b680eb8101,Peugeot,2008,2023,combustion,YGA:PricingPlan:49b680eb8101,8.0,63.0,https://fr.getaround.com/location-voiture/sceaux/peugeot-2008-1357362
2026-09-18T00:04:17,paris,1357432,YGA:Vehicle:7e8a20d3d76e,levallois-perret,48.895336,2.298734,0,0,488400,YGA:VehicleType:7e8a20d3d76e,Peugeot,2008,2023,combustion,YGA:PricingPlan:7e8a20d3d76e,9.0,68.0,https://fr.getaround.com/location-voiture/levallois-perret/peugeot-2008-1357432
2026-09-18T00:04:17,paris,1357639,YGA:Vehicle:1779b96c33dc,paris,48.876244,2.382212,0,0,316800,YGA:VehicleType:1779b96c33dc,Peugeot,2008,2023,combustion,YGA:PricingPlan:1779b96c33dc,9.0,68.0,https://fr.getaround.com/location-voiture/paris/peugeot-2008-1357639
2026-09-18T00:04:17,paris,1357745,YGA:Vehicle:c902b1f993e8,paris,48.831753,2.368142,0,0,272800,YGA:VehicleType:c902b1f993e8,Peugeot,2008,2023,combustion,YGA:PricingPlan:c902b1f993e8,9.0,68.0,https://fr.getaround.com/location-voiture/paris/peugeot-2008-1357745
2026-09-18T00:04:17,paris,1359063,YGA:Vehicle:3dbfd9fe8408,paris,48.83112,2.309184,0,0,840000,YGA:VehicleType:3dbfd9fe8408,Renault,Master,2013,combustion_diesel,YGA:PricingPlan:3dbfd9fe8408,9.0,80.0,https://fr.getaround.com/location-voiture/paris/renault-master-1359063
2026-09-18T00:04:17,paris,1363275,YGA:Vehicle:133a4e592ff6,velizy-villacoublay,48.784576,2.220033,0,0,500000,YGA:VehicleType:133a4e592ff6,Peugeot,208,2019,combustion,YGA:PricingPlan:133a4e592ff6,5.0,40.0,https://fr.getaround.com/location-voiture/velizy-villacoublay/peugeot-208-1363275
2026-09-18T00:04:17,paris,1367192,YGA:Vehicle:8f298749939b,bois-colombes,48.9132,2.258264,0,0,800000,YGA:VehicleType:8f298749939b,Renault,Trafic,2023,combustion_diesel,YGA:PricingPlan:8f298749939b,8.0,71.0,https://fr.getaround.com/location-voiture/bois-colombes/renault-trafic-1367192
2026-09-18T00:04:17,paris,1373062,YGA:Vehicle:c13dbd3fe0f6,paris,48.889809,2.318748,0,0,776000,YGA:VehicleType:c13dbd3fe0f6,Renault,Trafic,2020,combustion_diesel,YGA:PricingPlan:c13dbd3fe0f6,13.0,99.0,https://fr.getaround.com/location-voiture/paris/renault-trafic-1373062
2026-09-18T00:04:17,paris,1374847,YGA:Vehicle:fbda06b563f3,boulogne-billancourt,48.835754,2.253946,0,0,360000,YGA:VehicleType:fbda06b563f3,Renault,Clio,2012,combustion,YGA:PricingPlan:fbda06b563f3,4.0,31.0,https://fr.getaround.com/location-voiture/boulogne-billancourt/renault-clio-1374847
2026-09-18T00:04:17,paris,1376033,YGA:Vehicle:694a6784b5db,rosny-sous-bois,48.876553,2.475967,0,0,252000,YGA:VehicleType:694a6784b5db,Renault,Master,2014,combustion_diesel,YGA:PricingPlan:694a6784b5db,8.0,61.0,https://fr.getaround.com/location-voiture/rosny-sous-bois/renault-master-1376033
2026-09-18T00:04:17,paris,1376037,YGA:Vehicle:83cccbc4db2e,rosny-sous-bois,48.876595,2.476027,0,0,535500,YGA:VehicleType:83cccbc4db2e,Renault,Master,2015,combustion_diesel,YGA:PricingPlan:83cccbc4db2e,8.0,61.0,https://fr.getaround.com/location-voiture/rosny-sous-bois/renault-master-1376037
2026-09-18T00:04:17,paris,1376882,YGA:Vehicle:77da7e3bb943,paris,48.846481,2.30409,0,0,118800,YGA:VehicleType:77da7e3bb943,Peugeot,2008,2023,combustion,YGA:PricingPlan:77da7e3bb943,8.0,65.0,https://fr.getaround.com/location-voiture/paris/peugeot-2008-1376882
2026-09-18T00:04:17,paris,1377645,YGA:Vehicle:c2bad96a31b7,paris,48.873737,2.330531,0,0,504000,YGA:VehicleType:c2bad96a31b7,Fiat,Scudo,2016,combustion_diesel,YGA:PricingPlan:c2bad96a31b7,8.0,63.0,https://fr.getaround.com/location-voiture/paris/fiat-scudo-1377645
2026-09-18T00:04:17,paris,1378005,YGA:Vehicle:850d63fca0ef,paris,48.875332,2.337071,0,0,240000,YGA:VehicleType:850d63fca0ef,Citroen,Berlingo,2015,combustion_diesel,YGA:PricingPlan:850d63fca0ef,6.0,45.0,https://fr.getaround.com/location-voiture/paris/citroen-berlingo-1378005
2026-09-18T00:04:17,paris,1382508,YGA:Vehicle:d0e80ba44ea3,paris,48.886749,2.315205,0,0,624000,YGA:VehicleType:d0e80ba44ea3,Renault,Trafic,2017,combustion_diesel,YGA:PricingPlan:d0e80ba44ea3,11.0,91.0,https://fr.getaround.com/location-voiture/paris/renault-trafic-1382508
2026-09-18T00:04:17,paris,1388274,YGA:Vehicle:b1943b0ba549,boulogne-billancourt,48.836311,2.234551,0,0,266400,YGA:VehicleType:b1943b0ba549,Toyota,Yaris Hybride,2021,hybrid,YGA:PricingPlan:b1943b0ba549,8.0,52.0,https://fr.getaround.com/location-voiture/boulogne-billancourt/toyota-yaris-hybride-1388274
2026-09-18T00:04:17,paris,1394244,YGA:Vehicle:4007c03b75b1,paris,48.840668,2.414299,0,0,192000,YGA:VehicleType:4007c03b75b1,Peugeot,Partner Fourgon,2015,combustion_diesel,YGA:PricingPlan:4007c03b75b1,9.0,70.0,https://fr.getaround.com/location-voiture/paris/peugeot-partner-fourgon-1394244
2026-09-18T00:04:17,paris,1400694,YGA:Vehicle:99e1c712cfd9,clichy,48.900444,2.312665,0,0,470000,YGA:VehicleType:99e1c712cfd9,Renault,Modus,2013,combustion,YGA:PricingPlan:99e1c712cfd9,5.0,35.0,https://fr.getaround.com/location-voiture/clichy/renault-modus-1400694
2026-09-18T00:04:17,paris,1401103,YGA:Vehicle:01840d1612d5,paris,48.892216,2.303225,0,0,259600,YGA:VehicleType:01840d1612d5,Peugeot,2008,2023,combustion,YGA:PricingPlan:01840d1612d5,8.0,65.0,https://fr.getaround.com/location-voiture/paris/peugeot-2008-1401103
2026-09-18T00:04:17,paris,1401662,YGA:Vehicle:e63c2d5838b7,paris,48.889576,2.319039,0,0,158400,YGA:VehicleType:e63c2d5838b7,Peugeot,208,2019,combustion,YGA:PricingPlan:e63c2d5838b7,5.0,39.0,https://fr.getaround.com/location-voiture/paris/peugeot-208-1401662
2026-09-18T00:04:17,paris,1401663,YGA:Vehicle:98566770697c,pantin,48.890205,2.408347,0,0,294800,YGA:VehicleType:98566770697c,Peugeot,208,2020,combustion,YGA:PricingPlan:98566770697c,5.0,38.0,https://fr.getaround.com/location-voiture/pantin/peugeot-208-1401663
2026-09-18T00:04:17,paris,1406072,YGA:Vehicle:4d9c1a9632ae,cachan,48.796535,2.325286,0,0,315000,YGA:VehicleType:4d9c1a9632ae,Renault,Master,2017,combustion_diesel,YGA:PricingPlan:4d9c1a9632ae,9.0,73.0,https://fr.getaround.com/location-voiture/cachan/renault-master-1406072
2026-09-18T00:04:17,paris,1407509,YGA:Vehicle:b029aa95a548,paris,48.884369,2.351975,0,0,264000,YGA:VehicleType:b029aa95a548,Peugeot,Expert,2013,combustion_diesel,YGA:PricingPlan:b029aa95a548,6.0,47.0,https://fr.getaround.com/location-voiture/paris/peugeot-expert-1407509
2026-09-18T00:04:17,paris,1409017,YGA:Vehicle:a0d169071aec,asnieres-sur-seine,48.927872,2.277692,0,0,600000,YGA:VehicleType:a0d169071aec,Renault,Kangoo Fourgon,2016,combustion_diesel,YGA:PricingPlan:a0d169071aec,8.0,63.0,https://fr.getaround.com/location-voiture/asnieres-sur-seine/renault-kangoo-fourgon-1409017
2026-09-18T00:04:17,paris,1410908,YGA:Vehicle:792e8fd81893,paris,48.837269,2.310968,0,0,582000,YGA:VehicleType:792e8fd81893,Renault,Kangoo Express,2018,combustion_diesel,YGA:PricingPlan:792e8fd81893,7.0,54.0,https://fr.getaround.com/location-voiture/paris/renault-kangoo-express-1410908
2026-09-18T00:04:17,paris,1411186,YGA:Vehicle:18b5a4bbf2f9,clichy,48.902962,2.311313,0,0,288000,YGA:VehicleType:18b5a4bbf2f9,Renault,Kangoo Express,2015,combustion_diesel,YGA:PricingPlan:18b5a4bbf2f9,6.0,47.0,https://fr.getaround.com/location-voiture/clichy/renault-kangoo-express-1411186
2026-09-18T00:04:17,paris,1413374,YGA:Vehicle:73ac5bafcb27,paris,48.89362,2.324619,0,0,657000,YGA:VehicleType:73ac5bafcb27,Renault,Trafic,2014,combustion_diesel,YGA:PricingPlan:73ac5bafcb27,11.0,84.0,https://fr.getaround.com/location-voiture/paris/renault-trafic-1413374
2026-09-18T00:04:17,paris,1413546,YGA:Vehicle:e960df1d98dc,clichy,48.899445,2.313436,0,0,536000,YGA:VehicleType:e960df1d98dc,Renault,Trafic,2017,combustion_diesel,YGA:PricingPlan:e960df1d98dc,11.0,81.0,https://fr.getaround.com/location-voiture/clichy/renault-trafic-1413546
2026-09-18T00:04:17,paris,1415359,YGA:Vehicle:940662e30473,paris,48.886677,2.315207,0,0,450000,YGA:VehicleType:940662e30473,Renault,Mégane,2019,combustion_diesel,YGA:PricingPlan:940662e30473,9.0,64.0,https://fr.getaround.com/location-voiture/paris/renault-megane-1415359
2026-09-18T00:04:17,paris,1416037,YGA:Vehicle:643364550531,paris,48.837868,2.280259,0,0,400400,YGA:VehicleType:643364550531,Peugeot,208,2020,combustion,YGA:PricingPlan:643364550531,5.0,38.0,https://fr.getaround.com/location-voiture/paris/peugeot-208-1416037
2026-09-18T00:04:17,paris,1416040,YGA:Vehicle:bc5338b45afa,les-lilas,48.882137,2.412895,0,0,316800,YGA:VehicleType:bc5338b45afa,Peugeot,208,2020,combustion,YGA:PricingPlan:bc5338b45afa,5.0,37.0,https://fr.getaround.com/location-voiture/les-lilas/peugeot-208-1416040
2026-09-18T00:04:17,paris,1417014,YGA:Vehicle:7ab930d1a0f9,arcueil,48.812695,2.330471,0,0,413600,YGA:VehicleType:7ab930d1a0f9,Peugeot,208,2023,combustion,YGA:PricingPlan:7ab930d1a0f9,6.0,44.0,https://fr.getaround.com/location-voiture/arcueil/peugeot-208-1417014
2026-09-18T00:04:17,paris,1419486,YGA:Vehicle:0b6d091fd222,paris,48.857147,2.37043,0,0,200000,YGA:VehicleType:0b6d091fd222,Nissan,e-NV200 Fourgon,2020,electric,YGA:PricingPlan:0b6d091fd222,9.0,71.0,https://fr.getaround.com/location-voiture/paris/nissan-e-nv200-fourgon-1419486
2026-09-18T00:04:17,paris,1422261,YGA:Vehicle:f177af624ac0,paris,48.856808,2.406287,0,0,321200,YGA:VehicleType:f177af624ac0,Opel,Corsa,2024,combustion,YGA:PricingPlan:f177af624ac0,7.0,52.0,https://fr.getaround.com/location-voiture/paris/opel-corsa-1422261
2026-09-18T00:04:17,paris,1422440,YGA:Vehicle:4c679aec84d5,paris,48.861656,2.353517,0,0,336000,YGA:VehicleType:4c679aec84d5,Peugeot,Expert,2019,combustion_diesel,YGA:PricingPlan:4c679aec84d5,8.0,62.0,https://fr.getaround.com/location-voiture/paris/peugeot-expert-1422440
2026-09-18T00:04:17,paris,1423438,YGA:Vehicle:208344e8e505,paris,48.838589,2.316789,0,0,331800,YGA:VehicleType:208344e8e505,Renault,Clio,2021,combustion,YGA:PricingPlan:208344e8e505,5.0,42.0,https://fr.getaround.com/location-voiture/paris/renault-clio-1423438
2026-09-18T00:04:17,paris,1424334,YGA:Vehicle:57e140743b36,bois-colombes,48.91571,2.269136,0,0,328000,YGA:VehicleType:57e140743b36,Nissan,Micra,2015,combustion,YGA:PricingPlan:57e140743b36,5.0,41.0,https://fr.getaround.com/location-voiture/bois-colombes/nissan-micra-1424334
2026-09-18T00:04:17,paris,1425590,YGA:Vehicle:6135ba180e3f,vanves,48.823151,2.292769,0,0,688000,YGA:VehicleType:6135ba180e3f,Renault,Trafic,2017,combustion_diesel,YGA:PricingPlan:6135ba180e3f,7.0,54.0,https://fr.getaround.com/location-voiture/vanves/renault-trafic-1425590
2026-09-18T00:04:17,paris,1427167,YGA:Vehicle:26a7c6049362,paris,48.866596,2.380868,0,0,404200,YGA:VehicleType:26a7c6049362,Toyota,C-HR Hybrid,2022,hybrid,YGA:PricingPlan:26a7c6049362,7.0,50.0,https://fr.getaround.com/location-voiture/paris/toyota-c-hr-hybrid-1427167
2026-09-18T00:04:17,paris,1429136,YGA:Vehicle:6c3d86223ce3,villejuif,48.797894,2.355913,0,0,582000,YGA:VehicleType:6c3d86223ce3,Renault,Kangoo Express,2019,combustion_diesel,YGA:PricingPlan:6c3d86223ce3,8.0,61.0,https://fr.getaround.com/location-voiture/villejuif/renault-kangoo-express-1429136
2026-09-18T00:04:17,paris,1429802,YGA:Vehicle:fcdf388a4e65,colombes,48.912277,2.23165,0,0,675000,YGA:VehicleType:fcdf388a4e65,Renault,Trafic,2014,combustion_diesel,YGA:PricingPlan:fcdf388a4e65,8.0,60.0,https://fr.getaround.com/location-voiture/colombes/renault-trafic-1429802
2026-09-18T00:04:17,paris,1429814,YGA:Vehicle:008a08e42c2a,boulogne-billancourt,48.835758,2.23052,0,0,272000,YGA:VehicleType:008a08e42c2a,Renault,Trafic,2019,combustion_diesel,YGA:PricingPlan:008a08e42c2a,8.0,62.0,https://fr.getaround.com/location-voiture/boulogne-billancourt/renault-trafic-1429814
2026-09-18T00:04:17,paris,1431027,YGA:Vehicle:7a19390b02e0,ivry-sur-seine,48.813358,2.396078,0,0,378000,YGA:VehicleType:7a19390b02e0,Renault,Clio,2020,combustion,YGA:PricingPlan:7a19390b02e0,6.0,47.0,https://fr.getaround.com/location-voiture/ivry-sur-seine/renault-clio-1431027
2026-09-18T00:04:17,paris,1432707,YGA:Vehicle:edf511e1e1f2,saint-ouen-sur-seine,48.912071,2.335881,0,0,480000,YGA:VehicleType:edf511e1e1f2,Ford,Transit Connect Double Cabine ,2014,combustion_diesel,YGA:PricingPlan:edf511e1e1f2,8.0,62.0,https://fr.getaround.com/location-voiture/saint-ouen-sur-seine/ford-transit-connect-double-cabine-1432707
2026-09-18T00:04:17,paris,1433199,YGA:Vehicle:e109169d0480,aubervilliers,48.910454,2.380155,0,0,640000,YGA:VehicleType:e109169d0480,Renault,Trafic,2018,combustion_diesel,YGA:PricingPlan:e109169d0480,8.0,64.0,https://fr.getaround.com/location-voiture/aubervilliers/renault-trafic-1433199
2026-09-18T00:04:17,paris,1434235,YGA:Vehicle:19b63bf268a5,saint-ouen-sur-seine,48.913937,2.33041,0,0,800000,YGA:VehicleType:19b63bf268a5,Peugeot,Expert Tepee,2014,combustion_diesel,YGA:PricingPlan:19b63bf268a5,11.0,80.0,https://fr.getaround.com/location-voiture/saint-ouen-sur-seine/peugeot-expert-tepee-1434235
2026-09-18T00:04:17,paris,1434830,YGA:Vehicle:e2067bef433b,pantin,48.902702,2.405239,0,0,496000,YGA:VehicleType:e2067bef433b,Citroen,Jumpy,2015,combustion_diesel,YGA:PricingPlan:e2067bef433b,12.0,85.0,https://fr.getaround.com/location-voiture/pantin/citroen-jumpy-1434830
2026-09-18T00:04:17,paris,1436453,YGA:Vehicle:bda466b82939,le-kremlin-bicetre,48.810356,2.363043,0,0,435600,YGA:VehicleType:bda466b82939,Peugeot,208,2022,combustion,YGA:PricingPlan:bda466b82939,7.0,48.0,https://fr.getaround.com/location-voiture/le-kremlin-bicetre/peugeot-208-1436453
2026-09-18T00:04:17,paris,1436655,YGA:Vehicle:86e441026c99,vincennes,48.849323,2.441084,0,0,544500,YGA:VehicleType:86e441026c99,Ford,Focus,2015,combustion,YGA:PricingPlan:86e441026c99,6.0,48.0,https://fr.getaround.com/location-voiture/vincennes/ford-focus-1436655
2026-09-18T00:04:17,paris,1437206,YGA:Vehicle:1d893f4d6db0,paris,48.849689,2.285664,0,0,136000,YGA:VehicleType:1d893f4d6db0,Peugeot,Expert,2018,combustion_diesel,YGA:PricingPlan:1d893f4d6db0,8.0,57.0,https://fr.getaround.com/location-voiture/paris/peugeot-expert-1437206
2026-09-18T00:04:17,paris,1437899,YGA:Vehicle:ac1a1b6b505e,montreuil,48.853287,2.423447,0,0,435000,YGA:VehicleType:ac1a1b6b505e,Peugeot,208,2019,combustion,YGA:PricingPlan:ac1a1b6b505e,5.0,38.0,https://fr.getaround.com/location-voiture/montreuil/peugeot-208-1437899
2026-09-18T00:04:17,paris,1439794,YGA:Vehicle:4acda9b593d1,boulogne-billancourt,48.831612,2.231954,0,0,48300,YGA:VehicleType:4acda9b593d1,Citroen,SpaceTourer,2017,combustion_diesel,YGA:PricingPlan:4acda9b593d1,21.0,138.0,https://fr.getaround.com/location-voiture/boulogne-billancourt/citroen-spacetourer-1439794
2026-09-18T00:04:17,paris,1440937,YGA:Vehicle:ecfb2877ca91,paris,48.889561,2.303618,0,0,903000,YGA:VehicleType:ecfb2877ca91,Renault,Master,2017,combustion_diesel,YGA:PricingPlan:ecfb2877ca91,10.0,80.0,https://fr.getaround.com/location-voiture/paris/renault-master-1440937
2026-09-18T00:04:17,paris,1442836,YGA:Vehicle:9933922ccbd9,paris,48.8932,2.338106,0,0,67500,YGA:VehicleType:9933922ccbd9,Citroen,C3,2023,combustion,YGA:PricingPlan:9933922ccbd9,7.0,53.0,https://fr.getaround.com/location-voiture/paris/citroen-c3-1442836
2026-09-18T00:04:17,paris,1443395,YGA:Vehicle:1c6908508f7e,issy-les-moulineaux,48.821709,2.244756,0,0,428400,YGA:VehicleType:1c6908508f7e,Renault,Clio,2021,combustion,YGA:PricingPlan:1c6908508f7e,6.0,45.0,https://fr.getaround.com/location-voiture/issy-les-moulineaux/renault-clio-1443395
2026-09-18T00:04:17,paris,1446529,YGA:Vehicle:1351c58eeac7,paris,48.833942,2.323807,0,0,199500,YGA:VehicleType:1351c58eeac7,Renault,Master,2021,combustion_diesel,YGA:PricingPlan:1351c58eeac7,7.0,59.0,https://fr.getaround.com/location-voiture/paris/renault-master-1446529
2026-09-18T00:04:17,paris,1447401,YGA:Vehicle:8d1289594cd1,paris,48.838589,2.316789,0,0,54600,YGA:VehicleType:8d1289594cd1,Renault,Clio,2021,combustion,YGA:PricingPlan:8d1289594cd1,5.0,42.0,https://fr.getaround.com/location-voiture/paris/renault-clio-1447401
2026-09-18T00:04:17,paris,1448611,YGA:Vehicle:183c9f9d51d7,rosny-sous-bois,48.876595,2.476027,0,0,420000,YGA:VehicleType:183c9f9d51d7,Renault,Master,2016,combustion_diesel,YGA:PricingPlan:183c9f9d51d7,8.0,61.0,https://fr.getaround.com/location-voiture/rosny-sous-bois/renault-master-1448611
2026-09-18T00:04:17,paris,1452491,YGA:Vehicle:53ea05dff47e,saint-ouen-sur-seine,48.912624,2.335812,0,0,516000,YGA:VehicleType:53ea05dff47e,Ford,Transit Custom Fourgon,2014,combustion_diesel,YGA:PricingPlan:53ea05dff47e,8.0,59.0,https://fr.getaround.com/location-voiture/saint-ouen-sur-seine/ford-transit-custom-fourgon-1452491
2026-09-18T00:04:17,paris,1452798,YGA:Vehicle:dee75eb34bad,paris,48.876911,2.286317,0,0,440000,YGA:VehicleType:dee75eb34bad,Peugeot,208,2023,combustion,YGA:PricingPlan:dee75eb34bad,7.0,54.0,https://fr.getaround.com/location-voiture/paris/peugeot-208-1452798
2026-09-18T00:04:17,paris,1454898,YGA:Vehicle:cead68044bc4,sceaux,48.780643,2.296413,0,0,352000,YGA:VehicleType:cead68044bc4,Peugeot,208,2023,combustion,YGA:PricingPlan:cead68044bc4,7.0,51.0,https://fr.getaround.com/location-voiture/sceaux/peugeot-208-1454898
2026-09-18T00:04:17,paris,1458219,YGA:Vehicle:f10bb6603944,neuilly-sur-seine,48.893314,2.270575,0,0,270000,YGA:VehicleType:f10bb6603944,Fiat,Ducato,2014,combustion_diesel,YGA:PricingPlan:f10bb6603944,11.0,80.0,https://fr.getaround.com/location-voiture/neuilly-sur-seine/fiat-ducato-1458219
2026-09-18T00:04:17,paris,1461884,YGA:Vehicle:15590a79874c,paris,48.842152,2.395946,0,0,600000,YGA:VehicleType:15590a79874c,Renault,Mégane Estate,2015,combustion,YGA:PricingPlan:15590a79874c,5.0,35.0,https://fr.getaround.com/location-voiture/paris/renault-megane-estate-1461884
2026-09-18T00:04:17,paris,1464420,YGA:Vehicle:a536656f6849,bois-colombes,48.9132,2.258264,0,0,96000,YGA:VehicleType:a536656f6849,Renault,Master,2024,combustion_diesel,YGA:PricingPlan:a536656f6849,8.0,71.0,https://fr.getaround.com/location-voiture/bois-colombes/renault-master-1464420
2026-09-18T00:04:17,paris,1466261,YGA:Vehicle:e122eda8832a,nanterre,48.877472,2.213822,0,0,450000,YGA:VehicleType:e122eda8832a,Opel,Vivaro,2013,combustion_diesel,YGA:PricingPlan:e122eda8832a,6.0,50.0,https://fr.getaround.com/location-voiture/nanterre/opel-vivaro-1466261
2026-09-18T00:04:17,paris,1466538,YGA:Vehicle:87ee69ce5964,ivry-sur-seine,48.807426,2.384579,0,0,135000,YGA:VehicleType:87ee69ce5964,Peugeot,Boxer,2016,combustion_diesel,YGA:PricingPlan:87ee69ce5964,7.0,51.0,https://fr.getaround.com/location-voiture/ivry-sur-seine/peugeot-boxer-1466538
2026-09-18T00:04:17,paris,1469165,YGA:Vehicle:a66df9becf32,paris,48.873222,2.302623,0,0,408000,YGA:VehicleType:a66df9becf32,Ford,Transit Fourgon,2013,combustion_diesel,YGA:PricingPlan:a66df9becf32,9.0,71.0,https://fr.getaround.com/location-voiture/paris/ford-transit-fourgon-1469165
2026-09-18T00:04:17,paris,1469522,YGA:Vehicle:2ec398d5b974,paris,48.848389,2.395921,0,0,451200,YGA:VehicleType:2ec398d5b974,Fiat,500 X,2017,combustion,YGA:PricingPlan:2ec398d5b974,7.0,50.0,https://fr.getaround.com/location-voiture/paris/fiat-500-x-1469522
2026-09-18T00:04:17,paris,1471872,YGA:Vehicle:47fbecfca929,paris,48.862221,2.408811,0,0,568000,YGA:VehicleType:47fbecfca929,Renault,Trafic,2016,combustion_diesel,YGA:PricingPlan:47fbecfca929,7.0,55.0,https://fr.getaround.com/location-voiture/paris/renault-trafic-1471872
2026-09-18T00:04:17,paris,1471877,YGA:Vehicle:7fab9286aff2,paris,48.898361,2.375336,0,0,787500,YGA:VehicleType:7fab9286aff2,Renault,Master,2019,combustion_diesel,YGA:PricingPlan:7fab9286aff2,8.0,68.0,https://fr.getaround.com/location-voiture/paris/renault-master-1471877
2026-09-18T00:04:17,paris,1473253,YGA:Vehicle:011fc535b446,paris,48.866886,2.397788,0,0,550000,YGA:VehicleType:011fc535b446,Nissan,NV200,2018,combustion_diesel,YGA:PricingPlan:011fc535b446,8.0,62.0,https://fr.getaround.com/location-voiture/paris/nissan-nv200-1473253
2026-09-18T00:04:17,paris,1474325,YGA:Vehicle:d1e9d25dfa56,paris,48.840244,2.381673,0,0,560000,YGA:VehicleType:d1e9d25dfa56,Peugeot,5008,2023,combustion,YGA:PricingPlan:d1e9d25dfa56,13.0,98.0,https://fr.getaround.com/location-voiture/paris/peugeot-5008-1474325
2026-09-18T00:04:17,paris,1474554,YGA:Vehicle:c8fe4a0429a0,paris,48.844097,2.372992,0,0,900000,YGA:VehicleType:c8fe4a0429a0,Renault,Trafic Passenger,2017,combustion_diesel,YGA:PricingPlan:c8fe4a0429a0,10.0,70.0,https://fr.getaround.com/location-voiture/paris/renault-trafic-passenger-1474554
2026-09-18T00:04:17,paris,1474879,YGA:Vehicle:7a1954a8fdba,clichy,48.900139,2.315229,0,0,264000,YGA:VehicleType:7a1954a8fdba,Renault,Trafic,2016,combustion_diesel,YGA:PricingPlan:7a1954a8fdba,10.0,74.0,https://fr.getaround.com/location-voiture/clichy/renault-trafic-1474879
2026-09-18T00:04:17,paris,1474916,YGA:Vehicle:41c7c0a5f7a0,boulogne-billancourt,48.830292,2.237212,0,0,435600,YGA:VehicleType:41c7c0a5f7a0,Peugeot,208,2023,combustion,YGA:PricingPlan:41c7c0a5f7a0,7.0,54.0,https://fr.getaround.com/location-voiture/boulogne-billancourt/peugeot-208-1474916
2026-09-18T00:04:17,paris,1475531,YGA:Vehicle:a8536e991c06,paris,48.851089,2.396456,0,0,492000,YGA:VehicleType:a8536e991c06,Citroen,Berlingo,2015,combustion_diesel,YGA:PricingPlan:a8536e991c06,9.0,66.0,https://fr.getaround.com/location-voiture/paris/citroen-berlingo-1475531
2026-09-18T00:04:17,paris,1476505,YGA:Vehicle:3a67eece1805,paris,48.891869,2.316322,0,0,352000,YGA:VehicleType:3a67eece1805,Peugeot,2008,2021,combustion,YGA:PricingPlan:3a67eece1805,6.0,45.0,https://fr.getaround.com/location-voiture/paris/peugeot-2008-1476505
2026-09-18T00:04:17,paris,1476506,YGA:Vehicle:77bf2229b484,paris,48.849331,2.259859,0,0,424000,YGA:VehicleType:77bf2229b484,Peugeot,3008,2021,combustion_diesel,YGA:PricingPlan:77bf2229b484,7.0,55.0,https://fr.getaround.com/location-voiture/paris/peugeot-3008-1476506
2026-09-18T00:04:17,paris,1476507,YGA:Vehicle:a4b44985fbc3,paris,48.82864,2.33667,0,0,198000,YGA:VehicleType:a4b44985fbc3,Peugeot,208,2021,combustion,YGA:PricingPlan:a4b44985fbc3,5.0,41.0,https://fr.getaround.com/location-voiture/paris/peugeot-208-1476507
2026-09-18T00:04:17,paris,1476571,YGA:Vehicle:9939fca4b143,paris,48.878067,2.391499,0,0,404800,YGA:VehicleType:9939fca4b143,Peugeot,208,2021,combustion,YGA:PricingPlan:9939fca4b143,5.0,41.0,https://fr.getaround.com/location-voiture/paris/peugeot-208-1476571
2026-09-18T00:04:17,paris,1476572,YGA:Vehicle:1051fe8564aa,paris,48.842991,2.317086,0,0,391600,YGA:VehicleType:1051fe8564aa,Peugeot,208,2021,combustion,YGA:PricingPlan:1051fe8564aa,5.0,41.0,https://fr.getaround.com/location-voiture/paris/peugeot-208-1476572
2026-09-18T00:04:17,paris,1476577,YGA:Vehicle:c09db34eb9bc,paris,48.89032,2.379497,0,0,242000,YGA:VehicleType:c09db34eb9bc,Peugeot,208,2021,combustion,YGA:PricingPlan:c09db34eb9bc,5.0,41.0,https://fr.getaround.com/location-voiture/paris/peugeot-208-1476577
2026-09-18T00:04:17,paris,1478188,YGA:Vehicle:01aa3bf2cacc,paris,48.882343,2.327687,0,0,397800,YGA:VehicleType:01aa3bf2cacc,Renault,Clio E-tech,2020,hybrid,YGA:PricingPlan:01aa3bf2cacc,6.0,42.0,https://fr.getaround.com/location-voiture/paris/renault-clio-e-tech-1478188
2026-09-18T00:04:17,paris,1478250,YGA:Vehicle:f4b2e765a1f4,la-courneuve,48.921322,2.404204,0,0,357000,YGA:VehicleType:f4b2e765a1f4,Renault,Master,2020,combustion_diesel,YGA:PricingPlan:f4b2e765a1f4,8.0,59.0,https://fr.getaround.com/location-voiture/la-courneuve/renault-master-1478250
2026-09-18T00:04:17,paris,1480106,YGA:Vehicle:ce1704ada130,montreuil,48.86974,2.455541,0,0,24000,YGA:VehicleType:ce1704ada130,Renault,Master,2022,combustion_diesel,YGA:PricingPlan:ce1704ada130,8.0,64.0,https://fr.getaround.com/location-voiture/montreuil/renault-master-1480106
2026-09-18T00:04:17,paris,1480110,YGA:Vehicle:a9efbcc89d2c,montreuil,48.86974,2.455541,0,0,199500,YGA:VehicleType:a9efbcc89d2c,Renault,Master,2021,combustion_diesel,YGA:PricingPlan:a9efbcc89d2c,7.0,59.0,https://fr.getaround.com/location-voiture/montreuil/renault-master-1480110
2026-09-18T00:04:17,paris,1480112,YGA:Vehicle:8aed1b530ff7,saint-denis,48.92123,2.362998,0,0,432000,YGA:VehicleType:8aed1b530ff7,Renault,Trafic,2020,combustion_diesel,YGA:PricingPlan:8aed1b530ff7,8.0,59.0,https://fr.getaround.com/location-voiture/saint-denis/renault-trafic-1480112
2026-09-18T00:04:17,paris,1480114,YGA:Vehicle:8c3140e0adf5,la-courneuve,48.921852,2.403093,0,0,346500,YGA:VehicleType:8c3140e0adf5,Renault,Master,2021,combustion_diesel,YGA:PricingPlan:8c3140e0adf5,8.0,59.0,https://fr.getaround.com/location-voiture/la-courneuve/renault-master-1480114
2026-09-18T00:04:17,paris,1480115,YGA:Vehicle:05e266dbc69b,montreuil,48.860481,2.434739,0,0,784000,YGA:VehicleType:05e266dbc69b,Renault,Trafic,2018,combustion_diesel,YGA:PricingPlan:05e266dbc69b,7.0,59.0,https://fr.getaround.com/location-voiture/montreuil/renault-trafic-1480115
2026-09-18T00:04:17,paris,1481195,YGA:Vehicle:352f92256c12,sevres,48.814095,2.213846,0,0,711000,YGA:VehicleType:352f92256c12,Nissan,Primastar Fourgon,2014,combustion_diesel,YGA:PricingPlan:352f92256c12,6.0,48.0,https://fr.getaround.com/location-voiture/sevres/nissan-primastar-fourgon-1481195
2026-09-18T00:04:17,paris,1484206,YGA:Vehicle:54da53988aa0,paris,48.891869,2.316322,0,0,752000,YGA:VehicleType:54da53988aa0,Renault,Trafic,2021,combustion_diesel,YGA:PricingPlan:54da53988aa0,8.0,64.0,https://fr.getaround.com/location-voiture/paris/renault-trafic-1484206
2026-09-18T00:04:17,paris,1484213,YGA:Vehicle:3b272f44a55e,paris,48.892319,2.314661,0,0,360000,YGA:VehicleType:3b272f44a55e,Renault,Trafic,2021,combustion_diesel,YGA:PricingPlan:3b272f44a55e,8.0,62.0,https://fr.getaround.com/location-voiture/paris/renault-trafic-1484213
2026-09-18T00:04:17,paris,1484216,YGA:Vehicle:62acfd849f0f,boulogne-billancourt,48.835758,2.23052,0,0,760000,YGA:VehicleType:62acfd849f0f,Renault,Trafic,2021,combustion_diesel,YGA:PricingPlan:62acfd849f0f,7.0,59.0,https://fr.getaround.com/location-voiture/boulogne-billancourt/renault-trafic-1484216
2026-09-18T00:04:17,paris,1484219,YGA:Vehicle:8562aed92a05,meudon,48.816624,2.245497,0,0,292500,YGA:VehicleType:8562aed92a05,Renault,Clio,2019,combustion,YGA:PricingPlan:8562aed92a05,5.0,38.0,https://fr.getaround.com/location-voiture/meudon/renault-clio-1484219
2026-09-18T00:04:17,paris,1484254,YGA:Vehicle:b4b3a6dfff3a,paris,48.833942,2.323807,0,0,640000,YGA:VehicleType:b4b3a6dfff3a,Renault,Master,2022,combustion_diesel,YGA:PricingPlan:b4b3a6dfff3a,8.0,64.0,https://fr.getaround.com/location-voiture/paris/renault-master-1484254
2026-09-18T00:04:17,paris,1485510,YGA:Vehicle:23bafd8825a9,rosny-sous-bois,48.876553,2.475967,0,0,525000,YGA:VehicleType:23bafd8825a9,Renault,Master,2017,combustion_diesel,YGA:PricingPlan:23bafd8825a9,8.0,65.0,https://fr.getaround.com/location-voiture/rosny-sous-bois/renault-master-1485510
2026-09-18T00:04:17,paris,1486160,YGA:Vehicle:144801ea8f14,saint-ouen-sur-seine,48.913986,2.325485,0,0,52500,YGA:VehicleType:144801ea8f14,Fiat,500,2015,combustion,YGA:PricingPlan:144801ea8f14,6.0,43.0,https://fr.getaround.com/location-voiture/saint-ouen-sur-seine/fiat-500-1486160
2026-09-18T00:04:17,paris,1487396,YGA:Vehicle:520c8d5dd23c,charenton-le-pont,48.817123,2.412835,0,0,132000,YGA:VehicleType:520c8d5dd23c,Citroen,Berlingo,2015,combustion_diesel,YGA:PricingPlan:520c8d5dd23c,5.0,42.0,https://fr.getaround.com/location-voiture/charenton-le-pont/citroen-berlingo-1487396
2026-09-18T00:04:17,paris,1488799,YGA:Vehicle:8b0a527ec184,paris,48.861061,2.308672,0,0,316800,YGA:VehicleType:8b0a527ec184,Peugeot,2008,2021,combustion,YGA:PricingPlan:8b0a527ec184,7.0,50.0,https://fr.getaround.com/location-voiture/paris/peugeot-2008-1488799
2026-09-18T00:04:17,paris,1489731,YGA:Vehicle:5f2325c482f8,paris,48.893654,2.33946,0,0,800000,YGA:VehicleType:5f2325c482f8,Renault,Trafic,2017,combustion_diesel,YGA:PricingPlan:5f2325c482f8,11.0,84.0,https://fr.getaround.com/location-voiture/paris/renault-trafic-1489731
2026-09-18T00:04:17,paris,1490143,YGA:Vehicle:79728c94b9f3,fontenay-aux-roses,48.789482,2.289839,0,0,576000,YGA:VehicleType:79728c94b9f3,Renault,Trafic,2015,combustion_diesel,YGA:PricingPlan:79728c94b9f3,8.0,61.0,https://fr.getaround.com/location-voiture/fontenay-aux-roses/renault-trafic-1490143
2026-09-18T00:04:17,paris,1491840,YGA:Vehicle:40f507770e68,paris,48.833942,2.323807,0,0,388500,YGA:VehicleType:40f507770e68,Renault,Master,2021,combustion_diesel,YGA:PricingPlan:40f507770e68,8.0,64.0,https://fr.getaround.com/location-voiture/paris/renault-master-1491840
2026-09-18T00:04:17,paris,1491843,YGA:Vehicle:34c3fd981d66,montreuil,48.86974,2.455541,0,0,871500,YGA:VehicleType:34c3fd981d66,Renault,Master,2020,combustion_diesel,YGA:PricingPlan:34c3fd981d66,8.0,64.0,https://fr.getaround.com/location-voiture/montreuil/renault-master-1491843
2026-09-18T00:04:17,paris,1492698,YGA:Vehicle:264d0d81343d,paris,48.891869,2.316322,0,0,163800,YGA:VehicleType:264d0d81343d,Renault,Clio,2021,combustion,YGA:PricingPlan:264d0d81343d,5.0,40.0,https://fr.getaround.com/location-voiture/paris/renault-clio-1492698
2026-09-18T00:04:17,paris,1492715,YGA:Vehicle:91c5911bdad7,saint-denis,48.908772,2.360505,0,0,193200,YGA:VehicleType:91c5911bdad7,Renault,Clio,2021,combustion,YGA:PricingPlan:91c5911bdad7,5.0,38.0,https://fr.getaround.com/location-voiture/saint-denis/renault-clio-1492715
2026-09-18T00:04:17,paris,1492716,YGA:Vehicle:d7ecbb497eff,nanterre,48.894714,2.221408,0,0,378000,YGA:VehicleType:d7ecbb497eff,Renault,Clio,2021,combustion,YGA:PricingPlan:d7ecbb497eff,5.0,40.0,https://fr.getaround.com/location-voiture/nanterre/renault-clio-1492716
2026-09-18T00:04:17,paris,1495260,YGA:Vehicle:7c41a91a77f2,saint-ouen-sur-seine,48.912567,2.321517,0,0,250800,YGA:VehicleType:7c41a91a77f2,Citroen,C4 Grand Picasso,2016,combustion,YGA:PricingPlan:7c41a91a77f2,8.0,55.0,https://fr.getaround.com/location-voiture/saint-ouen-sur-seine/citroen-c4-grand-picasso-1495260
2026-09-18T00:04:17,paris,1496819,YGA:Vehicle:979353874ca9,paris,48.875454,2.338336,0,0,422400,YGA:VehicleType:979353874ca9,Peugeot,208,2020,combustion,YGA:PricingPlan:979353874ca9,6.0,45.0,https://fr.getaround.com/location-voiture/paris/peugeot-208-1496819
2026-09-18T00:04:17,paris,1496820,YGA:Vehicle:6b2bef8486a1,pantin,48.890205,2.408347,0,0,229500,YGA:VehicleType:6b2bef8486a1,Renault,Clio,2020,combustion,YGA:PricingPlan:6b2bef8486a1,5.0,36.0,https://fr.getaround.com/location-voiture/pantin/renault-clio-1496820
2026-09-18T00:04:17,paris,1496823,YGA:Vehicle:771b4e1a16b5,paris,48.875454,2.338336,0,0,340200,YGA:VehicleType:771b4e1a16b5,Renault,Clio,2020,combustion,YGA:PricingPlan:771b4e1a16b5,5.0,36.0,https://fr.getaround.com/location-voiture/paris/renault-clio-1496823
2026-09-18T00:04:17,paris,1498374,YGA:Vehicle:261918697f67,paris,48.842957,2.317132,0,0,435600,YGA:VehicleType:261918697f67,Peugeot,208,2023,combustion,YGA:PricingPlan:261918697f67,7.0,55.0,https://fr.getaround.com/location-voiture/paris/peugeot-208-1498374
2026-09-18T00:04:17,paris,1502866,YGA:Vehicle:06c9b6287a4e,paris,48.833149,2.312258,0,0,464000,YGA:VehicleType:06c9b6287a4e,Renault,Trafic,2017,combustion_diesel,YGA:PricingPlan:06c9b6287a4e,9.0,68.0,https://fr.getaround.com/location-voiture/paris/renault-trafic-1502866
2026-09-18T00:04:17,paris,1507684,YGA:Vehicle:b9d28d96da0e,paris,48.854397,2.30477,0,0,568000,YGA:VehicleType:b9d28d96da0e,Renault,Trafic,2024,combustion_diesel,YGA:PricingPlan:b9d28d96da0e,9.0,78.0,https://fr.getaround.com/location-voiture/paris/renault-trafic-1507684
2026-09-18T00:04:17,paris,1507687,YGA:Vehicle:232c756cee3c,paris,48.899014,2.378261,0,0,304000,YGA:VehicleType:232c756cee3c,Renault,Trafic,2024,combustion_diesel,YGA:PricingPlan:232c756cee3c,9.0,78.0,https://fr.getaround.com/location-voiture/paris/renault-trafic-1507687
2026-09-18T00:04:17,paris,1507774,YGA:Vehicle:6de05fac354f,montreuil,48.86974,2.455541,0,0,728000,YGA:VehicleType:6de05fac354f,Renault,Master,2024,combustion_diesel,YGA:PricingPlan:6de05fac354f,9.0,78.0,https://fr.getaround.com/location-voiture/montreuil/renault-master-1507774
2026-09-18T00:04:17,paris,1507779,YGA:Vehicle:49dc1a9fb1ab,bois-colombes,48.9132,2.258264,0,0,208000,YGA:VehicleType:49dc1a9fb1ab,Renault,Master,2024,combustion_diesel,YGA:PricingPlan:49dc1a9fb1ab,8.0,71.0,https://fr.getaround.com/location-voiture/bois-colombes/renault-master-1507779
2026-09-18T00:04:17,paris,1507786,YGA:Vehicle:349d6d8e51c9,paris,48.899014,2.378261,0,0,240000,YGA:VehicleType:349d6d8e51c9,Renault,Master,2024,combustion_diesel,YGA:PricingPlan:349d6d8e51c9,9.0,78.0,https://fr.getaround.com/location-voiture/paris/renault-master-1507786
2026-09-18T00:04:17,paris,1507796,YGA:Vehicle:dba50babe45c,paris,48.899014,2.378261,0,0,456000,YGA:VehicleType:dba50babe45c,Renault,Master,2024,combustion_diesel,YGA:PricingPlan:dba50babe45c,9.0,78.0,https://fr.getaround.com/location-voiture/paris/renault-master-1507796
2026-09-18T00:04:17,paris,1507810,YGA:Vehicle:2c42a8f0a26f,boulogne-billancourt,48.844238,2.231389,0,0,134400,YGA:VehicleType:2c42a8f0a26f,Renault,Clio,2021,combustion,YGA:PricingPlan:2c42a8f0a26f,5.0,40.0,https://fr.getaround.com/location-voiture/boulogne-billancourt/renault-clio-1507810
2026-09-18T00:04:17,paris,1508502,YGA:Vehicle:f2c86826e911,paris,48.853771,2.405609,0,0,308000,YGA:VehicleType:f2c86826e911,Peugeot,5008,2023,combustion,YGA:PricingPlan:f2c86826e911,10.0,75.0,https://fr.getaround.com/location-voiture/paris/peugeot-5008-1508502
2026-09-18T00:04:17,paris,1508986,YGA:Vehicle:a3a24f474a9b,ivry-sur-seine,48.810173,2.373086,0,0,387200,YGA:VehicleType:a3a24f474a9b,Opel,Mokka,2024,combustion,YGA:PricingPlan:a3a24f474a9b,9.0,67.0,https://fr.getaround.com/location-voiture/ivry-sur-seine/opel-mokka-1508986
2026-09-18T00:04:17,paris,1509924,YGA:Vehicle:3181fa7ea376,paris,48.901234,2.333986,0,0,168000,YGA:VehicleType:3181fa7ea376,Renault,Trafic,2019,combustion_diesel,YGA:PricingPlan:3181fa7ea376,8.0,64.0,https://fr.getaround.com/location-voiture/paris/renault-trafic-1509924
2026-09-18T00:04:17,paris,1510394,YGA:Vehicle:d03011abb870,paris,48.845093,2.371318,0,0,75600,YGA:VehicleType:d03011abb870,Renault,Clio,2020,combustion,YGA:PricingPlan:d03011abb870,5.0,40.0,https://fr.getaround.com/location-voiture/paris/renault-clio-1510394
2026-09-18T00:04:17,paris,1510420,YGA:Vehicle:5339dd6faca3,saint-ouen-sur-seine,48.908611,2.334143,0,0,302400,YGA:VehicleType:5339dd6faca3,Renault,Clio,2021,combustion,YGA:PricingPlan:5339dd6faca3,5.0,40.0,https://fr.getaround.com/location-voiture/saint-ouen-sur-seine/renault-clio-1510420
2026-09-18T00:04:17,paris,1510423,YGA:Vehicle:d534ba902b28,paris,48.848,2.281994,0,0,344000,YGA:VehicleType:d534ba902b28,Renault,Trafic,2021,combustion_diesel,YGA:PricingPlan:d534ba902b28,8.0,64.0,https://fr.getaround.com/location-voiture/paris/renault-trafic-1510423
2026-09-18T00:04:17,paris,1510453,YGA:Vehicle:5ced483eec4b,montreuil,48.86974,2.455541,0,0,325500,YGA:VehicleType:5ced483eec4b,Renault,Master,2019,combustion_diesel,YGA:PricingPlan:5ced483eec4b,7.0,59.0,https://fr.getaround.com/location-voiture/montreuil/renault-master-1510453
2026-09-18T00:04:17,paris,1512169,YGA:Vehicle:334688d6aa2b,antony,48.768509,2.310887,0,0,45000,YGA:VehicleType:334688d6aa2b,Opel,Vivaro,2012,combustion_diesel,YGA:PricingPlan:334688d6aa2b,6.0,49.0,https://fr.getaround.com/location-voiture/antony/opel-vivaro-1512169
2026-09-18T00:04:17,paris,1512217,YGA:Vehicle:a1cf59fefdcb,puteaux,48.879658,2.239008,0,0,654000,YGA:VehicleType:a1cf59fefdcb,Citroen,C4,2014,combustion,YGA:PricingPlan:a1cf59fefdcb,7.0,49.0,https://fr.getaround.com/location-voiture/puteaux/citroen-c4-1512217
2026-09-18T00:04:17,paris,1518136,YGA:Vehicle:0eba111b896a,malakoff,48.814678,2.294916,0,0,270000,YGA:VehicleType:0eba111b896a,Renault,Clio Estate,2015,combustion,YGA:PricingPlan:0eba111b896a,6.0,45.0,https://fr.getaround.com/location-voiture/malakoff/renault-clio-estate-1518136
2026-09-18T00:04:17,paris,1520978,YGA:Vehicle:ed397d7fbb70,saint-maur-des-fosses,48.790939,2.478687,0,0,774000,YGA:VehicleType:ed397d7fbb70,Fiat,Ducato,2019,combustion_diesel,YGA:PricingPlan:ed397d7fbb70,8.0,66.0,https://fr.getaround.com/location-voiture/saint-maur-des-fosses/fiat-ducato-1520978
2026-09-18T00:04:17,paris,1525390,YGA:Vehicle:868906f6ebf7,courbevoie,48.899326,2.240748,0,0,445200,YGA:VehicleType:868906f6ebf7,Citroen,Berlingo,2017,combustion_diesel,YGA:PricingPlan:868906f6ebf7,7.0,57.0,https://fr.getaround.com/location-voiture/courbevoie/citroen-berlingo-1525390
2026-09-18T00:04:17,paris,1532077,YGA:Vehicle:f3b6c1b85f65,paris,48.854488,2.387447,0,0,424000,YGA:VehicleType:f3b6c1b85f65,Renault,Trafic,2019,combustion_diesel,YGA:PricingPlan:f3b6c1b85f65,9.0,70.0,https://fr.getaround.com/location-voiture/paris/renault-trafic-1532077
2026-09-18T00:04:17,paris,1532773,YGA:Vehicle:6940ffc63d84,vincennes,48.844265,2.452371,0,0,225000,YGA:VehicleType:6940ffc63d84,Peugeot,Boxer,2017,combustion_diesel,YGA:PricingPlan:6940ffc63d84,10.0,78.0,https://fr.getaround.com/location-voiture/vincennes/peugeot-boxer-1532773
2026-09-18T00:04:17,paris,1533690,YGA:Vehicle:9286a8403c62,courbevoie,48.905388,2.277082,0,0,480000,YGA:VehicleType:9286a8403c62,Dacia,Lodgy,2017,combustion,YGA:PricingPlan:9286a8403c62,5.0,36.0,https://fr.getaround.com/location-voiture/courbevoie/dacia-lodgy-1533690
2026-09-18T00:04:17,paris,1534593,YGA:Vehicle:299a3e9abd1c,paris,48.883198,2.376172,0,0,365200,YGA:VehicleType:299a3e9abd1c,Peugeot,208,2020,combustion,YGA:PricingPlan:299a3e9abd1c,6.0,45.0,https://fr.getaround.com/location-voiture/paris/peugeot-208-1534593
2026-09-18T00:04:17,paris,1534596,YGA:Vehicle:cc4b8dfb1d11,paris,48.852467,2.380469,0,0,480000,YGA:VehicleType:cc4b8dfb1d11,Renault,Kangoo Express,2021,combustion_diesel,YGA:PricingPlan:cc4b8dfb1d11,6.0,48.0,https://fr.getaround.com/location-voiture/paris/renault-kangoo-express-1534596
2026-09-18T00:04:17,paris,1535149,YGA:Vehicle:c2433b32d334,boulogne-billancourt,48.835796,2.230901,0,0,375000,YGA:VehicleType:c2433b32d334,Toyota,Auris,2017,hybrid,YGA:PricingPlan:c2433b32d334,6.0,50.0,https://fr.getaround.com/location-voiture/boulogne-billancourt/toyota-auris-1535149
2026-09-18T00:04:17,paris,1538193,YGA:Vehicle:f774ffe757cf,boulogne-billancourt,48.836315,2.234548,0,0,216000,YGA:VehicleType:f774ffe757cf,Peugeot,Expert,2021,combustion_diesel,YGA:PricingPlan:f774ffe757cf,10.0,76.0,https://fr.getaround.com/location-voiture/boulogne-billancourt/peugeot-expert-1538193
2026-09-18T00:04:17,paris,1538366,YGA:Vehicle:59ac510c841b,montreuil,48.86974,2.455541,0,0,640000,YGA:VehicleType:59ac510c841b,Renault,Trafic,2024,combustion_diesel,YGA:PricingPlan:59ac510c841b,9.0,78.0,https://fr.getaround.com/location-voiture/montreuil/renault-trafic-1538366
2026-09-18T00:04:17,paris,1539169,YGA:Vehicle:1ef7819b903f,paris,48.838589,2.316789,0,0,422400,YGA:VehicleType:1ef7819b903f,Peugeot,208 GT Line,2020,combustion,YGA:PricingPlan:1ef7819b903f,5.0,43.0,https://fr.getaround.com/location-voiture/paris/peugeot-208-gt-line-1539169
2026-09-18T00:04:17,paris,1539488,YGA:Vehicle:3a257564ee0c,fontenay-sous-bois,48.852226,2.453354,0,0,396000,YGA:VehicleType:3a257564ee0c,Renault,Clio,2014,combustion,YGA:PricingPlan:3a257564ee0c,6.0,45.0,https://fr.getaround.com/location-voiture/fontenay-sous-bois/renault-clio-1539488
2026-09-18T00:04:17,paris,1541147,YGA:Vehicle:615d6c23b668,paris,48.854473,2.304768,0,0,536000,YGA:VehicleType:615d6c23b668,Renault,Master,2024,combustion_diesel,YGA:PricingPlan:615d6c23b668,9.0,78.0,https://fr.getaround.com/location-voiture/paris/renault-master-1541147
2026-09-18T00:04:17,paris,1541399,YGA:Vehicle:3e61a9dcee0a,paris,48.830418,2.337495,0,0,306000,YGA:VehicleType:3e61a9dcee0a,Toyota,Yaris Cross Hybrid,2021,hybrid,YGA:PricingPlan:3e61a9dcee0a,6.0,45.0,https://fr.getaround.com/location-voiture/paris/toyota-yaris-cross-hybrid-1541399
2026-09-18T00:04:17,paris,1541909,YGA:Vehicle:0aa2d402b758,paris,48.882477,2.375214,0,0,231000,YGA:VehicleType:0aa2d402b758,Renault,Clio,2021,combustion,YGA:PricingPlan:0aa2d402b758,5.0,36.0,https://fr.getaround.com/location-voiture/paris/renault-clio-1541909
2026-09-18T00:04:17,paris,1541915,YGA:Vehicle:11bcdca289c8,villejuif,48.7873,2.36701,0,0,312700,YGA:VehicleType:11bcdca289c8,Peugeot,308,2019,combustion,YGA:PricingPlan:11bcdca289c8,6.0,48.0,https://fr.getaround.com/location-voiture/villejuif/peugeot-308-1541915
2026-09-18T00:04:17,paris,1542070,YGA:Vehicle:3c546a18363c,paris,48.886017,2.388491,0,0,320400,YGA:VehicleType:3c546a18363c,Toyota,Yaris Hybride,2022,hybrid,YGA:PricingPlan:3c546a18363c,6.0,49.0,https://fr.getaround.com/location-voiture/paris/toyota-yaris-hybride-1542070
2026-09-18T00:04:17,paris,1544563,YGA:Vehicle:eb21274114f9,montreuil,48.86071,2.446602,0,0,400000,YGA:VehicleType:eb21274114f9,Renault,Trafic,2019,combustion_diesel,YGA:PricingPlan:eb21274114f9,10.0,74.0,https://fr.getaround.com/location-voiture/montreuil/renault-trafic-1544563
2026-09-18T00:04:17,paris,1545718,YGA:Vehicle:7050d163ea98,asnieres-sur-seine,48.916115,2.283245,0,0,336000,YGA:VehicleType:7050d163ea98,Toyota,Yaris Hybride,2013,combustion,YGA:PricingPlan:7050d163ea98,9.0,68.0,https://fr.getaround.com/location-voiture/asnieres-sur-seine/toyota-yaris-hybride-1545718
2026-09-18T00:04:17,paris,1546585,YGA:Vehicle:9650708d3d52,vitry-sur-seine,48.80101,2.378796,0,0,586500,YGA:VehicleType:9650708d3d52,Citroen,Jumpy,2018,combustion_diesel,YGA:PricingPlan:9650708d3d52,8.0,64.0,https://fr.getaround.com/location-voiture/vitry-sur-seine/citroen-jumpy-1546585
2026-09-18T00:04:17,paris,1548918,YGA:Vehicle:249acd50f9f3,paris,48.841187,2.374272,0,0,783000,YGA:VehicleType:249acd50f9f3,Renault,Trafic Passenger,2017,combustion_diesel,YGA:PricingPlan:249acd50f9f3,14.0,100.0,https://fr.getaround.com/location-voiture/paris/renault-trafic-passenger-1548918
2026-09-18T00:04:17,paris,1551186,YGA:Vehicle:e5a68c0bf94a,paris,48.866566,2.380738,0,0,800000,YGA:VehicleType:e5a68c0bf94a,Renault,Trafic,2018,combustion_diesel,YGA:PricingPlan:e5a68c0bf94a,9.0,68.0,https://fr.getaround.com/location-voiture/paris/renault-trafic-1551186
2026-09-18T00:04:17,paris,1551189,YGA:Vehicle:b5bf8f3c4528,paris,48.873219,2.373415,0,0,144000,YGA:VehicleType:b5bf8f3c4528,Renault,Trafic,2019,combustion_diesel,YGA:PricingPlan:b5bf8f3c4528,9.0,68.0,https://fr.getaround.com/location-voiture/paris/renault-trafic-1551189
2026-09-18T00:04:17,paris,1551593,YGA:Vehicle:24db62cbfcad,vitry-sur-seine,48.777637,2.405541,0,0,453200,YGA:VehicleType:24db62cbfcad,Peugeot,2008,2021,combustion_diesel,YGA:PricingPlan:24db62cbfcad,9.0,65.0,https://fr.getaround.com/location-voiture/vitry-sur-seine/peugeot-2008-1551593
2026-09-18T00:04:17,paris,1556424,YGA:Vehicle:73b368077ddb,paris,48.821079,2.343322,0,0,151200,YGA:VehicleType:73b368077ddb,Toyota,Yaris Hybride,2021,hybrid,YGA:PricingPlan:73b368077ddb,6.0,46.0,https://fr.getaround.com/location-voiture/paris/toyota-yaris-hybride-1556424
2026-09-18T00:04:17,paris,1557087,YGA:Vehicle:ed786756afa1,paris,48.841248,2.374731,0,0,61600,YGA:VehicleType:ed786756afa1,Peugeot,208,2023,combustion,YGA:PricingPlan:ed786756afa1,7.0,54.0,https://fr.getaround.com/location-voiture/paris/peugeot-208-1557087
2026-09-18T00:04:17,paris,1557094,YGA:Vehicle:2587a8065dbe,paris,48.839878,2.303232,0,0,294800,YGA:VehicleType:2587a8065dbe,Peugeot,208,2023,hybrid,YGA:PricingPlan:2587a8065dbe,7.0,53.0,https://fr.getaround.com/location-voiture/paris/peugeot-208-1557094
2026-09-18T00:04:17,paris,1557141,YGA:Vehicle:101eadb6d844,paris,48.849644,2.285553,0,0,356400,YGA:VehicleType:101eadb6d844,Peugeot,208,2023,combustion,YGA:PricingPlan:101eadb6d844,7.0,54.0,https://fr.getaround.com/location-voiture/paris/peugeot-208-1557141
2026-09-18T00:04:17,paris,1557262,YGA:Vehicle:07ba70f55954,bois-colombes,48.923786,2.272805,0,0,280000,YGA:VehicleType:07ba70f55954,Citroen,C1,2012,combustion,YGA:PricingPlan:07ba70f55954,4.0,28.0,https://fr.getaround.com/location-voiture/bois-colombes/citroen-c1-1557262
2026-09-18T00:04:17,paris,1557568,YGA:Vehicle:d9e0af846635,rosny-sous-bois,48.883739,2.477744,0,0,112000,YGA:VehicleType:d9e0af846635,Renault,Trafic,2021,combustion_diesel,YGA:PricingPlan:d9e0af846635,11.0,86.0,https://fr.getaround.com/location-voiture/rosny-sous-bois/renault-trafic-1557568
2026-09-18T00:04:17,paris,1558419,YGA:Vehicle:58b546405c28,paris,48.855061,2.373101,0,0,166500,YGA:VehicleType:58b546405c28,Citroen,C3,2019,combustion,YGA:PricingPlan:58b546405c28,6.0,44.0,https://fr.getaround.com/location-voiture/paris/citroen-c3-1558419
2026-09-18T00:04:17,paris,1559887,YGA:Vehicle:072be4ffa0d4,saint-maurice,48.822056,2.421565,0,0,243000,YGA:VehicleType:072be4ffa0d4,Renault,Captur,2017,combustion,YGA:PricingPlan:072be4ffa0d4,10.0,66.0,https://fr.getaround.com/location-voiture/saint-maurice/renault-captur-1559887
2026-09-18T00:04:17,paris,1561420,YGA:Vehicle:0e2bde2c6315,paris,48.886608,2.385416,0,0,233200,YGA:VehicleType:0e2bde2c6315,Peugeot,208,2019,combustion,YGA:PricingPlan:0e2bde2c6315,5.0,38.0,https://fr.getaround.com/location-voiture/paris/peugeot-208-1561420
2026-09-18T00:04:17,paris,1563212,YGA:Vehicle:0b62a37a5938,clamart,48.80661,2.253856,0,0,180000,YGA:VehicleType:0b62a37a5938,Citroen,Berlingo,2015,combustion_diesel,YGA:PricingPlan:0b62a37a5938,6.0,42.0,https://fr.getaround.com/location-voiture/clamart/citroen-berlingo-1563212
2026-09-18T00:04:17,paris,1565463,YGA:Vehicle:13e7005d145c,paris,48.877487,2.32243,0,0,430500,YGA:VehicleType:13e7005d145c,Renault,Master,2020,combustion_diesel,YGA:PricingPlan:13e7005d145c,9.0,69.0,https://fr.getaround.com/location-voiture/paris/renault-master-1565463
2026-09-18T00:04:17,paris,1567597,YGA:Vehicle:2e71891c99cd,paris,48.840374,2.340826,0,0,240000,YGA:VehicleType:2e71891c99cd,Renault,Kangoo Express,2015,combustion,YGA:PricingPlan:2e71891c99cd,7.0,53.0,https://fr.getaround.com/location-voiture/paris/renault-kangoo-express-1567597
2026-09-18T00:04:17,paris,1570587,YGA:Vehicle:afb90a7196e0,maisons-alfort,48.804043,2.426236,0,0,250000,YGA:VehicleType:afb90a7196e0,Renault,Twingo E-Tech,2022,electric,YGA:PricingPlan:afb90a7196e0,5.0,41.0,https://fr.getaround.com/location-voiture/maisons-alfort/renault-twingo-e-tech-1570587
2026-09-18T00:04:17,paris,1570630,YGA:Vehicle:5487de59c7e0,paris,48.832951,2.291778,0,0,427500,YGA:VehicleType:5487de59c7e0,Skoda,Fabia,2016,combustion,YGA:PricingPlan:5487de59c7e0,5.0,35.0,https://fr.getaround.com/location-voiture/paris/skoda-fabia-1570630
2026-09-18T00:04:17,paris,1570825,YGA:Vehicle:85f30deec74f,boulogne-billancourt,48.835758,2.23052,0,0,496000,YGA:VehicleType:85f30deec74f,Renault,Trafic,2020,combustion_diesel,YGA:PricingPlan:85f30deec74f,8.0,62.0,https://fr.getaround.com/location-voiture/boulogne-billancourt/renault-trafic-1570825
2026-09-18T00:04:17,paris,1572030,YGA:Vehicle:fbf953652ba2,paris,48.832996,2.3571,0,0,104500,YGA:VehicleType:fbf953652ba2,Peugeot,5008,2024,combustion,YGA:PricingPlan:fbf953652ba2,10.0,75.0,https://fr.getaround.com/location-voiture/paris/peugeot-5008-1572030
2026-09-18T00:04:17,paris,1574332,YGA:Vehicle:15179ef778ff,saint-denis,48.921192,2.362818,0,0,680000,YGA:VehicleType:15179ef778ff,Renault,Trafic,2020,combustion_diesel,YGA:PricingPlan:15179ef778ff,7.0,55.0,https://fr.getaround.com/location-voiture/saint-denis/renault-trafic-1574332
2026-09-18T00:04:17,paris,1575661,YGA:Vehicle:c0e73534975c,paris,48.856949,2.375985,0,0,161000,YGA:VehicleType:c0e73534975c,Citroen,Jumpy,2019,combustion_diesel,YGA:PricingPlan:c0e73534975c,8.0,57.0,https://fr.getaround.com/location-voiture/paris/citroen-jumpy-1575661
2026-09-18T00:04:17,paris,1575664,YGA:Vehicle:2fadbc40e5de,paris,48.872349,2.373634,0,0,366000,YGA:VehicleType:2fadbc40e5de,Renault,Kangoo Express,2019,combustion_diesel,YGA:PricingPlan:2fadbc40e5de,6.0,49.0,https://fr.getaround.com/location-voiture/paris/renault-kangoo-express-1575664
2026-09-18T00:04:17,paris,1575668,YGA:Vehicle:1e41496a803a,paris,48.875408,2.363313,0,0,800000,YGA:VehicleType:1e41496a803a,Renault,Trafic Double Cabine ,2017,combustion_diesel,YGA:PricingPlan:1e41496a803a,9.0,68.0,https://fr.getaround.com/location-voiture/paris/renault-trafic-double-cabine-1575668
2026-09-18T00:04:17,paris,1576540,YGA:Vehicle:084b4562bc51,paris,48.85828,2.299613,0,0,237600,YGA:VehicleType:084b4562bc51,Peugeot,208,2024,combustion,YGA:PricingPlan:084b4562bc51,7.0,55.0,https://fr.getaround.com/location-voiture/paris/peugeot-208-1576540
2026-09-18T00:04:17,paris,1576664,YGA:Vehicle:d08021308c08,maisons-alfort,48.815636,2.42308,0,0,105000,YGA:VehicleType:d08021308c08,Citroen,C3 Picasso,2014,combustion,YGA:PricingPlan:d08021308c08,7.0,51.0,https://fr.getaround.com/location-voiture/maisons-alfort/citroen-c3-picasso-1576664
2026-09-18T00:04:17,paris,1579127,YGA:Vehicle:58c24bb8ad02,la-courneuve,48.932453,2.391602,0,0,189000,YGA:VehicleType:58c24bb8ad02,Opel,Corsa,2015,combustion,YGA:PricingPlan:58c24bb8ad02,5.0,41.0,https://fr.getaround.com/location-voiture/la-courneuve/opel-corsa-1579127
2026-09-18T00:04:17,paris,1581156,YGA:Vehicle:8082619669ce,paris,48.837776,2.280085,0,0,264000,YGA:VehicleType:8082619669ce,Renault,Trafic,2019,combustion_diesel,YGA:PricingPlan:8082619669ce,8.0,66.0,https://fr.getaround.com/location-voiture/paris/renault-trafic-1581156
2026-09-18T00:04:17,paris,1582568,YGA:Vehicle:d328b0a5cf0f,paris,48.875675,2.303899,0,0,312400,YGA:VehicleType:d328b0a5cf0f,Peugeot,208,2020,combustion,YGA:PricingPlan:d328b0a5cf0f,6.0,47.0,https://fr.getaround.com/location-voiture/paris/peugeot-208-1582568
2026-09-18T00:04:17,paris,1582572,YGA:Vehicle:4ae46f8ea9d6,montreuil,48.855801,2.430462,0,0,413000,YGA:VehicleType:4ae46f8ea9d6,Citroen,Jumpy,2020,combustion_diesel,YGA:PricingPlan:4ae46f8ea9d6,8.0,57.0,https://fr.getaround.com/location-voiture/montreuil/citroen-jumpy-1582572
2026-09-18T00:04:17,paris,1582577,YGA:Vehicle:ad9ace14c4e0,paris,48.882477,2.375214,0,0,480000,YGA:VehicleType:ad9ace14c4e0,Renault,Kangoo Express,2018,combustion_diesel,YGA:PricingPlan:ad9ace14c4e0,6.0,49.0,https://fr.getaround.com/location-voiture/paris/renault-kangoo-express-1582577
2026-09-18T00:04:17,paris,1583026,YGA:Vehicle:ae54d4700af9,neuilly-sur-seine,48.893902,2.269842,0,0,505000,YGA:VehicleType:ae54d4700af9,Renault,Kangoo Express,2021,combustion_diesel,YGA:PricingPlan:ae54d4700af9,8.0,64.0,https://fr.getaround.com/location-voiture/neuilly-sur-seine/renault-kangoo-express-1583026
2026-09-18T00:04:17,paris,1583286,YGA:Vehicle:243628d9228b,le-pre-saint-gervais,48.881519,2.406467,0,0,704000,YGA:VehicleType:243628d9228b,Citroen,Jumpy,2017,combustion_diesel,YGA:PricingPlan:243628d9228b,7.0,53.0,https://fr.getaround.com/location-voiture/le-pre-saint-gervais/citroen-jumpy-1583286
2026-09-18T00:04:17,paris,1583893,YGA:Vehicle:54ad22149a33,le-kremlin-bicetre,48.810352,2.362914,0,0,444400,YGA:VehicleType:54ad22149a33,Peugeot,208,2020,combustion,YGA:PricingPlan:54ad22149a33,5.0,40.0,https://fr.getaround.com/location-voiture/le-kremlin-bicetre/peugeot-208-1583893
2026-09-18T00:04:17,paris,1583911,YGA:Vehicle:818524df0590,paris,48.831039,2.35827,0,0,400400,YGA:VehicleType:818524df0590,Peugeot,208,2020,combustion,YGA:PricingPlan:818524df0590,5.0,40.0,https://fr.getaround.com/location-voiture/paris/peugeot-208-1583911
2026-09-18T00:04:17,paris,1583912,YGA:Vehicle:4e20c67c8e81,paris,48.861061,2.308672,0,0,176000,YGA:VehicleType:4e20c67c8e81,Renault,Trafic,2016,combustion_diesel,YGA:PricingPlan:4e20c67c8e81,6.0,47.0,https://fr.getaround.com/location-voiture/paris/renault-trafic-1583912
2026-09-18T00:04:17,paris,1583923,YGA:Vehicle:b9e202ec1c3d,boulogne-billancourt,48.835758,2.23052,0,0,424000,YGA:VehicleType:b9e202ec1c3d,Renault,Trafic,2017,combustion_diesel,YGA:PricingPlan:b9e202ec1c3d,7.0,54.0,https://fr.getaround.com/location-voiture/boulogne-billancourt/renault-trafic-1583923
2026-09-18T00:04:17,paris,1583938,YGA:Vehicle:4262178b7664,paris,48.892319,2.314661,0,0,316800,YGA:VehicleType:4262178b7664,Peugeot,208,2020,combustion,YGA:PricingPlan:4262178b7664,5.0,40.0,https://fr.getaround.com/location-voiture/paris/peugeot-208-1583938
2026-09-18T00:04:17,paris,1583961,YGA:Vehicle:96320b4cbaa8,la-courneuve,48.925682,2.382795,0,0,300000,YGA:VehicleType:96320b4cbaa8,Peugeot,208,2019,combustion,YGA:PricingPlan:96320b4cbaa8,5.0,38.0,https://fr.getaround.com/location-voiture/la-courneuve/peugeot-208-1583961
2026-09-18T00:04:17,paris,1584217,YGA:Vehicle:44d59a815806,neuilly-sur-seine,48.883709,2.2812,0,0,339200,YGA:VehicleType:44d59a815806,Renault,Grand Scenic,2018,combustion,YGA:PricingPlan:44d59a815806,10.0,70.0,https://fr.getaround.com/location-voiture/neuilly-sur-seine/renault-grand-scenic-1584217
2026-09-18T00:04:17,paris,1589274,YGA:Vehicle:5143343de112,charenton-le-pont,48.825314,2.394806,0,0,576000,YGA:VehicleType:5143343de112,Renault,Grand Scenic,2014,combustion_diesel,YGA:PricingPlan:5143343de112,5.0,39.0,https://fr.getaround.com/location-voiture/charenton-le-pont/renault-grand-scenic-1589274
2026-09-18T00:04:17,paris,1589882,YGA:Vehicle:2f23bd1fdf41,levallois-perret,48.89529,2.298565,0,0,444400,YGA:VehicleType:2f23bd1fdf41,Peugeot,2008,2023,combustion,YGA:PricingPlan:2f23bd1fdf41,8.0,58.0,https://fr.getaround.com/location-voiture/levallois-perret/peugeot-2008-1589882
2026-09-18T00:04:17,paris,1590029,YGA:Vehicle:4b15aa989ed6,paris,48.873249,2.302673,0,0,900000,YGA:VehicleType:4b15aa989ed6,Peugeot,Boxer,2017,combustion_diesel,YGA:PricingPlan:4b15aa989ed6,11.0,84.0,https://fr.getaround.com/location-voiture/paris/peugeot-boxer-1590029
2026-09-18T00:04:17,paris,1590612,YGA:Vehicle:b3705fc3f753,paris,48.837269,2.310968,0,0,498000,YGA:VehicleType:b3705fc3f753,Renault,Kangoo Express,2019,combustion_diesel,YGA:PricingPlan:b3705fc3f753,7.0,53.0,https://fr.getaround.com/location-voiture/paris/renault-kangoo-express-1590612
2026-09-18T00:04:17,paris,1592054,YGA:Vehicle:45c76616d102,vitry-sur-seine,48.781452,2.383727,0,0,414000,YGA:VehicleType:45c76616d102,Peugeot,Boxer,2017,combustion_diesel,YGA:PricingPlan:45c76616d102,7.0,58.0,https://fr.getaround.com/location-voiture/vitry-sur-seine/peugeot-boxer-1592054
2026-09-18T00:04:17,paris,1592390,YGA:Vehicle:a06f8f183f35,paris,48.836582,2.371437,0,0,269500,YGA:VehicleType:a06f8f183f35,Citroen,C1,2014,combustion,YGA:PricingPlan:a06f8f183f35,4.0,29.0,https://fr.getaround.com/location-voiture/paris/citroen-c1-1592390
2026-09-18T00:04:17,paris,1594744,YGA:Vehicle:8bec45cb91d2,chevilly-larue,48.766632,2.367749,0,0,420000,YGA:VehicleType:8bec45cb91d2,Toyota,Yaris,2015,hybrid,YGA:PricingPlan:8bec45cb91d2,5.0,41.0,https://fr.getaround.com/location-voiture/chevilly-larue/toyota-yaris-1594744
2026-09-18T00:04:17,paris,1595667,YGA:Vehicle:8bff1a348517,ivry-sur-seine,48.810154,2.37303,0,0,202400,YGA:VehicleType:8bff1a348517,Peugeot,208,2024,combustion,YGA:PricingPlan:8bff1a348517,7.0,56.0,https://fr.getaround.com/location-voiture/ivry-sur-seine/peugeot-208-1595667
2026-09-18T00:04:17,paris,1596749,YGA:Vehicle:fe78db69256b,paris,48.874424,2.360746,0,0,496000,YGA:VehicleType:fe78db69256b,Peugeot,Expert,2016,combustion_diesel,YGA:PricingPlan:fe78db69256b,8.0,58.0,https://fr.getaround.com/location-voiture/paris/peugeot-expert-1596749
2026-09-18T00:04:17,paris,1598469,YGA:Vehicle:4eef9aec1352,suresnes,48.869545,2.228682,0,0,323000,YGA:VehicleType:4eef9aec1352,Peugeot,208 GT Line,2020,combustion,YGA:PricingPlan:4eef9aec1352,9.0,69.0,https://fr.getaround.com/location-voiture/suresnes/peugeot-208-gt-line-1598469
2026-09-18T00:04:17,paris,1600717,YGA:Vehicle:c77c41e7c500,paris,48.855156,2.340991,0,0,352000,YGA:VehicleType:c77c41e7c500,Peugeot,2008,2022,combustion,YGA:PricingPlan:c77c41e7c500,6.0,47.0,https://fr.getaround.com/location-voiture/paris/peugeot-2008-1600717
2026-09-18T00:04:17,paris,1600728,YGA:Vehicle:08e9db6bb155,paris,48.901234,2.333986,0,0,488400,YGA:VehicleType:08e9db6bb155,Peugeot,2008,2022,combustion,YGA:PricingPlan:08e9db6bb155,6.0,47.0,https://fr.getaround.com/location-voiture/paris/peugeot-2008-1600728
2026-09-18T00:04:17,paris,1601314,YGA:Vehicle:e971b7730b53,sevres,48.814095,2.213846,0,0,153000,YGA:VehicleType:e971b7730b53,Opel,Vivaro,2013,combustion_diesel,YGA:PricingPlan:e971b7730b53,6.0,45.0,https://fr.getaround.com/location-voiture/sevres/opel-vivaro-1601314
2026-09-18T00:04:17,paris,1602532,YGA:Vehicle:97f52043a582,paris,48.882816,2.311605,0,0,800000,YGA:VehicleType:97f52043a582,Renault,Trafic Passenger,2022,combustion_diesel,YGA:PricingPlan:97f52043a582,16.0,117.0,https://fr.getaround.com/location-voiture/paris/renault-trafic-passenger-1602532
2026-09-18T00:04:17,paris,1602643,YGA:Vehicle:32d01f01a286,paris,48.883179,2.351332,0,0,909000,YGA:VehicleType:32d01f01a286,Renault,Trafic Passenger,2019,combustion_diesel,YGA:PricingPlan:32d01f01a286,17.0,122.0,https://fr.getaround.com/location-voiture/paris/renault-trafic-passenger-1602643
2026-09-18T00:04:17,paris,1603298,YGA:Vehicle:71641a6c12f0,bois-colombes,48.9132,2.258264,0,0,846000,YGA:VehicleType:71641a6c12f0,Fiat,Ducato,2021,combustion_diesel,YGA:PricingPlan:71641a6c12f0,17.0,131.0,https://fr.getaround.com/location-voiture/bois-colombes/fiat-ducato-1603298
2026-09-18T00:04:17,paris,1603687,YGA:Vehicle:8899ca7bd89e,arcueil,48.801273,2.3388,0,0,738000,YGA:VehicleType:8899ca7bd89e,Nissan,Primastar Fourgon,2015,combustion_diesel,YGA:PricingPlan:8899ca7bd89e,6.0,50.0,https://fr.getaround.com/location-voiture/arcueil/nissan-primastar-fourgon-1603687
2026-09-18T00:04:17,paris,1608113,YGA:Vehicle:b88b4bf13e1b,puteaux,48.882641,2.234779,0,0,760000,YGA:VehicleType:b88b4bf13e1b,Renault,Trafic,2016,combustion_diesel,YGA:PricingPlan:b88b4bf13e1b,7.0,54.0,https://fr.getaround.com/location-voiture/puteaux/renault-trafic-1608113
2026-09-18T00:04:17,paris,1608398,YGA:Vehicle:a02faaa50e20,paris,48.844097,2.372992,0,0,416000,YGA:VehicleType:a02faaa50e20,Renault,Trafic Passenger,2022,combustion_diesel,YGA:PricingPlan:a02faaa50e20,10.0,70.0,https://fr.getaround.com/location-voiture/paris/renault-trafic-passenger-1608398
2026-09-18T00:04:17,paris,1608623,YGA:Vehicle:5cbffe987ed8,paris,48.894276,2.333836,0,0,277200,YGA:VehicleType:5cbffe987ed8,Toyota,Yaris Hybride,2024,combustion,YGA:PricingPlan:5cbffe987ed8,7.0,59.0,https://fr.getaround.com/location-voiture/paris/toyota-yaris-hybride-1608623
2026-09-18T00:04:17,paris,1608625,YGA:Vehicle:1d80040a8518,paris,48.89275,2.326863,0,0,316800,YGA:VehicleType:1d80040a8518,Toyota,Yaris Hybride,2024,combustion,YGA:PricingPlan:1d80040a8518,7.0,59.0,https://fr.getaround.com/location-voiture/paris/toyota-yaris-hybride-1608625
2026-09-18T00:04:17,paris,1608641,YGA:Vehicle:308affb59b94,antony,48.768509,2.310887,0,0,702000,YGA:VehicleType:308affb59b94,Opel,Vivaro,2014,combustion_diesel,YGA:PricingPlan:308affb59b94,6.0,48.0,https://fr.getaround.com/location-voiture/antony/opel-vivaro-1608641
2026-09-18T00:04:17,paris,1608806,YGA:Vehicle:84f985b1deeb,saint-maurice,48.816273,2.460873,0,0,396000,YGA:VehicleType:84f985b1deeb,Peugeot,208,2020,combustion,YGA:PricingPlan:84f985b1deeb,6.0,48.0,https://fr.getaround.com/location-voiture/saint-maurice/peugeot-208-1608806
2026-09-18T00:04:17,paris,1611741,YGA:Vehicle:83f961de2bbc,courbevoie,48.898617,2.240315,0,0,432000,YGA:VehicleType:83f961de2bbc,Renault,Kangoo Express,2013,combustion_diesel,YGA:PricingPlan:83f961de2bbc,7.0,54.0,https://fr.getaround.com/location-voiture/courbevoie/renault-kangoo-express-1611741
2026-09-18T00:04:17,paris,1611906,YGA:Vehicle:472524b432ea,paris,48.892307,2.364897,0,0,407100,YGA:VehicleType:472524b432ea,Citroen,Jumpy,2018,combustion_diesel,YGA:PricingPlan:472524b432ea,7.0,57.0,https://fr.getaround.com/location-voiture/paris/citroen-jumpy-1611906
2026-09-18T00:04:17,paris,1611911,YGA:Vehicle:c6769892dc44,paris,48.897182,2.352518,0,0,288000,YGA:VehicleType:c6769892dc44,Nissan,NV300,2016,combustion_diesel,YGA:PricingPlan:c6769892dc44,6.0,47.0,https://fr.getaround.com/location-voiture/paris/nissan-nv300-1611911
2026-09-18T00:04:17,paris,1612436,YGA:Vehicle:1d244afa4fb8,sevres,48.814095,2.213846,0,0,369000,YGA:VehicleType:1d244afa4fb8,Renault,Trafic,2014,combustion_diesel,YGA:PricingPlan:1d244afa4fb8,6.0,46.0,https://fr.getaround.com/location-voiture/sevres/renault-trafic-1612436
2026-09-18T00:04:17,paris,1612814,YGA:Vehicle:fc7fb120acc9,ivry-sur-seine,48.81728,2.368539,0,0,346500,YGA:VehicleType:fc7fb120acc9,Renault,Mégane,2017,combustion,YGA:PricingPlan:fc7fb120acc9,7.0,50.0,https://fr.getaround.com/location-voiture/ivry-sur-seine/renault-megane-1612814
2026-09-18T00:04:17,paris,1612869,YGA:Vehicle:334ba3db6c2b,rosny-sous-bois,48.878956,2.482294,0,0,600000,YGA:VehicleType:334ba3db6c2b,Renault,Kangoo Fourgon,2014,combustion_diesel,YGA:PricingPlan:334ba3db6c2b,5.0,38.0,https://fr.getaround.com/location-voiture/rosny-sous-bois/renault-kangoo-fourgon-1612869
2026-09-18T00:04:17,paris,1613102,YGA:Vehicle:b09002d885fb,montreuil,48.860703,2.446581,0,0,227700,YGA:VehicleType:b09002d885fb,Citroen,Jumpy,2018,combustion_diesel,YGA:PricingPlan:b09002d885fb,8.0,64.0,https://fr.getaround.com/location-voiture/montreuil/citroen-jumpy-1613102
2026-09-18T00:04:17,paris,1613106,YGA:Vehicle:395703079fea,malakoff,48.825012,2.302208,0,0,720000,YGA:VehicleType:395703079fea,Renault,Trafic Passenger,2017,combustion_diesel,YGA:PricingPlan:395703079fea,12.0,81.0,https://fr.getaround.com/location-voiture/malakoff/renault-trafic-passenger-1613106
2026-09-18T00:04:17,paris,1614085,YGA:Vehicle:0caaa8595ff4,chatillon,48.810001,2.297041,0,0,225000,YGA:VehicleType:0caaa8595ff4,Citroen,Jumper,2015,combustion_diesel,YGA:PricingPlan:0caaa8595ff4,8.0,61.0,https://fr.getaround.com/location-voiture/chatillon/citroen-jumper-1614085
2026-09-18T00:04:17,paris,1614131,YGA:Vehicle:9ad71325a80f,paris,48.856781,2.399765,0,0,352000,YGA:VehicleType:9ad71325a80f,Renault,Trafic,2017,combustion_diesel,YGA:PricingPlan:9ad71325a80f,7.0,57.0,https://fr.getaround.com/location-voiture/paris/renault-trafic-1614131
2026-09-18T00:04:17,paris,1614133,YGA:Vehicle:3d6470304328,paris,48.833191,2.312307,0,0,680000,YGA:VehicleType:3d6470304328,Citroen,Jumpy,2017,combustion_diesel,YGA:PricingPlan:3d6470304328,7.0,57.0,https://fr.getaround.com/location-voiture/paris/citroen-jumpy-1614133
2026-09-18T00:04:17,paris,1614578,YGA:Vehicle:5d529ca43403,clichy,48.902691,2.304539,0,0,500000,YGA:VehicleType:5d529ca43403,Dacia,Duster,2019,combustion,YGA:PricingPlan:5d529ca43403,8.0,58.0,https://fr.getaround.com/location-voiture/clichy/dacia-duster-1614578
2026-09-18T00:04:17,paris,1614626,YGA:Vehicle:01ca225db612,saint-maur-des-fosses,48.79097,2.478582,0,0,63000,YGA:VehicleType:01ca225db612,Opel,Vivaro,2023,combustion_diesel,YGA:PricingPlan:01ca225db612,11.0,86.0,https://fr.getaround.com/location-voiture/saint-maur-des-fosses/opel-vivaro-1614626
2026-09-18T00:04:17,paris,1617630,YGA:Vehicle:5221b73b3853,gennevilliers,48.934052,2.306691,0,0,418500,YGA:VehicleType:5221b73b3853,Renault,Clio,2017,combustion_diesel,YGA:PricingPlan:5221b73b3853,5.0,42.0,https://fr.getaround.com/location-voiture/gennevilliers/renault-clio-1617630
2026-09-18T00:04:17,paris,1620077,YGA:Vehicle:fbe5b83747c4,paris,48.848759,2.401202,0,0,184000,YGA:VehicleType:fbe5b83747c4,Peugeot,Expert,2019,combustion_diesel,YGA:PricingPlan:fbe5b83747c4,8.0,57.0,https://fr.getaround.com/location-voiture/paris/peugeot-expert-1620077
2026-09-18T00:04:17,paris,1621900,YGA:Vehicle:83f5229a83bb,cachan,48.796696,2.324268,0,0,459000,YGA:VehicleType:83f5229a83bb,Peugeot,Boxer,2017,combustion_diesel,YGA:PricingPlan:83f5229a83bb,9.0,67.0,https://fr.getaround.com/location-voiture/cachan/peugeot-boxer-1621900
2026-09-18T00:04:17,paris,1624621,YGA:Vehicle:408ffad91fd2,levallois-perret,48.89529,2.298565,0,0,378400,YGA:VehicleType:408ffad91fd2,Peugeot,208,2020,combustion,YGA:PricingPlan:408ffad91fd2,6.0,47.0,https://fr.getaround.com/location-voiture/levallois-perret/peugeot-208-1624621
2026-09-18T00:04:17,paris,1624627,YGA:Vehicle:8babccd33419,neuilly-sur-seine,48.886673,2.276236,0,0,546000,YGA:VehicleType:8babccd33419,Renault,Kangoo Express,2016,combustion_diesel,YGA:PricingPlan:8babccd33419,6.0,47.0,https://fr.getaround.com/location-voiture/neuilly-sur-seine/renault-kangoo-express-1624627
2026-09-18T00:04:17,paris,1626106,YGA:Vehicle:20f18263501f,paris,48.882156,2.373386,0,0,229500,YGA:VehicleType:20f18263501f,Citroen,C3,2020,combustion,YGA:PricingPlan:20f18263501f,7.0,53.0,https://fr.getaround.com/location-voiture/paris/citroen-c3-1626106
2026-09-18T00:04:17,paris,1629711,YGA:Vehicle:f6a169181b18,clichy,48.900517,2.308593,0,0,855000,YGA:VehicleType:f6a169181b18,Renault,Trafic Passenger,2019,combustion_diesel,YGA:PricingPlan:f6a169181b18,14.0,101.0,https://fr.getaround.com/location-voiture/clichy/renault-trafic-passenger-1629711
2026-09-18T00:04:17,paris,1629918,YGA:Vehicle:da23491e4a6b,paris,48.881721,2.353585,0,0,402600,YGA:VehicleType:da23491e4a6b,Toyota,Proace Combi,2022,combustion_diesel,YGA:PricingPlan:da23491e4a6b,9.0,65.0,https://fr.getaround.com/location-voiture/paris/toyota-proace-combi-1629918
2026-09-18T00:04:17,paris,1629920,YGA:Vehicle:d2b50ea5f172,paris,48.872974,2.276916,0,0,273000,YGA:VehicleType:d2b50ea5f172,Renault,Master,2016,combustion_diesel,YGA:PricingPlan:d2b50ea5f172,7.0,55.0,https://fr.getaround.com/location-voiture/paris/renault-master-1629920
2026-09-18T00:04:17,paris,1629923,YGA:Vehicle:decc21332ab4,paris,48.821079,2.343322,0,0,158600,YGA:VehicleType:decc21332ab4,Toyota,Proace Combi,2022,combustion_diesel,YGA:PricingPlan:decc21332ab4,9.0,65.0,https://fr.getaround.com/location-voiture/paris/toyota-proace-combi-1629923
2026-09-18T00:04:17,paris,1629945,YGA:Vehicle:e1bcebfbf109,puteaux,48.886124,2.228461,0,0,439200,YGA:VehicleType:e1bcebfbf109,Toyota,Proace Combi,2022,combustion_diesel,YGA:PricingPlan:e1bcebfbf109,9.0,65.0,https://fr.getaround.com/location-voiture/puteaux/toyota-proace-combi-1629945
2026-09-18T00:04:17,paris,1630350,YGA:Vehicle:19baf0cdeaf6,bois-colombes,48.9132,2.258264,0,0,900000,YGA:VehicleType:19baf0cdeaf6,Fiat,Ducato,2021,combustion_diesel,YGA:PricingPlan:19baf0cdeaf6,17.0,129.0,https://fr.getaround.com/location-voiture/bois-colombes/fiat-ducato-1630350
2026-09-18T00:04:17,paris,1631162,YGA:Vehicle:fcd88167cf5c,creteil,48.791267,2.450287,0,0,846000,YGA:VehicleType:fcd88167cf5c,Fiat,Ducato,2017,combustion_diesel,YGA:PricingPlan:fcd88167cf5c,11.0,88.0,https://fr.getaround.com/location-voiture/creteil/fiat-ducato-1631162
2026-09-18T00:04:17,paris,1631651,YGA:Vehicle:bcead77c1d35,boulogne-billancourt,48.839653,2.232064,0,0,391600,YGA:VehicleType:bcead77c1d35,Opel,Corsa,2024,combustion,YGA:PricingPlan:bcead77c1d35,7.0,53.0,https://fr.getaround.com/location-voiture/boulogne-billancourt/opel-corsa-1631651
2026-09-18T00:04:17,paris,1633665,YGA:Vehicle:84d550b3c53f,paris,48.840885,2.321221,0,0,324300,YGA:VehicleType:84d550b3c53f,Toyota,Proace Verso,2020,combustion_diesel,YGA:PricingPlan:84d550b3c53f,22.0,151.0,https://fr.getaround.com/location-voiture/paris/toyota-proace-verso-1633665
2026-09-18T00:04:17,paris,1633963,YGA:Vehicle:e6b542b3cf2d,paris,48.836945,2.373345,0,0,348000,YGA:VehicleType:e6b542b3cf2d,Renault,Kangoo Express,2018,combustion,YGA:PricingPlan:e6b542b3cf2d,8.0,65.0,https://fr.getaround.com/location-voiture/paris/renault-kangoo-express-1633963
2026-09-18T00:04:17,paris,1634860,YGA:Vehicle:6209da5a8c5a,paris,48.866566,2.380738,0,0,240000,YGA:VehicleType:6209da5a8c5a,Renault,Kangoo Express,2016,combustion_diesel,YGA:PricingPlan:6209da5a8c5a,6.0,42.0,https://fr.getaround.com/location-voiture/paris/renault-kangoo-express-1634860
2026-09-18T00:04:17,paris,1636118,YGA:Vehicle:3f73c6a51a04,paris,48.855717,2.409253,0,0,296000,YGA:VehicleType:3f73c6a51a04,Citroen,Jumpy,2014,combustion_diesel,YGA:PricingPlan:3f73c6a51a04,6.0,47.0,https://fr.getaround.com/location-voiture/paris/citroen-jumpy-1636118
2026-09-18T00:04:17,paris,1637484,YGA:Vehicle:4611a410a7a5,saint-ouen-sur-seine,48.913975,2.325631,0,0,378000,YGA:VehicleType:4611a410a7a5,Renault,Clio,2014,combustion,YGA:PricingPlan:4611a410a7a5,6.0,43.0,https://fr.getaround.com/location-voiture/saint-ouen-sur-seine/renault-clio-1637484
2026-09-18T00:04:17,paris,1638461,YGA:Vehicle:a5126b502b62,paris,48.868488,2.381975,0,0,356400,YGA:VehicleType:a5126b502b62,Toyota,Yaris Cross Hybrid,2025,hybrid,YGA:PricingPlan:a5126b502b62,10.0,67.0,https://fr.getaround.com/location-voiture/paris/toyota-yaris-cross-hybrid-1638461
2026-09-18T00:04:17,paris,1639241,YGA:Vehicle:d9516e7502f6,paris,48.85154,2.29303,0,0,420000,YGA:VehicleType:d9516e7502f6,Renault,Kangoo Express,2020,combustion_diesel,YGA:PricingPlan:d9516e7502f6,6.0,49.0,https://fr.getaround.com/location-voiture/paris/renault-kangoo-express-1639241
2026-09-18T00:04:17,paris,1639244,YGA:Vehicle:a434bfd56f8a,paris,48.883198,2.376172,0,0,185500,YGA:VehicleType:a434bfd56f8a,Peugeot,3008,2018,combustion,YGA:PricingPlan:a434bfd56f8a,7.0,54.0,https://fr.getaround.com/location-voiture/paris/peugeot-3008-1639244
2026-09-18T00:04:17,paris,1641713,YGA:Vehicle:c506f97aa16c,paris,48.892872,2.38132,0,0,128000,YGA:VehicleType:c506f97aa16c,Renault,Trafic,2017,combustion_diesel,YGA:PricingPlan:c506f97aa16c,7.0,57.0,https://fr.getaround.com/location-voiture/paris/renault-trafic-1641713
2026-09-18T00:04:17,paris,1642723,YGA:Vehicle:5cd8851f7758,paris,48.897182,2.352518,0,0,472000,YGA:VehicleType:5cd8851f7758,Citroen,Jumpy,2015,combustion_diesel,YGA:PricingPlan:5cd8851f7758,6.0,49.0,https://fr.getaround.com/location-voiture/paris/citroen-jumpy-1642723
2026-09-18T00:04:17,paris,1643596,YGA:Vehicle:6f7c57bb853b,paris,48.838539,2.392807,0,0,450000,YGA:VehicleType:6f7c57bb853b,Renault,Clio Estate,2014,combustion_diesel,YGA:PricingPlan:6f7c57bb853b,4.0,31.0,https://fr.getaround.com/location-voiture/paris/renault-clio-estate-1643596
2026-09-18T00:04:17,paris,1644084,YGA:Vehicle:784d3932e1e7,paris,48.840355,2.356026,0,0,176700,YGA:VehicleType:784d3932e1e7,Citroen,C4 Grand Spacetourer,2020,combustion,YGA:PricingPlan:784d3932e1e7,7.0,55.0,https://fr.getaround.com/location-voiture/paris/citroen-c4-grand-spacetourer-1644084
2026-09-18T00:04:17,paris,1644100,YGA:Vehicle:6665b0fcafc2,paris,48.832237,2.312369,0,0,530000,YGA:VehicleType:6665b0fcafc2,Peugeot,308,2019,combustion,YGA:PricingPlan:6665b0fcafc2,6.0,43.0,https://fr.getaround.com/location-voiture/paris/peugeot-308-1644100
2026-09-18T00:04:17,paris,1644103,YGA:Vehicle:df74e508bb35,paris,48.851543,2.293099,0,0,245000,YGA:VehicleType:df74e508bb35,Citroen,Jumpy,2020,combustion_diesel,YGA:PricingPlan:df74e508bb35,7.0,52.0,https://fr.getaround.com/location-voiture/paris/citroen-jumpy-1644103
2026-09-18T00:04:17,paris,1644193,YGA:Vehicle:f78ac8b07efc,boulogne-billancourt,48.829166,2.238758,0,0,190800,YGA:VehicleType:f78ac8b07efc,Peugeot,308,2020,combustion,YGA:PricingPlan:f78ac8b07efc,6.0,47.0,https://fr.getaround.com/location-voiture/boulogne-billancourt/peugeot-308-1644193
2026-09-18T00:04:17,paris,1644534,YGA:Vehicle:3b04faa3b9f4,paris,48.837666,2.303338,0,0,105000,YGA:VehicleType:3b04faa3b9f4,Peugeot,208,2016,combustion,YGA:PricingPlan:3b04faa3b9f4,5.0,40.0,https://fr.getaround.com/location-voiture/paris/peugeot-208-1644534
2026-09-18T00:04:17,paris,1645610,YGA:Vehicle:3b126e9db5d7,levallois-perret,48.895302,2.298714,0,0,52800,YGA:VehicleType:3b126e9db5d7,Peugeot,208,2020,combustion,YGA:PricingPlan:3b126e9db5d7,6.0,44.0,https://fr.getaround.com/location-voiture/levallois-perret/peugeot-208-1645610
2026-09-18T00:04:17,paris,1646970,YGA:Vehicle:631250acc81e,paris,48.826294,2.353419,0,0,280000,YGA:VehicleType:631250acc81e,Citroen,Jumpy,2013,combustion_diesel,YGA:PricingPlan:631250acc81e,6.0,47.0,https://fr.getaround.com/location-voiture/paris/citroen-jumpy-1646970
2026-09-18T00:04:17,paris,1649570,YGA:Vehicle:0ac5cd78bf6e,paris,48.890446,2.337614,0,0,840000,YGA:VehicleType:0ac5cd78bf6e,Renault,Master,2018,combustion_diesel,YGA:PricingPlan:0ac5cd78bf6e,14.0,104.0,https://fr.getaround.com/location-voiture/paris/renault-master-1649570
2026-09-18T00:04:17,paris,1650419,YGA:Vehicle:cc2c8a9d059f,bagneux,48.795727,2.320393,0,0,388000,YGA:VehicleType:cc2c8a9d059f,Volkswagen,T-Cross,2024,combustion,YGA:PricingPlan:cc2c8a9d059f,8.0,63.0,https://fr.getaround.com/location-voiture/bagneux/volkswagen-t-cross-1650419
2026-09-18T00:04:17,paris,1650430,YGA:Vehicle:93eb324918eb,paris,48.824848,2.368816,0,0,108000,YGA:VehicleType:93eb324918eb,Volkswagen,T-Cross,2024,combustion,YGA:PricingPlan:93eb324918eb,8.0,62.0,https://fr.getaround.com/location-voiture/paris/volkswagen-t-cross-1650430
2026-09-18T00:04:17,paris,1650447,YGA:Vehicle:5a7b1e78851c,paris,48.890331,2.37952,0,0,308000,YGA:VehicleType:5a7b1e78851c,Volkswagen,T-Cross,2024,combustion,YGA:PricingPlan:5a7b1e78851c,8.0,62.0,https://fr.getaround.com/location-voiture/paris/volkswagen-t-cross-1650447
2026-09-18T00:04:17,paris,1650449,YGA:Vehicle:873bb6cd606f,clamart,48.801422,2.261772,0,0,308000,YGA:VehicleType:873bb6cd606f,Volkswagen,T-Cross,2024,combustion,YGA:PricingPlan:873bb6cd606f,7.0,57.0,https://fr.getaround.com/location-voiture/clamart/volkswagen-t-cross-1650449
2026-09-18T00:04:17,paris,1650467,YGA:Vehicle:eebba43c396c,asnieres-sur-seine,48.913673,2.300255,0,0,200000,YGA:VehicleType:eebba43c396c,Volkswagen,T-Cross,2024,combustion,YGA:PricingPlan:eebba43c396c,8.0,62.0,https://fr.getaround.com/location-voiture/asnieres-sur-seine/volkswagen-t-cross-1650467
2026-09-18T00:04:17,paris,1650472,YGA:Vehicle:faad329fc6eb,paris,48.851543,2.293099,0,0,400000,YGA:VehicleType:faad329fc6eb,Volkswagen,T-Cross,2024,combustion,YGA:PricingPlan:faad329fc6eb,8.0,62.0,https://fr.getaround.com/location-voiture/paris/volkswagen-t-cross-1650472
2026-09-18T00:04:17,paris,1650501,YGA:Vehicle:8e345bb22689,paris,48.862152,2.354257,0,0,208000,YGA:VehicleType:8e345bb22689,Volkswagen,T-Cross,2024,combustion,YGA:PricingPlan:8e345bb22689,8.0,62.0,https://fr.getaround.com/location-voiture/paris/volkswagen-t-cross-1650501
2026-09-18T00:04:17,paris,1650514,YGA:Vehicle:942a44c20d04,pantin,48.890205,2.408347,0,0,380000,YGA:VehicleType:942a44c20d04,Volkswagen,T-Cross,2024,combustion,YGA:PricingPlan:942a44c20d04,9.0,67.0,https://fr.getaround.com/location-voiture/pantin/volkswagen-t-cross-1650514
2026-09-18T00:04:17,paris,1651861,YGA:Vehicle:5ef90319bc93,paris,48.893379,2.380743,0,0,264000,YGA:VehicleType:5ef90319bc93,Fiat,Scudo,2013,combustion_diesel,YGA:PricingPlan:5ef90319bc93,6.0,46.0,https://fr.getaround.com/location-voiture/paris/fiat-scudo-1651861
2026-09-18T00:04:17,paris,1651964,YGA:Vehicle:686ee25029c2,asnieres-sur-seine,48.909019,2.270391,0,0,288000,YGA:VehicleType:686ee25029c2,Renault,Clio,2018,combustion_diesel,YGA:PricingPlan:686ee25029c2,4.0,31.0,https://fr.getaround.com/location-voiture/asnieres-sur-seine/renault-clio-1651964
2026-09-18T00:04:17,paris,1652662,YGA:Vehicle:7ddb3630a814,paris,48.893379,2.380743,0,0,585000,YGA:VehicleType:7ddb3630a814,Renault,Trafic,2014,combustion_diesel,YGA:PricingPlan:7ddb3630a814,6.0,47.0,https://fr.getaround.com/location-voiture/paris/renault-trafic-1652662
2026-09-18T00:04:17,paris,1653714,YGA:Vehicle:a10bf9003f75,paris,48.856781,2.399777,0,0,800000,YGA:VehicleType:a10bf9003f75,Citroen,Jumpy,2015,combustion_diesel,YGA:PricingPlan:a10bf9003f75,6.0,49.0,https://fr.getaround.com/location-voiture/paris/citroen-jumpy-1653714
2026-09-18T00:04:17,paris,1654361,YGA:Vehicle:7be7e6181b5a,paris,48.892307,2.364897,0,0,603000,YGA:VehicleType:7be7e6181b5a,Renault,Trafic,2014,combustion_diesel,YGA:PricingPlan:7be7e6181b5a,6.0,47.0,https://fr.getaround.com/location-voiture/paris/renault-trafic-1654361
2026-09-18T00:04:17,paris,1654485,YGA:Vehicle:2eef2442be8f,maisons-alfort,48.808464,2.460112,0,0,93600,YGA:VehicleType:2eef2442be8f,Renault,Clio E-tech,2021,combustion,YGA:PricingPlan:2eef2442be8f,9.0,64.0,https://fr.getaround.com/location-voiture/maisons-alfort/renault-clio-e-tech-1654485
2026-09-18T00:04:17,paris,1654628,YGA:Vehicle:f43906d48b76,paris,48.892551,2.351354,0,0,148000,YGA:VehicleType:f43906d48b76,Volkswagen,Polo,2025,combustion,YGA:PricingPlan:f43906d48b76,7.0,54.0,https://fr.getaround.com/location-voiture/paris/volkswagen-polo-1654628
2026-09-18T00:04:17,paris,1656292,YGA:Vehicle:fad6b372c3ff,colombes,48.928082,2.249162,0,0,240000,YGA:VehicleType:fad6b372c3ff,Renault,Kangoo Express,2015,combustion_diesel,YGA:PricingPlan:fad6b372c3ff,6.0,47.0,https://fr.getaround.com/location-voiture/colombes/renault-kangoo-express-1656292
2026-09-18T00:04:17,paris,1657019,YGA:Vehicle:755b0e1878f0,paris,48.897022,2.352439,0,0,624000,YGA:VehicleType:755b0e1878f0,Citroen,Jumpy,2015,combustion_diesel,YGA:PricingPlan:755b0e1878f0,6.0,49.0,https://fr.getaround.com/location-voiture/paris/citroen-jumpy-1657019
2026-09-18T00:04:17,paris,1657551,YGA:Vehicle:7579aff2a0c0,puteaux,48.881912,2.234077,0,0,474000,YGA:VehicleType:7579aff2a0c0,Citroen,Berlingo,2020,combustion,YGA:PricingPlan:7579aff2a0c0,8.0,65.0,https://fr.getaround.com/location-voiture/puteaux/citroen-berlingo-1657551
2026-09-18T00:04:17,paris,1658296,YGA:Vehicle:ccfdfd7f0856,paris,48.878426,2.332668,0,0,71400,YGA:VehicleType:ccfdfd7f0856,BMW,Série 1,2025,combustion,YGA:PricingPlan:ccfdfd7f0856,11.0,87.0,https://fr.getaround.com/location-voiture/paris/bmw-serie-1-1658296
2026-09-18T00:04:17,paris,1658302,YGA:Vehicle:5a74a2f15f7a,paris,48.875408,2.363313,0,0,420000,YGA:VehicleType:5a74a2f15f7a,BMW,Série 1,2025,combustion,YGA:PricingPlan:5a74a2f15f7a,11.0,83.0,https://fr.getaround.com/location-voiture/paris/bmw-serie-1-1658302
2026-09-18T00:04:17,paris,1658303,YGA:Vehicle:368c512d9b5e,vincennes,48.846462,2.439939,0,0,420000,YGA:VehicleType:368c512d9b5e,BMW,Série 1,2025,combustion,YGA:PricingPlan:368c512d9b5e,11.0,87.0,https://fr.getaround.com/location-voiture/vincennes/bmw-serie-1-1658303
2026-09-18T00:04:17,paris,1661041,YGA:Vehicle:f3d1e88dce3a,montreuil,48.855709,2.430052,0,0,366000,YGA:VehicleType:f3d1e88dce3a,Renault,Kangoo Express,2021,combustion_diesel,YGA:PricingPlan:f3d1e88dce3a,6.0,51.0,https://fr.getaround.com/location-voiture/montreuil/renault-kangoo-express-1661041
2026-09-18T00:04:17,paris,1661890,YGA:Vehicle:88e6512096ca,paris,48.875519,2.372455,0,0,336000,YGA:VehicleType:88e6512096ca,Citroen,Jumpy,2016,combustion_diesel,YGA:PricingPlan:88e6512096ca,7.0,51.0,https://fr.getaround.com/location-voiture/paris/citroen-jumpy-1661890
2026-09-18T00:04:17,paris,1663376,YGA:Vehicle:73608736b7b1,paris,48.84177,2.298104,0,0,588000,YGA:VehicleType:73608736b7b1,Citroen,Berlingo,2015,combustion_diesel,YGA:PricingPlan:73608736b7b1,6.0,44.0,https://fr.getaround.com/location-voiture/paris/citroen-berlingo-1663376
2026-09-18T00:04:17,paris,1664004,YGA:Vehicle:22aec82e2d52,asnieres-sur-seine,48.917229,2.29462,0,0,136000,YGA:VehicleType:22aec82e2d52,Renault,Trafic,2020,combustion_diesel,YGA:PricingPlan:22aec82e2d52,10.0,80.0,https://fr.getaround.com/location-voiture/asnieres-sur-seine/renault-trafic-1664004
2026-09-18T00:04:17,paris,1664008,YGA:Vehicle:75f468a41035,asnieres-sur-seine,48.906433,2.281558,0,0,331200,YGA:VehicleType:75f468a41035,Peugeot,Expert,2021,combustion_diesel,YGA:PricingPlan:75f468a41035,11.0,80.0,https://fr.getaround.com/location-voiture/asnieres-sur-seine/peugeot-expert-1664008
2026-09-18T00:04:17,paris,1665158,YGA:Vehicle:7b9a04f2e053,paris,48.828613,2.336659,0,0,215600,YGA:VehicleType:7b9a04f2e053,Peugeot,208,2020,combustion,YGA:PricingPlan:7b9a04f2e053,6.0,45.0,https://fr.getaround.com/location-voiture/paris/peugeot-208-1665158
2026-09-18T00:04:17,paris,1665175,YGA:Vehicle:850741ce3db8,paris,48.855156,2.340991,0,0,136400,YGA:VehicleType:850741ce3db8,Peugeot,208,2020,combustion,YGA:PricingPlan:850741ce3db8,5.0,39.0,https://fr.getaround.com/location-voiture/paris/peugeot-208-1665175
2026-09-18T00:04:17,paris,1665184,YGA:Vehicle:1506134fe0d1,paris,48.876186,2.323844,0,0,222000,YGA:VehicleType:1506134fe0d1,Renault,Kangoo Express,2015,combustion_diesel,YGA:PricingPlan:1506134fe0d1,5.0,35.0,https://fr.getaround.com/location-voiture/paris/renault-kangoo-express-1665184
2026-09-18T00:04:17,paris,1665189,YGA:Vehicle:187e637fec26,paris,48.885578,2.371237,0,0,65000,YGA:VehicleType:187e637fec26,Peugeot,208,2019,combustion,YGA:PricingPlan:187e637fec26,5.0,39.0,https://fr.getaround.com/location-voiture/paris/peugeot-208-1665189
2026-09-18T00:04:17,paris,1665207,YGA:Vehicle:6a2c02f0ead8,paris,48.856796,2.3978,0,0,302100,YGA:VehicleType:6a2c02f0ead8,Peugeot,308,2019,combustion,YGA:PricingPlan:6a2c02f0ead8,6.0,43.0,https://fr.getaround.com/location-voiture/paris/peugeot-308-1665207
2026-09-18T00:04:17,paris,1665226,YGA:Vehicle:312f561021b2,levallois-perret,48.89529,2.298565,0,0,504000,YGA:VehicleType:312f561021b2,Citroen,Jumpy,2019,combustion_diesel,YGA:PricingPlan:312f561021b2,7.0,59.0,https://fr.getaround.com/location-voiture/levallois-perret/citroen-jumpy-1665226
2026-09-18T00:04:17,paris,1665240,YGA:Vehicle:f2090aa19740,boulogne-billancourt,48.844017,2.231357,0,0,110000,YGA:VehicleType:f2090aa19740,Peugeot,208,2020,combustion,YGA:PricingPlan:f2090aa19740,5.0,39.0,https://fr.getaround.com/location-voiture/boulogne-billancourt/peugeot-208-1665240
2026-09-18T00:04:17,paris,1668046,YGA:Vehicle:a45fd26c82c9,paris,48.885941,2.294977,0,0,248000,YGA:VehicleType:a45fd26c82c9,Renault,Trafic,2017,combustion_diesel,YGA:PricingPlan:a45fd26c82c9,11.0,81.0,https://fr.getaround.com/location-voiture/paris/renault-trafic-1668046
2026-09-18T00:04:17,paris,1668619,YGA:Vehicle:d859fc157a4e,paris,48.873219,2.373415,0,0,80000,YGA:VehicleType:d859fc157a4e,Peugeot,2008,2021,combustion,YGA:PricingPlan:d859fc157a4e,7.0,55.0,https://fr.getaround.com/location-voiture/paris/peugeot-2008-1668619
2026-09-18T00:04:17,paris,1669541,YGA:Vehicle:a6df31412fcd,paris,48.826054,2.361718,0,0,800000,YGA:VehicleType:a6df31412fcd,Renault,Trafic,2016,combustion_diesel,YGA:PricingPlan:a6df31412fcd,6.0,53.0,https://fr.getaround.com/location-voiture/paris/renault-trafic-1669541
2026-09-18T00:04:17,paris,1670094,YGA:Vehicle:61fdab066a8a,paris,48.878567,2.369406,0,0,630000,YGA:VehicleType:61fdab066a8a,Renault,Kangoo Express,2020,combustion_diesel,YGA:PricingPlan:61fdab066a8a,6.0,48.0,https://fr.getaround.com/location-voiture/paris/renault-kangoo-express-1670094
2026-09-18T00:04:17,paris,1670096,YGA:Vehicle:d6da63b05c29,paris,48.875408,2.363313,0,0,96000,YGA:VehicleType:d6da63b05c29,Renault,Kangoo Express,2019,combustion,YGA:PricingPlan:d6da63b05c29,6.0,48.0,https://fr.getaround.com/location-voiture/paris/renault-kangoo-express-1670096
2026-09-18T00:04:17,paris,1670820,YGA:Vehicle:bbe7d107509b,paris,48.832748,2.32592,0,0,391600,YGA:VehicleType:bbe7d107509b,Peugeot,208,2025,combustion,YGA:PricingPlan:bbe7d107509b,7.0,56.0,https://fr.getaround.com/location-voiture/paris/peugeot-208-1670820
2026-09-18T00:04:17,paris,1671118,YGA:Vehicle:c534dda15e19,paris,48.866596,2.380868,0,0,800000,YGA:VehicleType:c534dda15e19,Renault,Trafic,2018,combustion_diesel,YGA:PricingPlan:c534dda15e19,11.0,81.0,https://fr.getaround.com/location-voiture/paris/renault-trafic-1671118
2026-09-18T00:04:17,paris,1671367,YGA:Vehicle:2af67a1f4ec9,paris,48.876312,2.393524,0,0,143100,YGA:VehicleType:2af67a1f4ec9,Peugeot,308,2020,combustion,YGA:PricingPlan:2af67a1f4ec9,6.0,44.0,https://fr.getaround.com/location-voiture/paris/peugeot-308-1671367
2026-09-18T00:04:17,paris,1671451,YGA:Vehicle:4c5e01709843,montrouge,48.811028,2.309015,0,0,431200,YGA:VehicleType:4c5e01709843,Peugeot,208,2020,combustion,YGA:PricingPlan:4c5e01709843,5.0,37.0,https://fr.getaround.com/location-voiture/montrouge/peugeot-208-1671451
2026-09-18T00:04:17,paris,1671475,YGA:Vehicle:38cf423b1bad,paris,48.842991,2.317086,0,0,498200,YGA:VehicleType:38cf423b1bad,Peugeot,3008,2020,combustion,YGA:PricingPlan:38cf423b1bad,10.0,70.0,https://fr.getaround.com/location-voiture/paris/peugeot-3008-1671475
2026-09-18T00:04:17,paris,1674377,YGA:Vehicle:55e7c6413e40,vincennes,48.844967,2.433479,0,0,344400,YGA:VehicleType:55e7c6413e40,BMW,Série 1,2025,combustion,YGA:PricingPlan:55e7c6413e40,10.0,79.0,https://fr.getaround.com/location-voiture/vincennes/bmw-serie-1-1674377
2026-09-18T00:04:17,paris,1675279,YGA:Vehicle:0a77b3cf080a,le-kremlin-bicetre,48.811138,2.364119,0,0,432000,YGA:VehicleType:0a77b3cf080a,Fiat,Talento Combi,2016,combustion_diesel,YGA:PricingPlan:0a77b3cf080a,12.0,79.0,https://fr.getaround.com/location-voiture/le-kremlin-bicetre/fiat-talento-combi-1675279
2026-09-18T00:04:17,paris,1676925,YGA:Vehicle:a2f5f5a06c56,paris,48.83213,2.30336,0,0,522500,YGA:VehicleType:a2f5f5a06c56,Peugeot,5008,2019,combustion,YGA:PricingPlan:a2f5f5a06c56,12.0,90.0,https://fr.getaround.com/location-voiture/paris/peugeot-5008-1676925
2026-09-18T00:04:17,paris,1680083,YGA:Vehicle:7775be0034f0,pantin,48.910656,2.411154,0,0,651000,YGA:VehicleType:7775be0034f0,Renault,Master,2015,combustion_diesel,YGA:PricingPlan:7775be0034f0,9.0,71.0,https://fr.getaround.com/location-voiture/pantin/renault-master-1680083
2026-09-18T00:04:17,paris,1681609,YGA:Vehicle:db2fd462e46e,paris,48.86219,2.354161,0,0,246000,YGA:VehicleType:db2fd462e46e,Renault,Kangoo Express,2020,combustion_diesel,YGA:PricingPlan:db2fd462e46e,7.0,52.0,https://fr.getaround.com/location-voiture/paris/renault-kangoo-express-1681609
2026-09-18T00:04:17,paris,1681641,YGA:Vehicle:08f0b3df175f,paris,48.901234,2.333986,0,0,496000,YGA:VehicleType:08f0b3df175f,Renault,Trafic,2018,combustion_diesel,YGA:PricingPlan:08f0b3df175f,7.0,54.0,https://fr.getaround.com/location-voiture/paris/renault-trafic-1681641
2026-09-18T00:04:17,paris,1681653,YGA:Vehicle:8d025a4ff2f8,courbevoie,48.891373,2.254075,0,0,413600,YGA:VehicleType:8d025a4ff2f8,Peugeot,208,2020,combustion,YGA:PricingPlan:8d025a4ff2f8,5.0,39.0,https://fr.getaround.com/location-voiture/courbevoie/peugeot-208-1681653
2026-09-18T00:04:17,paris,1681662,YGA:Vehicle:396d2638b70d,paris,48.890404,2.346125,0,0,413600,YGA:VehicleType:396d2638b70d,Peugeot,208,2020,combustion,YGA:PricingPlan:396d2638b70d,5.0,39.0,https://fr.getaround.com/location-voiture/paris/peugeot-208-1681662
2026-09-18T00:04:17,paris,1681663,YGA:Vehicle:1f44a48485ec,saint-denis,48.908768,2.360785,0,0,52800,YGA:VehicleType:1f44a48485ec,Peugeot,208,2020,combustion,YGA:PricingPlan:1f44a48485ec,8.0,53.0,https://fr.getaround.com/location-voiture/saint-denis/peugeot-208-1681663
2026-09-18T00:04:17,paris,1681683,YGA:Vehicle:6ccfd24a2ace,paris,48.865955,2.378036,0,0,386900,YGA:VehicleType:6ccfd24a2ace,Peugeot,308,2017,combustion,YGA:PricingPlan:6ccfd24a2ace,6.0,45.0,https://fr.getaround.com/location-voiture/paris/peugeot-308-1681683
2026-09-18T00:04:17,paris,1681715,YGA:Vehicle:4d4d7654382f,paris,48.83223,2.312439,0,0,371000,YGA:VehicleType:4d4d7654382f,Peugeot,308,2020,combustion,YGA:PricingPlan:4d4d7654382f,9.0,65.0,https://fr.getaround.com/location-voiture/paris/peugeot-308-1681715
2026-09-18T00:04:17,paris,1682091,YGA:Vehicle:ee897bcd3240,courbevoie,48.895103,2.239162,0,0,135000,YGA:VehicleType:ee897bcd3240,Citroen,C3,2019,combustion,YGA:PricingPlan:ee897bcd3240,5.0,38.0,https://fr.getaround.com/location-voiture/courbevoie/citroen-c3-1682091
2026-09-18T00:04:17,paris,1684094,YGA:Vehicle:a988555267a5,courbevoie,48.901157,2.266336,0,0,291500,YGA:VehicleType:a988555267a5,Peugeot,3008,2019,combustion,YGA:PricingPlan:a988555267a5,8.0,60.0,https://fr.getaround.com/location-voiture/courbevoie/peugeot-3008-1684094
2026-09-18T00:04:17,paris,1685103,YGA:Vehicle:73246f82babd,bois-colombes,48.9132,2.258264,0,0,540000,YGA:VehicleType:73246f82babd,Renault,Kangoo Express,2017,combustion,YGA:PricingPlan:73246f82babd,6.0,49.0,https://fr.getaround.com/location-voiture/bois-colombes/renault-kangoo-express-1685103
2026-09-18T00:04:17,paris,1685958,YGA:Vehicle:af89ff78e74a,alfortville,48.802238,2.416024,0,0,696000,YGA:VehicleType:af89ff78e74a,Peugeot,Expert Double Cabine,2019,combustion_diesel,YGA:PricingPlan:af89ff78e74a,7.0,53.0,https://fr.getaround.com/location-voiture/alfortville/peugeot-expert-double-cabine-1685958
2026-09-18T00:04:17,paris,1685959,YGA:Vehicle:495766a6e197,les-lilas,48.882137,2.412895,0,0,246000,YGA:VehicleType:495766a6e197,Renault,Kangoo Express,2019,combustion_diesel,YGA:PricingPlan:495766a6e197,7.0,51.0,https://fr.getaround.com/location-voiture/les-lilas/renault-kangoo-express-1685959
2026-09-18T00:04:17,paris,1685960,YGA:Vehicle:ed8a827328f3,montreuil,48.852901,2.41985,0,0,250000,YGA:VehicleType:ed8a827328f3,Renault,Kangoo Express ZE,2021,electric,YGA:PricingPlan:ed8a827328f3,6.0,48.0,https://fr.getaround.com/location-voiture/montreuil/renault-kangoo-express-ze-1685960
2026-09-18T00:04:17,paris,1686534,YGA:Vehicle:7d186cdf4587,issy-les-moulineaux,48.824524,2.2586,0,0,227900,YGA:VehicleType:7d186cdf4587,Peugeot,308,2021,combustion,YGA:PricingPlan:7d186cdf4587,6.0,46.0,https://fr.getaround.com/location-voiture/issy-les-moulineaux/peugeot-308-1686534
2026-09-18T00:04:17,paris,1686548,YGA:Vehicle:3960324d73aa,paris,48.877762,2.322935,0,0,286000,YGA:VehicleType:3960324d73aa,Peugeot,2008,2021,combustion,YGA:PricingPlan:3960324d73aa,6.0,44.0,https://fr.getaround.com/location-voiture/paris/peugeot-2008-1686548
2026-09-18T00:04:17,paris,1690643,YGA:Vehicle:9a4caa21815c,paris,48.876186,2.323844,0,0,175000,YGA:VehicleType:9a4caa21815c,Citroen,Jumpy,2017,combustion_diesel,YGA:PricingPlan:9a4caa21815c,7.0,54.0,https://fr.getaround.com/location-voiture/paris/citroen-jumpy-1690643
2026-09-18T00:04:17,paris,1691317,YGA:Vehicle:1476bc665c6a,boulogne-billancourt,48.837902,2.250906,0,0,96000,YGA:VehicleType:1476bc665c6a,Renault,Kangoo Fourgon,2019,combustion_diesel,YGA:PricingPlan:1476bc665c6a,7.0,57.0,https://fr.getaround.com/location-voiture/boulogne-billancourt/renault-kangoo-fourgon-1691317
2026-09-18T00:04:17,paris,1691377,YGA:Vehicle:73a741b83668,paris,48.891335,2.338907,0,0,92400,YGA:VehicleType:73a741b83668,Peugeot,208,2025,hybrid,YGA:PricingPlan:73a741b83668,7.0,56.0,https://fr.getaround.com/location-voiture/paris/peugeot-208-1691377
2026-09-18T00:04:17,paris,1691997,YGA:Vehicle:9e19568a962b,pantin,48.90979,2.412756,0,0,745500,YGA:VehicleType:9e19568a962b,Renault,Master,2015,combustion_diesel,YGA:PricingPlan:9e19568a962b,11.0,79.0,https://fr.getaround.com/location-voiture/pantin/renault-master-1691997
2026-09-18T00:04:17,paris,1694409,YGA:Vehicle:5c8b4e0670ab,suresnes,48.867718,2.214098,0,0,828000,YGA:VehicleType:5c8b4e0670ab,Peugeot,Boxer,2025,combustion_diesel,YGA:PricingPlan:5c8b4e0670ab,14.0,114.0,https://fr.getaround.com/location-voiture/suresnes/peugeot-boxer-1694409
2026-09-18T00:04:17,paris,1694504,YGA:Vehicle:55eb7401d9b0,ivry-sur-seine,48.813747,2.384733,0,0,409200,YGA:VehicleType:55eb7401d9b0,Peugeot,208,2020,combustion,YGA:PricingPlan:55eb7401d9b0,5.0,39.0,https://fr.getaround.com/location-voiture/ivry-sur-seine/peugeot-208-1694504
2026-09-18T00:04:17,paris,1694514,YGA:Vehicle:d4a3d5a46f98,clichy,48.903599,2.319265,0,0,428400,YGA:VehicleType:d4a3d5a46f98,Opel,Crossland,2024,combustion,YGA:PricingPlan:d4a3d5a46f98,8.0,58.0,https://fr.getaround.com/location-voiture/clichy/opel-crossland-1694514
2026-09-18T00:04:17,paris,1694516,YGA:Vehicle:9c9e2dd1d08d,paris,48.893154,2.352505,0,0,243600,YGA:VehicleType:9c9e2dd1d08d,Opel,Crossland,2024,combustion,YGA:PricingPlan:9c9e2dd1d08d,8.0,58.0,https://fr.getaround.com/location-voiture/paris/opel-crossland-1694516
2026-09-18T00:04:17,paris,1694572,YGA:Vehicle:27d28dab3462,saint-denis,48.92123,2.362998,0,0,472000,YGA:VehicleType:27d28dab3462,Renault,Trafic,2018,combustion_diesel,YGA:PricingPlan:27d28dab3462,6.0,49.0,https://fr.getaround.com/location-voiture/saint-denis/renault-trafic-1694572
2026-09-18T00:04:17,paris,1694978,YGA:Vehicle:997426e82040,paris,48.840439,2.291967,0,0,424000,YGA:VehicleType:997426e82040,Peugeot,3008,2018,combustion,YGA:PricingPlan:997426e82040,6.0,44.0,https://fr.getaround.com/location-voiture/paris/peugeot-3008-1694978
2026-09-18T00:04:17,paris,1695121,YGA:Vehicle:9128eb47d472,paris,48.84145,2.39202,0,0,198000,YGA:VehicleType:9128eb47d472,Peugeot,208,2020,combustion,YGA:PricingPlan:9128eb47d472,5.0,39.0,https://fr.getaround.com/location-voiture/paris/peugeot-208-1695121
2026-09-18T00:04:17,paris,1695122,YGA:Vehicle:bc7f7c34b766,paris,48.842957,2.317132,0,0,220500,YGA:VehicleType:bc7f7c34b766,Citroen,C3,2019,combustion,YGA:PricingPlan:bc7f7c34b766,5.0,38.0,https://fr.getaround.com/location-voiture/paris/citroen-c3-1695122
2026-09-18T00:04:17,paris,1696529,YGA:Vehicle:114932497114,paris,48.874222,2.277451,0,0,310500,YGA:VehicleType:114932497114,Peugeot,Expert,2020,combustion_diesel,YGA:PricingPlan:114932497114,8.0,59.0,https://fr.getaround.com/location-voiture/paris/peugeot-expert-1696529
2026-09-18T00:04:17,paris,1697519,YGA:Vehicle:85f7daae0674,rosny-sous-bois,48.885338,2.473209,0,0,616000,YGA:VehicleType:85f7daae0674,Renault,Trafic,2021,combustion_diesel,YGA:PricingPlan:85f7daae0674,11.0,86.0,https://fr.getaround.com/location-voiture/rosny-sous-bois/renault-trafic-1697519
2026-09-18T00:04:17,paris,1698159,YGA:Vehicle:b32a875e2dd1,paris,48.886017,2.388489,0,0,256200,YGA:VehicleType:b32a875e2dd1,Toyota,Proace Fourgon,2023,combustion_diesel,YGA:PricingPlan:b32a875e2dd1,10.0,86.0,https://fr.getaround.com/location-voiture/paris/toyota-proace-fourgon-1698159
2026-09-18T00:04:17,paris,1698166,YGA:Vehicle:534f30b39ad2,boulogne-billancourt,48.827862,2.236107,0,0,610000,YGA:VehicleType:534f30b39ad2,Toyota,Proace Combi,2021,combustion_diesel,YGA:PricingPlan:534f30b39ad2,9.0,65.0,https://fr.getaround.com/location-voiture/boulogne-billancourt/toyota-proace-combi-1698166
2026-09-18T00:04:17,paris,1698171,YGA:Vehicle:a8b10315b5cf,paris,48.839314,2.321743,0,0,286700,YGA:VehicleType:a8b10315b5cf,Toyota,Proace Combi,2021,combustion_diesel,YGA:PricingPlan:a8b10315b5cf,9.0,65.0,https://fr.getaround.com/location-voiture/paris/toyota-proace-combi-1698171
2026-09-18T00:04:17,paris,1698175,YGA:Vehicle:5169e418cff3,paris,48.841206,2.374315,0,0,494100,YGA:VehicleType:5169e418cff3,Toyota,Proace Combi,2021,combustion_diesel,YGA:PricingPlan:5169e418cff3,9.0,65.0,https://fr.getaround.com/location-voiture/paris/toyota-proace-combi-1698175
2026-09-18T00:04:17,paris,1698208,YGA:Vehicle:de2aaef2ff80,fontenay-aux-roses,48.789253,2.275593,0,0,648000,YGA:VehicleType:de2aaef2ff80,Renault,Trafic,2014,combustion_diesel,YGA:PricingPlan:de2aaef2ff80,7.0,53.0,https://fr.getaround.com/location-voiture/fontenay-aux-roses/renault-trafic-1698208
2026-09-18T00:04:17,paris,1698960,YGA:Vehicle:bcc0cdf07d4d,chatenay-malabry,48.780228,2.278761,0,0,800000,YGA:VehicleType:bcc0cdf07d4d,Renault,Trafic,2016,combustion_diesel,YGA:PricingPlan:bcc0cdf07d4d,6.0,48.0,https://fr.getaround.com/location-voiture/chatenay-malabry/renault-trafic-1698960
2026-09-18T00:04:17,paris,1700485,YGA:Vehicle:2f499a830163,paris,48.885979,2.388255,0,0,610000,YGA:VehicleType:2f499a830163,Toyota,Proace Combi,2021,combustion_diesel,YGA:PricingPlan:2f499a830163,9.0,65.0,https://fr.getaround.com/location-voiture/paris/toyota-proace-combi-1700485
2026-09-18T00:04:17,paris,1701222,YGA:Vehicle:208d3cb62f41,le-plessis-robinson,48.777161,2.262112,0,0,669300,YGA:VehicleType:208d3cb62f41,Peugeot,Expert,2017,combustion_diesel,YGA:PricingPlan:208d3cb62f41,7.0,58.0,https://fr.getaround.com/location-voiture/le-plessis-robinson/peugeot-expert-1701222
2026-09-18T00:04:17,paris,1703137,YGA:Vehicle:060a032c8b52,vitry-sur-seine,48.78294,2.409058,0,0,524700,YGA:VehicleType:060a032c8b52,Citroen,Berlingo,2016,combustion_diesel,YGA:PricingPlan:060a032c8b52,6.0,49.0,https://fr.getaround.com/location-voiture/vitry-sur-seine/citroen-berlingo-1703137
2026-09-18T00:04:17,paris,1703539,YGA:Vehicle:e8f272c43ead,paris,48.856781,2.399777,0,0,756000,YGA:VehicleType:e8f272c43ead,Renault,Trafic Passenger,2016,combustion_diesel,YGA:PricingPlan:e8f272c43ead,8.0,54.0,https://fr.getaround.com/location-voiture/paris/renault-trafic-passenger-1703539
2026-09-18T00:04:17,paris,1706300,YGA:Vehicle:41741387048e,asnieres-sur-seine,48.918308,2.295353,0,0,112500,YGA:VehicleType:41741387048e,Renault,Clio,2019,combustion,YGA:PricingPlan:41741387048e,15.0,99.0,https://fr.getaround.com/location-voiture/asnieres-sur-seine/renault-clio-1706300
2026-09-18T00:04:17,paris,1706992,YGA:Vehicle:c6c9bfa32684,pantin,48.913933,2.408941,0,0,530000,YGA:VehicleType:c6c9bfa32684,Renault,Grand Scenic,2017,combustion_diesel,YGA:PricingPlan:c6c9bfa32684,17.0,114.0,https://fr.getaround.com/location-voiture/pantin/renault-grand-scenic-1706992
2026-09-18T00:04:17,paris,1708040,YGA:Vehicle:3be2f3761155,neuilly-sur-seine,48.880821,2.274356,0,0,321600,YGA:VehicleType:3be2f3761155,Renault,Captur,2019,combustion,YGA:PricingPlan:3be2f3761155,7.0,53.0,https://fr.getaround.com/location-voiture/neuilly-sur-seine/renault-captur-1708040
2026-09-18T00:04:17,paris,1711247,YGA:Vehicle:6a8e6ae0162f,paris,48.846878,2.303402,0,0,432000,YGA:VehicleType:6a8e6ae0162f,Renault,Trafic,2019,combustion_diesel,YGA:PricingPlan:6a8e6ae0162f,9.0,72.0,https://fr.getaround.com/location-voiture/paris/renault-trafic-1711247
2026-09-18T00:04:17,paris,1711522,YGA:Vehicle:df7a756bddac,paris,48.874397,2.377628,0,0,800000,YGA:VehicleType:df7a756bddac,Renault,Trafic,2018,combustion_diesel,YGA:PricingPlan:df7a756bddac,7.0,57.0,https://fr.getaround.com/location-voiture/paris/renault-trafic-1711522
2026-09-18T00:04:17,paris,1711781,YGA:Vehicle:58cf23368966,paris,48.895432,2.329709,0,0,155000,YGA:VehicleType:58cf23368966,Dacia,Duster,2014,combustion,YGA:PricingPlan:58cf23368966,6.0,48.0,https://fr.getaround.com/location-voiture/paris/dacia-duster-1711781
2026-09-18T00:04:17,paris,1712194,YGA:Vehicle:4c0656b425dd,paris,48.829426,2.355202,0,0,366000,YGA:VehicleType:4c0656b425dd,Renault,Kangoo Express,2022,combustion_diesel,YGA:PricingPlan:4c0656b425dd,6.0,51.0,https://fr.getaround.com/location-voiture/paris/renault-kangoo-express-1712194
2026-09-18T00:04:17,paris,1712218,YGA:Vehicle:b80b04064e65,paris,48.866596,2.380868,0,0,456000,YGA:VehicleType:b80b04064e65,Renault,Trafic,2018,combustion_diesel,YGA:PricingPlan:b80b04064e65,11.0,81.0,https://fr.getaround.com/location-voiture/paris/renault-trafic-1712218
2026-09-18T00:04:17,paris,1715401,YGA:Vehicle:c767bada6dd0,paris,48.8685,2.36091,0,0,185500,YGA:VehicleType:c767bada6dd0,Peugeot,3008,2020,combustion,YGA:PricingPlan:c767bada6dd0,7.0,51.0,https://fr.getaround.com/location-voiture/paris/peugeot-3008-1715401
2026-09-18T00:04:17,paris,1715431,YGA:Vehicle:969e4f19e502,clichy,48.904804,2.308099,0,0,432600,YGA:VehicleType:969e4f19e502,Ford,Fiesta,2021,combustion,YGA:PricingPlan:969e4f19e502,5.0,37.0,https://fr.getaround.com/location-voiture/clichy/ford-fiesta-1715431
2026-09-18T00:04:17,paris,1715468,YGA:Vehicle:ed533aa56dae,boulogne-billancourt,48.844238,2.231389,0,0,349800,YGA:VehicleType:ed533aa56dae,Peugeot,3008,2020,combustion_diesel,YGA:PricingPlan:ed533aa56dae,8.0,55.0,https://fr.getaround.com/location-voiture/boulogne-billancourt/peugeot-3008-1715468
2026-09-18T00:04:17,paris,1715473,YGA:Vehicle:dd05a6c4d8a7,paris,48.841206,2.374315,0,0,298900,YGA:VehicleType:dd05a6c4d8a7,Toyota,Proace Verso,2023,combustion_diesel,YGA:PricingPlan:dd05a6c4d8a7,24.0,167.0,https://fr.getaround.com/location-voiture/paris/toyota-proace-verso-1715473
2026-09-18T00:04:17,paris,1715618,YGA:Vehicle:afa8a8d18268,le-bourget,48.938038,2.429802,0,0,800000,YGA:VehicleType:afa8a8d18268,Renault,Trafic,2018,combustion_diesel,YGA:PricingPlan:afa8a8d18268,7.0,50.0,https://fr.getaround.com/location-voiture/le-bourget/renault-trafic-1715618
2026-09-18T00:04:17,paris,1715621,YGA:Vehicle:41a276aa177a,le-bourget,48.938038,2.429802,0,0,568000,YGA:VehicleType:41a276aa177a,Renault,Trafic,2017,combustion_diesel,YGA:PricingPlan:41a276aa177a,7.0,50.0,https://fr.getaround.com/location-voiture/le-bourget/renault-trafic-1715621
2026-09-18T00:04:17,paris,1717704,YGA:Vehicle:0de681ccbcb4,levallois-perret,48.899166,2.283743,0,0,450000,YGA:VehicleType:0de681ccbcb4,Renault,Kangoo Express,2019,combustion,YGA:PricingPlan:0de681ccbcb4,6.0,48.0,https://fr.getaround.com/location-voiture/levallois-perret/renault-kangoo-express-1717704
2026-09-18T00:04:17,paris,1718486,YGA:Vehicle:2e48a2567b37,bagneux,48.799332,2.300634,0,0,187500,YGA:VehicleType:2e48a2567b37,Renault,ZOE,2016,electric,YGA:PricingPlan:2e48a2567b37,5.0,36.0,https://fr.getaround.com/location-voiture/bagneux/renault-zoe-1718486
2026-09-18T00:04:17,paris,1718489,YGA:Vehicle:36c4146d6d59,suresnes,48.866158,2.215343,0,0,112500,YGA:VehicleType:36c4146d6d59,Citroen,C3,2017,combustion,YGA:PricingPlan:36c4146d6d59,11.0,80.0,https://fr.getaround.com/location-voiture/suresnes/citroen-c3-1718489
2026-09-18T00:04:17,paris,1720231,YGA:Vehicle:844d5d567614,paris,48.882484,2.348256,0,0,200000,YGA:VehicleType:844d5d567614,Renault,ZOE,2015,electric,YGA:PricingPlan:844d5d567614,6.0,48.0,https://fr.getaround.com/location-voiture/paris/renault-zoe-1720231
2026-09-18T00:04:17,paris,1720816,YGA:Vehicle:7e064d9ea172,vanves,48.823151,2.292769,0,0,808000,YGA:VehicleType:7e064d9ea172,Renault,Trafic,2019,combustion_diesel,YGA:PricingPlan:7e064d9ea172,7.0,55.0,https://fr.getaround.com/location-voiture/vanves/renault-trafic-1720816
2026-09-18T00:04:17,paris,1721189,YGA:Vehicle:13c4f7704c74,saint-mande,48.83564,2.419173,0,0,126000,YGA:VehicleType:13c4f7704c74,Renault,Master,2014,combustion_diesel,YGA:PricingPlan:13c4f7704c74,10.0,74.0,https://fr.getaround.com/location-voiture/saint-mande/renault-master-1721189
2026-09-18T00:04:17,paris,1722656,YGA:Vehicle:1b90b9405452,paris,48.882416,2.327769,0,0,126000,YGA:VehicleType:1b90b9405452,Citroen,C3,2021,combustion,YGA:PricingPlan:1b90b9405452,5.0,39.0,https://fr.getaround.com/location-voiture/paris/citroen-c3-1722656
2026-09-18T00:04:17,paris,1722678,YGA:Vehicle:fe3a78580fba,vanves,48.824272,2.298802,0,0,176000,YGA:VehicleType:fe3a78580fba,Peugeot,208,2020,combustion,YGA:PricingPlan:fe3a78580fba,5.0,39.0,https://fr.getaround.com/location-voiture/vanves/peugeot-208-1722678
2026-09-18T00:04:17,paris,1726685,YGA:Vehicle:b064b52eb24e,paris,48.845852,2.40267,0,0,420000,YGA:VehicleType:b064b52eb24e,BMW,Série 1,2019,combustion,YGA:PricingPlan:b064b52eb24e,6.0,50.0,https://fr.getaround.com/location-voiture/paris/bmw-serie-1-1726685
2026-09-18T00:04:17,paris,1728333,YGA:Vehicle:fdeeed6ffe39,paris,48.882347,2.348366,0,0,70000,YGA:VehicleType:fdeeed6ffe39,Renault,Kangoo Express ZE,2019,electric,YGA:PricingPlan:fdeeed6ffe39,8.0,65.0,https://fr.getaround.com/location-voiture/paris/renault-kangoo-express-ze-1728333
2026-09-18T00:04:17,paris,1728863,YGA:Vehicle:0fb4ba2f0077,paris,48.852646,2.268927,0,0,402000,YGA:VehicleType:0fb4ba2f0077,Citroen,C4,2015,combustion_diesel,YGA:PricingPlan:0fb4ba2f0077,6.0,47.0,https://fr.getaround.com/location-voiture/paris/citroen-c4-1728863
2026-09-18T00:04:17,paris,1735140,YGA:Vehicle:1180b6630c9b,le-kremlin-bicetre,48.811138,2.364119,0,0,487600,YGA:VehicleType:1180b6630c9b,Renault,Grand Scenic,2017,combustion_diesel,YGA:PricingPlan:1180b6630c9b,8.0,55.0,https://fr.getaround.com/location-voiture/le-kremlin-bicetre/renault-grand-scenic-1735140
2026-09-18T00:04:17,paris,1735548,YGA:Vehicle:aa0d5c17e5d2,paris,48.901234,2.333986,0,0,539000,YGA:VehicleType:aa0d5c17e5d2,Citroen,Jumpy,2017,combustion_diesel,YGA:PricingPlan:aa0d5c17e5d2,7.0,54.0,https://fr.getaround.com/location-voiture/paris/citroen-jumpy-1735548
2026-09-18T00:04:17,paris,1737949,YGA:Vehicle:ecb24f73ab7a,saint-maur-des-fosses,48.79097,2.478582,0,0,367500,YGA:VehicleType:ecb24f73ab7a,Renault,Master,2012,combustion_diesel,YGA:PricingPlan:ecb24f73ab7a,9.0,66.0,https://fr.getaround.com/location-voiture/saint-maur-des-fosses/renault-master-1737949
2026-09-18T00:04:17,paris,1740123,YGA:Vehicle:d4d8687c4c0e,levallois-perret,48.895794,2.28722,0,0,558000,YGA:VehicleType:d4d8687c4c0e,Renault,Kangoo Fourgon,2016,combustion,YGA:PricingPlan:d4d8687c4c0e,6.0,47.0,https://fr.getaround.com/location-voiture/levallois-perret/renault-kangoo-fourgon-1740123
2026-09-18T00:04:17,paris,1741160,YGA:Vehicle:0428b74a081a,paris,48.837868,2.280259,0,0,784000,YGA:VehicleType:0428b74a081a,Renault,Trafic,2019,combustion_diesel,YGA:PricingPlan:0428b74a081a,8.0,65.0,https://fr.getaround.com/location-voiture/paris/renault-trafic-1741160
2026-09-18T00:04:17,paris,1743048,YGA:Vehicle:3eba8340725c,saint-ouen-sur-seine,48.913937,2.33041,0,0,450000,YGA:VehicleType:3eba8340725c,Volkswagen,Polo,2014,combustion,YGA:PricingPlan:3eba8340725c,9.0,64.0,https://fr.getaround.com/location-voiture/saint-ouen-sur-seine/volkswagen-polo-1743048
2026-09-18T00:04:17,paris,1743746,YGA:Vehicle:94a12caa2753,paris,48.842705,2.353392,0,0,783000,YGA:VehicleType:94a12caa2753,Renault,Trafic Passenger,2019,combustion_diesel,YGA:PricingPlan:94a12caa2753,15.0,106.0,https://fr.getaround.com/location-voiture/paris/renault-trafic-passenger-1743746
2026-09-18T00:04:17,paris,1745056,YGA:Vehicle:f977d2799dde,paris,48.878426,2.332668,0,0,180000,YGA:VehicleType:f977d2799dde,Citroen,Berlingo,2021,combustion,YGA:PricingPlan:f977d2799dde,6.0,48.0,https://fr.getaround.com/location-voiture/paris/citroen-berlingo-1745056
2026-09-18T00:04:17,paris,1745064,YGA:Vehicle:763e0eaf41d5,alfortville,48.815544,2.41234,0,0,291500,YGA:VehicleType:763e0eaf41d5,Citroen,Berlingo,2017,combustion_diesel,YGA:PricingPlan:763e0eaf41d5,6.0,45.0,https://fr.getaround.com/location-voiture/alfortville/citroen-berlingo-1745064
2026-09-18T00:04:17,paris,1745068,YGA:Vehicle:4466fcb1e5b4,paris,48.849689,2.285664,0,0,243000,YGA:VehicleType:4466fcb1e5b4,Citroen,C3,2021,combustion,YGA:PricingPlan:4466fcb1e5b4,6.0,44.0,https://fr.getaround.com/location-voiture/paris/citroen-c3-1745068
2026-09-18T00:04:17,paris,1745070,YGA:Vehicle:6db4a1dcb784,paris,48.8932,2.338106,0,0,306600,YGA:VehicleType:6db4a1dcb784,Renault,Clio,2024,combustion,YGA:PricingPlan:6db4a1dcb784,7.0,53.0,https://fr.getaround.com/location-voiture/paris/renault-clio-1745070
2026-09-18T00:04:17,paris,1745072,YGA:Vehicle:13c8e26b85ea,paris,48.84882,2.298016,0,0,360000,YGA:VehicleType:13c8e26b85ea,Peugeot,208,2020,combustion,YGA:PricingPlan:13c8e26b85ea,6.0,44.0,https://fr.getaround.com/location-voiture/paris/peugeot-208-1745072
2026-09-18T00:04:17,paris,1745082,YGA:Vehicle:a7f22a28b58e,saint-maur-des-fosses,48.801037,2.484919,0,0,302400,YGA:VehicleType:a7f22a28b58e,Toyota,Yaris Hybride,2019,hybrid,YGA:PricingPlan:a7f22a28b58e,6.0,42.0,https://fr.getaround.com/location-voiture/saint-maur-des-fosses/toyota-yaris-hybride-1745082
2026-09-18T00:04:17,paris,1745263,YGA:Vehicle:a9590ea0f286,levallois-perret,48.897991,2.281109,0,0,237600,YGA:VehicleType:a9590ea0f286,Peugeot,208,2022,combustion,YGA:PricingPlan:a9590ea0f286,5.0,41.0,https://fr.getaround.com/location-voiture/levallois-perret/peugeot-208-1745263
2026-09-18T00:04:17,paris,1745266,YGA:Vehicle:ed7fc279590e,paris,48.852104,2.276769,0,0,44000,YGA:VehicleType:ed7fc279590e,Peugeot,5008,2018,combustion,YGA:PricingPlan:ed7fc279590e,7.0,48.0,https://fr.getaround.com/location-voiture/paris/peugeot-5008-1745266
2026-09-18T00:04:17,paris,1745274,YGA:Vehicle:3656218e559f,paris,48.842991,2.317086,0,0,530000,YGA:VehicleType:3656218e559f,Peugeot,308 GT,2019,combustion,YGA:PricingPlan:3656218e559f,7.0,48.0,https://fr.getaround.com/location-voiture/paris/peugeot-308-gt-1745274
2026-09-18T00:04:17,paris,1745300,YGA:Vehicle:3fdf4f487429,paris,48.876289,2.323718,0,0,531300,YGA:VehicleType:3fdf4f487429,Peugeot,Expert,2019,combustion_diesel,YGA:PricingPlan:3fdf4f487429,7.0,55.0,https://fr.getaround.com/location-voiture/paris/peugeot-expert-1745300
2026-09-18T00:04:17,paris,1745781,YGA:Vehicle:888c5e2df66c,paris,48.889977,2.317918,0,0,241500,YGA:VehicleType:888c5e2df66c,Fiat,500 Hybride,2021,hybrid,YGA:PricingPlan:888c5e2df66c,5.0,39.0,https://fr.getaround.com/location-voiture/paris/fiat-500-hybride-1745781
2026-09-18T00:04:17,paris,1748305,YGA:Vehicle:d7f6dbf40338,cachan,48.796627,2.32528,0,0,224000,YGA:VehicleType:d7f6dbf40338,Citroen,Jumpy Multispace,2015,combustion_diesel,YGA:PricingPlan:d7f6dbf40338,8.0,52.0,https://fr.getaround.com/location-voiture/cachan/citroen-jumpy-multispace-1748305
2026-09-18T00:04:17,paris,1748605,YGA:Vehicle:15f3b2f9a9c1,bois-colombes,48.9132,2.258264,0,0,356400,YGA:VehicleType:15f3b2f9a9c1,Toyota,Yaris Hybride,2022,combustion,YGA:PricingPlan:15f3b2f9a9c1,12.0,86.0,https://fr.getaround.com/location-voiture/bois-colombes/toyota-yaris-hybride-1748605
2026-09-18T00:04:17,paris,1748838,YGA:Vehicle:af373c707218,levallois-perret,48.895794,2.28722,0,0,258000,YGA:VehicleType:af373c707218,Renault,Kangoo Fourgon,2017,combustion_diesel,YGA:PricingPlan:af373c707218,6.0,51.0,https://fr.getaround.com/location-voiture/levallois-perret/renault-kangoo-fourgon-1748838
2026-09-18T00:04:17,paris,1749219,YGA:Vehicle:1189ded8d196,paris,48.847187,2.322221,0,0,96000,YGA:VehicleType:1189ded8d196,Opel,Combo Life,2021,combustion,YGA:PricingPlan:1189ded8d196,14.0,95.0,https://fr.getaround.com/location-voiture/paris/opel-combo-life-1749219
2026-09-18T00:04:17,paris,1750329,YGA:Vehicle:2db8af09cd42,paris,48.841141,2.374194,0,0,675000,YGA:VehicleType:2db8af09cd42,Renault,Trafic Passenger,2018,combustion_diesel,YGA:PricingPlan:2db8af09cd42,9.0,60.0,https://fr.getaround.com/location-voiture/paris/renault-trafic-passenger-1750329
2026-09-18T00:04:17,paris,1751452,YGA:Vehicle:5af183a2d187,le-kremlin-bicetre,48.811138,2.364119,0,0,729000,YGA:VehicleType:5af183a2d187,Renault,Trafic Passenger,2017,combustion_diesel,YGA:PricingPlan:5af183a2d187,10.0,70.0,https://fr.getaround.com/location-voiture/le-kremlin-bicetre/renault-trafic-passenger-1751452
2026-09-18T00:04:17,paris,1752834,YGA:Vehicle:55a4235aa8e8,paris,48.889576,2.319039,0,0,215000,YGA:VehicleType:55a4235aa8e8,Peugeot,308 SW,2022,combustion,YGA:PricingPlan:55a4235aa8e8,6.0,45.0,https://fr.getaround.com/location-voiture/paris/peugeot-308-sw-1752834
2026-09-18T00:04:17,paris,1752844,YGA:Vehicle:87d2428fe905,vincennes,48.844967,2.433479,0,0,492000,YGA:VehicleType:87d2428fe905,Renault,Kangoo Express,2018,combustion_diesel,YGA:PricingPlan:87d2428fe905,6.0,49.0,https://fr.getaround.com/location-voiture/vincennes/renault-kangoo-express-1752844
2026-09-18T00:04:17,paris,1752849,YGA:Vehicle:ebe8a215e6bd,paris,48.875675,2.303899,0,0,265000,YGA:VehicleType:ebe8a215e6bd,Renault,Kangoo Express,2021,combustion_diesel,YGA:PricingPlan:ebe8a215e6bd,6.0,48.0,https://fr.getaround.com/location-voiture/paris/renault-kangoo-express-1752849
2026-09-18T00:04:17,paris,1753163,YGA:Vehicle:7a3aa71cae0e,paris,48.833149,2.312258,0,0,397500,YGA:VehicleType:7a3aa71cae0e,Citroen,Berlingo,2016,combustion_diesel,YGA:PricingPlan:7a3aa71cae0e,6.0,45.0,https://fr.getaround.com/location-voiture/paris/citroen-berlingo-1753163
2026-09-18T00:04:17,paris,1754795,YGA:Vehicle:6e9e246b3a42,vincennes,48.847282,2.442326,0,0,273000,YGA:VehicleType:6e9e246b3a42,Renault,Master,2021,combustion_diesel,YGA:PricingPlan:6e9e246b3a42,14.0,104.0,https://fr.getaround.com/location-voiture/vincennes/renault-master-1754795
2026-09-18T00:04:17,paris,1755577,YGA:Vehicle:808386524d8f,paris,48.839561,2.380238,0,0,294800,YGA:VehicleType:808386524d8f,Peugeot,208,2022,combustion,YGA:PricingPlan:808386524d8f,5.0,43.0,https://fr.getaround.com/location-voiture/paris/peugeot-208-1755577
2026-09-18T00:04:17,paris,1755580,YGA:Vehicle:8043b23e6fca,boulogne-billancourt,48.84285,2.249188,0,0,445200,YGA:VehicleType:8043b23e6fca,Citroen,Berlingo,2018,combustion_diesel,YGA:PricingPlan:8043b23e6fca,7.0,53.0,https://fr.getaround.com/location-voiture/boulogne-billancourt/citroen-berlingo-1755580
2026-09-18T00:04:17,paris,1755658,YGA:Vehicle:ce9d9afc751d,paris,48.891869,2.316322,0,0,544500,YGA:VehicleType:ce9d9afc751d,Peugeot,5008,2019,combustion,YGA:PricingPlan:ce9d9afc751d,7.0,51.0,https://fr.getaround.com/location-voiture/paris/peugeot-5008-1755658
2026-09-18T00:04:17,paris,1755663,YGA:Vehicle:afecf003d66c,l-ile-saint-denis,48.932781,2.339022,0,0,207000,YGA:VehicleType:afecf003d66c,Citroen,C3,2020,combustion,YGA:PricingPlan:afecf003d66c,5.0,36.0,https://fr.getaround.com/location-voiture/l-ile-saint-denis/citroen-c3-1755663
2026-09-18T00:04:17,paris,1755849,YGA:Vehicle:615940fd716f,paris,48.889687,2.331638,0,0,156000,YGA:VehicleType:615940fd716f,Opel,Combo,2019,combustion_diesel,YGA:PricingPlan:615940fd716f,8.0,59.0,https://fr.getaround.com/location-voiture/paris/opel-combo-1755849
2026-09-18T00:04:17,paris,1756136,YGA:Vehicle:14e65b42ca29,paris,48.874229,2.378191,0,0,432000,YGA:VehicleType:14e65b42ca29,Renault,Kangoo Express,2016,combustion_diesel,YGA:PricingPlan:14e65b42ca29,6.0,46.0,https://fr.getaround.com/location-voiture/paris/renault-kangoo-express-1756136
2026-09-18T00:04:17,paris,1756585,YGA:Vehicle:293ff4913135,joinville-le-pont,48.81321,2.463971,0,0,900000,YGA:VehicleType:293ff4913135,Renault,Trafic Passenger,2017,combustion_diesel,YGA:PricingPlan:293ff4913135,12.0,85.0,https://fr.getaround.com/location-voiture/joinville-le-pont/renault-trafic-passenger-1756585
2026-09-18T00:04:17,paris,1756738,YGA:Vehicle:be695b486832,paris,48.839336,2.387617,0,0,294000,YGA:VehicleType:be695b486832,Renault,Clio,2024,combustion,YGA:PricingPlan:be695b486832,7.0,53.0,https://fr.getaround.com/location-voiture/paris/renault-clio-1756738
2026-09-18T00:04:17,paris,1756740,YGA:Vehicle:e35ee327f2da,paris,48.848015,2.393999,0,0,422400,YGA:VehicleType:e35ee327f2da,Renault,Captur,2024,combustion,YGA:PricingPlan:e35ee327f2da,7.0,58.0,https://fr.getaround.com/location-voiture/paris/renault-captur-1756740
2026-09-18T00:04:17,paris,1756742,YGA:Vehicle:157fe7fa3ced,paris,48.892101,2.344935,0,0,312000,YGA:VehicleType:157fe7fa3ced,Renault,Captur,2024,combustion,YGA:PricingPlan:157fe7fa3ced,8.0,61.0,https://fr.getaround.com/location-voiture/paris/renault-captur-1756742
2026-09-18T00:04:17,paris,1756768,YGA:Vehicle:024726574814,courbevoie,48.90134,2.266155,0,0,530000,YGA:VehicleType:024726574814,Peugeot,308,2018,combustion,YGA:PricingPlan:024726574814,6.0,47.0,https://fr.getaround.com/location-voiture/courbevoie/peugeot-308-1756768
2026-09-18T00:04:17,paris,1759610,YGA:Vehicle:9b301844c6aa,paris,48.883926,2.300673,0,0,414000,YGA:VehicleType:9b301844c6aa,Audi,A3 Sportback e-tron,2014,hybrid,YGA:PricingPlan:9b301844c6aa,9.0,68.0,https://fr.getaround.com/location-voiture/paris/audi-a3-sportback-e-tron-1759610
2026-09-18T00:04:17,paris,1759803,YGA:Vehicle:8d6394a8cd54,bois-colombes,48.911552,2.271547,0,0,378400,YGA:VehicleType:8d6394a8cd54,Toyota,C-HR Hybrid,2019,combustion,YGA:PricingPlan:8d6394a8cd54,7.0,55.0,https://fr.getaround.com/location-voiture/bois-colombes/toyota-c-hr-hybrid-1759803
2026-09-18T00:04:17,paris,1759812,YGA:Vehicle:d6cd196c19a1,paris,48.887802,2.348573,0,0,357000,YGA:VehicleType:d6cd196c19a1,Renault,Clio,2024,combustion,YGA:PricingPlan:d6cd196c19a1,7.0,53.0,https://fr.getaround.com/location-voiture/paris/renault-clio-1759812
2026-09-18T00:04:17,paris,1760629,YGA:Vehicle:dcbbe7c3874b,paris,48.847343,2.295346,0,0,400000,YGA:VehicleType:dcbbe7c3874b,Renault,Trafic,2019,combustion_diesel,YGA:PricingPlan:dcbbe7c3874b,11.0,82.0,https://fr.getaround.com/location-voiture/paris/renault-trafic-1760629
2026-09-18T00:04:17,paris,1761850,YGA:Vehicle:6e3bf7f7e501,paris,48.862747,2.34705,0,0,328500,YGA:VehicleType:6e3bf7f7e501,Citroen,C3 Génération,2022,combustion,YGA:PricingPlan:6e3bf7f7e501,11.0,80.0,https://fr.getaround.com/location-voiture/paris/citroen-c3-generation-1761850
2026-09-18T00:04:17,paris,1762368,YGA:Vehicle:44522c796a1b,paris,48.867054,2.286181,0,0,470400,YGA:VehicleType:44522c796a1b,Renault,Captur,2024,combustion,YGA:PricingPlan:44522c796a1b,8.0,61.0,https://fr.getaround.com/location-voiture/paris/renault-captur-1762368
2026-09-18T00:04:17,paris,1762373,YGA:Vehicle:cfe9f82f61a5,paris,48.883595,2.312934,0,0,249600,YGA:VehicleType:cfe9f82f61a5,Renault,Captur,2024,combustion,YGA:PricingPlan:cfe9f82f61a5,8.0,61.0,https://fr.getaround.com/location-voiture/paris/renault-captur-1762373
2026-09-18T00:04:17,paris,1763253,YGA:Vehicle:349fd6bb2770,bois-colombes,48.915092,2.266382,0,0,728000,YGA:VehicleType:349fd6bb2770,Renault,Trafic,2019,combustion_diesel,YGA:PricingPlan:349fd6bb2770,9.0,73.0,https://fr.getaround.com/location-voiture/bois-colombes/renault-trafic-1763253
2026-09-18T00:04:17,paris,1763978,YGA:Vehicle:de1127adba5c,colombes,48.909698,2.233471,0,0,270000,YGA:VehicleType:de1127adba5c,Toyota,Yaris Hybride,2019,combustion,YGA:PricingPlan:de1127adba5c,9.0,64.0,https://fr.getaround.com/location-voiture/colombes/toyota-yaris-hybride-1763978
2026-09-18T00:04:17,paris,1764385,YGA:Vehicle:66a204cd8d4a,bobigny,48.904072,2.431077,0,0,735000,YGA:VehicleType:66a204cd8d4a,Renault,Master,2014,combustion_diesel,YGA:PricingPlan:66a204cd8d4a,7.0,56.0,https://fr.getaround.com/location-voiture/bobigny/renault-master-1764385
2026-09-18T00:04:17,paris,1764453,YGA:Vehicle:f1c43a83e1d3,vanves,48.822414,2.292009,0,0,808000,YGA:VehicleType:f1c43a83e1d3,Renault,Trafic,2018,combustion_diesel,YGA:PricingPlan:f1c43a83e1d3,8.0,62.0,https://fr.getaround.com/location-voiture/vanves/renault-trafic-1764453
2026-09-18T00:04:17,paris,1764689,YGA:Vehicle:d4c4a26f065e,montrouge,48.81451,2.314347,0,0,495000,YGA:VehicleType:d4c4a26f065e,Dacia,Jogger,2023,hybrid,YGA:PricingPlan:d4c4a26f065e,6.0,49.0,https://fr.getaround.com/location-voiture/montrouge/dacia-jogger-1764689
2026-09-18T00:04:17,paris,1766485,YGA:Vehicle:4e1299fd1a52,aubervilliers,48.915298,2.404014,0,0,252000,YGA:VehicleType:4e1299fd1a52,Renault,Twingo III,2014,combustion,YGA:PricingPlan:4e1299fd1a52,7.0,53.0,https://fr.getaround.com/location-voiture/aubervilliers/renault-twingo-iii-1766485
2026-09-18T00:04:17,paris,1766493,YGA:Vehicle:782aa80820d2,paris,48.882626,2.293558,0,0,283500,YGA:VehicleType:782aa80820d2,Citroen,C3,2019,combustion,YGA:PricingPlan:782aa80820d2,6.0,49.0,https://fr.getaround.com/location-voiture/paris/citroen-c3-1766493
2026-09-18T00:04:17,paris,1766527,YGA:Vehicle:c1f66136afd7,paris,48.858406,2.390596,0,0,738000,YGA:VehicleType:c1f66136afd7,Fiat,Ducato,2019,combustion_diesel,YGA:PricingPlan:c1f66136afd7,8.0,68.0,https://fr.getaround.com/location-voiture/paris/fiat-ducato-1766527
2026-09-18T00:04:17,paris,1766891,YGA:Vehicle:fa09a5015e35,bobigny,48.904613,2.427512,0,0,934500,YGA:VehicleType:fa09a5015e35,Renault,Master,2016,combustion_diesel,YGA:PricingPlan:fa09a5015e35,9.0,65.0,https://fr.getaround.com/location-voiture/bobigny/renault-master-1766891
2026-09-18T00:04:17,paris,1767202,YGA:Vehicle:04e305299e66,paris,48.891254,2.304495,0,0,420000,YGA:VehicleType:04e305299e66,Renault,Master,2019,combustion_diesel,YGA:PricingPlan:04e305299e66,10.0,89.0,https://fr.getaround.com/location-voiture/paris/renault-master-1767202
2026-09-18T00:04:17,paris,1768818,YGA:Vehicle:7a4f3c42d1b7,clichy,48.901134,2.295409,0,0,624000,YGA:VehicleType:7a4f3c42d1b7,Fiat,Talento Combi,2018,combustion_diesel,YGA:PricingPlan:7a4f3c42d1b7,19.0,129.0,https://fr.getaround.com/location-voiture/clichy/fiat-talento-combi-1768818
2026-09-18T00:04:17,paris,1769190,YGA:Vehicle:3037ace00707,paris,48.891869,2.316322,0,0,397500,YGA:VehicleType:3037ace00707,Peugeot,308 SW,2020,combustion,YGA:PricingPlan:3037ace00707,6.0,44.0,https://fr.getaround.com/location-voiture/paris/peugeot-308-sw-1769190
2026-09-18T00:04:17,paris,1769340,YGA:Vehicle:681d2234ac30,paris,48.829018,2.365712,0,0,63000,YGA:VehicleType:681d2234ac30,Smart,Fortwo Passion,2019,combustion,YGA:PricingPlan:681d2234ac30,6.0,47.0,https://fr.getaround.com/location-voiture/paris/smart-fortwo-passion-1769340
2026-09-18T00:04:17,paris,1769487,YGA:Vehicle:0c66c859e6bf,bois-colombes,48.923569,2.273063,0,0,450000,YGA:VehicleType:0c66c859e6bf,Dacia,Sandero Essential,2020,combustion,YGA:PricingPlan:0c66c859e6bf,4.0,35.0,https://fr.getaround.com/location-voiture/bois-colombes/dacia-sandero-essential-1769487
2026-09-18T00:04:17,paris,1769744,YGA:Vehicle:ff7cc67cf035,paris,48.879265,2.365063,0,0,224000,YGA:VehicleType:ff7cc67cf035,Renault,Trafic,2019,combustion_diesel,YGA:PricingPlan:ff7cc67cf035,11.0,83.0,https://fr.getaround.com/location-voiture/paris/renault-trafic-1769744
2026-09-18T00:04:17,paris,1769818,YGA:Vehicle:6a0cad4a2764,paris,48.872604,2.398062,0,0,397800,YGA:VehicleType:6a0cad4a2764,Renault,Clio E-tech,2022,combustion,YGA:PricingPlan:6a0cad4a2764,7.0,56.0,https://fr.getaround.com/location-voiture/paris/renault-clio-e-tech-1769818
2026-09-18T00:04:17,paris,1769822,YGA:Vehicle:92771887947e,paris,48.837868,2.280259,0,0,117000,YGA:VehicleType:92771887947e,Renault,Clio E-tech,2022,hybrid,YGA:PricingPlan:92771887947e,6.0,47.0,https://fr.getaround.com/location-voiture/paris/renault-clio-e-tech-1769822
2026-09-18T00:04:17,paris,1771476,YGA:Vehicle:4e55cdcaae77,pantin,48.911709,2.411856,0,0,1050000,YGA:VehicleType:4e55cdcaae77,Renault,Master,2017,combustion_diesel,YGA:PricingPlan:4e55cdcaae77,9.0,74.0,https://fr.getaround.com/location-voiture/pantin/renault-master-1771476
2026-09-18T00:04:17,paris,1772965,YGA:Vehicle:2fe6513b8218,paris,48.857185,2.307411,0,0,279000,YGA:VehicleType:2fe6513b8218,Citroen,C3,2019,combustion,YGA:PricingPlan:2fe6513b8218,6.0,44.0,https://fr.getaround.com/location-voiture/paris/citroen-c3-1772965
2026-09-18T00:04:17,paris,1773364,YGA:Vehicle:2925185cf91b,paris,48.831875,2.378703,0,0,400000,YGA:VehicleType:2925185cf91b,Citroen,Jumpy,2015,combustion_diesel,YGA:PricingPlan:2925185cf91b,8.0,58.0,https://fr.getaround.com/location-voiture/paris/citroen-jumpy-1773364
2026-09-18T00:04:17,paris,1773593,YGA:Vehicle:75e8fa1609f1,paris,48.885941,2.294977,0,0,579600,YGA:VehicleType:75e8fa1609f1,Peugeot,Expert,2018,combustion_diesel,YGA:PricingPlan:75e8fa1609f1,10.0,75.0,https://fr.getaround.com/location-voiture/paris/peugeot-expert-1773593
2026-09-18T00:04:17,paris,1773684,YGA:Vehicle:aa84d7766e0b,paris,48.880947,2.309394,0,0,864000,YGA:VehicleType:aa84d7766e0b,Renault,Trafic Passenger,2020,combustion_diesel,YGA:PricingPlan:aa84d7766e0b,16.0,117.0,https://fr.getaround.com/location-voiture/paris/renault-trafic-passenger-1773684
2026-09-18T00:04:17,paris,1773792,YGA:Vehicle:1efd272741a0,velizy-villacoublay,48.781727,2.218792,0,0,600000,YGA:VehicleType:1efd272741a0,Peugeot,Partner,2016,combustion_diesel,YGA:PricingPlan:1efd272741a0,8.0,63.0,https://fr.getaround.com/location-voiture/velizy-villacoublay/peugeot-partner-1773792
2026-09-18T00:04:17,paris,1774168,YGA:Vehicle:ad86e1802051,ivry-sur-seine,48.812943,2.392162,0,0,603000,YGA:VehicleType:ad86e1802051,Citroen,Jumper,2019,combustion_diesel,YGA:PricingPlan:ad86e1802051,12.0,86.0,https://fr.getaround.com/location-voiture/ivry-sur-seine/citroen-jumper-1774168
2026-09-18T00:04:17,paris,1775946,YGA:Vehicle:1c312a6dc38b,paris,48.845078,2.37124,0,0,332500,YGA:VehicleType:1c312a6dc38b,Fiat,500,2014,combustion,YGA:PricingPlan:1c312a6dc38b,4.0,34.0,https://fr.getaround.com/location-voiture/paris/fiat-500-1775946
2026-09-18T00:04:17,paris,1776748,YGA:Vehicle:11aaedc5ce06,bezons,48.925503,2.213846,0,0,510000,YGA:VehicleType:11aaedc5ce06,Volkswagen,Golf,2016,combustion,YGA:PricingPlan:11aaedc5ce06,6.0,43.0,https://fr.getaround.com/location-voiture/bezons/volkswagen-golf-1776748
2026-09-18T00:04:17,paris,1776890,YGA:Vehicle:5f20af57f023,charenton-le-pont,48.825214,2.394158,0,0,370000,YGA:VehicleType:5f20af57f023,Dacia,Sandero,2015,combustion_diesel,YGA:PricingPlan:5f20af57f023,5.0,38.0,https://fr.getaround.com/location-voiture/charenton-le-pont/dacia-sandero-1776890
2026-09-18T00:04:17,paris,1777249,YGA:Vehicle:b76ba32c9c5b,paris,48.855457,2.382525,0,0,135000,YGA:VehicleType:b76ba32c9c5b,Nissan,X-Trail,2023,hybrid,YGA:PricingPlan:b76ba32c9c5b,10.0,83.0,https://fr.getaround.com/location-voiture/paris/nissan-x-trail-1777249
2026-09-18T00:04:17,paris,1777304,YGA:Vehicle:05cd2c2be891,paris,48.842991,2.317086,0,0,550000,YGA:VehicleType:05cd2c2be891,Peugeot,5008,2019,combustion,YGA:PricingPlan:05cd2c2be891,7.0,51.0,https://fr.getaround.com/location-voiture/paris/peugeot-5008-1777304
2026-09-18T00:04:17,paris,1777345,YGA:Vehicle:03d9a46499c8,paris,48.866684,2.380818,0,0,450300,YGA:VehicleType:03d9a46499c8,Citroen,C4 Grand Spacetourer,2020,combustion,YGA:PricingPlan:03d9a46499c8,7.0,54.0,https://fr.getaround.com/location-voiture/paris/citroen-c4-grand-spacetourer-1777345
2026-09-18T00:04:17,paris,1777985,YGA:Vehicle:1dea09d35762,paris,48.884045,2.372619,0,0,700000,YGA:VehicleType:1dea09d35762,Citroen,Jumpy,2017,combustion_diesel,YGA:PricingPlan:1dea09d35762,11.0,81.0,https://fr.getaround.com/location-voiture/paris/citroen-jumpy-1777985
2026-09-18T00:04:17,paris,1777989,YGA:Vehicle:269a829086d8,paris,48.852299,2.397353,0,0,517500,YGA:VehicleType:269a829086d8,Citroen,Jumpy,2018,combustion_diesel,YGA:PricingPlan:269a829086d8,7.0,57.0,https://fr.getaround.com/location-voiture/paris/citroen-jumpy-1777989
2026-09-18T00:04:17,paris,1780179,YGA:Vehicle:c59896da0d5d,paris,48.897171,2.358226,0,0,530000,YGA:VehicleType:c59896da0d5d,Peugeot,308 SW,2020,combustion,YGA:PricingPlan:c59896da0d5d,6.0,44.0,https://fr.getaround.com/location-voiture/paris/peugeot-308-sw-1780179
2026-09-18T00:04:17,paris,1780182,YGA:Vehicle:9dd7e53f09c4,paris,48.842991,2.317086,0,0,587100,YGA:VehicleType:9dd7e53f09c4,Citroen,C4 Grand Spacetourer,2020,combustion,YGA:PricingPlan:9dd7e53f09c4,7.0,54.0,https://fr.getaround.com/location-voiture/paris/citroen-c4-grand-spacetourer-1780182
2026-09-18T00:04:17,paris,1780194,YGA:Vehicle:9ae7c3ff53c9,paris,48.878399,2.325771,0,0,387600,YGA:VehicleType:9ae7c3ff53c9,Citroen,C4 Grand Spacetourer,2020,combustion,YGA:PricingPlan:9ae7c3ff53c9,7.0,54.0,https://fr.getaround.com/location-voiture/paris/citroen-c4-grand-spacetourer-1780194
2026-09-18T00:04:17,paris,1780630,YGA:Vehicle:ea254c65a5c0,paris,48.845078,2.37124,0,0,365000,YGA:VehicleType:ea254c65a5c0,Renault,Arkana Evolution,2023,combustion,YGA:PricingPlan:ea254c65a5c0,7.0,62.0,https://fr.getaround.com/location-voiture/paris/renault-arkana-evolution-1780630
2026-09-18T00:04:17,paris,1782006,YGA:Vehicle:9672dd523204,neuilly-sur-seine,48.89257,2.271202,0,0,295000,YGA:VehicleType:9672dd523204,Renault,Kangoo Express,2021,combustion_diesel,YGA:PricingPlan:9672dd523204,7.0,58.0,https://fr.getaround.com/location-voiture/neuilly-sur-seine/renault-kangoo-express-1782006
2026-09-18T00:04:17,paris,1782065,YGA:Vehicle:9afa9efa0f4f,paris,48.876312,2.393524,0,0,400500,YGA:VehicleType:9afa9efa0f4f,Citroen,C3,2024,combustion,YGA:PricingPlan:9afa9efa0f4f,7.0,53.0,https://fr.getaround.com/location-voiture/paris/citroen-c3-1782065
2026-09-18T00:04:17,paris,1782232,YGA:Vehicle:4c8b0704dda1,paris,48.841476,2.385694,0,0,147500,YGA:VehicleType:4c8b0704dda1,Peugeot,208,2020,electric,YGA:PricingPlan:4c8b0704dda1,8.0,60.0,https://fr.getaround.com/location-voiture/paris/peugeot-208-1782232
2026-09-18T00:04:17,paris,1783126,YGA:Vehicle:d4c4c1b35891,paris,48.885426,2.298009,0,0,450000,YGA:VehicleType:d4c4c1b35891,Citroen,C3,2020,combustion,YGA:PricingPlan:d4c4c1b35891,6.0,47.0,https://fr.getaround.com/location-voiture/paris/citroen-c3-1783126
2026-09-18T00:04:17,paris,1783301,YGA:Vehicle:7788ae66e0da,paris,48.826054,2.361718,0,0,576000,YGA:VehicleType:7788ae66e0da,Renault,Kangoo Express,2019,combustion_diesel,YGA:PricingPlan:7788ae66e0da,7.0,58.0,https://fr.getaround.com/location-voiture/paris/renault-kangoo-express-1783301
2026-09-18T00:04:17,paris,1783555,YGA:Vehicle:af5f86682a7b,paris,48.841476,2.385694,0,0,85000,YGA:VehicleType:af5f86682a7b,Renault,ZOE,2021,electric,YGA:PricingPlan:af5f86682a7b,6.0,51.0,https://fr.getaround.com/location-voiture/paris/renault-zoe-1783555
2026-09-18T00:04:17,paris,1784306,YGA:Vehicle:485f209dbda2,paris,48.89724,2.385575,0,0,427500,YGA:VehicleType:485f209dbda2,Renault,Clio,2017,combustion,YGA:PricingPlan:485f209dbda2,6.0,43.0,https://fr.getaround.com/location-voiture/paris/renault-clio-1784306
2026-09-18T00:04:17,paris,1784355,YGA:Vehicle:421c9e15f9b4,paris,48.850353,2.405022,0,0,316000,YGA:VehicleType:421c9e15f9b4,Opel,Corsa,2022,combustion,YGA:PricingPlan:421c9e15f9b4,5.0,42.0,https://fr.getaround.com/location-voiture/paris/opel-corsa-1784355
2026-09-18T00:04:17,paris,1786756,YGA:Vehicle:3938866a4d95,paris,48.878944,2.36876,0,0,546000,YGA:VehicleType:3938866a4d95,Citroen,Jumpy,2017,combustion_diesel,YGA:PricingPlan:3938866a4d95,11.0,81.0,https://fr.getaround.com/location-voiture/paris/citroen-jumpy-1786756
2026-09-18T00:04:17,paris,1789090,YGA:Vehicle:8971f8847410,suresnes,48.870686,2.218432,0,0,690000,YGA:VehicleType:8971f8847410,Peugeot,Expert,2019,combustion_diesel,YGA:PricingPlan:8971f8847410,8.0,58.0,https://fr.getaround.com/location-voiture/suresnes/peugeot-expert-1789090
2026-09-18T00:04:17,paris,1790547,YGA:Vehicle:363434182fa1,chatillon,48.803856,2.287771,0,0,513000,YGA:VehicleType:363434182fa1,Citroen,C3,2016,combustion,YGA:PricingPlan:363434182fa1,7.0,53.0,https://fr.getaround.com/location-voiture/chatillon/citroen-c3-1790547
2026-09-18T00:04:17,paris,1790665,YGA:Vehicle:75a66184bcc5,vincennes,48.844967,2.433479,0,0,203000,YGA:VehicleType:75a66184bcc5,Citroen,Jumpy,2021,combustion_diesel,YGA:PricingPlan:75a66184bcc5,8.0,57.0,https://fr.getaround.com/location-voiture/vincennes/citroen-jumpy-1790665
2026-09-18T00:04:17,paris,1790668,YGA:Vehicle:44c8733d137d,paris,48.87038,2.312392,0,0,198000,YGA:VehicleType:44c8733d137d,Peugeot,2008,2021,combustion,YGA:PricingPlan:44c8733d137d,6.0,47.0,https://fr.getaround.com/location-voiture/paris/peugeot-2008-1790668
2026-09-18T00:04:17,paris,1790672,YGA:Vehicle:34bf72fbe747,vincennes,48.846462,2.439939,0,0,466400,YGA:VehicleType:34bf72fbe747,Peugeot,308,2020,combustion,YGA:PricingPlan:34bf72fbe747,6.0,50.0,https://fr.getaround.com/location-voiture/vincennes/peugeot-308-1790672
2026-09-18T00:04:17,paris,1790674,YGA:Vehicle:cde1148be4d4,paris,48.854103,2.402358,0,0,190000,YGA:VehicleType:cde1148be4d4,Renault,Kangoo Express ZE,2021,electric,YGA:PricingPlan:cde1148be4d4,6.0,48.0,https://fr.getaround.com/location-voiture/paris/renault-kangoo-express-ze-1790674
2026-09-18T00:04:17,paris,1790798,YGA:Vehicle:4bc1a474c841,asnieres-sur-seine,48.906666,2.280387,0,0,138000,YGA:VehicleType:4bc1a474c841,Peugeot,Expert,2021,combustion_diesel,YGA:PricingPlan:4bc1a474c841,10.0,78.0,https://fr.getaround.com/location-voiture/asnieres-sur-seine/peugeot-expert-1790798
2026-09-18T00:04:17,paris,1793273,YGA:Vehicle:6c7da68b16ee,montreuil,48.874294,2.462116,0,0,125000,YGA:VehicleType:6c7da68b16ee,Toyota,bZ4X,2025,electric,YGA:PricingPlan:6c7da68b16ee,15.0,110.0,https://fr.getaround.com/location-voiture/montreuil/toyota-bz4x-1793273
2026-09-18T00:04:17,paris,1793951,YGA:Vehicle:356638361d68,paris,48.876884,2.368993,0,0,380000,YGA:VehicleType:356638361d68,Volkswagen,Golf,2018,combustion,YGA:PricingPlan:356638361d68,7.0,53.0,https://fr.getaround.com/location-voiture/paris/volkswagen-golf-1793951
2026-09-18T00:04:17,paris,1795013,YGA:Vehicle:16411b963b8c,paris,48.872604,2.398062,0,0,386900,YGA:VehicleType:16411b963b8c,Citroen,Berlingo,2020,combustion_diesel,YGA:PricingPlan:16411b963b8c,6.0,48.0,https://fr.getaround.com/location-voiture/paris/citroen-berlingo-1795013
2026-09-18T00:04:17,paris,1795138,YGA:Vehicle:92b6415150da,cachan,48.792843,2.322868,0,0,116600,YGA:VehicleType:92b6415150da,Citroen,Berlingo,2017,combustion_diesel,YGA:PricingPlan:92b6415150da,6.0,51.0,https://fr.getaround.com/location-voiture/cachan/citroen-berlingo-1795138
2026-09-18T00:04:17,paris,1795325,YGA:Vehicle:1da13229992c,paris,48.850117,2.31382,0,0,215000,YGA:VehicleType:1da13229992c,Renault,Mégane E-tech Électrique,2022,electric,YGA:PricingPlan:1da13229992c,12.0,84.0,https://fr.getaround.com/location-voiture/paris/renault-megane-e-tech-electrique-1795325
2026-09-18T00:04:17,paris,1795450,YGA:Vehicle:f3f08a4d0a99,paris,48.832199,2.312638,0,0,579600,YGA:VehicleType:f3f08a4d0a99,Citroen,Jumpy,2018,combustion_diesel,YGA:PricingPlan:f3f08a4d0a99,6.0,51.0,https://fr.getaround.com/location-voiture/paris/citroen-jumpy-1795450
2026-09-18T00:04:17,paris,1796021,YGA:Vehicle:cb0cef88ef6b,montreuil,48.862522,2.437909,0,0,384000,YGA:VehicleType:cb0cef88ef6b,Renault,Trafic Passenger,2015,combustion_diesel,YGA:PricingPlan:cb0cef88ef6b,12.0,80.0,https://fr.getaround.com/location-voiture/montreuil/renault-trafic-passenger-1796021
2026-09-18T00:04:17,paris,1797118,YGA:Vehicle:7963d90cfa5e,joinville-le-pont,48.829556,2.469152,0,0,472500,YGA:VehicleType:7963d90cfa5e,Renault,Mégane,2017,combustion_diesel,YGA:PricingPlan:7963d90cfa5e,7.0,50.0,https://fr.getaround.com/location-voiture/joinville-le-pont/renault-megane-1797118
2026-09-18T00:04:17,paris,1797333,YGA:Vehicle:b480800abe98,paris,48.873146,2.303191,0,0,480000,YGA:VehicleType:b480800abe98,Renault,Trafic,2021,combustion_diesel,YGA:PricingPlan:b480800abe98,8.0,68.0,https://fr.getaround.com/location-voiture/paris/renault-trafic-1797333
2026-09-18T00:04:17,paris,1797460,YGA:Vehicle:0960a74dde6b,paris,48.863754,2.402693,0,0,464000,YGA:VehicleType:0960a74dde6b,Renault,Trafic,2018,combustion_diesel,YGA:PricingPlan:0960a74dde6b,8.0,62.0,https://fr.getaround.com/location-voiture/paris/renault-trafic-1797460
2026-09-18T00:04:17,paris,1798161,YGA:Vehicle:e0581008f66b,fontenay-sous-bois,48.843864,2.465333,0,0,680000,YGA:VehicleType:e0581008f66b,Renault,Master,2022,combustion_diesel,YGA:PricingPlan:e0581008f66b,11.0,88.0,https://fr.getaround.com/location-voiture/fontenay-sous-bois/renault-master-1798161
2026-09-18T00:04:17,paris,1800157,YGA:Vehicle:fe518a31a880,paris,48.841476,2.385694,0,0,235000,YGA:VehicleType:fe518a31a880,Fiat,500e,2022,electric,YGA:PricingPlan:fe518a31a880,8.0,59.0,https://fr.getaround.com/location-voiture/paris/fiat-500e-1800157
2026-09-18T00:04:17,paris,1800912,YGA:Vehicle:403a772eb8c6,vanves,48.823879,2.294397,0,0,96000,YGA:VehicleType:403a772eb8c6,Renault,Trafic,2019,combustion_diesel,YGA:PricingPlan:403a772eb8c6,7.0,55.0,https://fr.getaround.com/location-voiture/vanves/renault-trafic-1800912
2026-09-18T00:04:17,paris,1801283,YGA:Vehicle:f2ed9efa8ff2,asnieres-sur-seine,48.906792,2.268182,0,0,427000,YGA:VehicleType:f2ed9efa8ff2,Toyota,Proace Combi,2020,combustion_diesel,YGA:PricingPlan:f2ed9efa8ff2,17.0,114.0,https://fr.getaround.com/location-voiture/asnieres-sur-seine/toyota-proace-combi-1801283
2026-09-18T00:04:17,paris,1801514,YGA:Vehicle:2b1f1199ac5d,suresnes,48.869045,2.214392,0,0,328000,YGA:VehicleType:2b1f1199ac5d,Renault,Trafic,2020,combustion_diesel,YGA:PricingPlan:2b1f1199ac5d,8.0,64.0,https://fr.getaround.com/location-voiture/suresnes/renault-trafic-1801514
2026-09-18T00:04:17,paris,1801920,YGA:Vehicle:7d85889dbe98,asnieres-sur-seine,48.906792,2.268182,0,0,690000,YGA:VehicleType:7d85889dbe98,Peugeot,Expert,2022,combustion_diesel,YGA:PricingPlan:7d85889dbe98,9.0,73.0,https://fr.getaround.com/location-voiture/asnieres-sur-seine/peugeot-expert-1801920
2026-09-18T00:04:17,paris,1802214,YGA:Vehicle:e3d32b413787,paris,48.837868,2.280259,0,0,462000,YGA:VehicleType:e3d32b413787,Citroen,Jumpy,2021,combustion_diesel,YGA:PricingPlan:e3d32b413787,8.0,64.0,https://fr.getaround.com/location-voiture/paris/citroen-jumpy-1802214
2026-09-18T00:04:17,paris,1802222,YGA:Vehicle:96bae5aa4b6b,les-lilas,48.882137,2.412895,0,0,320000,YGA:VehicleType:96bae5aa4b6b,Renault,Kangoo Express,2021,combustion_diesel,YGA:PricingPlan:96bae5aa4b6b,6.0,48.0,https://fr.getaround.com/location-voiture/les-lilas/renault-kangoo-express-1802222
2026-09-18T00:04:17,paris,1802225,YGA:Vehicle:0ace80d1e98c,paris,48.889977,2.317918,0,0,190800,YGA:VehicleType:0ace80d1e98c,Citroen,Berlingo,2016,combustion_diesel,YGA:PricingPlan:0ace80d1e98c,6.0,42.0,https://fr.getaround.com/location-voiture/paris/citroen-berlingo-1802225
2026-09-18T00:04:17,paris,1802313,YGA:Vehicle:dbea49e7a558,courbevoie,48.903248,2.257841,0,0,570000,YGA:VehicleType:dbea49e7a558,Renault,Scenic,2015,combustion_diesel,YGA:PricingPlan:dbea49e7a558,4.0,27.0,https://fr.getaround.com/location-voiture/courbevoie/renault-scenic-1802313
2026-09-18T00:04:17,paris,1802967,YGA:Vehicle:2623f59c274c,paris,48.845394,2.401418,0,0,711000,YGA:VehicleType:2623f59c274c,Fiat,Ducato,2018,combustion_diesel,YGA:PricingPlan:2623f59c274c,8.0,66.0,https://fr.getaround.com/location-voiture/paris/fiat-ducato-1802967
2026-09-18T00:04:17,paris,1803534,YGA:Vehicle:aa882b961b8f,malakoff,48.816532,2.297463,0,0,207500,YGA:VehicleType:aa882b961b8f,Volkswagen,e-Up !,2021,electric,YGA:PricingPlan:aa882b961b8f,6.0,46.0,https://fr.getaround.com/location-voiture/malakoff/volkswagen-e-up-1803534
2026-09-18T00:04:17,paris,1804135,YGA:Vehicle:04a24e7dd4f8,bourg-la-reine,48.778923,2.311934,0,0,752000,YGA:VehicleType:04a24e7dd4f8,Renault,Trafic,2019,combustion_diesel,YGA:PricingPlan:04a24e7dd4f8,8.0,59.0,https://fr.getaround.com/location-voiture/bourg-la-reine/renault-trafic-1804135
2026-09-18T00:04:17,paris,1804381,YGA:Vehicle:679975bf418e,fontenay-aux-roses,48.787453,2.292431,0,0,180000,YGA:VehicleType:679975bf418e,Toyota,Yaris Hybride,2019,hybrid,YGA:PricingPlan:679975bf418e,5.0,38.0,https://fr.getaround.com/location-voiture/fontenay-aux-roses/toyota-yaris-hybride-1804381
2026-09-18T00:04:17,paris,1809382,YGA:Vehicle:4479f6673d79,paris,48.852467,2.380469,0,0,120000,YGA:VehicleType:4479f6673d79,Renault,Kangoo Express,2019,combustion,YGA:PricingPlan:4479f6673d79,6.0,48.0,https://fr.getaround.com/location-voiture/paris/renault-kangoo-express-1809382
2026-09-18T00:04:17,paris,1809384,YGA:Vehicle:b7a0be972d19,pantin,48.888279,2.410389,0,0,182000,YGA:VehicleType:b7a0be972d19,Citroen,Jumpy,2020,combustion_diesel,YGA:PricingPlan:b7a0be972d19,8.0,64.0,https://fr.getaround.com/location-voiture/pantin/citroen-jumpy-1809384
2026-09-18T00:04:17,paris,1811491,YGA:Vehicle:6417e216f69f,rosny-sous-bois,48.880417,2.478961,0,0,745500,YGA:VehicleType:6417e216f69f,Renault,Master,2015,combustion_diesel,YGA:PricingPlan:6417e216f69f,18.0,129.0,https://fr.getaround.com/location-voiture/rosny-sous-bois/renault-master-1811491
2026-09-18T00:04:17,paris,1811629,YGA:Vehicle:a1a195e65082,creteil,48.775951,2.460773,0,0,600000,YGA:VehicleType:a1a195e65082,Renault,Mégane,2014,combustion,YGA:PricingPlan:a1a195e65082,6.0,48.0,https://fr.getaround.com/location-voiture/creteil/renault-megane-1811629
2026-09-18T00:04:17,paris,1813494,YGA:Vehicle:5c85d5e05910,paris,48.882084,2.35309,0,0,488400,YGA:VehicleType:5c85d5e05910,Peugeot,2008,2020,combustion,YGA:PricingPlan:5c85d5e05910,10.0,73.0,https://fr.getaround.com/location-voiture/paris/peugeot-2008-1813494
2026-09-18T00:04:17,paris,1814614,YGA:Vehicle:62b69454b9f1,pantin,48.895012,2.404713,0,0,505000,YGA:VehicleType:62b69454b9f1,Renault,Kangoo Express,2021,combustion_diesel,YGA:PricingPlan:62b69454b9f1,8.0,59.0,https://fr.getaround.com/location-voiture/pantin/renault-kangoo-express-1814614
2026-09-18T00:04:17,paris,1820985,YGA:Vehicle:385065d72167,issy-les-moulineaux,48.82531,2.258651,0,0,500000,YGA:VehicleType:385065d72167,Peugeot,208,2017,combustion,YGA:PricingPlan:385065d72167,5.0,42.0,https://fr.getaround.com/location-voiture/issy-les-moulineaux/peugeot-208-1820985
2026-09-18T00:04:17,paris,1820987,YGA:Vehicle:227ebc353fad,boulogne-billancourt,48.831413,2.241692,0,0,390000,YGA:VehicleType:227ebc353fad,Peugeot,208,2015,combustion,YGA:PricingPlan:227ebc353fad,5.0,37.0,https://fr.getaround.com/location-voiture/boulogne-billancourt/peugeot-208-1820987
2026-09-18T00:04:17,paris,1821123,YGA:Vehicle:e87effb8bf02,la-garenne-colombes,48.909306,2.247578,0,0,576000,YGA:VehicleType:e87effb8bf02,Renault,Kangoo Express,2022,combustion,YGA:PricingPlan:e87effb8bf02,7.0,54.0,https://fr.getaround.com/location-voiture/la-garenne-colombes/renault-kangoo-express-1821123
2026-09-18T00:04:17,paris,1821155,YGA:Vehicle:1292d7a006e1,chevilly-larue,48.766991,2.367431,0,0,288000,YGA:VehicleType:1292d7a006e1,Toyota,Yaris Hybride,2017,hybrid,YGA:PricingPlan:1292d7a006e1,6.0,48.0,https://fr.getaround.com/location-voiture/chevilly-larue/toyota-yaris-hybride-1821155
2026-09-18T00:04:17,paris,1821161,YGA:Vehicle:02168ca843ce,malakoff,48.813622,2.276361,0,0,752000,YGA:VehicleType:02168ca843ce,Renault,Trafic,2019,combustion_diesel,YGA:PricingPlan:02168ca843ce,8.0,64.0,https://fr.getaround.com/location-voiture/malakoff/renault-trafic-1821161
2026-09-18T00:04:17,paris,1822101,YGA:Vehicle:c983f4fbf796,paris,48.882626,2.345163,0,0,392000,YGA:VehicleType:c983f4fbf796,Peugeot,Expert,2016,combustion_diesel,YGA:PricingPlan:c983f4fbf796,7.0,53.0,https://fr.getaround.com/location-voiture/paris/peugeot-expert-1822101
2026-09-18T00:04:17,paris,1822497,YGA:Vehicle:9db731d90dae,paris,48.866531,2.409139,0,0,688000,YGA:VehicleType:9db731d90dae,Nissan,NV400,2021,combustion_diesel,YGA:PricingPlan:9db731d90dae,14.0,108.0,https://fr.getaround.com/location-voiture/paris/nissan-nv400-1822497
2026-09-18T00:04:17,paris,1822677,YGA:Vehicle:cca1b5059b8b,antony,48.769924,2.316347,0,0,576000,YGA:VehicleType:cca1b5059b8b,Renault,Kangoo Express,2018,combustion_diesel,YGA:PricingPlan:cca1b5059b8b,7.0,53.0,https://fr.getaround.com/location-voiture/antony/renault-kangoo-express-1822677
2026-09-18T00:04:17,paris,1823652,YGA:Vehicle:c8f1eda5200c,montrouge,48.814899,2.320802,0,0,454500,YGA:VehicleType:c8f1eda5200c,Citroen,C3,2022,combustion,YGA:PricingPlan:c8f1eda5200c,5.0,42.0,https://fr.getaround.com/location-voiture/montrouge/citroen-c3-1823652
2026-09-18T00:04:17,paris,1823779,YGA:Vehicle:10c9d195a367,vincennes,48.846462,2.439939,0,0,397800,YGA:VehicleType:10c9d195a367,Renault,Clio E-tech,2022,hybrid,YGA:PricingPlan:10c9d195a367,6.0,47.0,https://fr.getaround.com/location-voiture/vincennes/renault-clio-e-tech-1823779
2026-09-18T00:04:17,paris,1824802,YGA:Vehicle:620446d049b3,pantin,48.911335,2.41236,0,0,682500,YGA:VehicleType:620446d049b3,Renault,Master,2018,combustion_diesel,YGA:PricingPlan:620446d049b3,9.0,73.0,https://fr.getaround.com/location-voiture/pantin/renault-master-1824802
2026-09-18T00:04:17,paris,1824916,YGA:Vehicle:abbf7156851e,montreuil,48.855801,2.430462,0,0,369600,YGA:VehicleType:abbf7156851e,Renault,Clio,2020,combustion,YGA:PricingPlan:abbf7156851e,5.0,38.0,https://fr.getaround.com/location-voiture/montreuil/renault-clio-1824916
2026-09-18T00:04:17,paris,1825354,YGA:Vehicle:39b5b8a19f8a,vincennes,48.847214,2.442493,0,0,1018500,YGA:VehicleType:39b5b8a19f8a,Renault,Master,2023,combustion_diesel,YGA:PricingPlan:39b5b8a19f8a,14.0,113.0,https://fr.getaround.com/location-voiture/vincennes/renault-master-1825354
2026-09-18T00:04:17,paris,1826062,YGA:Vehicle:c59e16a8c1db,paris,48.875038,2.365442,0,0,400000,YGA:VehicleType:c59e16a8c1db,Volkswagen,Golf GTE,2021,hybrid,YGA:PricingPlan:c59e16a8c1db,11.0,79.0,https://fr.getaround.com/location-voiture/paris/volkswagen-golf-gte-1826062
2026-09-18T00:04:17,paris,1826397,YGA:Vehicle:8db903baa759,montreuil,48.854881,2.442937,0,0,450000,YGA:VehicleType:8db903baa759,Citroen,C3,2018,combustion,YGA:PricingPlan:8db903baa759,5.0,39.0,https://fr.getaround.com/location-voiture/montreuil/citroen-c3-1826397
2026-09-18T00:04:17,paris,1827069,YGA:Vehicle:14ad11fc605f,paris,48.87212,2.387352,0,0,432000,YGA:VehicleType:14ad11fc605f,Renault,Trafic,2016,combustion_diesel,YGA:PricingPlan:14ad11fc605f,8.0,57.0,https://fr.getaround.com/location-voiture/paris/renault-trafic-1827069
2026-09-18T00:04:17,paris,1827075,YGA:Vehicle:8d0eb524114d,malakoff,48.818726,2.30912,0,0,688000,YGA:VehicleType:8d0eb524114d,Renault,Trafic,2018,combustion_diesel,YGA:PricingPlan:8d0eb524114d,9.0,69.0,https://fr.getaround.com/location-voiture/malakoff/renault-trafic-1827075
2026-09-18T00:04:17,paris,1827163,YGA:Vehicle:8c0bf31e30c7,clichy,48.902382,2.309956,0,0,510000,YGA:VehicleType:8c0bf31e30c7,Renault,Kangoo Express,2016,combustion_diesel,YGA:PricingPlan:8c0bf31e30c7,6.0,45.0,https://fr.getaround.com/location-voiture/clichy/renault-kangoo-express-1827163
2026-09-18T00:04:17,paris,1827934,YGA:Vehicle:3f5a4bd5a568,malakoff,48.821747,2.301754,0,0,319500,YGA:VehicleType:3f5a4bd5a568,Citroen,C3,2021,combustion,YGA:PricingPlan:3f5a4bd5a568,5.0,42.0,https://fr.getaround.com/location-voiture/malakoff/citroen-c3-1827934
2026-09-18T00:04:17,paris,1829298,YGA:Vehicle:4c456dd3bb90,malakoff,48.818714,2.309065,0,0,800000,YGA:VehicleType:4c456dd3bb90,Renault,Trafic,2018,combustion_diesel,YGA:PricingPlan:4c456dd3bb90,9.0,68.0,https://fr.getaround.com/location-voiture/malakoff/renault-trafic-1829298
2026-09-18T00:04:17,paris,1829992,YGA:Vehicle:4ce4c5a1f9f4,paris,48.845078,2.37124,0,0,390600,YGA:VehicleType:4ce4c5a1f9f4,Renault,Clio,2025,combustion,YGA:PricingPlan:4ce4c5a1f9f4,6.0,48.0,https://fr.getaround.com/location-voiture/paris/renault-clio-1829992
2026-09-18T00:04:17,paris,1829998,YGA:Vehicle:536e30e06cc6,paris,48.845078,2.37124,0,0,310800,YGA:VehicleType:536e30e06cc6,Renault,Clio,2025,combustion,YGA:PricingPlan:536e30e06cc6,6.0,48.0,https://fr.getaround.com/location-voiture/paris/renault-clio-1829998
2026-09-18T00:04:17,paris,1829999,YGA:Vehicle:4f9bae9feae4,paris,48.845078,2.37124,0,0,201600,YGA:VehicleType:4f9bae9feae4,Renault,Clio,2025,combustion,YGA:PricingPlan:4f9bae9feae4,6.0,48.0,https://fr.getaround.com/location-voiture/paris/renault-clio-1829999
2026-09-18T00:04:17,paris,1831859,YGA:Vehicle:845317e7dbb7,paris,48.895432,2.329709,0,0,336000,YGA:VehicleType:845317e7dbb7,Toyota,Yaris,2016,combustion,YGA:PricingPlan:845317e7dbb7,6.0,48.0,https://fr.getaround.com/location-voiture/paris/toyota-yaris-1831859
2026-09-18T00:04:17,paris,1833297,YGA:Vehicle:c1c39118afe4,paris,48.82877,2.372314,0,0,666000,YGA:VehicleType:c1c39118afe4,Citroen,Jumper,2021,combustion_diesel,YGA:PricingPlan:c1c39118afe4,10.0,77.0,https://fr.getaround.com/location-voiture/paris/citroen-jumper-1833297
2026-09-18T00:04:17,paris,1834015,YGA:Vehicle:11a6078af6b9,paris,48.826054,2.361718,0,0,600000,YGA:VehicleType:11a6078af6b9,Renault,Kangoo Express,2019,combustion_diesel,YGA:PricingPlan:11a6078af6b9,6.0,52.0,https://fr.getaround.com/location-voiture/paris/renault-kangoo-express-1834015
2026-09-18T00:04:17,paris,1835053,YGA:Vehicle:a14812b86702,villejuif,48.780842,2.367501,0,0,344000,YGA:VehicleType:a14812b86702,Citroen,Jumpy,2016,combustion_diesel,YGA:PricingPlan:a14812b86702,7.0,52.0,https://fr.getaround.com/location-voiture/villejuif/citroen-jumpy-1835053
2026-09-18T00:04:17,paris,1835059,YGA:Vehicle:049cc2ddff51,villejuif,48.780842,2.367501,0,0,328000,YGA:VehicleType:049cc2ddff51,Citroen,Jumpy,2015,combustion_diesel,YGA:PricingPlan:049cc2ddff51,6.0,48.0,https://fr.getaround.com/location-voiture/villejuif/citroen-jumpy-1835059
2026-09-18T00:04:17,paris,1836121,YGA:Vehicle:be898199ad1c,paris,48.841141,2.374194,0,0,340000,YGA:VehicleType:be898199ad1c,Volkswagen,Golf,2022,hybrid,YGA:PricingPlan:be898199ad1c,9.0,66.0,https://fr.getaround.com/location-voiture/paris/volkswagen-golf-1836121
2026-09-18T00:04:17,paris,1836643,YGA:Vehicle:ffc8fd745567,paris,48.820946,2.35627,0,0,280000,YGA:VehicleType:ffc8fd745567,Renault,Trafic Passenger,2021,combustion_diesel,YGA:PricingPlan:ffc8fd745567,12.0,90.0,https://fr.getaround.com/location-voiture/paris/renault-trafic-passenger-1836643
2026-09-18T00:04:17,paris,1836803,YGA:Vehicle:a75baf28f4c0,rosny-sous-bois,48.883739,2.477744,0,0,808500,YGA:VehicleType:a75baf28f4c0,Renault,Master,2019,combustion_diesel,YGA:PricingPlan:a75baf28f4c0,8.0,63.0,https://fr.getaround.com/location-voiture/rosny-sous-bois/renault-master-1836803
2026-09-18T00:04:17,paris,1837540,YGA:Vehicle:1465a2775c57,bagneux,48.790291,2.318015,0,0,800000,YGA:VehicleType:1465a2775c57,Peugeot,Boxer,2022,combustion_diesel,YGA:PricingPlan:1465a2775c57,8.0,63.0,https://fr.getaround.com/location-voiture/bagneux/peugeot-boxer-1837540
2026-09-18T00:04:17,paris,1841443,YGA:Vehicle:16b8bf55cc7d,aubervilliers,48.911911,2.366513,0,0,630000,YGA:VehicleType:16b8bf55cc7d,Renault,Master,2019,combustion_diesel,YGA:PricingPlan:16b8bf55cc7d,8.0,65.0,https://fr.getaround.com/location-voiture/aubervilliers/renault-master-1841443
2026-09-18T00:04:17,paris,1841450,YGA:Vehicle:99004a4e01a5,vincennes,48.844967,2.433479,0,0,444400,YGA:VehicleType:99004a4e01a5,Peugeot,208,2023,combustion,YGA:PricingPlan:99004a4e01a5,6.0,47.0,https://fr.getaround.com/location-voiture/vincennes/peugeot-208-1841450
2026-09-18T00:04:17,paris,1842275,YGA:Vehicle:ac9d8e9fc1d3,bobigny,48.90556,2.42412,0,0,336000,YGA:VehicleType:ac9d8e9fc1d3,Renault,Master,2016,combustion_diesel,YGA:PricingPlan:ac9d8e9fc1d3,6.0,48.0,https://fr.getaround.com/location-voiture/bobigny/renault-master-1842275
2026-09-18T00:04:17,paris,1842472,YGA:Vehicle:fcd6fe607034,paris,48.875729,2.395186,0,0,231000,YGA:VehicleType:fcd6fe607034,Citroen,Jumpy,2017,combustion_diesel,YGA:PricingPlan:fcd6fe607034,7.0,55.0,https://fr.getaround.com/location-voiture/paris/citroen-jumpy-1842472
2026-09-18T00:04:17,paris,1842698,YGA:Vehicle:15bc52ee7803,boulogne-billancourt,48.841373,2.239588,0,0,147500,YGA:VehicleType:15bc52ee7803,Renault,ZOE,2014,electric,YGA:PricingPlan:15bc52ee7803,4.0,32.0,https://fr.getaround.com/location-voiture/boulogne-billancourt/renault-zoe-1842698
2026-09-18T00:04:17,paris,1843000,YGA:Vehicle:1879d827fa44,paris,48.892818,2.343316,0,0,202400,YGA:VehicleType:1879d827fa44,Peugeot,2008,2024,combustion,YGA:PricingPlan:1879d827fa44,9.0,72.0,https://fr.getaround.com/location-voiture/paris/peugeot-2008-1843000
2026-09-18T00:04:17,paris,1844071,YGA:Vehicle:0ce585253f00,clichy,48.904087,2.310642,0,0,600000,YGA:VehicleType:0ce585253f00,Renault,Mégane,2015,combustion,YGA:PricingPlan:0ce585253f00,5.0,37.0,https://fr.getaround.com/location-voiture/clichy/renault-megane-1844071
2026-09-18T00:04:17,paris,1846676,YGA:Vehicle:53a83847cb4a,maisons-alfort,48.802883,2.446719,0,0,396000,YGA:VehicleType:53a83847cb4a,Renault,Clio,2016,combustion,YGA:PricingPlan:53a83847cb4a,4.0,32.0,https://fr.getaround.com/location-voiture/maisons-alfort/renault-clio-1846676
2026-09-18T00:04:17,paris,1847290,YGA:Vehicle:eeff521f18b7,l-hay-les-roses,48.770725,2.329915,0,0,576000,YGA:VehicleType:eeff521f18b7,Renault,Mégane,2015,combustion_diesel,YGA:PricingPlan:eeff521f18b7,7.0,52.0,https://fr.getaround.com/location-voiture/l-hay-les-roses/renault-megane-1847290
2026-09-18T00:04:17,paris,1848582,YGA:Vehicle:86cace713cad,montreuil,48.853287,2.423447,0,0,261000,YGA:VehicleType:86cace713cad,Renault,Captur,2019,combustion,YGA:PricingPlan:86cace713cad,5.0,39.0,https://fr.getaround.com/location-voiture/montreuil/renault-captur-1848582
2026-09-18T00:04:17,paris,1849083,YGA:Vehicle:606af9eb4087,paris,48.876492,2.39792,0,0,379500,YGA:VehicleType:606af9eb4087,Citroen,Jumpy,2018,combustion_diesel,YGA:PricingPlan:606af9eb4087,7.0,57.0,https://fr.getaround.com/location-voiture/paris/citroen-jumpy-1849083
2026-09-18T00:04:17,paris,1849120,YGA:Vehicle:e24e32a174d2,paris,48.830021,2.34611,0,0,882000,YGA:VehicleType:e24e32a174d2,Fiat,Ducato,2018,combustion_diesel,YGA:PricingPlan:e24e32a174d2,8.0,65.0,https://fr.getaround.com/location-voiture/paris/fiat-ducato-1849120
2026-09-18T00:04:17,paris,1850720,YGA:Vehicle:cf2cacf5be68,le-plessis-robinson,48.775879,2.250975,0,0,776000,YGA:VehicleType:cf2cacf5be68,Renault,Trafic,2019,combustion_diesel,YGA:PricingPlan:cf2cacf5be68,7.0,57.0,https://fr.getaround.com/location-voiture/le-plessis-robinson/renault-trafic-1850720
2026-09-18T00:04:17,paris,1851096,YGA:Vehicle:918f4189715c,paris,48.876492,2.39792,0,0,690000,YGA:VehicleType:918f4189715c,Citroen,Jumpy,2018,combustion_diesel,YGA:PricingPlan:918f4189715c,7.0,57.0,https://fr.getaround.com/location-voiture/paris/citroen-jumpy-1851096
2026-09-18T00:04:17,paris,1853417,YGA:Vehicle:ce4096d1c02f,paris,48.866684,2.380818,0,0,311100,YGA:VehicleType:ce4096d1c02f,Toyota,Proace Combi,2022,combustion_diesel,YGA:PricingPlan:ce4096d1c02f,9.0,66.0,https://fr.getaround.com/location-voiture/paris/toyota-proace-combi-1853417
2026-09-18T00:04:17,paris,1853423,YGA:Vehicle:b05d26e92583,paris,48.87537,2.355241,0,0,610000,YGA:VehicleType:b05d26e92583,Toyota,Proace City Verso,2021,combustion,YGA:PricingPlan:b05d26e92583,6.0,46.0,https://fr.getaround.com/location-voiture/paris/toyota-proace-city-verso-1853423
2026-09-18T00:04:17,paris,1854138,YGA:Vehicle:38cd61c36ef7,saint-mande,48.835621,2.419099,0,0,241500,YGA:VehicleType:38cd61c36ef7,Renault,Master,2017,combustion_diesel,YGA:PricingPlan:38cd61c36ef7,10.0,75.0,https://fr.getaround.com/location-voiture/saint-mande/renault-master-1854138
2026-09-18T00:04:17,paris,1854144,YGA:Vehicle:b496548f74bf,creteil,48.770168,2.45494,0,0,514500,YGA:VehicleType:b496548f74bf,Renault,Master,2017,combustion_diesel,YGA:PricingPlan:b496548f74bf,10.0,78.0,https://fr.getaround.com/location-voiture/creteil/renault-master-1854144
2026-09-18T00:04:17,paris,1854695,YGA:Vehicle:ccbce2a4e6b2,clichy,48.899445,2.313436,0,0,736000,YGA:VehicleType:ccbce2a4e6b2,Renault,Trafic,2016,combustion_diesel,YGA:PricingPlan:ccbce2a4e6b2,6.0,49.0,https://fr.getaround.com/location-voiture/clichy/renault-trafic-1854695
2026-09-18T00:04:17,paris,1854775,YGA:Vehicle:8e9a26fdeab4,suresnes,48.878613,2.234358,0,0,240000,YGA:VehicleType:8e9a26fdeab4,Renault,Kangoo Fourgon,2021,combustion_diesel,YGA:PricingPlan:8e9a26fdeab4,8.0,59.0,https://fr.getaround.com/location-voiture/suresnes/renault-kangoo-fourgon-1854775
2026-09-18T00:04:17,paris,1855640,YGA:Vehicle:bfefb5c26ab5,fontenay-sous-bois,48.848389,2.4586,0,0,297000,YGA:VehicleType:bfefb5c26ab5,Renault,Clio,2015,combustion,YGA:PricingPlan:bfefb5c26ab5,6.0,47.0,https://fr.getaround.com/location-voiture/fontenay-sous-bois/renault-clio-1855640
2026-09-18T00:04:17,paris,1856160,YGA:Vehicle:dce1a38a8bfd,chatillon,48.803501,2.297301,0,0,600000,YGA:VehicleType:dce1a38a8bfd,Renault,Kangoo Express,2016,combustion_diesel,YGA:PricingPlan:dce1a38a8bfd,6.0,46.0,https://fr.getaround.com/location-voiture/chatillon/renault-kangoo-express-1856160
2026-09-18T00:04:17,paris,1856599,YGA:Vehicle:098b71117322,paris,48.845078,2.37124,0,0,322000,YGA:VehicleType:098b71117322,Fiat,500,2021,hybrid,YGA:PricingPlan:098b71117322,5.0,39.0,https://fr.getaround.com/location-voiture/paris/fiat-500-1856599
2026-09-18T00:04:17,paris,1856737,YGA:Vehicle:77d9ed13c3e2,fontenay-sous-bois,48.852497,2.452468,0,0,548800,YGA:VehicleType:77d9ed13c3e2,Renault,Scenic,2016,combustion,YGA:PricingPlan:77d9ed13c3e2,7.0,55.0,https://fr.getaround.com/location-voiture/fontenay-sous-bois/renault-scenic-1856737
2026-09-18T00:04:17,paris,1857069,YGA:Vehicle:80d84d0dcf34,paris,48.87767,2.279175,0,0,339200,YGA:VehicleType:80d84d0dcf34,Renault,Grand Scenic,2020,combustion,YGA:PricingPlan:80d84d0dcf34,11.0,74.0,https://fr.getaround.com/location-voiture/paris/renault-grand-scenic-1857069
2026-09-18T00:04:17,paris,1857766,YGA:Vehicle:9b743cc1e696,saint-denis,48.925716,2.354547,0,0,210000,YGA:VehicleType:9b743cc1e696,Renault,Kangoo Fourgon,2019,combustion_diesel,YGA:PricingPlan:9b743cc1e696,7.0,53.0,https://fr.getaround.com/location-voiture/saint-denis/renault-kangoo-fourgon-1857766
2026-09-18T00:04:17,paris,1857930,YGA:Vehicle:7092f1257b38,saint-denis,48.92572,2.354534,0,0,700000,YGA:VehicleType:7092f1257b38,Citroen,Jumpy,2020,combustion_diesel,YGA:PricingPlan:7092f1257b38,7.0,57.0,https://fr.getaround.com/location-voiture/saint-denis/citroen-jumpy-1857930
2026-09-18T00:04:17,paris,1858394,YGA:Vehicle:a46cf8e401fe,chevilly-larue,48.772762,2.355212,0,0,190000,YGA:VehicleType:a46cf8e401fe,Fiat,E-Scudo,2023,electric,YGA:PricingPlan:a46cf8e401fe,11.0,86.0,https://fr.getaround.com/location-voiture/chevilly-larue/fiat-e-scudo-1858394
2026-09-18T00:04:17,paris,1859941,YGA:Vehicle:50b343b9ee4d,paris,48.875729,2.395186,0,0,428400,YGA:VehicleType:50b343b9ee4d,Renault,Clio,2023,combustion,YGA:PricingPlan:50b343b9ee4d,7.0,52.0,https://fr.getaround.com/location-voiture/paris/renault-clio-1859941
2026-09-18T00:04:17,paris,1860421,YGA:Vehicle:e04a595dce75,paris,48.83897,2.321703,0,0,270300,YGA:VehicleType:e04a595dce75,Citroen,Berlingo,2019,combustion_diesel,YGA:PricingPlan:e04a595dce75,12.0,86.0,https://fr.getaround.com/location-voiture/paris/citroen-berlingo-1860421
2026-09-18T00:04:17,paris,1860689,YGA:Vehicle:1375b0a2cc94,paris,48.826054,2.361718,0,0,576000,YGA:VehicleType:1375b0a2cc94,Renault,Trafic,2015,combustion_diesel,YGA:PricingPlan:1375b0a2cc94,6.0,52.0,https://fr.getaround.com/location-voiture/paris/renault-trafic-1860689
2026-09-18T00:04:17,paris,1863534,YGA:Vehicle:4e8568a0cd1b,paris,48.884575,2.39471,0,0,462000,YGA:VehicleType:4e8568a0cd1b,Renault,Kangoo Express,2014,combustion_diesel,YGA:PricingPlan:4e8568a0cd1b,8.0,61.0,https://fr.getaround.com/location-voiture/paris/renault-kangoo-express-1863534
2026-09-18T00:04:17,paris,1865184,YGA:Vehicle:2d6260e4bab9,paris,48.876247,2.282912,0,0,505000,YGA:VehicleType:2d6260e4bab9,Peugeot,208,2016,combustion,YGA:PricingPlan:2d6260e4bab9,4.0,33.0,https://fr.getaround.com/location-voiture/paris/peugeot-208-1865184
2026-09-18T00:04:17,paris,1865205,YGA:Vehicle:9b8696c8bb06,l-hay-les-roses,48.777046,2.350676,0,0,400000,YGA:VehicleType:9b8696c8bb06,Opel,Corsa,2022,combustion,YGA:PricingPlan:9b8696c8bb06,7.0,56.0,https://fr.getaround.com/location-voiture/l-hay-les-roses/opel-corsa-1865205
2026-09-18T00:04:17,paris,1866718,YGA:Vehicle:c566151e17cc,le-blanc-mesnil,48.930912,2.477733,0,0,332500,YGA:VehicleType:c566151e17cc,Renault,Twingo,2015,combustion,YGA:PricingPlan:c566151e17cc,4.0,30.0,https://fr.getaround.com/location-voiture/le-blanc-mesnil/renault-twingo-1866718
2026-09-18T00:04:17,paris,1866998,YGA:Vehicle:6c0a94df69eb,arcueil,48.806919,2.333735,0,0,455800,YGA:VehicleType:6c0a94df69eb,Citroen,Berlingo,2017,combustion_diesel,YGA:PricingPlan:6c0a94df69eb,6.0,46.0,https://fr.getaround.com/location-voiture/arcueil/citroen-berlingo-1866998
2026-09-18T00:04:17,paris,1868888,YGA:Vehicle:aabac7ed6283,le-bourget,48.932526,2.421792,0,0,229500,YGA:VehicleType:aabac7ed6283,Citroen,C3,2017,combustion,YGA:PricingPlan:aabac7ed6283,6.0,45.0,https://fr.getaround.com/location-voiture/le-bourget/citroen-c3-1868888
2026-09-18T00:04:17,paris,1869065,YGA:Vehicle:bd99e1a838bb,boulogne-billancourt,48.835526,2.236615,0,0,570000,YGA:VehicleType:bd99e1a838bb,Renault,Kangoo Express,2018,combustion_diesel,YGA:PricingPlan:bd99e1a838bb,6.0,50.0,https://fr.getaround.com/location-voiture/boulogne-billancourt/renault-kangoo-express-1869065
2026-09-18T00:04:17,paris,1872184,YGA:Vehicle:24e9fb3cbdcf,paris,48.828281,2.336829,0,0,576000,YGA:VehicleType:24e9fb3cbdcf,Renault,Kangoo Fourgon,2021,combustion_diesel,YGA:PricingPlan:24e9fb3cbdcf,8.0,62.0,https://fr.getaround.com/location-voiture/paris/renault-kangoo-fourgon-1872184
2026-09-18T00:04:17,paris,1873408,YGA:Vehicle:8fe6c46e8445,paris,48.889931,2.377401,0,0,336000,YGA:VehicleType:8fe6c46e8445,Toyota,Yaris Hybride,2015,hybrid,YGA:PricingPlan:8fe6c46e8445,5.0,35.0,https://fr.getaround.com/location-voiture/paris/toyota-yaris-hybride-1873408
2026-09-18T00:04:17,paris,1873820,YGA:Vehicle:a1091b1676b0,paris,48.826054,2.361718,0,0,752000,YGA:VehicleType:a1091b1676b0,Renault,Trafic,2019,combustion_diesel,YGA:PricingPlan:a1091b1676b0,7.0,61.0,https://fr.getaround.com/location-voiture/paris/renault-trafic-1873820
2026-09-18T00:04:17,paris,1874227,YGA:Vehicle:3085056d88dc,joinville-le-pont,48.829556,2.469152,0,0,163800,YGA:VehicleType:3085056d88dc,Renault,Clio,2020,combustion,YGA:PricingPlan:3085056d88dc,7.0,53.0,https://fr.getaround.com/location-voiture/joinville-le-pont/renault-clio-1874227
2026-09-18T00:04:17,paris,1874336,YGA:Vehicle:a565a4c040bb,paris,48.830517,2.276296,0,0,1029000,YGA:VehicleType:a565a4c040bb,Renault,Master,2020,combustion_diesel,YGA:PricingPlan:a565a4c040bb,11.0,83.0,https://fr.getaround.com/location-voiture/paris/renault-master-1874336
2026-09-18T00:04:17,paris,1874364,YGA:Vehicle:5ec57688d323,pantin,48.893391,2.411771,0,0,356400,YGA:VehicleType:5ec57688d323,Toyota,Yaris Hybride,2020,hybrid,YGA:PricingPlan:5ec57688d323,5.0,41.0,https://fr.getaround.com/location-voiture/pantin/toyota-yaris-hybride-1874364
2026-09-18T00:04:17,paris,1874492,YGA:Vehicle:dd1c055ab2a7,paris,48.893452,2.370119,0,0,337500,YGA:VehicleType:dd1c055ab2a7,Renault,Clio,2015,combustion,YGA:PricingPlan:dd1c055ab2a7,4.0,32.0,https://fr.getaround.com/location-voiture/paris/renault-clio-1874492
2026-09-18T00:04:17,paris,1874731,YGA:Vehicle:ab3126ce0b53,asnieres-sur-seine,48.912189,2.279901,0,0,846000,YGA:VehicleType:ab3126ce0b53,Citroen,Jumper,2020,combustion_diesel,YGA:PricingPlan:ab3126ce0b53,14.0,104.0,https://fr.getaround.com/location-voiture/asnieres-sur-seine/citroen-jumper-1874731
2026-09-18T00:04:17,paris,1877573,YGA:Vehicle:fa84962a766a,paris,48.875454,2.338336,0,0,378000,YGA:VehicleType:fa84962a766a,Renault,Clio,2021,combustion,YGA:PricingPlan:fa84962a766a,6.0,42.0,https://fr.getaround.com/location-voiture/paris/renault-clio-1877573
2026-09-18T00:04:17,paris,1878010,YGA:Vehicle:277bf61a28df,paris,48.893452,2.370119,0,0,66300,YGA:VehicleType:277bf61a28df,Renault,Clio E-tech,2021,hybrid,YGA:PricingPlan:277bf61a28df,6.0,44.0,https://fr.getaround.com/location-voiture/paris/renault-clio-e-tech-1878010
2026-09-18T00:04:17,paris,1879244,YGA:Vehicle:0425c235e189,courbevoie,48.900238,2.26593,0,0,418700,YGA:VehicleType:0425c235e189,Peugeot,308,2019,combustion,YGA:PricingPlan:0425c235e189,6.0,47.0,https://fr.getaround.com/location-voiture/courbevoie/peugeot-308-1879244
2026-09-18T00:04:17,paris,1881900,YGA:Vehicle:a136bc10d5c7,paris,48.863087,2.283558,0,0,220000,YGA:VehicleType:a136bc10d5c7,Peugeot,2008,2026,hybrid,YGA:PricingPlan:a136bc10d5c7,9.0,66.0,https://fr.getaround.com/location-voiture/paris/peugeot-2008-1881900
2026-09-18T00:04:17,paris,1881902,YGA:Vehicle:cf1ad12ec473,paris,48.88903,2.322307,0,0,387200,YGA:VehicleType:cf1ad12ec473,Peugeot,2008,2026,hybrid,YGA:PricingPlan:cf1ad12ec473,9.0,71.0,https://fr.getaround.com/location-voiture/paris/peugeot-2008-1881902
2026-09-18T00:04:17,paris,1882627,YGA:Vehicle:ed40885447ea,paris,48.884045,2.372619,0,0,588000,YGA:VehicleType:ed40885447ea,Citroen,Jumpy,2017,combustion_diesel,YGA:PricingPlan:ed40885447ea,11.0,81.0,https://fr.getaround.com/location-voiture/paris/citroen-jumpy-1882627
2026-09-18T00:04:17,paris,1883464,YGA:Vehicle:d42c2fee67af,paris,48.845078,2.37124,0,0,246400,YGA:VehicleType:d42c2fee67af,Peugeot,208,2021,combustion,YGA:PricingPlan:d42c2fee67af,6.0,44.0,https://fr.getaround.com/location-voiture/paris/peugeot-208-1883464
2026-09-18T00:04:17,paris,1883525,YGA:Vehicle:3c1a09601f39,le-plessis-robinson,48.779655,2.27451,0,0,434000,YGA:VehicleType:3c1a09601f39,Citroen,Jumpy,2019,combustion_diesel,YGA:PricingPlan:3c1a09601f39,7.0,58.0,https://fr.getaround.com/location-voiture/le-plessis-robinson/citroen-jumpy-1883525
2026-09-18T00:04:17,paris,1883676,YGA:Vehicle:8fc5b0773d17,paris,48.893452,2.370119,0,0,283500,YGA:VehicleType:8fc5b0773d17,Fiat,500,2015,combustion,YGA:PricingPlan:8fc5b0773d17,8.0,53.0,https://fr.getaround.com/location-voiture/paris/fiat-500-1883676
2026-09-18T00:04:17,paris,1884832,YGA:Vehicle:215893d6bef8,paris,48.835091,2.385921,0,0,250000,YGA:VehicleType:215893d6bef8,Renault,Kangoo Express ZE,2016,electric,YGA:PricingPlan:215893d6bef8,8.0,58.0,https://fr.getaround.com/location-voiture/paris/renault-kangoo-express-ze-1884832
2026-09-18T00:04:17,paris,1885084,YGA:Vehicle:d5de547e1cf5,paris,48.892872,2.38132,0,0,247500,YGA:VehicleType:d5de547e1cf5,Renault,Captur,2016,combustion,YGA:PricingPlan:d5de547e1cf5,5.0,35.0,https://fr.getaround.com/location-voiture/paris/renault-captur-1885084
2026-09-18T00:04:17,paris,1885189,YGA:Vehicle:b9de8f6511d4,creteil,48.772484,2.433861,0,0,450000,YGA:VehicleType:b9de8f6511d4,Renault,Clio,2016,combustion,YGA:PricingPlan:b9de8f6511d4,4.0,33.0,https://fr.getaround.com/location-voiture/creteil/renault-clio-1885189
2026-09-18T00:04:17,paris,1887120,YGA:Vehicle:aac7d2d17ca8,gentilly,48.81295,2.348257,0,0,531000,YGA:VehicleType:aac7d2d17ca8,Fiat,Ducato,2014,combustion_diesel,YGA:PricingPlan:aac7d2d17ca8,11.0,81.0,https://fr.getaround.com/location-voiture/gentilly/fiat-ducato-1887120
2026-09-18T00:04:17,paris,1887381,YGA:Vehicle:71193f2398b8,clichy,48.90332,2.318596,0,0,155400,YGA:VehicleType:71193f2398b8,Renault,Clio,2023,combustion,YGA:PricingPlan:71193f2398b8,9.0,73.0,https://fr.getaround.com/location-voiture/clichy/renault-clio-1887381
2026-09-18T00:04:17,paris,1888294,YGA:Vehicle:c9c64d988ec1,nanterre,48.916199,2.220676,0,0,558000,YGA:VehicleType:c9c64d988ec1,Citroen,Jumper,2023,combustion_diesel,YGA:PricingPlan:c9c64d988ec1,10.0,82.0,https://fr.getaround.com/location-voiture/nanterre/citroen-jumper-1888294
2026-09-18T00:04:17,paris,1890293,YGA:Vehicle:ea6adea8bede,paris,48.856808,2.406287,0,0,420000,YGA:VehicleType:ea6adea8bede,Suzuki,Swift,2026,hybrid,YGA:PricingPlan:ea6adea8bede,7.0,49.0,https://fr.getaround.com/location-voiture/paris/suzuki-swift-1890293
2026-09-18T00:04:17,paris,1890499,YGA:Vehicle:77f293f83e0e,le-plessis-robinson,48.782242,2.260711,0,0,415800,YGA:VehicleType:77f293f83e0e,Renault,Clio,2020,combustion,YGA:PricingPlan:77f293f83e0e,5.0,41.0,https://fr.getaround.com/location-voiture/le-plessis-robinson/renault-clio-1890499
2026-09-18T00:04:17,paris,1892863,YGA:Vehicle:170152d6c6d4,montrouge,48.81448,2.305563,0,0,518400,YGA:VehicleType:170152d6c6d4,Renault,Kangoo Van,2024,combustion_diesel,YGA:PricingPlan:170152d6c6d4,9.0,78.0,https://fr.getaround.com/location-voiture/montrouge/renault-kangoo-van-1892863
2026-09-18T00:04:17,paris,1892866,YGA:Vehicle:6163832f0de1,paris,48.831322,2.352931,0,0,490000,YGA:VehicleType:6163832f0de1,Citroen,Jumpy,2017,combustion_diesel,YGA:PricingPlan:6163832f0de1,11.0,81.0,https://fr.getaround.com/location-voiture/paris/citroen-jumpy-1892866
2026-09-18T00:04:17,paris,1893422,YGA:Vehicle:27acc403dc47,drancy,48.919983,2.450639,0,0,1008000,YGA:VehicleType:27acc403dc47,Renault,Master,2016,combustion_diesel,YGA:PricingPlan:27acc403dc47,7.0,49.0,https://fr.getaround.com/location-voiture/drancy/renault-master-1893422
2026-09-18T00:04:17,paris,1893731,YGA:Vehicle:505c43d8bb1d,saint-ouen-sur-seine,48.911625,2.325091,0,0,627000,YGA:VehicleType:505c43d8bb1d,Citroen,C4 Grand Spacetourer,2020,combustion_diesel,YGA:PricingPlan:505c43d8bb1d,10.0,70.0,https://fr.getaround.com/location-voiture/saint-ouen-sur-seine/citroen-c4-grand-spacetourer-1893731
2026-09-18T00:04:17,paris,1894570,YGA:Vehicle:73279aa77383,paris,48.845394,2.401418,0,0,415800,YGA:VehicleType:73279aa77383,Toyota,Yaris Hybride,2021,hybrid,YGA:PricingPlan:73279aa77383,6.0,44.0,https://fr.getaround.com/location-voiture/paris/toyota-yaris-hybride-1894570
2026-09-18T00:04:17,paris,1894656,YGA:Vehicle:99adaff24e93,clamart,48.812199,2.274233,0,0,488400,YGA:VehicleType:99adaff24e93,Peugeot,208,2021,combustion,YGA:PricingPlan:99adaff24e93,5.0,38.0,https://fr.getaround.com/location-voiture/clamart/peugeot-208-1894656
2026-09-18T00:04:17,paris,1894718,YGA:Vehicle:2d558d1bdcbc,vincennes,48.848923,2.445987,0,0,466400,YGA:VehicleType:2d558d1bdcbc,Peugeot,308,2020,combustion,YGA:PricingPlan:2d558d1bdcbc,6.0,45.0,https://fr.getaround.com/location-voiture/vincennes/peugeot-308-1894718
2026-09-18T00:04:17,paris,1895320,YGA:Vehicle:fc79ec7eea27,paris,48.859154,2.386446,0,0,340000,YGA:VehicleType:fc79ec7eea27,Volkswagen,Polo,2024,combustion,YGA:PricingPlan:fc79ec7eea27,7.0,62.0,https://fr.getaround.com/location-voiture/paris/volkswagen-polo-1895320
2026-09-18T00:04:17,paris,1895437,YGA:Vehicle:83e212454236,paris,48.838951,2.293011,0,0,488400,YGA:VehicleType:83e212454236,Peugeot,208,2025,combustion,YGA:PricingPlan:83e212454236,7.0,54.0,https://fr.getaround.com/location-voiture/paris/peugeot-208-1895437
2026-09-18T00:04:17,paris,1895650,YGA:Vehicle:2df424913c45,charenton-le-pont,48.818832,2.411359,0,0,387000,YGA:VehicleType:2df424913c45,Renault,Clio,2016,combustion,YGA:PricingPlan:2df424913c45,4.0,30.0,https://fr.getaround.com/location-voiture/charenton-le-pont/renault-clio-1895650
2026-09-18T00:04:17,paris,1895894,YGA:Vehicle:e2d93cd7637f,asnieres-sur-seine,48.923111,2.278425,0,0,405000,YGA:VehicleType:e2d93cd7637f,Citroen,C3,2018,combustion,YGA:PricingPlan:e2d93cd7637f,5.0,38.0,https://fr.getaround.com/location-voiture/asnieres-sur-seine/citroen-c3-1895894
2026-09-18T00:04:17,paris,1896157,YGA:Vehicle:aac6fe3c5bbd,villejuif,48.795731,2.353368,0,0,189000,YGA:VehicleType:aac6fe3c5bbd,Volkswagen,Polo,2015,combustion_diesel,YGA:PricingPlan:aac6fe3c5bbd,6.0,46.0,https://fr.getaround.com/location-voiture/villejuif/volkswagen-polo-1896157
2026-09-18T00:04:17,paris,1897276,YGA:Vehicle:73383d356a72,saint-denis,48.925716,2.354547,0,0,369000,YGA:VehicleType:73383d356a72,Renault,Clio Société,2017,combustion_diesel,YGA:PricingPlan:73383d356a72,4.0,35.0,https://fr.getaround.com/location-voiture/saint-denis/renault-clio-societe-1897276
2026-09-18T00:04:17,paris,1897393,YGA:Vehicle:c5b7a1886ecd,paris,48.848648,2.258542,0,0,424000,YGA:VehicleType:c5b7a1886ecd,Renault,Grand Scenic,2017,combustion_diesel,YGA:PricingPlan:c5b7a1886ecd,12.0,91.0,https://fr.getaround.com/location-voiture/paris/renault-grand-scenic-1897393
2026-09-18T00:04:17,paris,1898188,YGA:Vehicle:9e2d75b22831,boulogne-billancourt,48.842545,2.249249,0,0,232000,YGA:VehicleType:9e2d75b22831,Citroen,Jumpy,2015,combustion_diesel,YGA:PricingPlan:9e2d75b22831,6.0,47.0,https://fr.getaround.com/location-voiture/boulogne-billancourt/citroen-jumpy-1898188
2026-09-18T00:04:17,paris,1898415,YGA:Vehicle:8a26bc1cd702,paris,48.854332,2.403046,0,0,233600,YGA:VehicleType:8a26bc1cd702,Opel,Karl,2017,combustion,YGA:PricingPlan:8a26bc1cd702,8.0,58.0,https://fr.getaround.com/location-voiture/paris/opel-karl-1898415
2026-09-18T00:04:17,paris,1898548,YGA:Vehicle:ce11695cdab2,saint-ouen-sur-seine,48.909039,2.3267,0,0,300000,YGA:VehicleType:ce11695cdab2,Seat,Arona,2018,combustion,YGA:PricingPlan:ce11695cdab2,10.0,68.0,https://fr.getaround.com/location-voiture/saint-ouen-sur-seine/seat-arona-1898548
2026-09-18T00:04:17,paris,1898964,YGA:Vehicle:68d6c3d8dacb,paris,48.864017,2.273912,0,0,360000,YGA:VehicleType:68d6c3d8dacb,Renault,Trafic Passenger,2021,combustion_diesel,YGA:PricingPlan:68d6c3d8dacb,16.0,113.0,https://fr.getaround.com/location-voiture/paris/renault-trafic-passenger-1898964
2026-09-18T00:04:17,paris,1900605,YGA:Vehicle:ae7022516022,paris,48.873486,2.324448,0,0,82800,YGA:VehicleType:ae7022516022,Peugeot,Traveller,2018,combustion_diesel,YGA:PricingPlan:ae7022516022,9.0,61.0,https://fr.getaround.com/location-voiture/paris/peugeot-traveller-1900605
2026-09-18T00:04:17,paris,1900606,YGA:Vehicle:3cb67bb38859,paris,48.848759,2.401202,0,0,355000,YGA:VehicleType:3cb67bb38859,Renault,Arkana E-Tech,2022,hybrid,YGA:PricingPlan:3cb67bb38859,8.0,56.0,https://fr.getaround.com/location-voiture/paris/renault-arkana-e-tech-1900606
2026-09-18T00:04:17,paris,1900667,YGA:Vehicle:1884c5f1891d,paris,48.875538,2.364291,0,0,375000,YGA:VehicleType:1884c5f1891d,Volkswagen,Golf,2020,hybrid,YGA:PricingPlan:1884c5f1891d,12.0,90.0,https://fr.getaround.com/location-voiture/paris/volkswagen-golf-1900667
2026-09-18T00:04:17,paris,1902545,YGA:Vehicle:2c592b4bec57,paris,48.871525,2.409312,0,0,162000,YGA:VehicleType:2c592b4bec57,Fiat,Ducato,2015,combustion_diesel,YGA:PricingPlan:2c592b4bec57,8.0,58.0,https://fr.getaround.com/location-voiture/paris/fiat-ducato-1902545
2026-09-18T00:04:17,paris,1904270,YGA:Vehicle:6145582e8836,asnieres-sur-seine,48.910446,2.268811,0,0,580000,YGA:VehicleType:6145582e8836,Volkswagen,Touran,2017,combustion,YGA:PricingPlan:6145582e8836,12.0,82.0,https://fr.getaround.com/location-voiture/asnieres-sur-seine/volkswagen-touran-1904270
2026-09-18T00:04:17,paris,1904929,YGA:Vehicle:0c777e4ece4b,saint-denis,48.931469,2.350852,0,0,200000,YGA:VehicleType:0c777e4ece4b,Renault,Trafic,2019,combustion_diesel,YGA:PricingPlan:0c777e4ece4b,8.0,64.0,https://fr.getaround.com/location-voiture/saint-denis/renault-trafic-1904929
2026-09-18T00:04:17,paris,1905323,YGA:Vehicle:23f6cff369f2,paris,48.831322,2.352931,0,0,436500,YGA:VehicleType:23f6cff369f2,Renault,Clio,2019,combustion,YGA:PricingPlan:23f6cff369f2,8.0,58.0,https://fr.getaround.com/location-voiture/paris/renault-clio-1905323
2026-09-18T00:04:17,paris,1905844,YGA:Vehicle:2ad672fca43a,paris,48.856876,2.379016,0,0,144000,YGA:VehicleType:2ad672fca43a,Renault,Kangoo Express,2019,combustion_diesel,YGA:PricingPlan:2ad672fca43a,6.0,49.0,https://fr.getaround.com/location-voiture/paris/renault-kangoo-express-1905844
2026-09-18T00:04:17,paris,1907140,YGA:Vehicle:20ee809c807c,meudon,48.806744,2.243974,0,0,690000,YGA:VehicleType:20ee809c807c,Citroen,Jumpy,2018,combustion_diesel,YGA:PricingPlan:20ee809c807c,8.0,55.0,https://fr.getaround.com/location-voiture/meudon/citroen-jumpy-1907140
2026-09-18T00:04:17,paris,1909360,YGA:Vehicle:22a2784ce3ab,paris,48.845078,2.37124,0,0,241800,YGA:VehicleType:22a2784ce3ab,Renault,Clio E-tech,2023,hybrid,YGA:PricingPlan:22a2784ce3ab,7.0,58.0,https://fr.getaround.com/location-voiture/paris/renault-clio-e-tech-1909360
2026-09-18T00:04:17,paris,1909521,YGA:Vehicle:7bc0730dbe86,vitry-sur-seine,48.786556,2.377033,0,0,415000,YGA:VehicleType:7bc0730dbe86,Citroen,C3,2015,combustion,YGA:PricingPlan:7bc0730dbe86,4.0,32.0,https://fr.getaround.com/location-voiture/vitry-sur-seine/citroen-c3-1909521
2026-09-18T00:04:17,paris,1910845,YGA:Vehicle:ddda27cd0608,suresnes,48.876755,2.228471,0,0,396000,YGA:VehicleType:ddda27cd0608,Renault,Clio,2016,combustion,YGA:PricingPlan:ddda27cd0608,9.0,64.0,https://fr.getaround.com/location-voiture/suresnes/renault-clio-1910845
2026-09-18T00:04:17,paris,1910894,YGA:Vehicle:b32a024d3ffd,paris,48.850479,2.352533,0,0,317400,YGA:VehicleType:b32a024d3ffd,Citroen,Jumpy,2018,combustion_diesel,YGA:PricingPlan:b32a024d3ffd,9.0,73.0,https://fr.getaround.com/location-voiture/paris/citroen-jumpy-1910894
2026-09-18T00:04:17,paris,1911182,YGA:Vehicle:118f7f23f814,creteil,48.790874,2.450766,0,0,257400,YGA:VehicleType:118f7f23f814,Renault,Clio RS Line,2021,combustion,YGA:PricingPlan:118f7f23f814,9.0,69.0,https://fr.getaround.com/location-voiture/creteil/renault-clio-rs-line-1911182
2026-09-18T00:04:17,paris,1911322,YGA:Vehicle:61eb0820b2b3,paris,48.876884,2.368993,0,0,376200,YGA:VehicleType:61eb0820b2b3,Citroen,C4 Grand Spacetourer,2022,combustion,YGA:PricingPlan:61eb0820b2b3,7.0,52.0,https://fr.getaround.com/location-voiture/paris/citroen-c4-grand-spacetourer-1911322
2026-09-18T00:04:17,paris,1912582,YGA:Vehicle:61e256441b3f,puteaux,48.88065,2.232789,0,0,157500,YGA:VehicleType:61e256441b3f,Fiat,500,2016,combustion,YGA:PricingPlan:61e256441b3f,4.0,32.0,https://fr.getaround.com/location-voiture/puteaux/fiat-500-1912582
2026-09-18T00:04:17,paris,1913137,YGA:Vehicle:74d480460371,aubervilliers,48.91687,2.404532,0,0,137500,YGA:VehicleType:74d480460371,Peugeot,Partner,2016,combustion,YGA:PricingPlan:74d480460371,7.0,53.0,https://fr.getaround.com/location-voiture/aubervilliers/peugeot-partner-1913137
2026-09-18T00:04:17,paris,1913571,YGA:Vehicle:305964476b78,paris,48.841202,2.375059,0,0,558000,YGA:VehicleType:305964476b78,Renault,Grand Scenic,2015,combustion_diesel,YGA:PricingPlan:305964476b78,10.0,60.0,https://fr.getaround.com/location-voiture/paris/renault-grand-scenic-1913571
2026-09-18T00:04:17,paris,1915485,YGA:Vehicle:b15fa36bd28f,paris,48.831322,2.352931,0,0,690000,YGA:VehicleType:b15fa36bd28f,Citroen,Jumpy,2018,combustion_diesel,YGA:PricingPlan:b15fa36bd28f,11.0,81.0,https://fr.getaround.com/location-voiture/paris/citroen-jumpy-1915485
2026-09-18T00:04:17,paris,1915993,YGA:Vehicle:ddd5b6c24466,issy-les-moulineaux,48.826683,2.277743,0,0,468000,YGA:VehicleType:ddd5b6c24466,Citroen,C3,2020,combustion,YGA:PricingPlan:ddd5b6c24466,6.0,47.0,https://fr.getaround.com/location-voiture/issy-les-moulineaux/citroen-c3-1915993
2026-09-18T00:04:17,paris,1916379,YGA:Vehicle:96be3ccceb56,clichy,48.900444,2.312665,0,0,470000,YGA:VehicleType:96be3ccceb56,Dacia,Sandero,2016,combustion,YGA:PricingPlan:96be3ccceb56,6.0,43.0,https://fr.getaround.com/location-voiture/clichy/dacia-sandero-1916379
2026-09-18T00:04:17,paris,1916407,YGA:Vehicle:e88c149cfd0f,bondy,48.903179,2.481352,0,0,484000,YGA:VehicleType:e88c149cfd0f,Peugeot,208,2026,combustion,YGA:PricingPlan:e88c149cfd0f,7.0,56.0,https://fr.getaround.com/location-voiture/bondy/peugeot-208-1916407
2026-09-18T00:04:17,paris,1916964,YGA:Vehicle:3b5936007098,fontenay-sous-bois,48.843754,2.459803,0,0,480000,YGA:VehicleType:3b5936007098,Renault,Trafic Passenger,2017,combustion_diesel,YGA:PricingPlan:3b5936007098,13.0,96.0,https://fr.getaround.com/location-voiture/fontenay-sous-bois/renault-trafic-passenger-1916964
2026-09-18T00:04:17,paris,1919513,YGA:Vehicle:7e63fe8d2125,maisons-alfort,48.806831,2.434735,0,0,468000,YGA:VehicleType:7e63fe8d2125,Citroen,C3,2020,combustion,YGA:PricingPlan:7e63fe8d2125,5.0,42.0,https://fr.getaround.com/location-voiture/maisons-alfort/citroen-c3-1919513
2026-09-18T00:04:17,paris,1921524,YGA:Vehicle:b482bb6fd03b,romainville,48.891487,2.431104,0,0,342000,YGA:VehicleType:b482bb6fd03b,Peugeot,208,2019,combustion_diesel,YGA:PricingPlan:b482bb6fd03b,7.0,51.0,https://fr.getaround.com/location-voiture/romainville/peugeot-208-1921524
2026-09-18T00:04:17,paris,1922082,YGA:Vehicle:6941da4e83fb,paris,48.888802,2.342072,0,0,123200,YGA:VehicleType:6941da4e83fb,Peugeot,208,2021,combustion,YGA:PricingPlan:6941da4e83fb,7.0,51.0,https://fr.getaround.com/location-voiture/paris/peugeot-208-1922082
2026-09-18T00:04:17,paris,1922689,YGA:Vehicle:2cb0a1acdab9,drancy,48.935207,2.45017,0,0,185000,YGA:VehicleType:2cb0a1acdab9,Peugeot,e-208 Allure,2020,electric,YGA:PricingPlan:2cb0a1acdab9,6.0,45.0,https://fr.getaround.com/location-voiture/drancy/peugeot-e-208-allure-1922689
2026-09-18T00:04:17,paris,1924361,YGA:Vehicle:9f9bb99317c6,noisy-le-sec,48.897797,2.462026,0,0,432000,YGA:VehicleType:9f9bb99317c6,Renault,Trafic,2014,combustion_diesel,YGA:PricingPlan:9f9bb99317c6,8.0,59.0,https://fr.getaround.com/location-voiture/noisy-le-sec/renault-trafic-1924361
2026-09-18T00:04:17,paris,1926237,YGA:Vehicle:1af53ab15255,saint-maur-des-fosses,48.801037,2.484919,0,0,152100,YGA:VehicleType:1af53ab15255,Renault,Clio E-tech,2021,hybrid,YGA:PricingPlan:1af53ab15255,6.0,43.0,https://fr.getaround.com/location-voiture/saint-maur-des-fosses/renault-clio-e-tech-1926237
2026-09-18T00:04:17,paris,1926238,YGA:Vehicle:009bf317a5c8,paris,48.837868,2.280259,0,0,460000,YGA:VehicleType:009bf317a5c8,Renault,Arkana E-Tech,2022,hybrid,YGA:PricingPlan:009bf317a5c8,9.0,65.0,https://fr.getaround.com/location-voiture/paris/renault-arkana-e-tech-1926238
2026-09-18T00:04:17,paris,1926241,YGA:Vehicle:4995c8640713,alfortville,48.802238,2.416024,0,0,428400,YGA:VehicleType:4995c8640713,Renault,Clio,2020,combustion,YGA:PricingPlan:4995c8640713,5.0,39.0,https://fr.getaround.com/location-voiture/alfortville/renault-clio-1926241
2026-09-18T00:04:17,paris,1926929,YGA:Vehicle:799b9bd4632f,la-garenne-colombes,48.908669,2.257356,0,0,348000,YGA:VehicleType:799b9bd4632f,Citroen,Berlingo Multispace,2018,combustion,YGA:PricingPlan:799b9bd4632f,5.0,39.0,https://fr.getaround.com/location-voiture/la-garenne-colombes/citroen-berlingo-multispace-1926929
2026-09-18T00:04:17,paris,1927110,YGA:Vehicle:4396e87b0d6d,paris,48.877743,2.310719,0,0,216000,YGA:VehicleType:4396e87b0d6d,Renault,Clio,2015,combustion,YGA:PricingPlan:4396e87b0d6d,6.0,45.0,https://fr.getaround.com/location-voiture/paris/renault-clio-1927110
2026-09-18T00:04:17,paris,1927312,YGA:Vehicle:d5424de83b7d,le-plessis-robinson,48.776684,2.248337,0,0,350000,YGA:VehicleType:d5424de83b7d,Citroen,C3,2014,combustion,YGA:PricingPlan:d5424de83b7d,6.0,48.0,https://fr.getaround.com/location-voiture/le-plessis-robinson/citroen-c3-1927312
2026-09-18T00:04:17,paris,1927847,YGA:Vehicle:e291efa095c5,clamart,48.780769,2.229662,0,0,72000,YGA:VehicleType:e291efa095c5,Citroen,C3,2017,combustion,YGA:PricingPlan:e291efa095c5,6.0,45.0,https://fr.getaround.com/location-voiture/clamart/citroen-c3-1927847
2026-09-18T00:04:17,paris,1931171,YGA:Vehicle:e9e2e995a8be,paris,48.879532,2.287117,0,0,352000,YGA:VehicleType:e9e2e995a8be,Peugeot,208,2020,combustion,YGA:PricingPlan:e9e2e995a8be,8.0,58.0,https://fr.getaround.com/location-voiture/paris/peugeot-208-1931171
2026-09-18T00:04:17,paris,1931412,YGA:Vehicle:f5ea1edcb4c9,suresnes,48.867619,2.222647,0,0,109200,YGA:VehicleType:f5ea1edcb4c9,Toyota,Yaris 5-Door L,2019,hybrid,YGA:PricingPlan:f5ea1edcb4c9,6.0,45.0,https://fr.getaround.com/location-voiture/suresnes/toyota-yaris-5-door-l-1931412
2026-09-18T00:04:17,paris,1931610,YGA:Vehicle:71419c71584e,montreuil,48.863987,2.438289,0,0,348600,YGA:VehicleType:71419c71584e,Renault,Clio,2020,combustion,YGA:PricingPlan:71419c71584e,5.0,39.0,https://fr.getaround.com/location-voiture/montreuil/renault-clio-1931610
2026-09-18T00:04:17,paris,1931715,YGA:Vehicle:4387b5407fbb,bois-colombes,48.915226,2.268165,0,0,556500,YGA:VehicleType:4387b5407fbb,Renault,Master,2015,combustion_diesel,YGA:PricingPlan:4387b5407fbb,9.0,66.0,https://fr.getaround.com/location-voiture/bois-colombes/renault-master-1931715
2026-09-18T00:04:17,paris,1931785,YGA:Vehicle:86ad536591bc,paris,48.842091,2.401488,0,0,630000,YGA:VehicleType:86ad536591bc,Citroen,Jumpy,2017,combustion_diesel,YGA:PricingPlan:86ad536591bc,11.0,81.0,https://fr.getaround.com/location-voiture/paris/citroen-jumpy-1931785
2026-09-18T00:04:17,paris,1933224,YGA:Vehicle:2fc1ad4855ac,paris,48.852474,2.380472,0,0,396000,YGA:VehicleType:2fc1ad4855ac,Renault,Clio,2015,combustion_diesel,YGA:PricingPlan:2fc1ad4855ac,6.0,43.0,https://fr.getaround.com/location-voiture/paris/renault-clio-1933224
2026-09-18T00:04:17,paris,1934401,YGA:Vehicle:b43b5b201434,paris,48.861774,2.387602,0,0,760000,YGA:VehicleType:b43b5b201434,Citroen,Jumpy,2015,combustion_diesel,YGA:PricingPlan:b43b5b201434,6.0,47.0,https://fr.getaround.com/location-voiture/paris/citroen-jumpy-1934401
2026-09-18T00:04:17,paris,1934402,YGA:Vehicle:5e31338f2df0,paris,48.863922,2.386722,0,0,303600,YGA:VehicleType:5e31338f2df0,Citroen,Jumpy,2018,combustion_diesel,YGA:PricingPlan:5e31338f2df0,11.0,81.0,https://fr.getaround.com/location-voiture/paris/citroen-jumpy-1934402
2026-09-18T00:04:17,paris,1934404,YGA:Vehicle:60474e539284,paris,48.829281,2.348971,0,0,630000,YGA:VehicleType:60474e539284,Citroen,Jumpy,2017,combustion_diesel,YGA:PricingPlan:60474e539284,11.0,81.0,https://fr.getaround.com/location-voiture/paris/citroen-jumpy-1934404
2026-09-18T00:04:17,paris,1934408,YGA:Vehicle:323e9040cae7,paris,48.853416,2.396509,0,0,700000,YGA:VehicleType:323e9040cae7,Citroen,Jumpy,2017,combustion_diesel,YGA:PricingPlan:323e9040cae7,11.0,81.0,https://fr.getaround.com/location-voiture/paris/citroen-jumpy-1934408
2026-09-18T00:04:17,paris,1934851,YGA:Vehicle:b2a6c82a627b,neuilly-sur-seine,48.886654,2.261505,0,0,427500,YGA:VehicleType:b2a6c82a627b,Renault,Captur,2018,combustion,YGA:PricingPlan:b2a6c82a627b,7.0,48.0,https://fr.getaround.com/location-voiture/neuilly-sur-seine/renault-captur-1934851
2026-09-18T00:04:17,paris,1936283,YGA:Vehicle:57992afcc1ef,paris,48.832352,2.30264,0,0,400000,YGA:VehicleType:57992afcc1ef,Fiat,Talento Combi,2018,combustion_diesel,YGA:PricingPlan:57992afcc1ef,20.0,144.0,https://fr.getaround.com/location-voiture/paris/fiat-talento-combi-1936283
2026-09-18T00:04:17,paris,1936683,YGA:Vehicle:199cdfab54dc,fontenay-sous-bois,48.853191,2.449631,0,0,108000,YGA:VehicleType:199cdfab54dc,Citroen,C3,2020,combustion,YGA:PricingPlan:199cdfab54dc,5.0,39.0,https://fr.getaround.com/location-voiture/fontenay-sous-bois/citroen-c3-1936683
2026-09-18T00:04:17,paris,1937247,YGA:Vehicle:4e90d7c9b0a9,courbevoie,48.905827,2.276984,0,0,365200,YGA:VehicleType:4e90d7c9b0a9,Peugeot,208,2021,combustion,YGA:PricingPlan:4e90d7c9b0a9,11.0,80.0,https://fr.getaround.com/location-voiture/courbevoie/peugeot-208-1937247
2026-09-18T00:04:17,paris,1937973,YGA:Vehicle:50a7e51a194c,paris,48.890015,2.317901,0,0,325000,YGA:VehicleType:50a7e51a194c,Renault,Captur,2022,hybrid,YGA:PricingPlan:50a7e51a194c,8.0,59.0,https://fr.getaround.com/location-voiture/paris/renault-captur-1937973
2026-09-18T00:04:17,paris,1938124,YGA:Vehicle:2f953d3cf69e,le-blanc-mesnil,48.930912,2.477733,0,0,292500,YGA:VehicleType:2f953d3cf69e,Peugeot,208,2015,combustion_diesel,YGA:PricingPlan:2f953d3cf69e,5.0,34.0,https://fr.getaround.com/location-voiture/le-blanc-mesnil/peugeot-208-1938124
2026-09-18T00:04:17,paris,1938832,YGA:Vehicle:f9d47efc4904,paris,48.875454,2.338324,0,0,111800,YGA:VehicleType:f9d47efc4904,Toyota,C-HR Hybrid,2024,hybrid,YGA:PricingPlan:f9d47efc4904,8.0,58.0,https://fr.getaround.com/location-voiture/paris/toyota-c-hr-hybrid-1938832
2026-09-18T00:04:17,paris,1939763,YGA:Vehicle:03ce0aca240e,ivry-sur-seine,48.81171,2.382451,0,0,138600,YGA:VehicleType:03ce0aca240e,Renault,Clio,2025,hybrid,YGA:PricingPlan:03ce0aca240e,13.0,100.0,https://fr.getaround.com/location-voiture/ivry-sur-seine/renault-clio-1939763
2026-09-18T00:04:17,paris,1941174,YGA:Vehicle:6d97639f9e52,vanves,48.82428,2.298888,0,0,468000,YGA:VehicleType:6d97639f9e52,Citroen,C3,2020,combustion,YGA:PricingPlan:6d97639f9e52,5.0,38.0,https://fr.getaround.com/location-voiture/vanves/citroen-c3-1941174
2026-09-18T00:04:17,paris,1941317,YGA:Vehicle:6f985954a79e,malakoff,48.818714,2.309065,0,0,388000,YGA:VehicleType:6f985954a79e,Volkswagen,Polo,2023,combustion,YGA:PricingPlan:6f985954a79e,7.0,59.0,https://fr.getaround.com/location-voiture/malakoff/volkswagen-polo-1941317
2026-09-18T00:04:17,paris,1941774,YGA:Vehicle:bb3e54e64950,suresnes,48.876755,2.227892,0,0,480000,YGA:VehicleType:bb3e54e64950,Opel,Combo,2013,combustion_diesel,YGA:PricingPlan:bb3e54e64950,5.0,40.0,https://fr.getaround.com/location-voiture/suresnes/opel-combo-1941774
2026-09-18T00:04:17,paris,1941805,YGA:Vehicle:1b39755d05d1,paris,48.889931,2.377401,0,0,498000,YGA:VehicleType:1b39755d05d1,Renault,Kangoo,2019,combustion_diesel,YGA:PricingPlan:1b39755d05d1,6.0,42.0,https://fr.getaround.com/location-voiture/paris/renault-kangoo-1941805
2026-09-18T00:04:17,paris,1943149,YGA:Vehicle:6b14eafe5a00,paris,48.826054,2.361718,0,0,616000,YGA:VehicleType:6b14eafe5a00,Renault,Trafic,2021,combustion_diesel,YGA:PricingPlan:6b14eafe5a00,7.0,64.0,https://fr.getaround.com/location-voiture/paris/renault-trafic-1943149
2026-09-18T00:04:17,paris,1943675,YGA:Vehicle:a1d13f2e459e,paris,48.885838,2.334814,0,0,291500,YGA:VehicleType:a1d13f2e459e,Peugeot,308,2018,combustion,YGA:PricingPlan:a1d13f2e459e,8.0,61.0,https://fr.getaround.com/location-voiture/paris/peugeot-308-1943675
2026-09-18T00:04:17,paris,1943990,YGA:Vehicle:e60e166818ad,paris,48.876244,2.382212,0,0,202400,YGA:VehicleType:e60e166818ad,Peugeot,2008,2023,combustion,YGA:PricingPlan:e60e166818ad,7.0,56.0,https://fr.getaround.com/location-voiture/paris/peugeot-2008-1943990
2026-09-18T00:04:17,paris,1944578,YGA:Vehicle:3e07da531c14,alfortville,48.810455,2.410573,0,0,530000,YGA:VehicleType:3e07da531c14,Peugeot,308 GT,2018,combustion,YGA:PricingPlan:3e07da531c14,10.0,76.0,https://fr.getaround.com/location-voiture/alfortville/peugeot-308-gt-1944578
2026-09-18T00:04:17,paris,1945077,YGA:Vehicle:1f86ef6a616a,boulogne-billancourt,48.844097,2.231219,0,0,390500,YGA:VehicleType:1f86ef6a616a,Peugeot,5008,2017,combustion,YGA:PricingPlan:1f86ef6a616a,6.0,45.0,https://fr.getaround.com/location-voiture/boulogne-billancourt/peugeot-5008-1945077
2026-09-18T00:04:17,paris,1945819,YGA:Vehicle:05cc048f50a5,drancy,48.929127,2.459945,0,0,713900,YGA:VehicleType:05cc048f50a5,Volkswagen,Tiguan,2018,combustion_diesel,YGA:PricingPlan:05cc048f50a5,7.0,52.0,https://fr.getaround.com/location-voiture/drancy/volkswagen-tiguan-1945819
2026-09-18T00:04:17,paris,1948251,YGA:Vehicle:26224d0dd88f,paris,48.837791,2.280099,0,0,517500,YGA:VehicleType:26224d0dd88f,Citroen,Jumpy,2018,combustion_diesel,YGA:PricingPlan:26224d0dd88f,8.0,62.0,https://fr.getaround.com/location-voiture/paris/citroen-jumpy-1948251
2026-09-18T00:04:17,paris,1950027,YGA:Vehicle:7f090042ff6e,paris,48.842075,2.395825,0,0,340000,YGA:VehicleType:7f090042ff6e,Renault,Arkana E-Tech,2022,hybrid,YGA:PricingPlan:7f090042ff6e,8.0,56.0,https://fr.getaround.com/location-voiture/paris/renault-arkana-e-tech-1950027
2026-09-18T00:04:17,paris,1951596,YGA:Vehicle:264dcdc58ea5,saint-maur-des-fosses,48.812141,2.471096,0,0,369600,YGA:VehicleType:264dcdc58ea5,Renault,Clio,2020,combustion,YGA:PricingPlan:264dcdc58ea5,5.0,37.0,https://fr.getaround.com/location-voiture/saint-maur-des-fosses/renault-clio-1951596
2026-09-18T00:04:17,paris,1951600,YGA:Vehicle:b9525ae1f818,paris,48.878567,2.369328,0,0,450000,YGA:VehicleType:b9525ae1f818,Renault,Kangoo Express,2014,combustion_diesel,YGA:PricingPlan:b9525ae1f818,6.0,47.0,https://fr.getaround.com/location-voiture/paris/renault-kangoo-express-1951600
2026-09-18T00:04:17,paris,1951857,YGA:Vehicle:fa484fbc2e60,gentilly,48.816292,2.340532,0,0,313600,YGA:VehicleType:fa484fbc2e60,Opel,Karl,2015,combustion,YGA:PricingPlan:fa484fbc2e60,4.0,32.0,https://fr.getaround.com/location-voiture/gentilly/opel-karl-1951857
2026-09-18T00:04:17,paris,1954675,YGA:Vehicle:42b66421d3e8,paris,48.895603,2.388069,0,0,143500,YGA:VehicleType:42b66421d3e8,Fiat,500,2017,combustion,YGA:PricingPlan:42b66421d3e8,5.0,42.0,https://fr.getaround.com/location-voiture/paris/fiat-500-1954675
2026-09-18T00:04:17,paris,1954891,YGA:Vehicle:1f70ed7fc2c5,clamart,48.783176,2.23454,0,0,546000,YGA:VehicleType:1f70ed7fc2c5,Renault,Kangoo Fourgon,2021,combustion_diesel,YGA:PricingPlan:1f70ed7fc2c5,7.0,53.0,https://fr.getaround.com/location-voiture/clamart/renault-kangoo-fourgon-1954891
2026-09-18T00:04:17,paris,1957046,YGA:Vehicle:858268cc43db,courbevoie,48.905663,2.268615,0,0,576000,YGA:VehicleType:858268cc43db,Renault,Kangoo Express,2017,combustion_diesel,YGA:PricingPlan:858268cc43db,6.0,45.0,https://fr.getaround.com/location-voiture/courbevoie/renault-kangoo-express-1957046
2026-09-18T00:04:17,paris,1959495,YGA:Vehicle:6d3ee4069e7e,la-garenne-colombes,48.909691,2.247098,0,0,900000,YGA:VehicleType:6d3ee4069e7e,Peugeot,Boxer,2019,combustion_diesel,YGA:PricingPlan:6d3ee4069e7e,9.0,70.0,https://fr.getaround.com/location-voiture/la-garenne-colombes/peugeot-boxer-1959495
2026-09-18T00:04:17,paris,1960051,YGA:Vehicle:18f6f9019a53,maisons-alfort,48.810951,2.423475,0,0,198000,YGA:VehicleType:18f6f9019a53,Renault,Kangoo Express,2015,combustion_diesel,YGA:PricingPlan:18f6f9019a53,6.0,44.0,https://fr.getaround.com/location-voiture/maisons-alfort/renault-kangoo-express-1960051
2026-09-18T00:04:17,paris,1960254,YGA:Vehicle:d6fe90bd39c0,paris,48.875408,2.363313,0,0,720000,YGA:VehicleType:d6fe90bd39c0,Renault,Trafic,2018,combustion_diesel,YGA:PricingPlan:d6fe90bd39c0,10.0,73.0,https://fr.getaround.com/location-voiture/paris/renault-trafic-1960254
2026-09-18T00:04:17,paris,1960265,YGA:Vehicle:2f87d52b7ba5,paris,48.856949,2.375985,0,0,420000,YGA:VehicleType:2f87d52b7ba5,Citroen,Berlingo,2021,combustion,YGA:PricingPlan:2f87d52b7ba5,8.0,57.0,https://fr.getaround.com/location-voiture/paris/citroen-berlingo-1960265
2026-09-18T00:04:17,paris,1960813,YGA:Vehicle:3ab5019a09a1,courbevoie,48.890678,2.254113,0,0,287000,YGA:VehicleType:3ab5019a09a1,Renault,Twingo III,2015,combustion,YGA:PricingPlan:3ab5019a09a1,4.0,31.0,https://fr.getaround.com/location-voiture/courbevoie/renault-twingo-iii-1960813
2026-09-18T00:04:17,paris,1960937,YGA:Vehicle:3b926bfa244d,paris,48.869446,2.388356,0,0,303600,YGA:VehicleType:3b926bfa244d,Citroen,Jumpy,2018,combustion_diesel,YGA:PricingPlan:3b926bfa244d,11.0,76.0,https://fr.getaround.com/location-voiture/paris/citroen-jumpy-1960937
2026-09-18T00:04:17,paris,1962354,YGA:Vehicle:be3065ba1c6a,clamart,48.780399,2.232029,0,0,704000,YGA:VehicleType:be3065ba1c6a,Renault,Trafic,2019,combustion_diesel,YGA:PricingPlan:be3065ba1c6a,8.0,61.0,https://fr.getaround.com/location-voiture/clamart/renault-trafic-1962354
2026-09-18T00:04:17,paris,1962941,YGA:Vehicle:adfee38b1dee,le-bourget,48.932129,2.429211,0,0,513000,YGA:VehicleType:adfee38b1dee,Peugeot,Boxer,2018,combustion_diesel,YGA:PricingPlan:adfee38b1dee,13.0,89.0,https://fr.getaround.com/location-voiture/le-bourget/peugeot-boxer-1962941
2026-09-18T00:04:17,paris,1963500,YGA:Vehicle:ba3a346c3108,antony,48.769848,2.31632,0,0,270000,YGA:VehicleType:ba3a346c3108,Renault,Kangoo,2016,combustion_diesel,YGA:PricingPlan:ba3a346c3108,5.0,35.0,https://fr.getaround.com/location-voiture/antony/renault-kangoo-1963500
2026-09-18T00:04:17,paris,1964047,YGA:Vehicle:239c12e86e21,boulogne-billancourt,48.834209,2.239807,0,0,316800,YGA:VehicleType:239c12e86e21,Peugeot,208,2021,combustion,YGA:PricingPlan:239c12e86e21,5.0,41.0,https://fr.getaround.com/location-voiture/boulogne-billancourt/peugeot-208-1964047
2026-09-18T00:04:17,paris,1967808,YGA:Vehicle:0e25aae3bdc0,la-courneuve,48.932438,2.391742,0,0,328000,YGA:VehicleType:0e25aae3bdc0,Nissan,Micra,2020,combustion,YGA:PricingPlan:0e25aae3bdc0,5.0,36.0,https://fr.getaround.com/location-voiture/la-courneuve/nissan-micra-1967808
2026-09-18T00:04:17,paris,1968555,YGA:Vehicle:01fc31d6598c,paris,48.84306,2.276244,0,0,216000,YGA:VehicleType:01fc31d6598c,Toyota,Yaris Hybride,2026,hybrid,YGA:PricingPlan:01fc31d6598c,8.0,64.0,https://fr.getaround.com/location-voiture/paris/toyota-yaris-hybride-1968555
2026-09-18T00:04:17,paris,1968559,YGA:Vehicle:a2f721317615,montrouge,48.81778,2.329279,0,0,216000,YGA:VehicleType:a2f721317615,Toyota,Yaris Hybride,2026,hybrid,YGA:PricingPlan:a2f721317615,8.0,64.0,https://fr.getaround.com/location-voiture/montrouge/toyota-yaris-hybride-1968559
2026-09-18T00:04:17,paris,1968740,YGA:Vehicle:7853da77e540,fontenay-aux-roses,48.789253,2.275593,0,0,640000,YGA:VehicleType:7853da77e540,Renault,Trafic,2018,combustion_diesel,YGA:PricingPlan:7853da77e540,8.0,55.0,https://fr.getaround.com/location-voiture/fontenay-aux-roses/renault-trafic-1968740
2026-09-18T00:04:17,paris,1969206,YGA:Vehicle:b65c49d04c4d,paris,48.845379,2.307593,0,0,336000,YGA:VehicleType:b65c49d04c4d,Toyota,Yaris,2017,combustion,YGA:PricingPlan:b65c49d04c4d,10.0,70.0,https://fr.getaround.com/location-voiture/paris/toyota-yaris-1969206
2026-09-18T00:04:17,paris,1970669,YGA:Vehicle:0359ab2cb5ae,colombes,48.923813,2.259246,0,0,576000,YGA:VehicleType:0359ab2cb5ae,Renault,Kangoo Express,2020,combustion_diesel,YGA:PricingPlan:0359ab2cb5ae,6.0,47.0,https://fr.getaround.com/location-voiture/colombes/renault-kangoo-express-1970669
2026-09-18T00:04:17,paris,1971504,YGA:Vehicle:e6d5b92e4517,saint-maur-des-fosses,48.807854,2.468924,0,0,600000,YGA:VehicleType:e6d5b92e4517,Renault,Kangoo Express,2017,combustion_diesel,YGA:PricingPlan:e6d5b92e4517,10.0,68.0,https://fr.getaround.com/location-voiture/saint-maur-des-fosses/renault-kangoo-express-1971504
2026-09-18T00:04:17,paris,1974202,YGA:Vehicle:49b538608b25,vanves,48.82428,2.298888,0,0,400000,YGA:VehicleType:49b538608b25,Fiat,500L,2016,combustion_diesel,YGA:PricingPlan:49b538608b25,5.0,35.0,https://fr.getaround.com/location-voiture/vanves/fiat-500l-1974202
2026-09-18T00:04:17,paris,1977205,YGA:Vehicle:1254c358860b,paris,48.839157,2.381831,0,0,297000,YGA:VehicleType:1254c358860b,Renault,Clio,2017,combustion,YGA:PricingPlan:1254c358860b,6.0,47.0,https://fr.getaround.com/location-voiture/paris/renault-clio-1977205
2026-09-18T00:04:17,meaux,1009439,YGA:Vehicle:dbbd215ab4a7,meaux,48.954048,2.879497,0,0,319500,YGA:VehicleType:dbbd215ab4a7,Citroen,C3,2022,combustion,YGA:PricingPlan:dbbd215ab4a7,8.0,56.0,https://fr.getaround.com/location-voiture/meaux/citroen-c3-1009439
2026-09-18T00:04:17,meaux,1070089,YGA:Vehicle:071edf6a6a8f,meaux,48.95116,2.888571,0,0,350000,YGA:VehicleType:071edf6a6a8f,Renault,Twingo,2016,combustion,YGA:PricingPlan:071edf6a6a8f,6.0,43.0,https://fr.getaround.com/location-voiture/meaux/renault-twingo-1070089
2026-09-18T00:04:17,meaux,1213832,YGA:Vehicle:e6c832c025c1,chessy,48.870445,2.782824,0,0,70000,YGA:VehicleType:e6c832c025c1,Renault,Twingo III,2020,combustion,YGA:PricingPlan:e6c832c025c1,5.0,39.0,https://fr.getaround.com/location-voiture/chessy/renault-twingo-iii-1213832
2026-09-18T00:04:17,meaux,1492679,YGA:Vehicle:f5214aecc83a,meaux,48.954048,2.879497,0,0,415800,YGA:VehicleType:f5214aecc83a,Renault,Clio,2021,combustion,YGA:PricingPlan:f5214aecc83a,5.0,38.0,https://fr.getaround.com/location-voiture/meaux/renault-clio-1492679
2026-09-18T00:04:17,meaux,1654119,YGA:Vehicle:11996bb22b77,meaux,48.95224,2.887572,0,0,357000,YGA:VehicleType:11996bb22b77,Renault,Master,2021,combustion_diesel,YGA:PricingPlan:11996bb22b77,13.0,94.0,https://fr.getaround.com/location-voiture/meaux/renault-master-1654119
2026-09-18T00:04:17,meaux,1697520,YGA:Vehicle:f652790e7eda,meaux,48.952145,2.886746,0,0,192000,YGA:VehicleType:f652790e7eda,Renault,Scenic,2015,combustion,YGA:PricingPlan:f652790e7eda,10.0,69.0,https://fr.getaround.com/location-voiture/meaux/renault-scenic-1697520
2026-09-18T00:04:17,meaux,1707343,YGA:Vehicle:9f342659be69,chessy,48.870979,2.783669,0,0,95000,YGA:VehicleType:9f342659be69,Peugeot,208,2016,combustion,YGA:PricingPlan:9f342659be69,4.0,33.0,https://fr.getaround.com/location-voiture/chessy/peugeot-208-1707343
2026-09-18T00:04:17,meaux,1750873,YGA:Vehicle:61d9d7358211,meaux,48.95116,2.888571,0,0,367500,YGA:VehicleType:61d9d7358211,Renault,Twingo III,2015,combustion,YGA:PricingPlan:61d9d7358211,5.0,39.0,https://fr.getaround.com/location-voiture/meaux/renault-twingo-iii-1750873
2026-09-18T00:04:17,meaux,1827706,YGA:Vehicle:78ef7b53868e,meaux,48.951782,2.911631,0,0,588000,YGA:VehicleType:78ef7b53868e,Renault,Master,2019,combustion_diesel,YGA:PricingPlan:78ef7b53868e,9.0,67.0,https://fr.getaround.com/location-voiture/meaux/renault-master-1827706
2026-09-18T00:04:17,meaux,1832794,YGA:Vehicle:1d405c78047c,meaux,48.952435,2.887069,0,0,180000,YGA:VehicleType:1d405c78047c,Seat,Arona,2019,combustion,YGA:PricingPlan:1d405c78047c,9.0,67.0,https://fr.getaround.com/location-voiture/meaux/seat-arona-1832794
2026-09-18T00:04:17,meaux,1833022,YGA:Vehicle:4d259ff4a8b5,chessy,48.870445,2.782824,0,0,465000,YGA:VehicleType:4d259ff4a8b5,Peugeot,208,2018,combustion,YGA:PricingPlan:4d259ff4a8b5,5.0,38.0,https://fr.getaround.com/location-voiture/chessy/peugeot-208-1833022
2026-09-18T00:04:17,meaux,1840454,YGA:Vehicle:9c6f747e07cc,meaux,48.957542,2.874732,0,0,440000,YGA:VehicleType:9c6f747e07cc,Opel,Corsa,2020,combustion,YGA:PricingPlan:9c6f747e07cc,8.0,59.0,https://fr.getaround.com/location-voiture/meaux/opel-corsa-1840454
2026-09-18T00:04:17,meaux,1840681,YGA:Vehicle:988b677daa61,chessy,48.870445,2.782824,0,0,405000,YGA:VehicleType:988b677daa61,Renault,Captur,2019,combustion,YGA:PricingPlan:988b677daa61,7.0,55.0,https://fr.getaround.com/location-voiture/chessy/renault-captur-1840681
2026-09-18T00:04:17,meaux,1872085,YGA:Vehicle:bce474b51e62,meaux,48.951729,2.91183,0,0,530000,YGA:VehicleType:bce474b51e62,Citroen,Berlingo,2019,combustion_diesel,YGA:PricingPlan:bce474b51e62,7.0,56.0,https://fr.getaround.com/location-voiture/meaux/citroen-berlingo-1872085
2026-09-18T00:04:17,meaux,1884196,YGA:Vehicle:948a66755aab,meaux,48.941586,2.880115,0,0,306000,YGA:VehicleType:948a66755aab,Citroen,C3,2015,combustion_diesel,YGA:PricingPlan:948a66755aab,6.0,43.0,https://fr.getaround.com/location-voiture/meaux/citroen-c3-1884196
2026-09-18T00:04:17,meaux,1886152,YGA:Vehicle:1ec307c14086,esbly,48.907074,2.807484,0,0,301500,YGA:VehicleType:1ec307c14086,Renault,Clio,2019,combustion,YGA:PricingPlan:1ec307c14086,7.0,49.0,https://fr.getaround.com/location-voiture/esbly/renault-clio-1886152
2026-09-18T00:04:17,meaux,1886858,YGA:Vehicle:6a226a3accd5,chessy,48.870445,2.782824,0,0,530000,YGA:VehicleType:6a226a3accd5,Peugeot,308,2021,combustion,YGA:PricingPlan:6a226a3accd5,8.0,61.0,https://fr.getaround.com/location-voiture/chessy/peugeot-308-1886858
2026-09-18T00:04:17,meaux,1922754,YGA:Vehicle:04a7d1f1b1b2,montevrain,48.877571,2.750291,0,0,281400,YGA:VehicleType:04a7d1f1b1b2,Renault,Clio,2021,combustion,YGA:PricingPlan:04a7d1f1b1b2,5.0,41.0,https://fr.getaround.com/location-voiture/montevrain/renault-clio-1922754
2026-09-18T00:04:17,meaux,1924425,YGA:Vehicle:22a3be1faa87,chessy,48.870445,2.782824,0,0,301000,YGA:VehicleType:22a3be1faa87,Renault,Twingo III,2015,combustion,YGA:PricingPlan:22a3be1faa87,6.0,42.0,https://fr.getaround.com/location-voiture/chessy/renault-twingo-iii-1924425
2026-09-18T00:04:17,meaux,1924436,YGA:Vehicle:79cb7bf213e0,chessy,48.871929,2.783725,0,0,290500,YGA:VehicleType:79cb7bf213e0,Renault,Twingo III,2015,combustion,YGA:PricingPlan:79cb7bf213e0,6.0,42.0,https://fr.getaround.com/location-voiture/chessy/renault-twingo-iii-1924436
2026-09-18T00:04:17,meaux,1951318,YGA:Vehicle:4f87504438ce,chessy,48.87225,2.783455,0,0,241500,YGA:VehicleType:4f87504438ce,Citroen,SpaceTourer,2024,combustion_diesel,YGA:PricingPlan:4f87504438ce,20.0,135.0,https://fr.getaround.com/location-voiture/chessy/citroen-spacetourer-1951318
2026-09-18T00:04:17,meaux,1957138,YGA:Vehicle:c90d7131132d,meaux,48.952614,2.910954,0,0,891000,YGA:VehicleType:c90d7131132d,Fiat,Ducato,2019,combustion_diesel,YGA:PricingPlan:c90d7131132d,7.0,53.0,https://fr.getaround.com/location-voiture/meaux/fiat-ducato-1957138
2026-09-18T00:04:17,chessy,635055,YGA:Vehicle:3543676ee067,bussy-saint-georges,48.840614,2.712346,0,0,288000,YGA:VehicleType:3543676ee067,Fiat,Panda,2019,combustion,YGA:PricingPlan:3543676ee067,5.0,36.0,https://fr.getaround.com/location-voiture/bussy-saint-georges/fiat-panda-635055
2026-09-18T00:04:17,chessy,648063,YGA:Vehicle:4af08d1d1e73,bussy-saint-georges,48.83963,2.708837,0,0,280000,YGA:VehicleType:4af08d1d1e73,Suzuki,Celerio,2018,combustion,YGA:PricingPlan:4af08d1d1e73,5.0,35.0,https://fr.getaround.com/location-voiture/bussy-saint-georges/suzuki-celerio-648063
2026-09-18T00:04:17,chessy,869554,YGA:Vehicle:36be5407f980,lognes,48.839088,2.6337,0,0,346500,YGA:VehicleType:36be5407f980,Renault,Clio,2015,combustion_diesel,YGA:PricingPlan:36be5407f980,5.0,39.0,https://fr.getaround.com/location-voiture/lognes/renault-clio-869554
2026-09-18T00:04:17,chessy,972349,YGA:Vehicle:b457f46d4d75,lognes,48.839085,2.632072,0,0,319500,YGA:VehicleType:b457f46d4d75,Renault,Clio,2015,combustion_diesel,YGA:PricingPlan:b457f46d4d75,5.0,39.0,https://fr.getaround.com/location-voiture/lognes/renault-clio-972349
2026-09-18T00:04:17,chessy,1002023,YGA:Vehicle:d2518e2f27eb,bussy-saint-georges,48.838642,2.709033,0,0,114400,YGA:VehicleType:d2518e2f27eb,Peugeot,208,2021,combustion,YGA:PricingPlan:d2518e2f27eb,7.0,46.0,https://fr.getaround.com/location-voiture/bussy-saint-georges/peugeot-208-1002023
2026-09-18T00:04:17,chessy,1069282,YGA:Vehicle:c0641fa10c3b,chessy,48.866543,2.782466,0,0,269500,YGA:VehicleType:c0641fa10c3b,Volkswagen,Up!,2013,combustion,YGA:PricingPlan:c0641fa10c3b,5.0,36.0,https://fr.getaround.com/location-voiture/chessy/volkswagen-up-1069282
2026-09-18T00:04:17,chessy,1097699,YGA:Vehicle:a901ad5155f4,chessy,48.866543,2.782466,0,0,418500,YGA:VehicleType:a901ad5155f4,Skoda,Fabia,2014,combustion,YGA:PricingPlan:a901ad5155f4,5.0,37.0,https://fr.getaround.com/location-voiture/chessy/skoda-fabia-1097699
2026-09-18T00:04:17,chessy,1136506,YGA:Vehicle:726a92c76007,ferrieres-en-brie,48.822258,2.703887,0,0,248000,YGA:VehicleType:726a92c76007,Citroen,Jumpy,2011,combustion_diesel,YGA:PricingPlan:726a92c76007,7.0,56.0,https://fr.getaround.com/location-voiture/ferrieres-en-brie/citroen-jumpy-1136506
2026-09-18T00:04:17,chessy,1146129,YGA:Vehicle:1ba896c6118b,torcy,48.839039,2.65484,0,0,339500,YGA:VehicleType:1ba896c6118b,Fiat,500,2015,combustion,YGA:PricingPlan:1ba896c6118b,4.0,30.0,https://fr.getaround.com/location-voiture/torcy/fiat-500-1146129
2026-09-18T00:04:17,chessy,1159484,YGA:Vehicle:63c845a6b1b8,torcy,48.850121,2.656413,0,0,200600,YGA:VehicleType:63c845a6b1b8,Smart,Fortwo Coupé,2015,combustion,YGA:PricingPlan:63c845a6b1b8,9.0,61.0,https://fr.getaround.com/location-voiture/torcy/smart-fortwo-coupe-1159484
2026-09-18T00:04:17,chessy,1174409,YGA:Vehicle:2ab6300090f9,chessy,48.86829,2.784206,0,0,339500,YGA:VehicleType:2ab6300090f9,Volkswagen,Up!,2012,combustion,YGA:PricingPlan:2ab6300090f9,5.0,36.0,https://fr.getaround.com/location-voiture/chessy/volkswagen-up-1174409
2026-09-18T00:04:17,chessy,1191746,YGA:Vehicle:53bece25e665,chessy,48.867104,2.78334,0,0,252000,YGA:VehicleType:53bece25e665,Renault,Clio,2020,combustion,YGA:PricingPlan:53bece25e665,5.0,40.0,https://fr.getaround.com/location-voiture/chessy/renault-clio-1191746
2026-09-18T00:04:17,chessy,1207367,YGA:Vehicle:319658c9ae9f,bussy-saint-georges,48.840549,2.711737,0,0,187200,YGA:VehicleType:319658c9ae9f,Peugeot,508 SW,2017,combustion_diesel,YGA:PricingPlan:319658c9ae9f,7.0,55.0,https://fr.getaround.com/location-voiture/bussy-saint-georges/peugeot-508-sw-1207367
2026-09-18T00:04:17,chessy,1332978,YGA:Vehicle:57a93b04c512,torcy,48.849659,2.653478,0,0,800000,YGA:VehicleType:57a93b04c512,Renault,Trafic,2019,combustion_diesel,YGA:PricingPlan:57a93b04c512,11.0,86.0,https://fr.getaround.com/location-voiture/torcy/renault-trafic-1332978
2026-09-18T00:04:17,chessy,1336183,YGA:Vehicle:80799f86d21d,chessy,48.867104,2.78334,0,0,490000,YGA:VehicleType:80799f86d21d,Peugeot,208,2017,combustion,YGA:PricingPlan:80799f86d21d,5.0,36.0,https://fr.getaround.com/location-voiture/chessy/peugeot-208-1336183
2026-09-18T00:04:17,chessy,1344767,YGA:Vehicle:377881954f4a,bussy-saint-georges,48.836399,2.708035,0,0,296700,YGA:VehicleType:377881954f4a,Toyota,C-HR,2019,hybrid,YGA:PricingPlan:377881954f4a,8.0,62.0,https://fr.getaround.com/location-voiture/bussy-saint-georges/toyota-c-hr-1344767
2026-09-18T00:04:17,chessy,1351242,YGA:Vehicle:b477f85d2b12,chessy,48.86829,2.784206,0,0,311500,YGA:VehicleType:b477f85d2b12,Citroen,C1 II,2016,combustion,YGA:PricingPlan:b477f85d2b12,5.0,35.0,https://fr.getaround.com/location-voiture/chessy/citroen-c1-ii-1351242
2026-09-18T00:04:17,chessy,1405972,YGA:Vehicle:76d3f3d97145,chessy,48.868595,2.782622,0,0,642000,YGA:VehicleType:76d3f3d97145,Citroen,C4,2017,combustion,YGA:PricingPlan:76d3f3d97145,8.0,57.0,https://fr.getaround.com/location-voiture/chessy/citroen-c4-1405972
2026-09-18T00:04:17,chessy,1408808,YGA:Vehicle:8b62d47c6a9a,montevrain,48.853985,2.769703,0,0,350000,YGA:VehicleType:8b62d47c6a9a,Volkswagen,Up!,2013,combustion,YGA:PricingPlan:8b62d47c6a9a,4.0,33.0,https://fr.getaround.com/location-voiture/montevrain/volkswagen-up-1408808
2026-09-18T00:04:17,chessy,1441048,YGA:Vehicle:7a8baaa6af7a,chessy,48.867104,2.78334,0,0,318000,YGA:VehicleType:7a8baaa6af7a,Peugeot,308,2020,combustion,YGA:PricingPlan:7a8baaa6af7a,6.0,50.0,https://fr.getaround.com/location-voiture/chessy/peugeot-308-1441048
2026-09-18T00:04:17,chessy,1452883,YGA:Vehicle:860876b598ae,roissy-en-brie,48.794415,2.647378,0,0,824000,YGA:VehicleType:860876b598ae,Renault,Trafic,2020,combustion_diesel,YGA:PricingPlan:860876b598ae,11.0,84.0,https://fr.getaround.com/location-voiture/roissy-en-brie/renault-trafic-1452883
2026-09-18T00:04:17,chessy,1455324,YGA:Vehicle:84337b5e6318,chessy,48.867104,2.78334,0,0,9000,YGA:VehicleType:84337b5e6318,Renault,Clio,2018,combustion_diesel,YGA:PricingPlan:84337b5e6318,5.0,39.0,https://fr.getaround.com/location-voiture/chessy/renault-clio-1455324
2026-09-18T00:04:17,chessy,1455403,YGA:Vehicle:11df66d5b9a4,ferrieres-en-brie,48.822258,2.703887,0,0,568000,YGA:VehicleType:11df66d5b9a4,Citroen,Jumpy,2013,combustion_diesel,YGA:PricingPlan:11df66d5b9a4,7.0,56.0,https://fr.getaround.com/location-voiture/ferrieres-en-brie/citroen-jumpy-1455403
2026-09-18T00:04:17,chessy,1460670,YGA:Vehicle:2380b67d3210,roissy-en-brie,48.79546,2.648707,0,0,693000,YGA:VehicleType:2380b67d3210,Renault,Trafic,2014,combustion_diesel,YGA:PricingPlan:2380b67d3210,9.0,68.0,https://fr.getaround.com/location-voiture/roissy-en-brie/renault-trafic-1460670
2026-09-18T00:04:17,chessy,1482149,YGA:Vehicle:e3dfe48901d2,thorigny-sur-marne,48.881889,2.704336,0,0,57200,YGA:VehicleType:e3dfe48901d2,Peugeot,2008,2020,combustion,YGA:PricingPlan:e3dfe48901d2,12.0,88.0,https://fr.getaround.com/location-voiture/thorigny-sur-marne/peugeot-2008-1482149
2026-09-18T00:04:17,chessy,1484615,YGA:Vehicle:58be9fdbe5cb,lognes,48.838909,2.633609,0,0,413000,YGA:VehicleType:58be9fdbe5cb,Renault,Trafic Passenger,2024,combustion_diesel,YGA:PricingPlan:58be9fdbe5cb,16.0,121.0,https://fr.getaround.com/location-voiture/lognes/renault-trafic-passenger-1484615
2026-09-18T00:04:17,chessy,1488292,YGA:Vehicle:2d9a15c2616a,roissy-en-brie,48.794994,2.649178,0,0,400000,YGA:VehicleType:2d9a15c2616a,Seat,Ibiza,2020,combustion,YGA:PricingPlan:2d9a15c2616a,7.0,48.0,https://fr.getaround.com/location-voiture/roissy-en-brie/seat-ibiza-1488292
2026-09-18T00:04:17,chessy,1535527,YGA:Vehicle:f24fccdc4771,collegien,48.837524,2.671171,0,0,482300,YGA:VehicleType:f24fccdc4771,Renault,Grand Scenic,2017,combustion,YGA:PricingPlan:f24fccdc4771,14.0,99.0,https://fr.getaround.com/location-voiture/collegien/renault-grand-scenic-1535527
2026-09-18T00:04:17,chessy,1575249,YGA:Vehicle:bb08714475a4,montevrain,48.854469,2.762485,0,0,472000,YGA:VehicleType:bb08714475a4,Renault,Trafic,2016,combustion_diesel,YGA:PricingPlan:bb08714475a4,6.0,47.0,https://fr.getaround.com/location-voiture/montevrain/renault-trafic-1575249
2026-09-18T00:04:17,chessy,1605730,YGA:Vehicle:160bd2bc26a4,bussy-saint-georges,48.839104,2.656198,0,0,307400,YGA:VehicleType:160bd2bc26a4,Peugeot,308,2018,combustion_diesel,YGA:PricingPlan:160bd2bc26a4,6.0,43.0,https://fr.getaround.com/location-voiture/bussy-saint-georges/peugeot-308-1605730
2026-09-18T00:04:17,chessy,1618259,YGA:Vehicle:d0e93ceb7f87,chessy,48.87006,2.782137,0,0,441000,YGA:VehicleType:d0e93ceb7f87,Lancia,Ypsilon,2014,combustion,YGA:PricingPlan:d0e93ceb7f87,6.0,44.0,https://fr.getaround.com/location-voiture/chessy/lancia-ypsilon-1618259
2026-09-18T00:04:17,chessy,1618857,YGA:Vehicle:81fe262be3b1,bussy-saint-georges,48.834312,2.717382,0,0,450000,YGA:VehicleType:81fe262be3b1,Renault,Captur,2017,combustion,YGA:PricingPlan:81fe262be3b1,5.0,40.0,https://fr.getaround.com/location-voiture/bussy-saint-georges/renault-captur-1618857
2026-09-18T00:04:17,chessy,1636377,YGA:Vehicle:53f254adaec3,le-pin,48.915169,2.631169,0,0,464000,YGA:VehicleType:53f254adaec3,Renault,Trafic,2019,combustion_diesel,YGA:PricingPlan:53f254adaec3,9.0,73.0,https://fr.getaround.com/location-voiture/le-pin/renault-trafic-1636377
2026-09-18T00:04:17,chessy,1650515,YGA:Vehicle:2211cbadc82e,bussy-saint-georges,48.835552,2.707155,0,0,268000,YGA:VehicleType:2211cbadc82e,Volkswagen,T-Cross,2024,combustion,YGA:PricingPlan:2211cbadc82e,8.0,62.0,https://fr.getaround.com/location-voiture/bussy-saint-georges/volkswagen-t-cross-1650515
2026-09-18T00:04:17,chessy,1685156,YGA:Vehicle:e366058aeb1a,serris,48.855129,2.783515,0,0,208000,YGA:VehicleType:e366058aeb1a,Volkswagen,Polo,2024,combustion,YGA:PricingPlan:e366058aeb1a,13.0,102.0,https://fr.getaround.com/location-voiture/serris/volkswagen-polo-1685156
2026-09-18T00:04:17,chessy,1692243,YGA:Vehicle:b53e4890b050,torcy,48.838451,2.658149,0,0,800000,YGA:VehicleType:b53e4890b050,Citroen,Jumpy,2016,combustion_diesel,YGA:PricingPlan:b53e4890b050,7.0,56.0,https://fr.getaround.com/location-voiture/torcy/citroen-jumpy-1692243
2026-09-18T00:04:17,chessy,1703776,YGA:Vehicle:fc3305932dba,chessy,48.867226,2.782429,0,0,90000,YGA:VehicleType:fc3305932dba,Peugeot,208,2015,combustion,YGA:PricingPlan:fc3305932dba,4.0,32.0,https://fr.getaround.com/location-voiture/chessy/peugeot-208-1703776
2026-09-18T00:04:17,chessy,1708318,YGA:Vehicle:a9d9ab96028a,lognes,48.839474,2.631181,0,0,423500,YGA:VehicleType:a9d9ab96028a,Peugeot,5008,2024,combustion_diesel,YGA:PricingPlan:a9d9ab96028a,16.0,119.0,https://fr.getaround.com/location-voiture/lognes/peugeot-5008-1708318
2026-09-18T00:04:17,chessy,1721372,YGA:Vehicle:32079da2e7ef,lognes,48.839474,2.631181,0,0,289800,YGA:VehicleType:32079da2e7ef,Renault,Clio,2024,combustion,YGA:PricingPlan:32079da2e7ef,13.0,93.0,https://fr.getaround.com/location-voiture/lognes/renault-clio-1721372
2026-09-18T00:04:17,chessy,1728460,YGA:Vehicle:784d64e396fe,serris,48.854156,2.773673,0,0,399000,YGA:VehicleType:784d64e396fe,Renault,Clio,2021,combustion,YGA:PricingPlan:784d64e396fe,6.0,48.0,https://fr.getaround.com/location-voiture/serris/renault-clio-1728460
2026-09-18T00:04:17,chessy,1731887,YGA:Vehicle:4afc1d42ae95,montevrain,48.854733,2.769735,0,0,399000,YGA:VehicleType:4afc1d42ae95,Ford,Fiesta,2017,combustion,YGA:PricingPlan:4afc1d42ae95,6.0,44.0,https://fr.getaround.com/location-voiture/montevrain/ford-fiesta-1731887
2026-09-18T00:04:17,chessy,1752841,YGA:Vehicle:0e1c43f3a7be,bussy-saint-georges,48.835552,2.707155,0,0,348600,YGA:VehicleType:0e1c43f3a7be,Renault,Clio,2021,combustion,YGA:PricingPlan:0e1c43f3a7be,5.0,36.0,https://fr.getaround.com/location-voiture/bussy-saint-georges/renault-clio-1752841
2026-09-18T00:04:17,chessy,1758855,YGA:Vehicle:b61dd0449eb6,torcy,48.836945,2.65939,0,0,690000,YGA:VehicleType:b61dd0449eb6,Citroen,Jumpy,2018,combustion_diesel,YGA:PricingPlan:b61dd0449eb6,8.0,61.0,https://fr.getaround.com/location-voiture/torcy/citroen-jumpy-1758855
2026-09-18T00:04:17,chessy,1763257,YGA:Vehicle:40d475f532e0,chessy,48.867104,2.78334,0,0,409500,YGA:VehicleType:40d475f532e0,Citroen,C3,2020,combustion,YGA:PricingPlan:40d475f532e0,5.0,36.0,https://fr.getaround.com/location-voiture/chessy/citroen-c3-1763257
2026-09-18T00:04:17,chessy,1765814,YGA:Vehicle:a8d54de62ad7,chessy,48.868595,2.782622,0,0,405000,YGA:VehicleType:a8d54de62ad7,Peugeot,208,2015,combustion,YGA:PricingPlan:a8d54de62ad7,4.0,32.0,https://fr.getaround.com/location-voiture/chessy/peugeot-208-1765814
2026-09-18T00:04:17,chessy,1794150,YGA:Vehicle:95271b441383,bussy-saint-georges,48.8391,2.656175,0,0,307100,YGA:VehicleType:95271b441383,Suzuki,Swift,2021,hybrid,YGA:PricingPlan:95271b441383,8.0,58.0,https://fr.getaround.com/location-voiture/bussy-saint-georges/suzuki-swift-1794150
2026-09-18T00:04:17,chessy,1796597,YGA:Vehicle:a5f25e4a8b66,serris,48.854698,2.774975,0,0,245000,YGA:VehicleType:a5f25e4a8b66,Renault,Twingo III,2016,combustion,YGA:PricingPlan:a5f25e4a8b66,5.0,42.0,https://fr.getaround.com/location-voiture/serris/renault-twingo-iii-1796597
2026-09-18T00:04:17,chessy,1796759,YGA:Vehicle:1339e6617b3a,chessy,48.866978,2.782029,0,0,396000,YGA:VehicleType:1339e6617b3a,Renault,Clio,2016,combustion,YGA:PricingPlan:1339e6617b3a,4.0,32.0,https://fr.getaround.com/location-voiture/chessy/renault-clio-1796759
2026-09-18T00:04:17,chessy,1798138,YGA:Vehicle:6e37bb7a94ce,lognes,48.837368,2.647268,0,0,148500,YGA:VehicleType:6e37bb7a94ce,Audi,A1 Sportback,2014,combustion,YGA:PricingPlan:6e37bb7a94ce,6.0,44.0,https://fr.getaround.com/location-voiture/lognes/audi-a1-sportback-1798138
2026-09-18T00:04:17,chessy,1801197,YGA:Vehicle:114409587cb5,torcy,48.849888,2.656402,0,0,168000,YGA:VehicleType:114409587cb5,Ford,Transit Custom Fourgon,2021,combustion_diesel,YGA:PricingPlan:114409587cb5,13.0,100.0,https://fr.getaround.com/location-voiture/torcy/ford-transit-custom-fourgon-1801197
2026-09-18T00:04:17,chessy,1823503,YGA:Vehicle:20a208efccc2,serris,48.856216,2.784176,0,0,904000,YGA:VehicleType:20a208efccc2,Renault,Trafic Passenger,2021,combustion_diesel,YGA:PricingPlan:20a208efccc2,17.0,125.0,https://fr.getaround.com/location-voiture/serris/renault-trafic-passenger-1823503
2026-09-18T00:04:17,chessy,1824328,YGA:Vehicle:263620241ac4,montevrain,48.853928,2.769709,0,0,470000,YGA:VehicleType:263620241ac4,Renault,Captur,2020,combustion,YGA:PricingPlan:263620241ac4,7.0,52.0,https://fr.getaround.com/location-voiture/montevrain/renault-captur-1824328
2026-09-18T00:04:17,chessy,1826074,YGA:Vehicle:572e3dd9f360,torcy,48.83474,2.660479,0,0,900000,YGA:VehicleType:572e3dd9f360,Citroen,Jumper,2015,combustion_diesel,YGA:PricingPlan:572e3dd9f360,9.0,69.0,https://fr.getaround.com/location-voiture/torcy/citroen-jumper-1826074
2026-09-18T00:04:17,chessy,1829236,YGA:Vehicle:9766114f0c4a,lognes,48.83556,2.640536,0,0,272800,YGA:VehicleType:9766114f0c4a,Peugeot,2008,2020,combustion,YGA:PricingPlan:9766114f0c4a,11.0,77.0,https://fr.getaround.com/location-voiture/lognes/peugeot-2008-1829236
2026-09-18T00:04:17,chessy,1840365,YGA:Vehicle:f3905a8d8b3f,serris,48.854843,2.775055,0,0,290500,YGA:VehicleType:f3905a8d8b3f,Fiat,500,2017,combustion,YGA:PricingPlan:f3905a8d8b3f,6.0,48.0,https://fr.getaround.com/location-voiture/serris/fiat-500-1840365
2026-09-18T00:04:17,chessy,1846976,YGA:Vehicle:60fd0cc6216b,thorigny-sur-marne,48.883049,2.715242,0,0,329000,YGA:VehicleType:60fd0cc6216b,Renault,Twingo III,2018,combustion,YGA:PricingPlan:60fd0cc6216b,7.0,48.0,https://fr.getaround.com/location-voiture/thorigny-sur-marne/renault-twingo-iii-1846976
2026-09-18T00:04:17,chessy,1847377,YGA:Vehicle:c4455be18d2e,torcy,48.840824,2.655656,0,0,318500,YGA:VehicleType:c4455be18d2e,Fiat,500,2015,combustion,YGA:PricingPlan:c4455be18d2e,6.0,45.0,https://fr.getaround.com/location-voiture/torcy/fiat-500-1847377
2026-09-18T00:04:17,chessy,1847908,YGA:Vehicle:cc77984f1f05,thorigny-sur-marne,48.882904,2.714248,0,0,272600,YGA:VehicleType:cc77984f1f05,Renault,Mégane IV,2018,combustion,YGA:PricingPlan:cc77984f1f05,7.0,51.0,https://fr.getaround.com/location-voiture/thorigny-sur-marne/renault-megane-iv-1847908
2026-09-18T00:04:17,chessy,1848280,YGA:Vehicle:a08764a86ab7,torcy,48.839642,2.656146,0,0,427500,YGA:VehicleType:a08764a86ab7,Renault,Clio,2019,combustion,YGA:PricingPlan:a08764a86ab7,5.0,39.0,https://fr.getaround.com/location-voiture/torcy/renault-clio-1848280
2026-09-18T00:04:17,chessy,1849571,YGA:Vehicle:321e58d8471f,chessy,48.857117,2.771377,0,0,395000,YGA:VehicleType:321e58d8471f,Renault,Captur,2022,hybrid,YGA:PricingPlan:321e58d8471f,6.0,48.0,https://fr.getaround.com/location-voiture/chessy/renault-captur-1849571
2026-09-18T00:04:17,chessy,1850376,YGA:Vehicle:ed5eac7cfe5e,serris,48.853062,2.778365,0,0,418700,YGA:VehicleType:ed5eac7cfe5e,Peugeot,308 GT,2019,combustion,YGA:PricingPlan:ed5eac7cfe5e,13.0,93.0,https://fr.getaround.com/location-voiture/serris/peugeot-308-gt-1850376
2026-09-18T00:04:17,chessy,1856038,YGA:Vehicle:514a59c8eb18,claye-souilly,48.940697,2.690068,0,0,514100,YGA:VehicleType:514a59c8eb18,Peugeot,308,2019,combustion,YGA:PricingPlan:514a59c8eb18,9.0,65.0,https://fr.getaround.com/location-voiture/claye-souilly/peugeot-308-1856038
2026-09-18T00:04:17,chessy,1861797,YGA:Vehicle:bfe18fbba171,serris,48.853062,2.778365,0,0,199500,YGA:VehicleType:bfe18fbba171,Renault,Twingo,2018,combustion,YGA:PricingPlan:bfe18fbba171,7.0,55.0,https://fr.getaround.com/location-voiture/serris/renault-twingo-1861797
2026-09-18T00:04:17,chessy,1869421,YGA:Vehicle:f76d6f421051,serris,48.853062,2.778365,0,0,490000,YGA:VehicleType:f76d6f421051,Dacia,Sandero,2018,combustion,YGA:PricingPlan:f76d6f421051,7.0,51.0,https://fr.getaround.com/location-voiture/serris/dacia-sandero-1869421
2026-09-18T00:04:17,chessy,1871551,YGA:Vehicle:09e9631acf95,chessy,48.866833,2.782193,0,0,400000,YGA:VehicleType:09e9631acf95,Volkswagen,Polo,2017,combustion,YGA:PricingPlan:09e9631acf95,7.0,52.0,https://fr.getaround.com/location-voiture/chessy/volkswagen-polo-1871551
2026-09-18T00:04:17,chessy,1891691,YGA:Vehicle:4f2ce408f7d7,serris,48.852516,2.788446,0,0,408000,YGA:VehicleType:4f2ce408f7d7,Renault,Twingo II,2013,combustion,YGA:PricingPlan:4f2ce408f7d7,5.0,39.0,https://fr.getaround.com/location-voiture/serris/renault-twingo-ii-1891691
2026-09-18T00:04:17,chessy,1893128,YGA:Vehicle:9636caef22b8,montevrain,48.853943,2.769645,0,0,339500,YGA:VehicleType:9636caef22b8,Renault,Twingo III,2017,combustion,YGA:PricingPlan:9636caef22b8,6.0,45.0,https://fr.getaround.com/location-voiture/montevrain/renault-twingo-iii-1893128
2026-09-18T00:04:17,chessy,1896287,YGA:Vehicle:7cf6803a8660,chessy,48.868652,2.782607,0,0,350000,YGA:VehicleType:7cf6803a8660,Volkswagen,Up!,2014,combustion,YGA:PricingPlan:7cf6803a8660,5.0,35.0,https://fr.getaround.com/location-voiture/chessy/volkswagen-up-1896287
2026-09-18T00:04:17,chessy,1896463,YGA:Vehicle:b738216c2af5,lognes,48.838799,2.632765,0,0,450000,YGA:VehicleType:b738216c2af5,Fiat,Punto,2015,combustion,YGA:PricingPlan:b738216c2af5,5.0,35.0,https://fr.getaround.com/location-voiture/lognes/fiat-punto-1896463
2026-09-18T00:04:17,chessy,1896688,YGA:Vehicle:3a9303596c36,bussy-saint-georges,48.842403,2.70782,0,0,600000,YGA:VehicleType:3a9303596c36,Renault,Kangoo Express,2019,combustion_diesel,YGA:PricingPlan:3a9303596c36,8.0,64.0,https://fr.getaround.com/location-voiture/bussy-saint-georges/renault-kangoo-express-1896688
2026-09-18T00:04:17,chessy,1913828,YGA:Vehicle:b3219d0fb77c,bailly-romainvilliers,48.849819,2.80869,0,0,387200,YGA:VehicleType:b3219d0fb77c,Peugeot,2008,2023,combustion,YGA:PricingPlan:b3219d0fb77c,9.0,73.0,https://fr.getaround.com/location-voiture/bailly-romainvilliers/peugeot-2008-1913828
2026-09-18T00:04:17,chessy,1923904,YGA:Vehicle:90e7950f5641,serris,48.852516,2.788446,0,0,330000,YGA:VehicleType:90e7950f5641,Peugeot,208,2015,combustion,YGA:PricingPlan:90e7950f5641,5.0,41.0,https://fr.getaround.com/location-voiture/serris/peugeot-208-1923904
2026-09-18T00:04:17,chessy,1925563,YGA:Vehicle:57b4cc1eaa70,bussy-saint-georges,48.834873,2.717833,0,0,37100,YGA:VehicleType:57b4cc1eaa70,Citroen,Berlingo,2019,combustion_diesel,YGA:PricingPlan:57b4cc1eaa70,10.0,72.0,https://fr.getaround.com/location-voiture/bussy-saint-georges/citroen-berlingo-1925563
2026-09-18T00:04:17,chessy,1926690,YGA:Vehicle:f97758a782d9,ferrieres-en-brie,48.822678,2.70312,0,0,690000,YGA:VehicleType:f97758a782d9,Peugeot,Expert,2020,combustion_diesel,YGA:PricingPlan:f97758a782d9,8.0,60.0,https://fr.getaround.com/location-voiture/ferrieres-en-brie/peugeot-expert-1926690
2026-09-18T00:04:17,chessy,1938155,YGA:Vehicle:12ec2253d0bf,bussy-saint-georges,48.84082,2.711314,0,0,355100,YGA:VehicleType:12ec2253d0bf,Peugeot,3008,2017,combustion,YGA:PricingPlan:12ec2253d0bf,6.0,46.0,https://fr.getaround.com/location-voiture/bussy-saint-georges/peugeot-3008-1938155
2026-09-18T00:04:17,chessy,1963740,YGA:Vehicle:a599be7ed676,messy,48.967426,2.695821,0,0,736000,YGA:VehicleType:a599be7ed676,Renault,Trafic,2018,combustion_diesel,YGA:PricingPlan:a599be7ed676,12.0,83.0,https://fr.getaround.com/location-voiture/messy/renault-trafic-1963740
2026-09-18T00:04:17,serris,1676038,YGA:Vehicle:ed2e92eff45b,ozoir-la-ferriere,48.76487,2.693073,0,0,270000,YGA:VehicleType:ed2e92eff45b,Renault,Captur,2019,combustion,YGA:PricingPlan:ed2e92eff45b,5.0,42.0,https://fr.getaround.com/location-voiture/ozoir-la-ferriere/renault-captur-1676038
2026-09-18T00:04:17,serris,1740299,YGA:Vehicle:5b244d5518d6,roissy-en-brie,48.791363,2.651652,0,0,850500,YGA:VehicleType:5b244d5518d6,Renault,Master,2014,combustion_diesel,YGA:PricingPlan:5b244d5518d6,9.0,68.0,https://fr.getaround.com/location-voiture/roissy-en-brie/renault-master-1740299
2026-09-18T00:04:17,torcy,508096,YGA:Vehicle:cbd1e945c464,chelles,48.869831,2.598768,0,0,328000,YGA:VehicleType:cbd1e945c464,Nissan,Micra,2019,combustion,YGA:PricingPlan:cbd1e945c464,6.0,40.0,https://fr.getaround.com/location-voiture/chelles/nissan-micra-508096
2026-09-18T00:04:17,torcy,509465,YGA:Vehicle:0bf6724456f9,champs-sur-marne,48.843754,2.585645,0,0,50600,YGA:VehicleType:0bf6724456f9,Citroen,C3,2015,combustion_diesel,YGA:PricingPlan:0bf6724456f9,5.0,34.0,https://fr.getaround.com/location-voiture/champs-sur-marne/citroen-c3-509465
2026-09-18T00:04:17,torcy,636718,YGA:Vehicle:a24d5c55a3e6,champs-sur-marne,48.84486,2.585926,0,0,427500,YGA:VehicleType:a24d5c55a3e6,Peugeot,208,2017,combustion_diesel,YGA:PricingPlan:a24d5c55a3e6,5.0,38.0,https://fr.getaround.com/location-voiture/champs-sur-marne/peugeot-208-636718
2026-09-18T00:04:17,torcy,728213,YGA:Vehicle:663f7f2bd1a7,champs-sur-marne,48.844185,2.586436,0,0,450000,YGA:VehicleType:663f7f2bd1a7,Peugeot,208,2017,combustion_diesel,YGA:PricingPlan:663f7f2bd1a7,6.0,46.0,https://fr.getaround.com/location-voiture/champs-sur-marne/peugeot-208-728213
2026-09-18T00:04:17,torcy,838920,YGA:Vehicle:9269174dd6c1,gagny,48.884483,2.548112,0,0,352000,YGA:VehicleType:9269174dd6c1,Ford,Focus,2017,combustion_diesel,YGA:PricingPlan:9269174dd6c1,6.0,44.0,https://fr.getaround.com/location-voiture/gagny/ford-focus-838920
2026-09-18T00:04:17,torcy,845300,YGA:Vehicle:520b61a861f7,champs-sur-marne,48.84486,2.585926,0,0,378000,YGA:VehicleType:520b61a861f7,Peugeot,208,2018,combustion_diesel,YGA:PricingPlan:520b61a861f7,6.0,42.0,https://fr.getaround.com/location-voiture/champs-sur-marne/peugeot-208-845300
2026-09-18T00:04:17,torcy,861769,YGA:Vehicle:b461afab5061,noisy-le-grand,48.841381,2.564283,0,0,426000,YGA:VehicleType:b461afab5061,Renault,Kangoo Express,2015,combustion_diesel,YGA:PricingPlan:b461afab5061,6.0,45.0,https://fr.getaround.com/location-voiture/noisy-le-grand/renault-kangoo-express-861769
2026-09-18T00:04:17,torcy,897795,YGA:Vehicle:1f1a660d2b7d,gagny,48.882553,2.537118,0,0,400000,YGA:VehicleType:1f1a660d2b7d,Dacia,Sandero,2021,combustion,YGA:PricingPlan:1f1a660d2b7d,6.0,46.0,https://fr.getaround.com/location-voiture/gagny/dacia-sandero-897795
2026-09-18T00:04:17,torcy,898084,YGA:Vehicle:adfa7e61874b,noisiel,48.8493,2.623649,0,0,240000,YGA:VehicleType:adfa7e61874b,Fiat,Scudo,2016,combustion_diesel,YGA:PricingPlan:adfa7e61874b,6.0,47.0,https://fr.getaround.com/location-voiture/noisiel/fiat-scudo-898084
2026-09-18T00:04:17,torcy,981009,YGA:Vehicle:2f0aad81f4d9,noisy-le-grand,48.844418,2.55187,0,0,427500,YGA:VehicleType:2f0aad81f4d9,Renault,Clio,2015,combustion,YGA:PricingPlan:2f0aad81f4d9,5.0,37.0,https://fr.getaround.com/location-voiture/noisy-le-grand/renault-clio-981009
2026-09-18T00:04:17,torcy,990291,YGA:Vehicle:2e8c17db36a7,bry-sur-marne,48.843029,2.525437,0,0,444400,YGA:VehicleType:2e8c17db36a7,Peugeot,208,2022,combustion,YGA:PricingPlan:2e8c17db36a7,5.0,36.0,https://fr.getaround.com/location-voiture/bry-sur-marne/peugeot-208-990291
2026-09-18T00:04:17,torcy,1029731,YGA:Vehicle:070088054f87,bry-sur-marne,48.829704,2.524496,0,0,304000,YGA:VehicleType:070088054f87,Fiat,Scudo,2015,combustion_diesel,YGA:PricingPlan:070088054f87,6.0,49.0,https://fr.getaround.com/location-voiture/bry-sur-marne/fiat-scudo-1029731
2026-09-18T00:04:17,torcy,1034007,YGA:Vehicle:9bbd8e74a95c,la-queue-en-brie,48.792137,2.558414,0,0,618000,YGA:VehicleType:9bbd8e74a95c,Renault,Kangoo Express,2015,combustion_diesel,YGA:PricingPlan:9bbd8e74a95c,6.0,48.0,https://fr.getaround.com/location-voiture/la-queue-en-brie/renault-kangoo-express-1034007
2026-09-18T00:04:17,torcy,1083935,YGA:Vehicle:2bb3512b75a9,champs-sur-marne,48.843754,2.585645,0,0,357000,YGA:VehicleType:2bb3512b75a9,Citroen,C3,2016,combustion_diesel,YGA:PricingPlan:2bb3512b75a9,5.0,34.0,https://fr.getaround.com/location-voiture/champs-sur-marne/citroen-c3-1083935
2026-09-18T00:04:17,torcy,1123826,YGA:Vehicle:672f8bf539fe,champs-sur-marne,48.852032,2.609178,0,0,496000,YGA:VehicleType:672f8bf539fe,Fiat,Scudo,2015,combustion_diesel,YGA:PricingPlan:672f8bf539fe,7.0,53.0,https://fr.getaround.com/location-voiture/champs-sur-marne/fiat-scudo-1123826
2026-09-18T00:04:17,torcy,1127171,YGA:Vehicle:0b4aa1e9fc31,la-queue-en-brie,48.792137,2.558414,0,0,444000,YGA:VehicleType:0b4aa1e9fc31,Renault,Kangoo Express,2013,combustion_diesel,YGA:PricingPlan:0b4aa1e9fc31,7.0,49.0,https://fr.getaround.com/location-voiture/la-queue-en-brie/renault-kangoo-express-1127171
2026-09-18T00:04:17,torcy,1149458,YGA:Vehicle:5e850cd2a8f4,noisiel,48.843548,2.616169,0,0,280000,YGA:VehicleType:5e850cd2a8f4,Citroen,C1,2013,combustion,YGA:PricingPlan:5e850cd2a8f4,5.0,37.0,https://fr.getaround.com/location-voiture/noisiel/citroen-c1-1149458
2026-09-18T00:04:17,torcy,1224539,YGA:Vehicle:ae9ac3307160,noisy-le-grand,48.84724,2.551692,0,0,140800,YGA:VehicleType:ae9ac3307160,Peugeot,208,2023,combustion,YGA:PricingPlan:ae9ac3307160,6.0,49.0,https://fr.getaround.com/location-voiture/noisy-le-grand/peugeot-208-1224539
2026-09-18T00:04:17,torcy,1231271,YGA:Vehicle:dced03449323,bry-sur-marne,48.829762,2.524419,0,0,432000,YGA:VehicleType:dced03449323,Citroen,Jumpy,2015,combustion_diesel,YGA:PricingPlan:dced03449323,8.0,61.0,https://fr.getaround.com/location-voiture/bry-sur-marne/citroen-jumpy-1231271
2026-09-18T00:04:17,torcy,1274541,YGA:Vehicle:a69f1a60ebe2,noisy-le-grand,48.845459,2.52871,0,0,409200,YGA:VehicleType:a69f1a60ebe2,Peugeot,208,2023,combustion,YGA:PricingPlan:a69f1a60ebe2,7.0,56.0,https://fr.getaround.com/location-voiture/noisy-le-grand/peugeot-208-1274541
2026-09-18T00:04:17,torcy,1298433,YGA:Vehicle:321a4279f08a,noisy-le-grand,48.840206,2.564822,0,0,630000,YGA:VehicleType:321a4279f08a,Renault,Master,2016,combustion_diesel,YGA:PricingPlan:321a4279f08a,11.0,82.0,https://fr.getaround.com/location-voiture/noisy-le-grand/renault-master-1298433
2026-09-18T00:04:17,torcy,1298669,YGA:Vehicle:a420f93359cf,gagny,48.882095,2.526973,0,0,346500,YGA:VehicleType:a420f93359cf,Renault,Captur,2014,combustion_diesel,YGA:PricingPlan:a420f93359cf,5.0,37.0,https://fr.getaround.com/location-voiture/gagny/renault-captur-1298669
2026-09-18T00:04:17,torcy,1307063,YGA:Vehicle:c754fcee2df5,neuilly-plaisance,48.852764,2.51388,0,0,281400,YGA:VehicleType:c754fcee2df5,Renault,Clio,2021,combustion,YGA:PricingPlan:c754fcee2df5,4.0,28.0,https://fr.getaround.com/location-voiture/neuilly-plaisance/renault-clio-1307063
2026-09-18T00:04:17,torcy,1307939,YGA:Vehicle:be9961887a39,noisiel,48.843258,2.623233,0,0,800000,YGA:VehicleType:be9961887a39,Renault,Trafic,2017,combustion_diesel,YGA:PricingPlan:be9961887a39,11.0,79.0,https://fr.getaround.com/location-voiture/noisiel/renault-trafic-1307939
2026-09-18T00:04:17,torcy,1320434,YGA:Vehicle:7dab52097e08,noisy-le-grand,48.838676,2.548939,0,0,426800,YGA:VehicleType:7dab52097e08,Peugeot,208,2023,combustion,YGA:PricingPlan:7dab52097e08,7.0,56.0,https://fr.getaround.com/location-voiture/noisy-le-grand/peugeot-208-1320434
2026-09-18T00:04:17,torcy,1324454,YGA:Vehicle:871605a4ab9a,champs-sur-marne,48.843754,2.58562,0,0,450000,YGA:VehicleType:871605a4ab9a,Citroen,C3,2015,combustion_diesel,YGA:PricingPlan:871605a4ab9a,5.0,34.0,https://fr.getaround.com/location-voiture/champs-sur-marne/citroen-c3-1324454
2026-09-18T00:04:17,torcy,1359540,YGA:Vehicle:cd82beb648dc,villeparisis,48.939598,2.602248,0,0,153000,YGA:VehicleType:cd82beb648dc,Peugeot,Boxer,2013,combustion_diesel,YGA:PricingPlan:cd82beb648dc,10.0,72.0,https://fr.getaround.com/location-voiture/villeparisis/peugeot-boxer-1359540
2026-09-18T00:04:17,torcy,1394359,YGA:Vehicle:f8f31e079b2a,gagny,48.870407,2.56193,0,0,800000,YGA:VehicleType:f8f31e079b2a,Peugeot,Expert,2020,combustion_diesel,YGA:PricingPlan:f8f31e079b2a,19.0,138.0,https://fr.getaround.com/location-voiture/gagny/peugeot-expert-1394359
2026-09-18T00:04:17,torcy,1394589,YGA:Vehicle:31b83fb02594,noisy-le-grand,48.84079,2.574258,0,0,30800,YGA:VehicleType:31b83fb02594,Peugeot,2008,2020,combustion,YGA:PricingPlan:31b83fb02594,9.0,65.0,https://fr.getaround.com/location-voiture/noisy-le-grand/peugeot-2008-1394589
2026-09-18T00:04:17,torcy,1397005,YGA:Vehicle:32a2e2bb5775,bry-sur-marne,48.839676,2.515687,0,0,610000,YGA:VehicleType:32a2e2bb5775,Toyota,Proace Fourgon,2019,combustion_diesel,YGA:PricingPlan:32a2e2bb5775,8.0,62.0,https://fr.getaround.com/location-voiture/bry-sur-marne/toyota-proace-fourgon-1397005
2026-09-18T00:04:17,torcy,1402516,YGA:Vehicle:78fb76432828,bry-sur-marne,48.829964,2.52527,0,0,323300,YGA:VehicleType:78fb76432828,Citroen,Berlingo,2016,combustion_diesel,YGA:PricingPlan:78fb76432828,7.0,56.0,https://fr.getaround.com/location-voiture/bry-sur-marne/citroen-berlingo-1402516
2026-09-18T00:04:17,torcy,1420061,YGA:Vehicle:6bfc6940bca6,chennevieres-sur-marne,48.802597,2.551471,0,0,70000,YGA:VehicleType:6bfc6940bca6,Citroen,C4 Cactus,2017,combustion,YGA:PricingPlan:6bfc6940bca6,9.0,67.0,https://fr.getaround.com/location-voiture/chennevieres-sur-marne/citroen-c4-cactus-1420061
2026-09-18T00:04:17,torcy,1434683,YGA:Vehicle:c47986ac1169,villiers-sur-marne,48.822826,2.56455,0,0,528000,YGA:VehicleType:c47986ac1169,Renault,Trafic,2015,combustion_diesel,YGA:PricingPlan:c47986ac1169,6.0,44.0,https://fr.getaround.com/location-voiture/villiers-sur-marne/renault-trafic-1434683
2026-09-18T00:04:17,torcy,1446293,YGA:Vehicle:5cc5dacba25d,champs-sur-marne,48.842709,2.587603,0,0,500000,YGA:VehicleType:5cc5dacba25d,Peugeot,208 Société,2014,combustion_diesel,YGA:PricingPlan:5cc5dacba25d,5.0,38.0,https://fr.getaround.com/location-voiture/champs-sur-marne/peugeot-208-societe-1446293
2026-09-18T00:04:17,torcy,1458452,YGA:Vehicle:d96c0640ec77,bry-sur-marne,48.829704,2.524496,0,0,612000,YGA:VehicleType:d96c0640ec77,Opel,Vivaro,2013,combustion_diesel,YGA:PricingPlan:d96c0640ec77,7.0,51.0,https://fr.getaround.com/location-voiture/bry-sur-marne/opel-vivaro-1458452
2026-09-18T00:04:17,torcy,1460016,YGA:Vehicle:2dfdbf8f7052,noisiel,48.843079,2.62306,0,0,308000,YGA:VehicleType:2dfdbf8f7052,Peugeot,2008,2021,combustion,YGA:PricingPlan:2dfdbf8f7052,9.0,64.0,https://fr.getaround.com/location-voiture/noisiel/peugeot-2008-1460016
2026-09-18T00:04:17,torcy,1464651,YGA:Vehicle:32b96bf69a5e,livry-gargan,48.909958,2.527985,0,0,423000,YGA:VehicleType:32b96bf69a5e,Renault,Trafic,2013,combustion_diesel,YGA:PricingPlan:32b96bf69a5e,7.0,56.0,https://fr.getaround.com/location-voiture/livry-gargan/renault-trafic-1464651
2026-09-18T00:04:17,torcy,1480839,YGA:Vehicle:d492000f699c,noisy-le-grand,48.834034,2.554159,0,0,150000,YGA:VehicleType:d492000f699c,Renault,Kangoo Express,2017,combustion_diesel,YGA:PricingPlan:d492000f699c,7.0,54.0,https://fr.getaround.com/location-voiture/noisy-le-grand/renault-kangoo-express-1480839
2026-09-18T00:04:17,torcy,1485501,YGA:Vehicle:d922f5251aee,chelles,48.882751,2.578407,0,0,618000,YGA:VehicleType:d922f5251aee,Renault,Kangoo Express,2014,combustion_diesel,YGA:PricingPlan:d922f5251aee,6.0,45.0,https://fr.getaround.com/location-voiture/chelles/renault-kangoo-express-1485501
2026-09-18T00:04:17,torcy,1487085,YGA:Vehicle:7a97e20888ae,neuilly-sur-marne,48.872299,2.529284,0,0,220000,YGA:VehicleType:7a97e20888ae,Peugeot,208,2020,combustion,YGA:PricingPlan:7a97e20888ae,6.0,48.0,https://fr.getaround.com/location-voiture/neuilly-sur-marne/peugeot-208-1487085
2026-09-18T00:04:17,torcy,1520386,YGA:Vehicle:ef94d22dc92a,le-plessis-trevise,48.80159,2.573573,0,0,567000,YGA:VehicleType:ef94d22dc92a,Citroen,Jumper,2015,combustion_diesel,YGA:PricingPlan:ef94d22dc92a,6.0,48.0,https://fr.getaround.com/location-voiture/le-plessis-trevise/citroen-jumper-1520386
2026-09-18T00:04:17,torcy,1536571,YGA:Vehicle:d17629290272,ormesson-sur-marne,48.791302,2.552384,0,0,134400,YGA:VehicleType:d17629290272,Renault,Clio,2020,combustion,YGA:PricingPlan:d17629290272,4.0,33.0,https://fr.getaround.com/location-voiture/ormesson-sur-marne/renault-clio-1536571
2026-09-18T00:04:17,torcy,1545783,YGA:Vehicle:a64c7c0f5a0b,bry-sur-marne,48.832691,2.52919,0,0,258000,YGA:VehicleType:a64c7c0f5a0b,Peugeot,Partner Fourgon,2020,combustion_diesel,YGA:PricingPlan:a64c7c0f5a0b,7.0,53.0,https://fr.getaround.com/location-voiture/bry-sur-marne/peugeot-partner-fourgon-1545783
2026-09-18T00:04:17,torcy,1546236,YGA:Vehicle:d45a78c77724,noisy-le-grand,48.847878,2.550225,0,0,356400,YGA:VehicleType:d45a78c77724,Peugeot,208,2024,combustion,YGA:PricingPlan:d45a78c77724,7.0,56.0,https://fr.getaround.com/location-voiture/noisy-le-grand/peugeot-208-1546236
2026-09-18T00:04:17,torcy,1546843,YGA:Vehicle:1913b75a7d09,livry-gargan,48.91856,2.539054,0,0,728000,YGA:VehicleType:1913b75a7d09,Opel,Movano,2017,combustion_diesel,YGA:PricingPlan:1913b75a7d09,13.0,94.0,https://fr.getaround.com/location-voiture/livry-gargan/opel-movano-1546843
2026-09-18T00:04:17,torcy,1552727,YGA:Vehicle:5fba12148c91,saint-maur-des-fosses,48.788418,2.513791,0,0,440800,YGA:VehicleType:5fba12148c91,Renault,Espace,2015,combustion_diesel,YGA:PricingPlan:5fba12148c91,5.0,39.0,https://fr.getaround.com/location-voiture/saint-maur-des-fosses/renault-espace-1552727
2026-09-18T00:04:17,torcy,1559314,YGA:Vehicle:adb1626f4ea8,champigny-sur-marne,48.810837,2.535658,0,0,234000,YGA:VehicleType:adb1626f4ea8,Renault,Clio,2014,combustion,YGA:PricingPlan:adb1626f4ea8,5.0,36.0,https://fr.getaround.com/location-voiture/champigny-sur-marne/renault-clio-1559314
2026-09-18T00:04:17,torcy,1574744,YGA:Vehicle:e1ed8b3669b6,villeparisis,48.939598,2.602248,0,0,225000,YGA:VehicleType:e1ed8b3669b6,Citroen,Jumper,2015,combustion_diesel,YGA:PricingPlan:e1ed8b3669b6,7.0,56.0,https://fr.getaround.com/location-voiture/villeparisis/citroen-jumper-1574744
2026-09-18T00:04:17,torcy,1575646,YGA:Vehicle:e6fc3392b9d9,le-plessis-trevise,48.815018,2.569224,0,0,275000,YGA:VehicleType:e6fc3392b9d9,Peugeot,208,2019,combustion,YGA:PricingPlan:e6fc3392b9d9,5.0,36.0,https://fr.getaround.com/location-voiture/le-plessis-trevise/peugeot-208-1575646
2026-09-18T00:04:17,torcy,1579348,YGA:Vehicle:79788bdf65a4,sevran,48.930149,2.526512,0,0,639000,YGA:VehicleType:79788bdf65a4,Renault,Trafic,2013,combustion_diesel,YGA:PricingPlan:79788bdf65a4,7.0,56.0,https://fr.getaround.com/location-voiture/sevran/renault-trafic-1579348
2026-09-18T00:04:17,torcy,1599828,YGA:Vehicle:d54ea6f50b9f,champs-sur-marne,48.842609,2.585939,0,0,367500,YGA:VehicleType:d54ea6f50b9f,Renault,Twingo II,2014,combustion,YGA:PricingPlan:d54ea6f50b9f,6.0,45.0,https://fr.getaround.com/location-voiture/champs-sur-marne/renault-twingo-ii-1599828
2026-09-18T00:04:17,torcy,1618101,YGA:Vehicle:923deffc8a80,noisiel,48.8493,2.623649,0,0,792000,YGA:VehicleType:923deffc8a80,Opel,Vivaro,2013,combustion_diesel,YGA:PricingPlan:923deffc8a80,7.0,50.0,https://fr.getaround.com/location-voiture/noisiel/opel-vivaro-1618101
2026-09-18T00:04:17,torcy,1622739,YGA:Vehicle:3fecf70508aa,champs-sur-marne,48.842709,2.587603,0,0,426000,YGA:VehicleType:3fecf70508aa,Renault,Kangoo Express,2016,combustion_diesel,YGA:PricingPlan:3fecf70508aa,6.0,45.0,https://fr.getaround.com/location-voiture/champs-sur-marne/renault-kangoo-express-1622739
2026-09-18T00:04:17,torcy,1633746,YGA:Vehicle:0f780a16dcd2,neuilly-sur-marne,48.855873,2.524425,0,0,101500,YGA:VehicleType:0f780a16dcd2,Smart,Fortwo Prime,2017,combustion,YGA:PricingPlan:0f780a16dcd2,10.0,72.0,https://fr.getaround.com/location-voiture/neuilly-sur-marne/smart-fortwo-prime-1633746
2026-09-18T00:04:17,torcy,1646145,YGA:Vehicle:e7486fa4ee39,pontault-combault,48.802387,2.62292,0,0,319500,YGA:VehicleType:e7486fa4ee39,Citroen,C3,2018,combustion,YGA:PricingPlan:e7486fa4ee39,8.0,59.0,https://fr.getaround.com/location-voiture/pontault-combault/citroen-c3-1646145
2026-09-18T00:04:17,torcy,1650411,YGA:Vehicle:fda78775e0b2,noisy-le-grand,48.839828,2.549854,0,0,208000,YGA:VehicleType:fda78775e0b2,Volkswagen,T-Cross,2024,combustion,YGA:PricingPlan:fda78775e0b2,8.0,62.0,https://fr.getaround.com/location-voiture/noisy-le-grand/volkswagen-t-cross-1650411
2026-09-18T00:04:17,torcy,1650492,YGA:Vehicle:4dcb5ab9a6d8,neuilly-plaisance,48.852764,2.51388,0,0,108000,YGA:VehicleType:4dcb5ab9a6d8,Volkswagen,T-Cross,2024,combustion,YGA:PricingPlan:4dcb5ab9a6d8,8.0,62.0,https://fr.getaround.com/location-voiture/neuilly-plaisance/volkswagen-t-cross-1650492
2026-09-18T00:04:17,torcy,1658260,YGA:Vehicle:cc9d3bd20898,champs-sur-marne,48.842609,2.585939,0,0,300000,YGA:VehicleType:cc9d3bd20898,Renault,Twingo III,2017,combustion,YGA:PricingPlan:cc9d3bd20898,5.0,39.0,https://fr.getaround.com/location-voiture/champs-sur-marne/renault-twingo-iii-1658260
2026-09-18T00:04:17,torcy,1666432,YGA:Vehicle:af855428071e,noisy-le-grand,48.845459,2.52871,0,0,242000,YGA:VehicleType:af855428071e,Peugeot,208,2025,hybrid,YGA:PricingPlan:af855428071e,7.0,56.0,https://fr.getaround.com/location-voiture/noisy-le-grand/peugeot-208-1666432
2026-09-18T00:04:17,torcy,1672087,YGA:Vehicle:36f6c82218e1,champigny-sur-marne,48.806641,2.539418,0,0,230000,YGA:VehicleType:36f6c82218e1,Peugeot,208,2019,combustion,YGA:PricingPlan:36f6c82218e1,8.0,61.0,https://fr.getaround.com/location-voiture/champigny-sur-marne/peugeot-208-1672087
2026-09-18T00:04:17,torcy,1675494,YGA:Vehicle:a60112b4d9b6,noisy-le-grand,48.848206,2.555185,0,0,193600,YGA:VehicleType:a60112b4d9b6,Peugeot,208,2025,hybrid,YGA:PricingPlan:a60112b4d9b6,7.0,56.0,https://fr.getaround.com/location-voiture/noisy-le-grand/peugeot-208-1675494
2026-09-18T00:04:17,torcy,1682116,YGA:Vehicle:07054ffdc5b8,champs-sur-marne,48.845829,2.581926,0,0,435000,YGA:VehicleType:07054ffdc5b8,Citroen,C4 Cactus,2022,combustion,YGA:PricingPlan:07054ffdc5b8,5.0,39.0,https://fr.getaround.com/location-voiture/champs-sur-marne/citroen-c4-cactus-1682116
2026-09-18T00:04:17,torcy,1682569,YGA:Vehicle:5a1a1191e203,noisy-le-grand,48.844173,2.560688,0,0,488400,YGA:VehicleType:5a1a1191e203,Peugeot,208 GT Line,2020,combustion,YGA:PricingPlan:5a1a1191e203,7.0,50.0,https://fr.getaround.com/location-voiture/noisy-le-grand/peugeot-208-gt-line-1682569
2026-09-18T00:04:17,torcy,1684627,YGA:Vehicle:2316330086a3,le-plessis-trevise,48.80159,2.573573,0,0,264000,YGA:VehicleType:2316330086a3,Citroen,Jumpy,2015,combustion_diesel,YGA:PricingPlan:2316330086a3,6.0,46.0,https://fr.getaround.com/location-voiture/le-plessis-trevise/citroen-jumpy-1684627
2026-09-18T00:04:17,torcy,1691400,YGA:Vehicle:13192f2ef6e0,noisy-le-grand,48.829285,2.566572,0,0,440000,YGA:VehicleType:13192f2ef6e0,Peugeot,208,2025,hybrid,YGA:PricingPlan:13192f2ef6e0,7.0,56.0,https://fr.getaround.com/location-voiture/noisy-le-grand/peugeot-208-1691400
2026-09-18T00:04:17,torcy,1696077,YGA:Vehicle:fea63443b2f0,villiers-sur-marne,48.829388,2.538208,0,0,215000,YGA:VehicleType:fea63443b2f0,DS,3,2017,combustion,YGA:PricingPlan:fea63443b2f0,7.0,48.0,https://fr.getaround.com/location-voiture/villiers-sur-marne/ds-3-1696077
2026-09-18T00:04:17,torcy,1704853,YGA:Vehicle:f68a6028a9d1,livry-gargan,48.917831,2.515286,0,0,208000,YGA:VehicleType:f68a6028a9d1,Opel,Movano,2021,combustion_diesel,YGA:PricingPlan:f68a6028a9d1,9.0,73.0,https://fr.getaround.com/location-voiture/livry-gargan/opel-movano-1704853
2026-09-18T00:04:17,torcy,1707239,YGA:Vehicle:4390677aaa2c,noisy-le-grand,48.829285,2.566572,0,0,92400,YGA:VehicleType:4390677aaa2c,Peugeot,208,2025,hybrid,YGA:PricingPlan:4390677aaa2c,7.0,56.0,https://fr.getaround.com/location-voiture/noisy-le-grand/peugeot-208-1707239
2026-09-18T00:04:17,torcy,1715596,YGA:Vehicle:1a4953729962,pontault-combault,48.804108,2.621824,0,0,200000,YGA:VehicleType:1a4953729962,Citroen,C4,2019,combustion,YGA:PricingPlan:1a4953729962,5.0,39.0,https://fr.getaround.com/location-voiture/pontault-combault/citroen-c4-1715596
2026-09-18T00:04:17,torcy,1727194,YGA:Vehicle:e630fc3d4914,noisiel,48.850319,2.619309,0,0,214500,YGA:VehicleType:e630fc3d4914,Peugeot,5008,2021,combustion,YGA:PricingPlan:e630fc3d4914,7.0,53.0,https://fr.getaround.com/location-voiture/noisiel/peugeot-5008-1727194
2026-09-18T00:04:17,torcy,1742028,YGA:Vehicle:38205567ad92,le-perreux-sur-marne,48.834793,2.513639,0,0,229500,YGA:VehicleType:38205567ad92,Citroen,C3,2018,hybrid,YGA:PricingPlan:38205567ad92,6.0,46.0,https://fr.getaround.com/location-voiture/le-perreux-sur-marne/citroen-c3-1742028
2026-09-18T00:04:17,torcy,1745989,YGA:Vehicle:5d1514924e50,noisiel,48.843258,2.623233,0,0,744000,YGA:VehicleType:5d1514924e50,Renault,Trafic,2020,combustion_diesel,YGA:PricingPlan:5d1514924e50,8.0,61.0,https://fr.getaround.com/location-voiture/noisiel/renault-trafic-1745989
2026-09-18T00:04:17,torcy,1748579,YGA:Vehicle:534dffa98ed7,champs-sur-marne,48.84272,2.58711,0,0,252000,YGA:VehicleType:534dffa98ed7,Peugeot,108,2017,combustion,YGA:PricingPlan:534dffa98ed7,6.0,47.0,https://fr.getaround.com/location-voiture/champs-sur-marne/peugeot-108-1748579
2026-09-18T00:04:17,torcy,1752840,YGA:Vehicle:642539a7ee7c,bry-sur-marne,48.843029,2.525437,0,0,346500,YGA:VehicleType:642539a7ee7c,Citroen,C3,2022,combustion,YGA:PricingPlan:642539a7ee7c,5.0,36.0,https://fr.getaround.com/location-voiture/bry-sur-marne/citroen-c3-1752840
2026-09-18T00:04:17,torcy,1755195,YGA:Vehicle:12cae3a4f9ab,noisy-le-grand,48.844604,2.554461,0,0,420000,YGA:VehicleType:12cae3a4f9ab,Renault,Master,2019,combustion_diesel,YGA:PricingPlan:12cae3a4f9ab,8.0,59.0,https://fr.getaround.com/location-voiture/noisy-le-grand/renault-master-1755195
2026-09-18T00:04:17,torcy,1756553,YGA:Vehicle:6aaeade501e9,neuilly-sur-marne,48.872162,2.529521,0,0,180600,YGA:VehicleType:6aaeade501e9,Renault,Clio,2024,combustion,YGA:PricingPlan:6aaeade501e9,10.0,74.0,https://fr.getaround.com/location-voiture/neuilly-sur-marne/renault-clio-1756553
2026-09-18T00:04:17,torcy,1759319,YGA:Vehicle:c59f99c9256a,chelles,48.878815,2.575982,0,0,292600,YGA:VehicleType:c59f99c9256a,Renault,Twingo II,2014,combustion,YGA:PricingPlan:c59f99c9256a,4.0,32.0,https://fr.getaround.com/location-voiture/chelles/renault-twingo-ii-1759319
2026-09-18T00:04:17,torcy,1761677,YGA:Vehicle:2f2529592a32,noisy-le-grand,48.8232,2.578409,0,0,462000,YGA:VehicleType:2f2529592a32,Renault,Master,2019,combustion_diesel,YGA:PricingPlan:2f2529592a32,8.0,59.0,https://fr.getaround.com/location-voiture/noisy-le-grand/renault-master-1761677
2026-09-18T00:04:17,torcy,1763252,YGA:Vehicle:0e6c25726d7b,noisiel,48.843372,2.622258,0,0,441000,YGA:VehicleType:0e6c25726d7b,Citroen,C3,2020,combustion,YGA:PricingPlan:0e6c25726d7b,5.0,36.0,https://fr.getaround.com/location-voiture/noisiel/citroen-c3-1763252
2026-09-18T00:04:17,torcy,1763286,YGA:Vehicle:0b6939ac5a9c,bry-sur-marne,48.843029,2.525437,0,0,441000,YGA:VehicleType:0b6939ac5a9c,Citroen,C3,2020,combustion,YGA:PricingPlan:0b6939ac5a9c,4.0,33.0,https://fr.getaround.com/location-voiture/bry-sur-marne/citroen-c3-1763286
2026-09-18T00:04:17,torcy,1764646,YGA:Vehicle:e7b3b70d3001,gagny,48.875587,2.555421,0,0,136500,YGA:VehicleType:e7b3b70d3001,Renault,Clio E-tech,2022,hybrid,YGA:PricingPlan:e7b3b70d3001,6.0,44.0,https://fr.getaround.com/location-voiture/gagny/renault-clio-e-tech-1764646
2026-09-18T00:04:17,torcy,1766060,YGA:Vehicle:224c478f5c70,villemomble,48.881298,2.523573,0,0,47300,YGA:VehicleType:224c478f5c70,Toyota,C-HR Hybrid,2019,hybrid,YGA:PricingPlan:224c478f5c70,8.0,57.0,https://fr.getaround.com/location-voiture/villemomble/toyota-c-hr-hybrid-1766060
2026-09-18T00:04:17,torcy,1772844,YGA:Vehicle:ae02b64a6e0e,bry-sur-marne,48.829704,2.524496,0,0,448000,YGA:VehicleType:ae02b64a6e0e,Renault,Trafic,2018,combustion_diesel,YGA:PricingPlan:ae02b64a6e0e,8.0,59.0,https://fr.getaround.com/location-voiture/bry-sur-marne/renault-trafic-1772844
2026-09-18T00:04:17,torcy,1775562,YGA:Vehicle:534ad015ef41,villiers-sur-marne,48.829121,2.540564,0,0,426000,YGA:VehicleType:534ad015ef41,Renault,Kangoo Express,2013,combustion_diesel,YGA:PricingPlan:534ad015ef41,7.0,50.0,https://fr.getaround.com/location-voiture/villiers-sur-marne/renault-kangoo-express-1775562
2026-09-18T00:04:17,torcy,1775642,YGA:Vehicle:1b1b38cd881c,villemomble,48.879787,2.51493,0,0,211200,YGA:VehicleType:1b1b38cd881c,Peugeot,208 GT Line,2020,combustion,YGA:PricingPlan:1b1b38cd881c,11.0,77.0,https://fr.getaround.com/location-voiture/villemomble/peugeot-208-gt-line-1775642
2026-09-18T00:04:17,torcy,1779992,YGA:Vehicle:a440cdfea844,champs-sur-marne,48.842285,2.58789,0,0,409500,YGA:VehicleType:a440cdfea844,Citroen,C3,2015,combustion_diesel,YGA:PricingPlan:a440cdfea844,5.0,38.0,https://fr.getaround.com/location-voiture/champs-sur-marne/citroen-c3-1779992
2026-09-18T00:04:17,torcy,1784298,YGA:Vehicle:eded331d2ebc,pontault-combault,48.807259,2.61438,0,0,325000,YGA:VehicleType:eded331d2ebc,Peugeot,208,2018,combustion,YGA:PricingPlan:eded331d2ebc,4.0,33.0,https://fr.getaround.com/location-voiture/pontault-combault/peugeot-208-1784298
2026-09-18T00:04:17,torcy,1786698,YGA:Vehicle:119ce21f06c6,gagny,48.87112,2.560724,0,0,400000,YGA:VehicleType:119ce21f06c6,Renault,Twingo,2014,combustion,YGA:PricingPlan:119ce21f06c6,4.0,29.0,https://fr.getaround.com/location-voiture/gagny/renault-twingo-1786698
2026-09-18T00:04:17,torcy,1787186,YGA:Vehicle:db4616544492,sevran,48.929714,2.525056,0,0,684000,YGA:VehicleType:db4616544492,Renault,Trafic,2014,combustion_diesel,YGA:PricingPlan:db4616544492,7.0,56.0,https://fr.getaround.com/location-voiture/sevran/renault-trafic-1787186
2026-09-18T00:04:17,torcy,1790675,YGA:Vehicle:40c1b469d730,bry-sur-marne,48.843029,2.525437,0,0,136500,YGA:VehicleType:40c1b469d730,Renault,Clio E-tech,2022,hybrid,YGA:PricingPlan:40c1b469d730,6.0,43.0,https://fr.getaround.com/location-voiture/bry-sur-marne/renault-clio-e-tech-1790675
2026-09-18T00:04:17,torcy,1807034,YGA:Vehicle:15ba35820688,noisiel,48.843372,2.622258,0,0,315000,YGA:VehicleType:15ba35820688,Fiat,500 Hybride,2023,combustion,YGA:PricingPlan:15ba35820688,5.0,41.0,https://fr.getaround.com/location-voiture/noisiel/fiat-500-hybride-1807034
2026-09-18T00:04:17,torcy,1810202,YGA:Vehicle:1ef3132e94cb,sevran,48.937935,2.524554,0,0,196000,YGA:VehicleType:1ef3132e94cb,Peugeot,108,2016,combustion,YGA:PricingPlan:1ef3132e94cb,5.0,40.0,https://fr.getaround.com/location-voiture/sevran/peugeot-108-1810202
2026-09-18T00:04:17,torcy,1811438,YGA:Vehicle:9e48415d4651,champs-sur-marne,48.842709,2.587603,0,0,498000,YGA:VehicleType:9e48415d4651,Renault,Kangoo Express,2017,combustion_diesel,YGA:PricingPlan:9e48415d4651,6.0,49.0,https://fr.getaround.com/location-voiture/champs-sur-marne/renault-kangoo-express-1811438
2026-09-18T00:04:17,torcy,1820258,YGA:Vehicle:d4179f692020,bry-sur-marne,48.829704,2.524496,0,0,426000,YGA:VehicleType:d4179f692020,Renault,Kangoo Express,2016,combustion_diesel,YGA:PricingPlan:d4179f692020,6.0,42.0,https://fr.getaround.com/location-voiture/bry-sur-marne/renault-kangoo-express-1820258
2026-09-18T00:04:17,torcy,1822204,YGA:Vehicle:2d7de8e30b03,champs-sur-marne,48.842609,2.585939,0,0,470000,YGA:VehicleType:2d7de8e30b03,Dacia,Sandero Stepway,2015,combustion,YGA:PricingPlan:2d7de8e30b03,6.0,43.0,https://fr.getaround.com/location-voiture/champs-sur-marne/dacia-sandero-stepway-1822204
2026-09-18T00:04:17,torcy,1824339,YGA:Vehicle:c2ee359790e2,champs-sur-marne,48.843807,2.586009,0,0,350000,YGA:VehicleType:c2ee359790e2,Skoda,Citigo,2015,combustion,YGA:PricingPlan:c2ee359790e2,5.0,33.0,https://fr.getaround.com/location-voiture/champs-sur-marne/skoda-citigo-1824339
2026-09-18T00:04:17,torcy,1824808,YGA:Vehicle:63a1bb63777b,bry-sur-marne,48.829693,2.524346,0,0,496000,YGA:VehicleType:63a1bb63777b,Renault,Trafic,2015,combustion_diesel,YGA:PricingPlan:63a1bb63777b,7.0,50.0,https://fr.getaround.com/location-voiture/bry-sur-marne/renault-trafic-1824808
2026-09-18T00:04:17,torcy,1825108,YGA:Vehicle:551affd58ea4,pontault-combault,48.802582,2.605679,0,0,900000,YGA:VehicleType:551affd58ea4,Citroen,Jumper,2015,combustion_diesel,YGA:PricingPlan:551affd58ea4,6.0,47.0,https://fr.getaround.com/location-voiture/pontault-combault/citroen-jumper-1825108
2026-09-18T00:04:17,torcy,1830884,YGA:Vehicle:fd015e045531,gagny,48.885147,2.52726,0,0,345000,YGA:VehicleType:fd015e045531,Peugeot,208,2018,combustion,YGA:PricingPlan:fd015e045531,5.0,38.0,https://fr.getaround.com/location-voiture/gagny/peugeot-208-1830884
2026-09-18T00:04:17,torcy,1833730,YGA:Vehicle:6ee6c3644006,chelles,48.869953,2.588857,0,0,373500,YGA:VehicleType:6ee6c3644006,Renault,Clio,2020,combustion_diesel,YGA:PricingPlan:6ee6c3644006,5.0,37.0,https://fr.getaround.com/location-voiture/chelles/renault-clio-1833730
2026-09-18T00:04:17,torcy,1835105,YGA:Vehicle:73e4d0c98c60,chelles,48.869793,2.591625,0,0,138600,YGA:VehicleType:73e4d0c98c60,Citroen,C3,2022,combustion_diesel,YGA:PricingPlan:73e4d0c98c60,5.0,37.0,https://fr.getaround.com/location-voiture/chelles/citroen-c3-1835105
2026-09-18T00:04:17,torcy,1835405,YGA:Vehicle:c1e7fb63c8db,noisy-le-grand,48.823456,2.579521,0,0,332500,YGA:VehicleType:c1e7fb63c8db,Citroen,C1 II,2018,combustion,YGA:PricingPlan:c1e7fb63c8db,5.0,39.0,https://fr.getaround.com/location-voiture/noisy-le-grand/citroen-c1-ii-1835405
2026-09-18T00:04:17,torcy,1839806,YGA:Vehicle:771d8ebe911f,villiers-sur-marne,48.833233,2.544879,0,0,900000,YGA:VehicleType:771d8ebe911f,Citroen,Jumper,2020,combustion_diesel,YGA:PricingPlan:771d8ebe911f,10.0,77.0,https://fr.getaround.com/location-voiture/villiers-sur-marne/citroen-jumper-1839806
2026-09-18T00:04:17,torcy,1842828,YGA:Vehicle:8995ae2832b0,chennevieres-sur-marne,48.802681,2.551603,0,0,211200,YGA:VehicleType:8995ae2832b0,Peugeot,208,2020,combustion,YGA:PricingPlan:8995ae2832b0,8.0,61.0,https://fr.getaround.com/location-voiture/chennevieres-sur-marne/peugeot-208-1842828
2026-09-18T00:04:17,torcy,1844263,YGA:Vehicle:ddeae8ddabd8,chelles,48.869793,2.591625,0,0,92000,YGA:VehicleType:ddeae8ddabd8,Peugeot,208,2021,combustion_diesel,YGA:PricingPlan:ddeae8ddabd8,5.0,37.0,https://fr.getaround.com/location-voiture/chelles/peugeot-208-1844263
2026-09-18T00:04:17,torcy,1846271,YGA:Vehicle:eafd35de9be0,noisy-le-grand,48.844151,2.560517,0,0,225000,YGA:VehicleType:eafd35de9be0,Peugeot,208,2019,combustion,YGA:PricingPlan:eafd35de9be0,5.0,39.0,https://fr.getaround.com/location-voiture/noisy-le-grand/peugeot-208-1846271
2026-09-18T00:04:17,torcy,1846277,YGA:Vehicle:691292939800,noisy-le-grand,48.844151,2.560517,0,0,365000,YGA:VehicleType:691292939800,Peugeot,208,2019,combustion,YGA:PricingPlan:691292939800,5.0,42.0,https://fr.getaround.com/location-voiture/noisy-le-grand/peugeot-208-1846277
2026-09-18T00:04:17,torcy,1848907,YGA:Vehicle:89d0e37162d3,bry-sur-marne,48.847252,2.520598,0,0,350000,YGA:VehicleType:89d0e37162d3,Fiat,500,2019,combustion,YGA:PricingPlan:89d0e37162d3,6.0,45.0,https://fr.getaround.com/location-voiture/bry-sur-marne/fiat-500-1848907
2026-09-18T00:04:17,torcy,1850241,YGA:Vehicle:ee2184d0a03d,bry-sur-marne,48.847252,2.520598,0,0,360000,YGA:VehicleType:ee2184d0a03d,Renault,Scenic,2015,combustion_diesel,YGA:PricingPlan:ee2184d0a03d,7.0,45.0,https://fr.getaround.com/location-voiture/bry-sur-marne/renault-scenic-1850241
2026-09-18T00:04:17,torcy,1851244,YGA:Vehicle:6bf4a3a01778,noisiel,48.842731,2.619351,0,0,210000,YGA:VehicleType:6bf4a3a01778,Volkswagen,Up!,2019,combustion,YGA:PricingPlan:6bf4a3a01778,6.0,41.0,https://fr.getaround.com/location-voiture/noisiel/volkswagen-up-1851244
2026-09-18T00:04:17,torcy,1853059,YGA:Vehicle:26ed03b53177,chelles,48.886463,2.606856,0,0,346500,YGA:VehicleType:26ed03b53177,Fiat,500,2017,combustion,YGA:PricingPlan:26ed03b53177,4.0,35.0,https://fr.getaround.com/location-voiture/chelles/fiat-500-1853059
2026-09-18T00:04:17,torcy,1854679,YGA:Vehicle:7675b50daead,villemomble,48.880264,2.514754,0,0,162000,YGA:VehicleType:7675b50daead,Citroen,C3,2018,combustion,YGA:PricingPlan:7675b50daead,8.0,61.0,https://fr.getaround.com/location-voiture/villemomble/citroen-c3-1854679
2026-09-18T00:04:17,torcy,1854766,YGA:Vehicle:68bd680378ca,noisy-le-grand,48.839882,2.548184,0,0,158400,YGA:VehicleType:68bd680378ca,Toyota,Yaris Cross Hybrid,2023,hybrid,YGA:PricingPlan:68bd680378ca,19.0,128.0,https://fr.getaround.com/location-voiture/noisy-le-grand/toyota-yaris-cross-hybrid-1854766
2026-09-18T00:04:17,torcy,1854866,YGA:Vehicle:65f36bfdc02d,noisiel,48.8493,2.623649,0,0,342000,YGA:VehicleType:65f36bfdc02d,Nissan,Primastar Fourgon,2014,combustion_diesel,YGA:PricingPlan:65f36bfdc02d,6.0,48.0,https://fr.getaround.com/location-voiture/noisiel/nissan-primastar-fourgon-1854866
2026-09-18T00:04:17,torcy,1859499,YGA:Vehicle:8590f2280b8c,villiers-sur-marne,48.823193,2.5374,0,0,328000,YGA:VehicleType:8590f2280b8c,Nissan,Micra,2019,combustion,YGA:PricingPlan:8590f2280b8c,6.0,45.0,https://fr.getaround.com/location-voiture/villiers-sur-marne/nissan-micra-1859499
2026-09-18T00:04:17,torcy,1860643,YGA:Vehicle:8d1db99bc7ee,noisy-le-grand,48.839516,2.576857,0,0,288000,YGA:VehicleType:8d1db99bc7ee,Renault,Captur,2019,combustion,YGA:PricingPlan:8d1db99bc7ee,6.0,42.0,https://fr.getaround.com/location-voiture/noisy-le-grand/renault-captur-1860643
2026-09-18T00:04:17,torcy,1863577,YGA:Vehicle:a846eee25a33,le-perreux-sur-marne,48.834793,2.513639,0,0,187200,YGA:VehicleType:a846eee25a33,Fiat,Panda,2020,combustion,YGA:PricingPlan:a846eee25a33,6.0,42.0,https://fr.getaround.com/location-voiture/le-perreux-sur-marne/fiat-panda-1863577
2026-09-18T00:04:17,torcy,1864510,YGA:Vehicle:636002676c94,champs-sur-marne,48.842285,2.58789,0,0,348000,YGA:VehicleType:636002676c94,Renault,Kangoo Express,2018,combustion_diesel,YGA:PricingPlan:636002676c94,7.0,57.0,https://fr.getaround.com/location-voiture/champs-sur-marne/renault-kangoo-express-1864510
2026-09-18T00:04:17,torcy,1865659,YGA:Vehicle:b17caf8d4fe5,villiers-sur-marne,48.832535,2.535186,0,0,104000,YGA:VehicleType:b17caf8d4fe5,Peugeot,208,2021,combustion_diesel,YGA:PricingPlan:b17caf8d4fe5,5.0,40.0,https://fr.getaround.com/location-voiture/villiers-sur-marne/peugeot-208-1865659
2026-09-18T00:04:17,torcy,1867280,YGA:Vehicle:1e547676729b,chelles,48.869907,2.591908,0,0,48400,YGA:VehicleType:1e547676729b,Peugeot,208 GT Line,2020,combustion,YGA:PricingPlan:1e547676729b,5.0,41.0,https://fr.getaround.com/location-voiture/chelles/peugeot-208-gt-line-1867280
2026-09-18T00:04:17,torcy,1870477,YGA:Vehicle:e3ebcbe5c21d,noisy-le-grand,48.84547,2.534383,0,0,356400,YGA:VehicleType:e3ebcbe5c21d,Toyota,Yaris Hybride,2020,hybrid,YGA:PricingPlan:e3ebcbe5c21d,10.0,74.0,https://fr.getaround.com/location-voiture/noisy-le-grand/toyota-yaris-hybride-1870477
2026-09-18T00:04:17,torcy,1874089,YGA:Vehicle:38d304151e12,champs-sur-marne,48.837849,2.5868,0,0,500000,YGA:VehicleType:38d304151e12,Peugeot,208,2019,combustion,YGA:PricingPlan:38d304151e12,7.0,55.0,https://fr.getaround.com/location-voiture/champs-sur-marne/peugeot-208-1874089
2026-09-18T00:04:17,torcy,1874389,YGA:Vehicle:ca84254a1476,gagny,48.884823,2.527044,0,0,160000,YGA:VehicleType:ca84254a1476,Peugeot,208,2016,combustion,YGA:PricingPlan:ca84254a1476,4.0,31.0,https://fr.getaround.com/location-voiture/gagny/peugeot-208-1874389
2026-09-18T00:04:17,torcy,1877299,YGA:Vehicle:34db9fadf766,chelles,48.87701,2.596401,0,0,369600,YGA:VehicleType:34db9fadf766,Renault,Clio,2020,combustion,YGA:PricingPlan:34db9fadf766,7.0,49.0,https://fr.getaround.com/location-voiture/chelles/renault-clio-1877299
2026-09-18T00:04:17,torcy,1879088,YGA:Vehicle:3cd8ed99edf3,gagny,48.878155,2.558314,0,0,576000,YGA:VehicleType:3cd8ed99edf3,Renault,Kangoo Express,2020,combustion_diesel,YGA:PricingPlan:3cd8ed99edf3,7.0,53.0,https://fr.getaround.com/location-voiture/gagny/renault-kangoo-express-1879088
2026-09-18T00:04:17,torcy,1880637,YGA:Vehicle:1bccf7abc5b9,montfermeil,48.894123,2.552693,0,0,322500,YGA:VehicleType:1bccf7abc5b9,Toyota,C-HR Hybrid,2021,hybrid,YGA:PricingPlan:1bccf7abc5b9,10.0,76.0,https://fr.getaround.com/location-voiture/montfermeil/toyota-c-hr-hybrid-1880637
2026-09-18T00:04:17,torcy,1880863,YGA:Vehicle:08f5cca9c90f,sevran,48.929646,2.525179,0,0,328000,YGA:VehicleType:08f5cca9c90f,Nissan,Note,2014,combustion_diesel,YGA:PricingPlan:08f5cca9c90f,5.0,41.0,https://fr.getaround.com/location-voiture/sevran/nissan-note-1880863
2026-09-18T00:04:17,torcy,1890903,YGA:Vehicle:d02d44ba5a71,villemomble,48.884499,2.516997,0,0,63600,YGA:VehicleType:d02d44ba5a71,Renault,Grand Scenic,2019,combustion,YGA:PricingPlan:d02d44ba5a71,6.0,41.0,https://fr.getaround.com/location-voiture/villemomble/renault-grand-scenic-1890903
2026-09-18T00:04:17,torcy,1893383,YGA:Vehicle:1ce29aef6ea0,sevran,48.937687,2.524298,0,0,176400,YGA:VehicleType:1ce29aef6ea0,Citroen,C3,2018,combustion_diesel,YGA:PricingPlan:1ce29aef6ea0,6.0,48.0,https://fr.getaround.com/location-voiture/sevran/citroen-c3-1893383
2026-09-18T00:04:17,torcy,1893400,YGA:Vehicle:43d2784a7c1f,villiers-sur-marne,48.833614,2.545694,0,0,450000,YGA:VehicleType:43d2784a7c1f,Citroen,C3 Aircross,2018,combustion,YGA:PricingPlan:43d2784a7c1f,7.0,48.0,https://fr.getaround.com/location-voiture/villiers-sur-marne/citroen-c3-aircross-1893400
2026-09-18T00:04:17,torcy,1893586,YGA:Vehicle:4d0d9b0b4b29,neuilly-sur-marne,48.872337,2.529277,0,0,656000,YGA:VehicleType:4d0d9b0b4b29,Opel,Vivaro Combi,2015,combustion_diesel,YGA:PricingPlan:4d0d9b0b4b29,12.0,81.0,https://fr.getaround.com/location-voiture/neuilly-sur-marne/opel-vivaro-combi-1893586
2026-09-18T00:04:17,torcy,1898136,YGA:Vehicle:c7bcd7fc52e5,noisy-le-grand,48.826748,2.563202,0,0,310000,YGA:VehicleType:c7bcd7fc52e5,Peugeot,208,2017,combustion,YGA:PricingPlan:c7bcd7fc52e5,5.0,39.0,https://fr.getaround.com/location-voiture/noisy-le-grand/peugeot-208-1898136
2026-09-18T00:04:17,torcy,1899551,YGA:Vehicle:6bfb7a9b8605,champs-sur-marne,48.842285,2.58789,0,0,450000,YGA:VehicleType:6bfb7a9b8605,Citroen,C3,2014,combustion_diesel,YGA:PricingPlan:6bfb7a9b8605,6.0,43.0,https://fr.getaround.com/location-voiture/champs-sur-marne/citroen-c3-1899551
2026-09-18T00:04:17,torcy,1904143,YGA:Vehicle:f27977d19870,chennevieres-sur-marne,48.802418,2.550869,0,0,460600,YGA:VehicleType:f27977d19870,Ford,Transit Courier Fourgon,2015,combustion_diesel,YGA:PricingPlan:f27977d19870,6.0,45.0,https://fr.getaround.com/location-voiture/chennevieres-sur-marne/ford-transit-courier-fourgon-1904143
2026-09-18T00:04:17,torcy,1904287,YGA:Vehicle:495aedc67dbe,champs-sur-marne,48.843006,2.585882,0,0,661500,YGA:VehicleType:495aedc67dbe,Renault,Master,2019,combustion_diesel,YGA:PricingPlan:495aedc67dbe,7.0,56.0,https://fr.getaround.com/location-voiture/champs-sur-marne/renault-master-1904287
2026-09-18T00:04:17,torcy,1908045,YGA:Vehicle:83802d35d299,chennevieres-sur-marne,48.802418,2.550869,0,0,600000,YGA:VehicleType:83802d35d299,Renault,Kangoo,2014,combustion_diesel,YGA:PricingPlan:83802d35d299,5.0,38.0,https://fr.getaround.com/location-voiture/chennevieres-sur-marne/renault-kangoo-1908045
2026-09-18T00:04:17,torcy,1911299,YGA:Vehicle:b8b31e89fdac,neuilly-sur-marne,48.872272,2.52932,0,0,560000,YGA:VehicleType:b8b31e89fdac,Ford,Transit Custom Kombi,2014,combustion_diesel,YGA:PricingPlan:b8b31e89fdac,13.0,88.0,https://fr.getaround.com/location-voiture/neuilly-sur-marne/ford-transit-custom-kombi-1911299
2026-09-18T00:04:17,torcy,1913320,YGA:Vehicle:0a6fb170db31,chelles,48.879883,2.590238,0,0,145000,YGA:VehicleType:0a6fb170db31,Renault,Kangoo Express,2021,combustion_diesel,YGA:PricingPlan:0a6fb170db31,6.0,51.0,https://fr.getaround.com/location-voiture/chelles/renault-kangoo-express-1913320
2026-09-18T00:04:17,torcy,1913856,YGA:Vehicle:3c9850b9ebd5,ormesson-sur-marne,48.791302,2.552384,0,0,175500,YGA:VehicleType:3c9850b9ebd5,Citroen,C3,2021,combustion,YGA:PricingPlan:3c9850b9ebd5,5.0,39.0,https://fr.getaround.com/location-voiture/ormesson-sur-marne/citroen-c3-1913856
2026-09-18T00:04:17,torcy,1914709,YGA:Vehicle:80c93b3a3f33,sevran,48.929646,2.525179,0,0,774000,YGA:VehicleType:80c93b3a3f33,Renault,Trafic,2014,combustion_diesel,YGA:PricingPlan:80c93b3a3f33,8.0,61.0,https://fr.getaround.com/location-voiture/sevran/renault-trafic-1914709
2026-09-18T00:04:17,torcy,1915815,YGA:Vehicle:7af17fe58c3d,villiers-sur-marne,48.829639,2.539767,0,0,427500,YGA:VehicleType:7af17fe58c3d,Renault,Clio,2020,combustion_diesel,YGA:PricingPlan:7af17fe58c3d,7.0,50.0,https://fr.getaround.com/location-voiture/villiers-sur-marne/renault-clio-1915815
2026-09-18T00:04:17,torcy,1922094,YGA:Vehicle:74054e619709,sevran,48.937012,2.529874,0,0,397500,YGA:VehicleType:74054e619709,Peugeot,308 SW,2019,combustion,YGA:PricingPlan:74054e619709,11.0,77.0,https://fr.getaround.com/location-voiture/sevran/peugeot-308-sw-1922094
2026-09-18T00:04:17,torcy,1923033,YGA:Vehicle:354d64a727da,sevran,48.929646,2.525179,0,0,427500,YGA:VehicleType:354d64a727da,Renault,Captur,2014,combustion_diesel,YGA:PricingPlan:354d64a727da,7.0,54.0,https://fr.getaround.com/location-voiture/sevran/renault-captur-1923033
2026-09-18T00:04:17,torcy,1923426,YGA:Vehicle:c3308c794deb,la-queue-en-brie,48.79398,2.559579,0,0,175000,YGA:VehicleType:c3308c794deb,Toyota,Aygo II,2020,combustion,YGA:PricingPlan:c3308c794deb,4.0,33.0,https://fr.getaround.com/location-voiture/la-queue-en-brie/toyota-aygo-ii-1923426
2026-09-18T00:04:17,torcy,1923949,YGA:Vehicle:1d3c5cecdacc,sevran,48.929646,2.525179,0,0,296000,YGA:VehicleType:1d3c5cecdacc,Opel,Vivaro,2014,combustion_diesel,YGA:PricingPlan:1d3c5cecdacc,7.0,56.0,https://fr.getaround.com/location-voiture/sevran/opel-vivaro-1923949
2026-09-18T00:04:17,torcy,1926572,YGA:Vehicle:751741044437,chennevieres-sur-marne,48.80352,2.531988,0,0,1039500,YGA:VehicleType:751741044437,Renault,Master,2013,combustion_diesel,YGA:PricingPlan:751741044437,9.0,69.0,https://fr.getaround.com/location-voiture/chennevieres-sur-marne/renault-master-1926572
2026-09-18T00:04:17,torcy,1928075,YGA:Vehicle:b5d78b1779cf,saint-maur-des-fosses,48.78968,2.516411,0,0,892500,YGA:VehicleType:b5d78b1779cf,Renault,Master,2021,combustion_diesel,YGA:PricingPlan:b5d78b1779cf,11.0,84.0,https://fr.getaround.com/location-voiture/saint-maur-des-fosses/renault-master-1928075
2026-09-18T00:04:17,torcy,1931820,YGA:Vehicle:c151e62de3b9,saint-maur-des-fosses,48.789955,2.516575,0,0,162000,YGA:VehicleType:c151e62de3b9,Citroen,Jumper,2022,combustion_diesel,YGA:PricingPlan:c151e62de3b9,11.0,84.0,https://fr.getaround.com/location-voiture/saint-maur-des-fosses/citroen-jumper-1931820
2026-09-18T00:04:17,torcy,1939035,YGA:Vehicle:0764b835651f,pontault-combault,48.807625,2.610116,0,0,490000,YGA:VehicleType:0764b835651f,Citroen,C3,2013,combustion,YGA:PricingPlan:0764b835651f,4.0,29.0,https://fr.getaround.com/location-voiture/pontault-combault/citroen-c3-1939035
2026-09-18T00:04:17,torcy,1939367,YGA:Vehicle:d05a23b3771f,chelles,48.877708,2.592831,0,0,486000,YGA:VehicleType:d05a23b3771f,Peugeot,Boxer,2020,combustion_diesel,YGA:PricingPlan:d05a23b3771f,11.0,81.0,https://fr.getaround.com/location-voiture/chelles/peugeot-boxer-1939367
2026-09-18T00:04:17,torcy,1945272,YGA:Vehicle:fea4ca019dbf,sevran,48.929646,2.525179,0,0,390600,YGA:VehicleType:fea4ca019dbf,Citroen,C3,2018,combustion_diesel,YGA:PricingPlan:fea4ca019dbf,7.0,53.0,https://fr.getaround.com/location-voiture/sevran/citroen-c3-1945272
2026-09-18T00:04:17,torcy,1945799,YGA:Vehicle:be11625b1bdc,champs-sur-marne,48.841717,2.592615,0,0,450000,YGA:VehicleType:be11625b1bdc,Citroen,C3 Société,2019,combustion_diesel,YGA:PricingPlan:be11625b1bdc,6.0,44.0,https://fr.getaround.com/location-voiture/champs-sur-marne/citroen-c3-societe-1945799
2026-09-18T00:04:17,torcy,1951170,YGA:Vehicle:5aab997de884,le-plessis-trevise,48.811089,2.565921,0,0,390600,YGA:VehicleType:5aab997de884,Citroen,C3,2018,combustion_diesel,YGA:PricingPlan:5aab997de884,7.0,53.0,https://fr.getaround.com/location-voiture/le-plessis-trevise/citroen-c3-1951170
2026-09-18T00:04:17,torcy,1954423,YGA:Vehicle:3e5aa3d48e25,bry-sur-marne,48.847252,2.520598,0,0,387000,YGA:VehicleType:3e5aa3d48e25,Renault,Captur,2018,combustion,YGA:PricingPlan:3e5aa3d48e25,5.0,38.0,https://fr.getaround.com/location-voiture/bry-sur-marne/renault-captur-1954423
2026-09-18T00:04:17,torcy,1955772,YGA:Vehicle:bda2bf2d0e6d,noisy-le-grand,48.841381,2.564283,0,0,120000,YGA:VehicleType:bda2bf2d0e6d,Renault,Kangoo,2017,combustion_diesel,YGA:PricingPlan:bda2bf2d0e6d,5.0,40.0,https://fr.getaround.com/location-voiture/noisy-le-grand/renault-kangoo-1955772
2026-09-18T00:04:17,torcy,1962209,YGA:Vehicle:f71bb38bc222,villiers-sur-marne,48.829891,2.539789,0,0,612000,YGA:VehicleType:f71bb38bc222,Peugeot,Boxer,2018,combustion_diesel,YGA:PricingPlan:f71bb38bc222,7.0,56.0,https://fr.getaround.com/location-voiture/villiers-sur-marne/peugeot-boxer-1962209
2026-09-18T00:04:17,torcy,1962908,YGA:Vehicle:e6246e42ff71,neuilly-sur-marne,48.852966,2.521452,0,0,712000,YGA:VehicleType:e6246e42ff71,Renault,Trafic,2020,combustion_diesel,YGA:PricingPlan:e6246e42ff71,9.0,67.0,https://fr.getaround.com/location-voiture/neuilly-sur-marne/renault-trafic-1962908
2026-09-18T00:04:17,torcy,1963356,YGA:Vehicle:a3e520441849,chelles,48.869907,2.591908,0,0,300000,YGA:VehicleType:a3e520441849,Volkswagen,Golf,2020,combustion,YGA:PricingPlan:a3e520441849,21.0,147.0,https://fr.getaround.com/location-voiture/chelles/volkswagen-golf-1963356
