stop_id,nom,commune,mode,lat,lon
IDFM:monomodalStopPlace:415484,Égly,Égly,RapidTransit,48.582715781664064,2.2234625238542307
IDFM:monomodalStopPlace:43099,Breuillet Village,Breuillet,RapidTransit,48.56433413404574,2.170354257290333
IDFM:monomodalStopPlace:43076,Épinay-sur-Orge,Épinay-sur-Orge,RapidTransit,48.6693475106473,2.332043500451718
IDFM:monomodalStopPlace:43188,Sainte-Geneviève-des-Bois,Sainte-Geneviève-des-Bois,RapidTransit,48.65295347339147,2.3129608959702024
IDFM:monomodalStopPlace:43159,Marolles-en-Hurepoix,Marolles-en-Hurepoix,RapidTransit,48.56564453550255,2.290908349251896
IDFM:monomodalStopPlace:47927,Gare de Chamarande,Chamarande,RapidTransit,48.51405318948937,2.2151562718541644
IDFM:monomodalStopPlace:43081,Étréchy,Étréchy,RapidTransit,48.49387742150091,2.1947692381982216
IDFM:monomodalStopPlace:45301,Bibliothèque François Mitterrand,Paris,RapidTransit,48.8288801225864,2.377758552865005
IDFM:monomodalStopPlace:43110,Choisy-le-Roi,Choisy-le-Roi,RapidTransit,48.76387977763339,2.411287538155699
IDFM:monomodalStopPlace:44787,Rungis la Fraternelle,Rungis,RapidTransit,48.74021613668418,2.3521980873905326
IDFM:monomodalStopPlace:58774,Massy - Palaiseau,Massy,RapidTransit,48.72551907437078,2.2587677282577334
IDFM:monomodalStopPlace:43132,Grigny Centre,Grigny,RapidTransit,48.65484195083382,2.39678605544789
IDFM:monomodalStopPlace:45850,Le Bras de Fer,Évry-Courcouronnes,RapidTransit,48.623306397197155,2.4520047548737254
IDFM:monomodalStopPlace:43156,Maisse,Maisse,RapidTransit,48.39367132989446,2.393493661032251
IDFM:monomodalStopPlace:43204,Stade de France Saint-Denis,Saint-Denis,RapidTransit,48.91769737260247,2.3504430479100207
IDFM:monomodalStopPlace:45739,Juvisy,Juvisy-sur-Orge,RapidTransit,48.68970940912314,2.383334629403869
IDFM:monomodalStopPlace:43115,Corbeil-Essonnes,Corbeil-Essonnes,RapidTransit,48.61323864277619,2.472467657639279
IDFM:monomodalStopPlace:45759,Essonnes Robinson,Corbeil-Essonnes,RapidTransit,48.60581740091332,2.463295818844443
IDFM:monomodalStopPlace:45812,Ponthierry - Pringy,Saint-Fargeau-Ponthierry,RapidTransit,48.535084951085466,2.5445365646399507
IDFM:monomodalStopPlace:43154,Maisons-Alfort - Alfortville,Alfortville,RapidTransit,48.80217813521484,2.4264376603578035
IDFM:monomodalStopPlace:464040,Le Vert de Maisons,Maisons-Alfort,RapidTransit,48.78883131123265,2.4321242678299977
IDFM:monomodalStopPlace:46304,Villeneuve Triage,Villeneuve-Saint-Georges,RapidTransit,48.744611139140474,2.438697833840877
IDFM:monomodalStopPlace:43226,Yerres,Yerres,RapidTransit,48.7064507273249,2.483187005163047
IDFM:monomodalStopPlace:47669,Lieusaint - Moissy,Lieusaint,RapidTransit,48.62833648393033,2.569507070898012
IDFM:monomodalStopPlace:43251,Garges - Sarcelles,Garges-lès-Gonesse,RapidTransit,48.97632635843972,2.3899547555239407
IDFM:monomodalStopPlace:43223,Villiers-sur-Marne - Le Plessis-Trévise,Villiers-sur-Marne,RapidTransit,48.82324786783017,2.542644466674205
IDFM:monomodalStopPlace:47900,Val de Fontenay,Fontenay-sous-Bois,RapidTransit,48.85424654032024,2.4890536307751616
IDFM:monomodalStopPlace:58498,Rosa Parks,Paris,RapidTransit,48.89645824176388,2.3737182728654673
IDFM:monomodalStopPlace:43176,Pantin,Pantin,RapidTransit,48.897987452300434,2.4010414542870944
IDFM:monomodalStopPlace:44201,Noisy-le-Sec,Noisy-le-Sec,RapidTransit,48.8966634168645,2.4591980956866797
IDFM:monomodalStopPlace:43211,Vaires - Torcy,Vaires-sur-Marne,RapidTransit,48.87517306494243,2.637705554664271
IDFM:monomodalStopPlace:43146,La Varenne - Chennevières,Saint-Maur-des-Fossés,RapidTransit,48.79532749459459,2.5132322873015256
IDFM:monomodalStopPlace:43234,Le Parc de Saint-Maur,Saint-Maur-des-Fossés,RapidTransit,48.8054097518155,2.486623744135692
IDFM:monomodalStopPlace:44801,Saint-Maur - Créteil,Saint-Maur-des-Fossés,RapidTransit,48.80619648110731,2.4729094308778183
IDFM:monomodalStopPlace:47897,Cergy Saint-Christophe,Cergy,RapidTransit,49.049642166828754,2.0345219282999176
IDFM:monomodalStopPlace:46647,Achères Ville,Achères,RapidTransit,48.970643570814424,2.0777265246565433
IDFM:monomodalStopPlace:47915,Achères Grand Cormier,Saint-Germain-en-Laye,RapidTransit,48.95541092942684,2.0936529195192275
IDFM:monomodalStopPlace:43191,Sartrouville,Sartrouville,RapidTransit,48.93769529363442,2.1572200388507317
IDFM:monomodalStopPlace:43082,Houilles - Carrières-sur-Seine,Houilles,RapidTransit,48.92034757911033,2.1851757042018707
IDFM:monomodalStopPlace:43125,Fontenay-aux-Roses,Fontenay-aux-Roses,RapidTransit,48.78756698215643,2.2929083820455323
IDFM:monomodalStopPlace:47052,Courcelle-sur-Yvette,Gif-sur-Yvette,RapidTransit,48.70131367727702,2.097722386795541
IDFM:monomodalStopPlace:43103,Bures-sur-Yvette,Bures-sur-Yvette,RapidTransit,48.69621022314541,2.1643461393269345
IDFM:monomodalStopPlace:47940,Massy - Verrières,Massy,RapidTransit,48.7349579552114,2.273978779055319
IDFM:monomodalStopPlace:46007,La Croix de Berny,Antony,RapidTransit,48.76171816323692,2.3042107053612133
IDFM:monomodalStopPlace:44493,Bagneux,Cachan,RapidTransit,48.79333690627149,2.3220087047421583
IDFM:monomodalStopPlace:43607,Laplace,Arcueil,RapidTransit,48.808360137202826,2.3343440158701894
IDFM:monomodalStopPlace:43231,Le Bourget,Le Bourget,RapidTransit,48.930744340383264,2.425825637815098
IDFM:monomodalStopPlace:43122,Drancy,Drancy,RapidTransit,48.932732553959134,2.454883180745302
IDFM:monomodalStopPlace:473364,Aéroport Charles de Gaulle 2 (Terminal 2),Tremblay-en-France,RapidTransit,49.0041455478504,2.5709800477570233
IDFM:494013,Villa Nova,Villeneuve-Saint-Georges,CableWay,48.734837410453366,2.46484200794773
IDFM:480934,Allée Royale,Saint-Cyr-l'École,Tramway,48.814734924412924,2.0785366803243126
IDFM:480938,Noisy-le-Roi,Noisy-le-Roi,Tramway,48.841216832443024,2.061622167810258
IDFM:480942,Mareil-Marly,Mareil-Marly,Tramway,48.881267628626496,2.079173075641372
IDFM:481070,Fourqueux - Bel Air,Saint-Germain-en-Laye,Tramway,48.894920794013856,2.069983869456418
IDFM:480904,Saint-Germain-en-Laye,Saint-Germain-en-Laye,Tramway,48.901598542695204,2.095237857492639
IDFM:481072,Saint-Nom-la-Bretèche - Forêt de Marly,L'Étang-la-Ville,Tramway,48.867402049950684,2.050735118392639
IDFM:481075,Les Portes de Saint-Cyr,Versailles,Tramway,48.80660367020067,2.0773050548633556
IDFM:486837,Parc des Sports,Le Plessis-Robinson,Tramway,48.7797888012945,2.2518454316352314
IDFM:486848,Malabry,Châtenay-Malabry,Tramway,48.76934162518396,2.249641226496323
IDFM:486828,Théâtre La Piscine,Châtenay-Malabry,Tramway,48.76383639978567,2.272794831394837
IDFM:486826,Les Peintres,Châtenay-Malabry,Tramway,48.764721796864,2.266088616748746
IDFM:486810,Jardin Parisien,Clamart,Tramway,48.79006596776754,2.252773412609051
IDFM:494313,Massy - Palaiseau,Massy,Tramway,48.72437639406971,2.2565407731383607
IDFM:486897,Longjumeau,Longjumeau,Tramway,48.70239567385033,2.2939520027613325
IDFM:486889,Gravigny Balizy,Longjumeau,Tramway,48.68619709283594,2.3173195266960644
IDFM:486888,Petit Vaux,Épinay-sur-Orge,Tramway,48.67660645389401,2.332847217178883
IDFM:486967,Bois de Saint-Eutrope,Ris-Orangis,Tramway,48.6339271237468,2.3956699900896696
IDFM:486963,Bois Briard,Évry-Courcouronnes,Tramway,48.62196503646022,2.415821100604916
IDFM:486886,Petit Vaux,Épinay-sur-Orge,Tramway,48.67655218410451,2.3327935799309887
IDFM:486902,Évry - Courcouronnes,Évry-Courcouronnes,Tramway,48.62495351563186,2.4254895141624586
IDFM:492424,Crécy-la-Chapelle,Crécy-la-Chapelle,Tramway,48.859563576644945,2.9051922787891398
IDFM:463130,Bérault,Vincennes,Metro,48.84554919216388,2.4290262652466583
IDFM:463294,Reuilly - Diderot,Paris,Metro,48.84720216018846,2.3851026686267773
IDFM:463197,Gare de Lyon,Paris,Metro,48.845892686507405,2.373658253991729
IDFM:463150,Concorde,Paris,Metro,48.866166958916516,2.324585310879803
IDFM:22099,Pont de Neuilly,Neuilly-sur-Seine,Metro,48.88468472414712,2.2607160495433503
IDFM:22101,La Défense,Puteaux,Metro,48.89213543098125,2.2370151812077856
IDFM:463170,Esplanade de la Défense,Puteaux,Metro,48.88800894593748,2.2500587372950065
IDFM:22087,Châtelet,Paris,Metro,48.858579763589525,2.347881677716951
IDFM:463019,Bastille,Paris,Metro,48.85196422011205,2.368692796099789
IDFM:463240,Monceau,Paris,Metro,48.880568770126835,2.309412967374703
IDFM:22107,Stalingrad,Paris,Metro,48.88425326618281,2.3658058722008413
IDFM:462981,Jaurès,Paris,Metro,48.88159632872844,2.370174422778962
IDFM:22072,Nation,Paris,Metro,48.84845279707999,2.3957988351125254
IDFM:22123,Anvers,Paris,Metro,48.882868568843925,2.3441548403302916
IDFM:22114,Pigalle,Paris,Metro,48.882269542226226,2.338257976509587
IDFM:463296,Rome,Paris,Metro,48.88234581879614,2.3213591738229726
IDFM:463119,Anatole France,Levallois-Perret,Metro,48.89223258539651,2.2848122193525104
IDFM:22027,Villiers,Paris,Metro,48.88107318307563,2.315815092646378
IDFM:463069,Europe,Paris,Metro,48.87875316404477,2.32218591952051
IDFM:21906,Havre-Caumartin,Paris,Metro,48.87346783937801,2.3274627984235092
IDFM:21994,Arts et Métiers,Paris,Metro,48.86553459885931,2.3567233472754983
IDFM:21902,République,Paris,Metro,48.86712186124499,2.364283168306328
IDFM:463250,Parmentier,Paris,Metro,48.865162111168765,2.3746806763746613
IDFM:22037,Gallieni,Bagnolet,Metro,48.86512770051251,2.4159299613832097
IDFM:462946,République,Paris,Metro,48.86720306822776,2.3643332975454276
IDFM:22036,Anatole France,Levallois-Perret,Metro,48.892206617614,2.2849816963403193
IDFM:463161,Cité,Paris,Metro,48.85492106147581,2.347361051762225
IDFM:monomodalStopPlace:47960,Thieux - Nantouillet,Thieux,LocalTrain,49.00813565335945,2.6802537675802913
IDFM:monomodalStopPlace:46736,Dammartin - Juilly - Saint-Mard,Saint-Mard,LocalTrain,49.03215183565455,2.699046819624294
IDFM:monomodalStopPlace:54249,Les Clairières de Verneuil,Verneuil-sur-Seine,LocalTrain,48.99266997269272,1.9552440340828119
IDFM:monomodalStopPlace:43070,Aubergenville Élisabethville,Aubergenville,LocalTrain,48.97233225408568,1.8489603900783327
IDFM:monomodalStopPlace:47898,Ermont - Eaubonne,Ermont,LocalTrain,48.98049890628609,2.2707541014797794
IDFM:monomodalStopPlace:411342,Liancourt-Saint-Pierre,Liancourt-Saint-Pierre,LocalTrain,49.22054256178432,1.9054790812050526
IDFM:monomodalStopPlace:44161,Montgeroult - Courcelles,Montgeroult,LocalTrain,49.080811910011626,2.0029460458068105
IDFM:monomodalStopPlace:51494,Osny,Osny,LocalTrain,49.06281914403825,2.0581556508746317
IDFM:monomodalStopPlace:43160,Maurecourt,Andrésy,LocalTrain,48.986862412057214,2.059634534011659
IDFM:monomodalStopPlace:43157,Mantes-la-Jolie,Mantes-la-Jolie,LocalTrain,48.989295021419494,1.703836824856348
IDFM:monomodalStopPlace:43216,Vaucresson,Vaucresson,LocalTrain,48.836684490249404,2.152674671677768
IDFM:monomodalStopPlace:473506,Louveciennes,Louveciennes,LocalTrain,48.8612602848357,2.1227777344789676
IDFM:monomodalStopPlace:44602,Versailles Rive Droite,Versailles,LocalTrain,48.80949051640336,2.1368871000602927
IDFM:monomodalStopPlace:422065,Le Val d'Or,Saint-Cloud,LocalTrain,48.85625374079433,2.2165513289937904
IDFM:monomodalStopPlace:43205,Suresnes Mont Valérien,Suresnes,LocalTrain,48.871689522026664,2.2210567895582143
IDFM:monomodalStopPlace:43209,Trappes,Trappes,LocalTrain,48.7747853970692,2.0065902166898377
IDFM:monomodalStopPlace:43083,Igny,Igny,LocalTrain,48.74084886110891,2.230807643224045
IDFM:471890,La Villette Saint-Prest,Saint-Prest,regionalRail,48.4826018663209,1.5244943169956446
IDFM:472652,Épernon,Épernon,regionalRail,48.6050616178561,1.6816050711369555
IDFM:471399,Rambouillet,Rambouillet,regionalRail,48.64444348936314,1.8330495090353862
IDFM:472543,Rambouillet,Rambouillet,regionalRail,48.64305313349387,1.830704942140823
IDFM:472104,Versailles Chantiers,Versailles,regionalRail,48.79504217049753,2.134496264789487
IDFM:monomodalStopPlace:411511,Épernon,Épernon,regionalRail,48.60508485349536,1.6816723125024857
IDFM:monomodalStopPlace:411501,Saint-Piat,Saint-Piat,regionalRail,48.542555489100806,1.5900733879453606
IDFM:471097,La Villette Saint-Prest,Saint-Prest,regionalRail,48.482544705489836,1.5242387761354979
IDFM:472742,Joigny,Joigny,regionalRail,47.973634264773985,3.393345247491049
IDFM:monomodalStopPlace:411473,Saint-Julien du Sault,Saint-Julien-du-Sault,regionalRail,48.02662402302481,3.302762450780337
IDFM:471404,Beauvais,Beauvais,regionalRail,49.42607386646542,2.088576271957709
IDFM:471046,Beauvais,Beauvais,regionalRail,49.42620691560976,2.0883396498087277
IDFM:471341,Paris Saint-Lazare,Paris,regionalRail,48.87775354952993,2.3251304302535005
IDFM:472945,Rosny-sur-Seine,Rosny-sur-Seine,regionalRail,48.99771124866978,1.6290670753758048
IDFM:monomodalStopPlace:47917,Angerville,Angerville,regionalRail,48.311605620382146,2.0037505317720075
IDFM:monomodalStopPlace:43134,Guillerval,Guillerval,regionalRail,48.37428478563944,2.0597027321607784
IDFM:470619,Mitry - Claye,Mitry-Mory,regionalRail,48.97546831838236,2.641942368213735
IDFM:monomodalStopPlace:43245,Nemours - Saint-Pierre,Saint-Pierre-lès-Nemours,regionalRail,48.26863657605134,2.6850524330729284
IDFM:monomodalStopPlace:479035,Paris-Bercy Bourgogne - Pays d'Auvergne,Paris,regionalRail,48.83858620193177,2.384209720351069
IDFM:monomodalStopPlace:43238,Gare Montparnasse,Paris,regionalRail,48.83841119933774,2.316388731382968
IDFM:471056,Bréval,Bréval,regionalRail,48.94351093132378,1.5417869888909062
IDFM:472625,Mantes-la-Jolie,Mantes-la-Ville,regionalRail,48.989194342349876,1.7034822002123002
IDFM:10218,Terminal 2 Gare,Le Mesnil-Amelot,RailShuttle,49.00476806029876,2.5715557935079696
IDFM:monomodalStopPlace:411375,Mareuil-sur-Ourcq,Mareuil-sur-Ourcq,LocalTrain,49.135381005893805,3.0754989980809686
IDFM:monomodalStopPlace:47184,Mormant,Mormant,LocalTrain,48.61409277056721,2.88807855133882
IDFM:monomodalStopPlace:43246,La Ferté-sous-Jouarre,La Ferté-sous-Jouarre,LocalTrain,48.95078183142266,3.124704606439104
IDFM:monomodalStopPlace:43161,Meaux,Meaux,LocalTrain,48.9566203252873,2.8733082321502925
IDFM:monomodalStopPlace:47322,Esbly,Esbly,LocalTrain,48.902895083058525,2.809640025507793
IDFM:monomodalStopPlace:47118,Souppes - Château-Landon,Souppes-sur-Loing,LocalTrain,48.18117871674994,2.7358697259911766
IDFM:monomodalStopPlace:47125,Montigny-sur-Loing,Montigny-sur-Loing,LocalTrain,48.33649861774928,2.738336123575285
IDFM:monomodalStopPlace:43107,Chartrettes,Chartrettes,LocalTrain,48.48701587175729,2.6952691308240335
IDFM:monomodalStopPlace:47909,Melun,Melun,LocalTrain,48.527491277248295,2.65469836071817
IDFM:monomodalStopPlace:47935,Houdan,Houdan,LocalTrain,48.79602555328117,1.6021344463889766
IDFM:monomodalStopPlace:47944,Nézel - Aulnay,Nézel,LocalTrain,48.93882932493657,1.8404153320794885
IDFM:monomodalStopPlace:43147,La Verrière,La Verrière,LocalTrain,48.7551716132828,1.943057018064192
IDFM:monomodalStopPlace:46990,Saint-Cyr,Saint-Cyr-l'École,LocalTrain,48.79877460471833,2.072712440765476
IDFM:monomodalStopPlace:462388,Viroflay Rive Gauche,Viroflay,LocalTrain,48.800665521455045,2.17158260741522
IDFM:monomodalStopPlace:43214,Vanves - Malakoff,Vanves,LocalTrain,48.81828945559893,2.2919742374890983
IDFM:monomodalStopPlace:47528,Luzarches,Luzarches,LocalTrain,49.117099228494695,2.4200435326085863
IDFM:monomodalStopPlace:47517,Bouffémont - Moisselles,Bouffémont,LocalTrain,49.045103567466136,2.3229000286671555
IDFM:monomodalStopPlace:43120,Domont,Domont,LocalTrain,49.03284003832482,2.3371269712571614
IDFM:monomodalStopPlace:473159,Deuil - Montmagny,Deuil-la-Barre,LocalTrain,48.975925703105524,2.338131209772398
IDFM:monomodalStopPlace:47582,Méry-sur-Oise,Méry-sur-Oise,LocalTrain,49.058277435287074,2.1914182364676797
IDFM:monomodalStopPlace:47599,Saint-Ouen-l'Aumône,Saint-Ouen-l'Aumône,LocalTrain,49.04530690087292,2.105230857870794
IDFM:monomodalStopPlace:411332,Boran-sur-Oise,Boran-sur-Oise,LocalTrain,49.16664871633883,2.362237794019318
IDFM:monomodalStopPlace:411440,Creil,Creil,LocalTrain,49.264185555044406,2.46892902764167
IDFM:monomodalStopPlace:47918,Auvers-sur-Oise,Auvers-sur-Oise,LocalTrain,49.07034498316611,2.174916445478343
IDFM:monomodalStopPlace:47591,Chaponval,Auvers-sur-Oise,LocalTrain,49.069127824401804,2.1410848292610347
IDFM:monomodalStopPlace:43150,Saint-Ouen-l'Aumône Liesse,Saint-Ouen-l'Aumône,LocalTrain,49.0341234164973,2.128124092657316
IDFM:monomodalStopPlace:43075,Enghien-les-Bains,Enghien-les-Bains,LocalTrain,48.97288052394267,2.3067933741682713
IDFM:monomodalStopPlace:462394,Gare du Nord,Paris,LocalTrain,48.88230685842714,2.356693437528564
IDFM:463092,Porte d'Orléans,Paris,Metro,48.823394602620716,2.325623760353114
IDFM:463291,Raspail,Paris,Metro,48.83910415024143,2.3307802165662403
IDFM:22134,Strasbourg - Saint-Denis,Paris,Metro,48.86962358263758,2.354491616563834
IDFM:463022,Gare de l'Est,Paris,Metro,48.876283511884786,2.3578981321043053
IDFM:22092,Châtelet,Paris,Metro,48.859661211559086,2.3466414308440138
IDFM:463138,Bréguet-Sabin,Paris,Metro,48.8562178110506,2.3703346849773035
IDFM:21952,Jaurès,Paris,Metro,48.88302391342934,2.371438959985608
IDFM:463017,Hoche,Pantin,Metro,48.891495749437304,2.403114154894396
IDFM:22003,Porte de Pantin,Paris,Metro,48.888535337600175,2.3920607143419303
IDFM:463095,Jaurès,Paris,Metro,48.88311355416086,2.371383333112514
IDFM:22007,Gare du Nord,Paris,Metro,48.87970181695894,2.3572164888604563
IDFM:463191,Jacques Bonsergent,Paris,Metro,48.870620926265296,2.361023902048923
IDFM:463289,Quai de la Rapée,Paris,Metro,48.846427325479766,2.365884650750405
IDFM:22180,Boissière,Paris,Metro,48.8668483434173,2.2900328376074373
IDFM:22177,Bel-Air,Paris,Metro,48.8413553876496,2.400867959023876
IDFM:463004,Nationale,Paris,Metro,48.83323527967617,2.3628041715935075
IDFM:462948,Pasteur,Paris,Metro,48.842528387543226,2.3129146804739396
IDFM:463194,La Motte-Picquet - Grenelle,Paris,Metro,48.848765448122315,2.298957096977008
IDFM:463100,Edgar Quinet,Paris,Metro,48.84090350169825,2.3252865779432965
IDFM:463292,Raspail,Paris,Metro,48.8390661288004,2.3304144712354793
IDFM:463305,Saint-Jacques,Paris,Metro,48.832857226540206,2.3370965389054956
IDFM:22161,Quai de la Gare,Paris,Metro,48.83700262953923,2.372825013717543
IDFM:463031,Aubervilliers - Pantin - Quatre Chemins,Pantin,Metro,48.90375706036556,2.3922205712292195
IDFM:22398,Le Kremlin-Bicêtre,Le Kremlin-Bicêtre,Metro,48.81025257278989,2.362130413802561
IDFM:463295,Riquet,Paris,Metro,48.888157262065796,2.373669464743196
IDFM:22378,Pont Marie (Cité des Arts),Paris,Metro,48.85341474936241,2.357349968447059
IDFM:22369,Sully - Morland,Paris,Metro,48.85120791254347,2.3617517381263218
IDFM:463106,Place Monge,Paris,Metro,48.842683564383904,2.3520055901754713
IDFM:463157,Censier - Daubenton,Paris,Metro,48.84026600820119,2.351495277596339
IDFM:22365,Place d'Italie,Paris,Metro,48.83154024475565,2.355303769754901
IDFM:463030,Porte de Choisy,Paris,Metro,48.82005592914816,2.3646785940494577
IDFM:463107,Le Kremlin-Bicêtre,Le Kremlin-Bicêtre,Metro,48.81028030813587,2.3622716933808072
IDFM:22370,Tolbiac,Paris,Metro,48.82613686175372,2.357318439213192
IDFM:463026,Place d'Italie,Paris,Metro,48.83154938471729,2.355330902236442
IDFM:22366,Place Monge,Paris,Metro,48.842666385642886,2.3521548685787708
IDFM:463265,Sully - Morland,Paris,Metro,48.851271408393764,2.3618531696972482
IDFM:22364,Châtelet,Paris,Metro,48.856953460785334,2.3481609912345776
IDFM:22371,Riquet,Paris,Metro,48.88810829453359,2.3737641527012556
IDFM:463155,Crimée,Paris,Metro,48.890814345621656,2.3770380600019925
IDFM:22389,Corentin Cariou,Paris,Metro,48.89467266005628,2.382291557164633
IDFM:463047,École Vétérinaire de Maisons-Alfort,Maisons-Alfort,Metro,48.81483550210013,2.422399525054415
IDFM:22184,Daumesnil,Paris,Metro,48.83967393140864,2.395573606140371
IDFM:22205,Montgallet,Paris,Metro,48.8440641552825,2.39052195642492
IDFM:22203,Ledru-Rollin,Paris,Metro,48.85133776679838,2.3761412233185926
IDFM:22202,Chemin Vert,Paris,Metro,48.85710602289208,2.3682216127650335
IDFM:22200,Filles du Calvaire,Paris,Metro,48.86308830188695,2.366826859795412
IDFM:463312,Strasbourg - Saint-Denis,Paris,Metro,48.86946694920397,2.353797473153033
IDFM:22193,Invalides,Paris,Metro,48.86109201138112,2.3146326604445164
IDFM:22191,École Militaire,Paris,Metro,48.85491966058707,2.3063456838200764
IDFM:22190,Commerce,Paris,Metro,48.84463784771031,2.293687475167137
IDFM:463163,Félix Faure,Paris,Metro,48.84274672574357,2.291751809719901
IDFM:463051,Balard,Paris,Metro,48.83666789483108,2.2783626618092008
IDFM:22194,Madeleine,Paris,Metro,48.86956561611772,2.3260272117729994
IDFM:463115,Bonne Nouvelle,Paris,Metro,48.87048144580479,2.348496122542364
IDFM:463172,Faidherbe - Chaligny,Paris,Metro,48.85011054413369,2.384028566383108
IDFM:22206,Michel Bizot,Paris,Metro,48.837000553950986,2.40228042706469
IDFM:22216,Maisons-Alfort - Les Juilliottes,Maisons-Alfort,Metro,48.80310585036659,2.4457883063759605
IDFM:22211,Créteil - L'Échat,Créteil,Metro,48.79661083011156,2.4493695956133714
IDFM:21914,Porte de Saint-Cloud,Paris,Metro,48.83795840561949,2.2570461929221506
IDFM:21915,Ranelagh,Paris,Metro,48.855306214887065,2.270032697561899
IDFM:463203,La Muette,Paris,Metro,48.85809196689865,2.2740962446697224
IDFM:21926,Havre-Caumartin,Paris,Metro,48.87366675194512,2.327651103418782
IDFM:463144,Chaussée d'Antin - La Fayette,Paris,Metro,48.87280723715393,2.333970457594147
IDFM:21909,Grands Boulevards,Paris,Metro,48.87141461757831,2.343167503558387
IDFM:21910,Saint-Ambroise,Paris,Metro,48.86141665790915,2.3738805382115475
IDFM:463325,Voltaire,Paris,Metro,48.85766243438601,2.3800316941488044
IDFM:463143,Charonne,Paris,Metro,48.854939443448494,2.384782396448888
IDFM:463221,Mairie de Montreuil,Montreuil,Metro,48.862313130940244,2.4414386664522225
IDFM:21936,Maraîchers,Paris,Metro,48.85273102047999,2.406038544798052
IDFM:463054,Oberkampf,Paris,Metro,48.86487188759515,2.3682236708807456
IDFM:21933,Bonne Nouvelle,Paris,Metro,48.8706433160169,2.3484940979375373
IDFM:21935,Alma - Marceau,Paris,Metro,48.8647282422178,2.301130527470699
IDFM:463055,Rue de la Pompe,Paris,Metro,48.86403732937509,2.277916063289398
IDFM:463259,Porte de Saint-Cloud,Paris,Metro,48.83799728287381,2.2567894964207142
IDFM:463035,Billancourt,Boulogne-Billancourt,Metro,48.83191997405451,2.237891101038026
IDFM:463279,Porte de Montreuil,Paris,Metro,48.85348263120656,2.410718154027495
IDFM:463136,Boulogne Pont de Saint-Cloud,Boulogne-Billancourt,Metro,48.84067248206251,2.2283125898228056
IDFM:463137,Boulogne Jean Jaurès,Boulogne-Billancourt,Metro,48.841991575324506,2.239077780728926
IDFM:21983,Cluny - La Sorbonne,Paris,Metro,48.851026876874485,2.3448963012120796
IDFM:463076,Charles Michels,Paris,Metro,48.84660453239739,2.2856210133667174
IDFM:21982,Mirabeau,Paris,Metro,48.84707750734599,2.2730641263728333
IDFM:462958,Javel - André Citroën,Paris,Metro,48.846086877931405,2.2780435059854063
IDFM:463202,La Motte-Picquet - Grenelle,Paris,Metro,48.849532805857095,2.298684579816939
IDFM:21973,Mabillon,Paris,Metro,48.85284373829949,2.335142819346476
IDFM:21984,Cardinal Lemoine,Paris,Metro,48.84670003526311,2.3513280016731763
IDFM:21968,Jussieu,Paris,Metro,48.846197891637004,2.3549316718232256
IDFM:463024,Gare d'Austerlitz,Paris,Metro,48.84228236697996,2.364395394600644
IDFM:21993,Télégraphe,Paris,Metro,48.87551038418075,2.3986480899605933
IDFM:21990,Hôtel de Ville,Paris,Metro,48.85757442237991,2.35154698561547
IDFM:21998,Belleville,Paris,Metro,48.871908975367674,2.376753738418521
IDFM:463223,Mairie des Lilas,Les Lilas,Metro,48.879658467973904,2.4163499077398614
IDFM:490789,Montreuil - Hôpital,Montreuil,Metro,48.878269829247664,2.4546692358364623
IDFM:490792,Coteaux Beauclair,Rosny-sous-Bois,Metro,48.88231146085265,2.4674719311080398
IDFM:22048,Volontaires,Paris,Metro,48.84141172841498,2.3079833805768515
IDFM:462968,Rennes,Paris,Metro,48.84819024311401,2.32802068556793
IDFM:22044,Saint-Georges,Paris,Metro,48.87841659490173,2.3375706403796697
IDFM:463205,Lamarck - Caulaincourt,Paris,Metro,48.88968180996681,2.3385838243831936
IDFM:483900,Aimé Césaire,Aubervilliers,Metro,48.90843758066954,2.37813084516706
IDFM:483903,Aimé Césaire,Aubervilliers,Metro,48.90838312983791,2.378035995881576
IDFM:463116,Abbesses,Paris,Metro,48.884392717991425,2.338394635220906
IDFM:463089,Pigalle,Paris,Metro,48.88202093206733,2.337211164701128
IDFM:463317,Trinité - d'Estienne d'Orves,Paris,Metro,48.87633650730735,2.333049172418236
IDFM:21964,Saint-Lazare,Paris,Metro,48.875689121953926,2.3274477500193202
IDFM:21965,Madeleine,Paris,Metro,48.8700546880179,2.325039317039756
IDFM:463164,Concorde,Paris,Metro,48.8661808158217,2.323058362902906
IDFM:22038,Montparnasse Bienvenue,Paris,Metro,48.84382361125447,2.323989185205003
IDFM:22039,Pasteur,Paris,Metro,48.842958015471986,2.312554745666783
IDFM:462949,Convention,Paris,Metro,48.83713505380496,2.2963913864809173
IDFM:462973,Marcadet - Poissonniers,Paris,Metro,48.89154760285429,2.3500246218070155
IDFM:462952,Guy Môquet,Paris,Metro,48.89303779524127,2.3275509834873995
IDFM:463212,Mairie de Saint-Ouen,Saint-Ouen-sur-Seine,Metro,48.911598579264364,2.3337919528049595
IDFM:463302,Saint-Denis - Université,Saint-Denis,Metro,48.94579506706538,2.364591281361484
IDFM:22242,Saint-Denis - Université,Saint-Denis,Metro,48.945875779628096,2.3645493372261845
IDFM:22240,Basilique de Saint-Denis,Saint-Denis,Metro,48.93659371717278,2.359202621115829
IDFM:463301,Saint-Denis - Porte de Paris,Saint-Denis,Metro,48.93000331459435,2.356103685447694
IDFM:462951,Porte de Saint-Ouen,Paris,Metro,48.897506218529124,2.328939112292642
IDFM:463066,Liège,Paris,Metro,48.88012038230665,2.3270087300770395
IDFM:22223,Plaisance,Paris,Metro,48.831768583640276,2.3139011181482863
IDFM:463087,Châtillon - Montrouge,Châtillon,Metro,48.81072820779425,2.301595459041787
IDFM:463207,Les Agnettes,Gennevilliers,Metro,48.9230247505999,2.286250420207066
IDFM:462953,Gabriel Péri,Asnières-sur-Seine,Metro,48.916588645063754,2.2943347306360344
IDFM:463278,Porte de Clichy,Paris,Metro,48.89438790877958,2.313485118020816
IDFM:463198,Invalides,Paris,Metro,48.859984252763695,2.3143609976098074
IDFM:22231,Brochant,Paris,Metro,48.89062201554889,2.3201902468999456
IDFM:22238,Mairie de Clichy,Clichy,Metro,48.90397272890916,2.3053509844799085
IDFM:22232,Les Agnettes,Gennevilliers,Metro,48.92306137001542,2.286359092438265
IDFM:490852,Thiais - Orly (Pont de Rungis),Thiais,Metro,48.74684479207573,2.372466241689093
IDFM:490849,Hôpital Bicêtre,Le Kremlin-Bicêtre,Metro,48.80994448106093,2.350014950529505
IDFM:490848,Maison Blanche,Paris,Metro,48.82119024728473,2.358986576752596
IDFM:480340,Pont Cardinet,Paris,Metro,48.88810340364297,2.3153681405051527
IDFM:480288,Saint-Ouen,Saint-Ouen-sur-Seine,Metro,48.90521399238465,2.3226598821131716
IDFM:21956,Cour Saint-Emilion,Paris,Metro,48.83334999725014,2.386464909364189
IDFM:21955,Bibliothèque François Mitterrand,Paris,Metro,48.830006377536904,2.3764237443204546
IDFM:462990,Pelleport,Paris,Metro,48.86846488701483,2.4014967922879253
IDFM:21946,Saint-Fargeau,Paris,Metro,48.87184337222297,2.4044981831688688
IDFM:463156,Buttes Chaumont,Paris,Metro,48.878422971131464,2.381632921459486
IDFM:24686,Botzaris,Paris,Metro,48.87943610160117,2.388908111185046
IDFM:463074,Jaurès,Paris,Metro,48.882326316477965,2.370465586581431
IDFM:463034,Louis Blanc,Paris,Metro,48.88118341152446,2.364365143550256
IDFM:24424,Drancy - Avenir,Bobigny,Tramway,48.91774623349357,2.417672743836023
IDFM:22261,Gaston Roulaud,Bobigny,Tramway,48.91406145300713,2.431262727064243
IDFM:24425,Hôtel de Ville de Bobigny,Bobigny,Tramway,48.906566265422576,2.4438136690531236
IDFM:22629,La Courneuve - 8 Mai 1945,La Courneuve,Tramway,48.920859363612415,2.4106374774533097
IDFM:23430,Jacqueline Auriol,Colombes,Tramway,48.910733551902645,2.2342048177612432
IDFM:25647,Pont de Bezons,Bezons,Tramway,48.92336065929193,2.217615291752479
IDFM:460556,Henri Farman,Paris,Tramway,48.83479093594566,2.2713962692816696
IDFM:23440,Les Moulineaux,Issy-les-Moulineaux,Tramway,48.82154464722343,2.2512735274005227
IDFM:23441,Brimborion,Sèvres,Tramway,48.82213881223653,2.23151530715405
IDFM:23445,Pont de Bezons,Bezons,Tramway,48.92334205110835,2.217520042522579
IDFM:23432,Victor Basch,Colombes,Tramway,48.91375440154659,2.2298623604927506
IDFM:22301,Les Coteaux,Saint-Cloud,Tramway,48.857278013470946,2.220474910117483
IDFM:25644,Parc de Saint-Cloud,Saint-Cloud,Tramway,48.843040477407804,2.22177794256949
IDFM:22302,Musée de Sèvres,Sèvres,Tramway,48.82882596459613,2.2252730995722283
IDFM:25633,Porte de Versailles,Paris,Tramway,48.83188207418263,2.287171443763209
IDFM:24101,Desnouettes,Paris,Tramway,48.83411479687378,2.284538816875225
IDFM:24100,Cité Universitaire,Paris,Tramway,48.820191827892465,2.339141182523244
IDFM:24107,Alexandra David-Néel,Paris,Tramway,48.84368526694643,2.4100250065154265
IDFM:24126,Porte de Choisy,Paris,Tramway,48.81976866806797,2.3639343743867536
IDFM:24121,Brancion,Paris,Tramway,48.82870707372911,2.300850585299838
IDFM:24414,Porte de Bagnolet,Paris,Tramway,48.86338431754405,2.408875014954352
IDFM:24421,Adrienne Bolland,Paris,Tramway,48.87179244694016,2.408738694818512
IDFM:412987,Porte de la Chapelle,Paris,Tramway,48.898441034062756,2.3583900631505386
IDFM:462414,Porte de Clignancourt,Paris,Tramway,48.89807207348968,2.3450545241806258
IDFM:462439,Epinettes - Pouchet,Paris,Tramway,48.897627101917976,2.3248455273300745
IDFM:462438,Honoré De Balzac,Paris,Tramway,48.89632423964413,2.318697253843428
IDFM:462441,Porte de Clichy - Tribunal de Paris,Paris,Tramway,48.894688648692544,2.3141767587052646
IDFM:490886,Anny Flore,Paris,Tramway,48.88122861239746,2.285459684787077
IDFM:490892,Porte Maillot - Palais des Congrès,Paris,Tramway,48.87790872414125,2.2837326845388546
IDFM:490887,Thérèse Pierre,Paris,Tramway,48.88352922906449,2.288196318046833
IDFM:462430,Marguerite Long,Paris,Tramway,48.889615615175025,2.303128593874889
IDFM:462442,Epinettes - Pouchet,Paris,Tramway,48.89748360561324,2.324915588556141
IDFM:462443,Angélique Compoint - Porte de Montmartre,Paris,Tramway,48.89777357433254,2.3381973060628405
IDFM:24531,Rosa Parks,Paris,Tramway,48.89750423836571,2.3733919699097723
IDFM:24403,Porte de Pantin - Parc de la Villette,Paris,Tramway,48.889029830075266,2.3955871164568054
IDFM:24409,Porte des Lilas,Paris,Tramway,48.87667570207763,2.406897140162137
IDFM:24397,Séverine,Paris,Tramway,48.86748527523941,2.4088693750122006
IDFM:24419,Porte de Bagnolet,Paris,Tramway,48.86340176471023,2.408765768865789
IDFM:24408,Porte de Montreuil,Paris,Tramway,48.85298774851907,2.4106692374948193
IDFM:479383,Garges - Sarcelles,Sarcelles,Tramway,48.97717984665593,2.3906824255995547
IDFM:28855,Jacques Prévert,Saint-Denis,Tramway,48.97086473970564,2.3659376221571997
IDFM:28859,Alcide d'Orbigny,Saint-Denis,Tramway,48.965399304705166,2.3629312701804097
IDFM:28848,Suzanne Valadon,Saint-Denis,Tramway,48.959135825225516,2.358692660794154
IDFM:28858,Joncherolles,Saint-Denis,Tramway,48.95556348483242,2.358272439968033
IDFM:28863,Roger Semât,Saint-Denis,Tramway,48.94482803299838,2.356944088576183
IDFM:28854,Mairie de Pierrefitte,Saint-Denis,Tramway,48.96347860041045,2.3602506568960244
IDFM:35931,Auguste Perret (Cimetière Parisien),Chevilly-Larue,Tramway,48.763378213742165,2.367709829472114
IDFM:35929,Chevilly-Larue,Chevilly-Larue,Tramway,48.7595396255455,2.366382322204741
IDFM:35937,La Belle Epine,Rungis,Tramway,48.75668971589999,2.368321359060268
IDFM:35936,Place de la Logistique,Rungis,Tramway,48.75285109222686,2.3619203520174077
IDFM:35934,Porte de Rungis,Rungis,Tramway,48.752617211452076,2.355217345676027
IDFM:35938,Robert Schuman (Parc Silic Centre),Rungis,Tramway,48.746595768446504,2.3527755868234195
IDFM:29899,Caroline Aigle (Orlyfret),Orly,Tramway,48.73873595049087,2.3698303703953347
IDFM:35932,Coeur d'Orly,Orly,Tramway,48.73404803036111,2.371192271245693
IDFM:29895,Domaine Chérioux,Vitry-sur-Seine,Tramway,48.778972831519006,2.367466444252223
IDFM:2338,Parc André Malraux,Châtillon,Tramway,48.79992226990009,2.2819172935381395
IDFM:2331,Mairie de Vélizy,Vélizy-Villacoublay,Tramway,48.780493377956695,2.1915582441503356
IDFM:41852,L'Onde (Maison des Arts),Vélizy-Villacoublay,Tramway,48.78202827707343,2.1805375032279275
IDFM:422038,Viroflay - Rive Gauche,Viroflay,Tramway,48.8010238530518,2.1713756664275206
IDFM:2334,Louvois,Vélizy-Villacoublay,Tramway,48.78003206639097,2.1965056630980224
IDFM:2346,Georges Pompidou,Clamart,Tramway,48.784858242636766,2.237100368305561
IDFM:2345,Pavé Blanc,Clamart,Tramway,48.78074840684925,2.2400048759245865
IDFM:41670,Parc André Malraux,Châtillon,Tramway,48.79985972577238,2.281986227494856
IDFM:42111,Gilbert Bonnemaison,Épinay-sur-Seine,Tramway,48.95536329374528,2.3077369246178736
IDFM:42131,Jean Vilar,Villetaneuse,Tramway,48.95274915719777,2.343396442304727
IDFM:42101,Épinay - Orgemont,Épinay-sur-Seine,Tramway,48.95541719963809,2.2953781736331234
IDFM:42106,Lacépède,Épinay-sur-Seine,Tramway,48.95588823426514,2.3114442040809027
IDFM:42107,Les Mobiles,Épinay-sur-Seine,Tramway,48.949688531186794,2.3298359704014917
IDFM:42116,Blumenthal,Épinay-sur-Seine,Tramway,48.947761723568384,2.33913133956827
IDFM:42126,Saint-Denis - Gare,Saint-Denis,Tramway,48.93525489527047,2.3477395329422346
IDFM:471825,Gargan,Les Pavillons-sous-Bois,Tramway,48.9072679973711,2.5163974669176747
IDFM:478653,Léon Blum,Livry-Gargan,Tramway,48.90854532457516,2.532333917960648
IDFM:478659,Romain Rolland,Clichy-sous-Bois,Tramway,48.90472020628351,2.547919803388255
IDFM:478664,Clichy - Montfermeil,Clichy-sous-Bois,Tramway,48.90454003875491,2.5550422964124544
IDFM:472147,Aulnay-sous-Bois,Aulnay-sous-Bois,Tramway,48.93198132034067,2.496963789365468
IDFM:470851,Villetaneuse - Université,Villetaneuse,Tramway,48.96004555875211,2.342362007854008
IDFM:471933,Pierrefitte - Stains,Saint-Denis,Tramway,48.9601799349474,2.3673379697174006
IDFM:471887,Stains - La Cerisaie,Stains,Tramway,48.95476706123573,2.391805313917159
IDFM:471675,Pierrefitte - Stains,Saint-Denis,Tramway,48.96011691843376,2.367325080062198
IDFM:472969,Épinay - Villetaneuse,Épinay-sur-Seine,Tramway,48.95896993823954,2.328391696111381
IDFM:478999,Germaine Tailleferre,Vitry-sur-Seine,Tramway,48.80329282241969,2.377777881154749
IDFM:478989,Verdun - Hoche,Thiais,Tramway,48.768397800176395,2.4028211412784803
IDFM:479001,Four - Peary,Choisy-le-Roi,Tramway,48.75451048437987,2.411835268413899
IDFM:478985,Les Saules,Orly,Tramway,48.74696798662078,2.416258819866824
IDFM:478981,Orly - Gaston Viens,Orly,Tramway,48.745023883930926,2.4086780908021588
IDFM:478988,Verdun - Hoche,Choisy-le-Roi,Tramway,48.76842525723445,2.4029160706717363
IDFM:478977,Mairie de Vitry-sur-Seine,Vitry-sur-Seine,Tramway,48.7898227080983,2.3887871516553467
IDFM:monomodalStopPlace:43068,Arpajon,Arpajon,RapidTransit,48.58599680822646,2.2412169696111426
IDFM:monomodalStopPlace:46395,Athis-Mons,Athis-Mons,RapidTransit,48.71266832171659,2.403668724287269
IDFM:monomodalStopPlace:43072,Gare d'Austerlitz,Paris,RapidTransit,48.84032035638395,2.367818767583529
IDFM:monomodalStopPlace:46298,Les Saules,Orly,RapidTransit,48.74520105223681,2.4174549898851208
IDFM:monomodalStopPlace:43087,Ballancourt,Ballancourt-sur-Essonne,RapidTransit,48.53101531216478,2.3700930488013845
IDFM:monomodalStopPlace:47895,Boutigny,Boutigny-sur-Essonne,RapidTransit,48.43442542513416,2.3767454804181263
IDFM:monomodalStopPlace:45824,Le Coudray-Montceaux,Le Coudray-Montceaux,RapidTransit,48.56619819315809,2.492424499497774
IDFM:monomodalStopPlace:45814,Saint-Fargeau,Saint-Fargeau-Ponthierry,RapidTransit,48.56502608446919,2.5426100742385285
IDFM:monomodalStopPlace:46286,Créteil Pompadour,Créteil,RapidTransit,48.771254072297346,2.435315840251248
IDFM:monomodalStopPlace:42516,Cesson,Cesson,RapidTransit,48.56486314053174,2.5946150549367304
IDFM:monomodalStopPlace:47876,Goussainville,Goussainville,RapidTransit,49.02341075826703,2.4625658079312593
IDFM:monomodalStopPlace:43179,Pierrefitte - Stains,Saint-Denis,RapidTransit,48.96277628555098,2.3703314284767747
IDFM:monomodalStopPlace:43208,Tournan,Tournan-en-Brie,RapidTransit,48.739445157221006,2.7589013341652717
IDFM:monomodalStopPlace:43131,Gretz-Armainvilliers,Gretz-Armainvilliers,RapidTransit,48.74645539980236,2.727167738339898
IDFM:monomodalStopPlace:58718,Haussmann Saint-Lazare,Paris,RapidTransit,48.874998862001185,2.328646179742093
IDFM:monomodalStopPlace:58572,Magenta,Paris,RapidTransit,48.88081039411524,2.358695908637114
IDFM:monomodalStopPlace:43127,Le Chénay Gagny,Gagny,RapidTransit,48.877159125382796,2.5527724908646303
IDFM:monomodalStopPlace:43170,Nanterre Université,Nanterre,RapidTransit,48.90112974604822,2.213536495127317
IDFM:monomodalStopPlace:43171,Nanterre - Ville,Nanterre,RapidTransit,48.89501972616058,2.19511769490499
IDFM:monomodalStopPlace:43135,Joinville-le-Pont,Joinville-le-Pont,RapidTransit,48.82119737360793,2.4638739495546496
IDFM:monomodalStopPlace:473109,Maisons-Laffitte,Maisons-Laffitte,RapidTransit,48.94574060746957,2.1446722659338855
IDFM:monomodalStopPlace:45873,Auber,Paris,RapidTransit,48.872348840718196,2.3296591495793595
IDFM:monomodalStopPlace:474082,Noisy-le-Grand - Mont d'Est,Noisy-le-Grand,RapidTransit,48.84088515401643,2.5488073205108335
IDFM:monomodalStopPlace:46725,Villeparisis - Mitry-le-Neuf,Mitry-Mory,RapidTransit,48.95316214687084,2.603220561532749
IDFM:monomodalStopPlace:47889,Saint-Rémy-lès-Chevreuse,Saint-Rémy-lès-Chevreuse,RapidTransit,48.702732696472715,2.071385742904064
IDFM:monomodalStopPlace:43175,Palaiseau - Villebon,Palaiseau,RapidTransit,48.7081489333421,2.237329249708309
IDFM:monomodalStopPlace:44877,Saint-Michel Notre-Dame,Paris,RapidTransit,48.853023793740164,2.344959780029387
IDFM:monomodalStopPlace:43140,La Courneuve - Aubervilliers,La Courneuve,RapidTransit,48.92429743203911,2.3861140570949475
IDFM:monomodalStopPlace:43071,Aulnay-sous-Bois,Aulnay-sous-Bois,RapidTransit,48.932150935734064,2.495597257086315
IDFM:494021,Pointe du Lac,Créteil,CableWay,48.76883520466508,2.46473834863822
IDFM:494019,Limeil-Brévannes,Limeil-Brévannes,CableWay,48.75305450804704,2.471714796873518
IDFM:494117,Valenton,Valenton,CableWay,48.74850153568339,2.4733249683066982
IDFM:monomodalStopPlace:47595,Pont Petit,Saint-Ouen-l'Aumône,LocalTrain,49.06087605161007,2.131241645234573
IDFM:monomodalStopPlace:43126,Franconville - Le Plessis-Bouchard,Franconville,LocalTrain,48.99374640051787,2.2341907839306554
IDFM:monomodalStopPlace:46470,La Barre Ormesson,Deuil-la-Barre,LocalTrain,48.96628415206348,2.3167036448125224
IDFM:412355,Funiculaire Gare haute,Paris,Funicular,48.88557568111788,2.3425388636758395
IDFM:463196,Funiculaire Gare haute,Paris,Funicular,48.88557568111788,2.3425388636758395
IDFM:24426,La Courneuve - 8 Mai 1945,La Courneuve,Tramway,48.92075977558461,2.410502145012231
IDFM:23297,Hôpital Avicenne,Bobigny,Tramway,48.91579415374291,2.424994512820818
IDFM:23300,Libération,Bobigny,Tramway,48.90692857213566,2.4385847689545503
IDFM:37466,Hôtel de Ville de Bobigny,Bobigny,Tramway,48.90651230995499,2.443814245584328
IDFM:22625,Bobigny - Pablo Picasso,Bobigny,Tramway,48.90647777103686,2.449967268275957
IDFM:23296,Libération,Bobigny,Tramway,48.90694700480007,2.438680066806232
IDFM:23299,La Ferme,Bobigny,Tramway,48.90968455192708,2.437545452403373
IDFM:22626,Escadrille Normandie-Niémen,Bobigny,Tramway,48.91273238724237,2.4354659292480028
IDFM:23307,Gaston Roulaud,Bobigny,Tramway,48.91412472437995,2.4313302569825184
IDFM:25637,Porte d'Issy,Issy-les-Moulineaux,Tramway,48.83172839190767,2.281029612339847
IDFM:25635,Issy - Val de Seine,Issy-les-Moulineaux,Tramway,48.82974789798076,2.2629936072265964
IDFM:23438,Jacques-Henri Lartigue,Issy-les-Moulineaux,Tramway,48.82475851142358,2.260435260711393
IDFM:25643,Parc de Saint-Cloud,Saint-Cloud,Tramway,48.843023112037265,2.221873583627301
IDFM:27464,Brimborion,Sèvres,Tramway,48.82211060754302,2.231325036095582
IDFM:25640,Meudon-sur-Seine,Meudon,Tramway,48.81913511485187,2.238587341846867
IDFM:25638,Issy - Val de Seine,Issy-les-Moulineaux,Tramway,48.82967662517859,2.2631035941137103
IDFM:25631,Porte de Versailles,Paris,Tramway,48.83185533860844,2.2872126781717754
IDFM:24113,Georges Brassens,Paris,Tramway,48.82958965330787,2.29645235862634
IDFM:24105,Didot,Paris,Tramway,48.82588342655846,2.313338363709676
IDFM:24132,Jean Moulin,Paris,Tramway,48.824656012842546,2.318884661036553
IDFM:460547,Porte d'Orléans,Paris,Tramway,48.822943553337296,2.326180409502787
IDFM:24119,Montsouris,Paris,Tramway,48.82149015737766,2.333240818516532
IDFM:24106,Porte d'Italie,Paris,Tramway,48.81898404542081,2.36015773399431
IDFM:24138,Porte de Charenton,Paris,Tramway,48.8320158556433,2.3982507364087526
IDFM:24137,Avenue de France,Paris,Tramway,48.82555977471331,2.3809038056961698
IDFM:24128,Porte de Vanves,Paris,Tramway,48.827454921561646,2.3066838708072592
IDFM:24131,Georges Brassens,Paris,Tramway,48.83007584981405,2.295015438602318
IDFM:24400,Séverine,Paris,Tramway,48.86749500857692,2.4090192175057994
IDFM:24415,Porte des Lilas,Paris,Tramway,48.876721408971456,2.407046599200534
IDFM:460562,Delphine Seyrig,Paris,Tramway,48.89391525883582,2.397794479232845
IDFM:24399,Porte de la Villette (Cité des Sciences et de l'industrie),Paris,Tramway,48.89749095730542,2.3864592292211495
IDFM:24412,Colette Besson,Paris,Tramway,48.8985228616988,2.363613279976056
IDFM:462436,Porte de Saint-Ouen,Paris,Tramway,48.89771656108591,2.3295638459854024
IDFM:490876,Porte Dauphine (Avenue Foch),Paris,Tramway,48.87034441363534,2.2746344140069596
IDFM:490878,Porte Dauphine (Avenue Foch),Paris,Tramway,48.87037296112415,2.274893044078303
IDFM:462429,Porte de Clichy - Tribunal de Paris,Paris,Tramway,48.89459051151927,2.314314444573612
IDFM:462431,Porte de Clignancourt,Paris,Tramway,48.89799143877971,2.3451100992447147
IDFM:24420,Colette Besson,Paris,Tramway,48.89844200099648,2.3636279086822087
IDFM:24407,Porte d'Aubervilliers,Paris,Tramway,48.89852395957642,2.3689193307790544
IDFM:28869,Lochères,Sarcelles,Tramway,48.978563000308895,2.385065101404375
IDFM:28873,Paul Valéry,Sarcelles,Tramway,48.979302567383094,2.380247523132252
IDFM:28868,Les Flanades,Sarcelles,Tramway,48.9766714162375,2.377478440264173
IDFM:28852,Mairie de Pierrefitte,Saint-Denis,Tramway,48.96354125320171,2.3601952566268714
IDFM:28851,Petit Pierrefitte,Saint-Denis,Tramway,48.95269302854845,2.357939191024479
IDFM:28867,Baudelaire,Saint-Denis,Tramway,48.9421651710353,2.356758582444055
IDFM:28860,Petit Pierrefitte,Saint-Denis,Tramway,48.95269354033968,2.3580347661176333
IDFM:28849,Joncherolles,Saint-Denis,Tramway,48.95556399635663,2.358368020340215
IDFM:28861,Jacques Prévert,Saint-Denis,Tramway,48.970847333356595,2.3660471084241474
IDFM:28853,Butte Pinson (Parc Régional),Saint-Denis,Tramway,48.97362642763888,2.366122494734763
IDFM:413057,Bretagne,Chevilly-Larue,Tramway,48.76820046329727,2.3679643567261746
IDFM:35928,Hélène Boucher (Orlytech),Paray-Vieille-Poste,Tramway,48.739931169050436,2.3594944237431474
IDFM:29894,Aéroport d'Orly,Paray-Vieille-Poste,Tramway,48.72955298083611,2.3682008466272535
IDFM:29900,La Fraternelle,Rungis,Tramway,48.74172120277371,2.352849598393902
IDFM:35935,Saarinen,Rungis,Tramway,48.75019355837689,2.354444784134944
IDFM:29901,Porte de Rungis,Rungis,Tramway,48.752527714710325,2.3553000637375106
IDFM:35940,Place de la Logistique,Rungis,Tramway,48.75278864475148,2.3620163305782853
IDFM:29897,Auguste Perret (Cimetière Parisien),Chevilly-Larue,Tramway,48.76333382151934,2.3678192066888246
IDFM:29904,Moulin Vert,Vitry-sur-Seine,Tramway,48.772067499844496,2.3678767059851387
IDFM:41672,Vauban,Châtillon,Tramway,48.80719878309954,2.294058340581349
IDFM:41674,Georges Millandy,Meudon,Tramway,48.78357956408129,2.2312529719033667
IDFM:2329,L'Onde (Maison des Arts),Vélizy-Villacoublay,Tramway,48.78192907052959,2.1804982309435825
IDFM:2348,Meudon-la-Forêt,Meudon,Tramway,48.78356733886981,2.2251829010480453
IDFM:41855,Division Leclerc,Châtillon,Tramway,48.79444316830182,2.272708519795419
IDFM:2337,Centre de Châtillon,Châtillon,Tramway,48.80417425521201,2.289075082231418
IDFM:482428,Châtillon - Montrouge,Châtillon,Tramway,48.81070683539769,2.300247623254254
IDFM:2336,Châtillon - Montrouge,Châtillon,Tramway,48.810661391055,2.3001665287150472
IDFM:42132,César,Villetaneuse,Tramway,48.94956130812369,2.342590162100173
IDFM:42105,Blumenthal,Épinay-sur-Seine,Tramway,48.94784272812051,2.339143963475557
IDFM:42110,Les Béatus,Épinay-sur-Seine,Tramway,48.951756707991194,2.320224007226486
IDFM:42109,Épinay - Orgemont,Épinay-sur-Seine,Tramway,48.9554620795775,2.2953639101802024
IDFM:42108,Rose Bertin,Épinay-sur-Seine,Tramway,48.953176619462994,2.315317073249133
IDFM:42124,Paul Éluard,Saint-Denis,Tramway,48.93971019310891,2.3451445619236657
IDFM:478661,Clichy - Montfermeil,Clichy-sous-Bois,Tramway,48.904611980150186,2.555041681454517
IDFM:477286,Clichy-sous-Bois - Mairie,Clichy-sous-Bois,Tramway,48.907834726341605,2.5463238657809555
IDFM:478652,Notre-Dame-des-Anges,Montfermeil,Tramway,48.90092847016551,2.556014372564688
IDFM:478646,Arboretum,Montfermeil,Tramway,48.897963837074215,2.5617274917506396
IDFM:479491,Bondy,Bondy,Tramway,48.893751955637946,2.482098546104649
IDFM:471008,Les Coquetiers,Villemomble,Tramway,48.89256822428643,2.499813160951303
IDFM:471757,Allée de la Tour-Rendez-vous,Villemomble,Tramway,48.89729093774296,2.5066422337264713
IDFM:472503,Les Pavillons-sous-Bois,Les Pavillons-sous-Bois,Tramway,48.90265477549249,2.512006944311881
IDFM:472316,Freinville Sevran,Sevran,Tramway,48.92651491932228,2.519166419761055
IDFM:470688,Le Bourget,Le Bourget,Tramway,48.9302826643256,2.423319399015921
IDFM:472820,Villetaneuse - Université,Villetaneuse,Tramway,48.959982689332605,2.342376459455363
IDFM:478980,Porte de Choisy,Paris,Tramway,48.81946912322122,2.3651093131296355
IDFM:479007,Châteaudun - Barbès,Ivry-sur-Seine,Tramway,48.81534062302121,2.368441638581585
IDFM:479005,Cimetière Parisien d'Ivry,Ivry-sur-Seine,Tramway,48.81265370236395,2.370571320300874
IDFM:478976,Musée MAC VAL,Vitry-sur-Seine,Tramway,48.79284038892166,2.3861926273210377
IDFM:478982,Trois Communes,Thiais,Tramway,48.77299461822559,2.399393905543155
IDFM:478990,Trois Communes,Thiais,Tramway,48.773022077897004,2.3994888414942355
IDFM:479002,Constant Coquelin,Vitry-sur-Seine,Tramway,48.783111810398914,2.3938198227601535
IDFM:478993,Beethoven - Concorde,Vitry-sur-Seine,Tramway,48.79886938294268,2.3815473189324092
IDFM:480936,Les Portes de Saint-Cyr,Versailles,Tramway,48.80660240900839,2.0771416765531865
IDFM:480930,L'Etang - Les Sablons,L'Étang-la-Ville,Tramway,48.87251085449676,2.0691024229333923
IDFM:480928,Lisière Pereire,Saint-Germain-en-Laye,Tramway,48.90320824555232,2.072877967433932
IDFM:480925,Camp des Loges,Saint-Germain-en-Laye,Tramway,48.91393321731568,2.0816788273095628
IDFM:481038,Mareil-Marly,Mareil-Marly,Tramway,48.881241804914126,2.0793235307843116
IDFM:481065,Noisy-le-Roi,Noisy-le-Roi,Tramway,48.8413154314931,2.061579515094916
IDFM:480908,Saint-Cyr,Versailles,Tramway,48.79901049572037,2.0747164220775898
IDFM:486838,Le Hameau,Le Plessis-Robinson,Tramway,48.78259392495242,2.253111785181918
IDFM:486834,La Croix de Berny,Antony,Tramway,48.76272082680263,2.3029180081362925
IDFM:486842,LaVallée,Châtenay-Malabry,Tramway,48.76145121893071,2.290459587558967
IDFM:486830,Petit-Châtenay,Châtenay-Malabry,Tramway,48.76275998240396,2.2807006826726486
IDFM:496039,Massy - Palaiseau,Massy,Tramway,48.72437639406971,2.2565407731383607
IDFM:486970,Ferme Neuve,Grigny,Tramway,48.65215091322678,2.383308967599923
IDFM:486883,Massy - Palaiseau,Massy,Tramway,48.7253189473246,2.2576829515968564
IDFM:486969,Bois de Saint-Eutrope,Ris-Orangis,Tramway,48.634286635455574,2.395611553345138
IDFM:486972,Ferme Neuve,Grigny,Tramway,48.65216981538317,2.3834852329082086
IDFM:486975,Amédée Gordini,Viry-Châtillon,Tramway,48.65873972823692,2.3738083536021946
IDFM:486899,Épinay-sur-Orge,Épinay-sur-Orge,Tramway,48.67059254723429,2.335124034931777
IDFM:483423,Bagneux - Lucie Aubrac,Bagneux,Metro,48.80353046920307,2.317499440854107
IDFM:463118,Alésia,Paris,Metro,48.828152157703514,2.3271926250651647
IDFM:22135,Vavin,Paris,Metro,48.842242093452064,2.32902391746117
IDFM:22153,Château d'Eau,Paris,Metro,48.87244691759551,2.3560517414015862
IDFM:22152,Château Rouge,Paris,Metro,48.887241930648955,2.3495819680256593
IDFM:463310,Simplon,Paris,Metro,48.8938152613519,2.347794968187123
IDFM:22133,Simplon,Paris,Metro,48.8938152613519,2.347794968187123
IDFM:462974,Marcadet - Poissonniers,Paris,Metro,48.89127969913649,2.3495451670385634
IDFM:22149,Gare du Nord,Paris,Metro,48.879510553130615,2.356768884572096
IDFM:22137,Saint-Michel,Paris,Metro,48.85358493521485,2.343964657062377
IDFM:463104,Denfert-Rochereau,Paris,Metro,48.83394869369227,2.332018835216387
IDFM:22144,Mouton-Duvernet,Paris,Metro,48.831382009093616,2.32979034782274
IDFM:22154,Alésia,Paris,Metro,48.82820106421924,2.3270932349484528
IDFM:26602,Mairie de Montrouge,Montrouge,Metro,48.818471900073675,2.319523835754741
IDFM:483314,Bagneux - Lucie Aubrac,Bagneux,Metro,48.80354822259104,2.317458362049886
IDFM:463002,Bobigny-Pantin - Raymond Queneau,Bobigny,Metro,48.89563789793626,2.426277595760804
IDFM:462961,République,Paris,Metro,48.867732931981166,2.3641925544688656
IDFM:22011,Jacques Bonsergent,Paris,Metro,48.870666468034706,2.3611315892483544
IDFM:463182,Gare du Nord,Paris,Metro,48.87968001223662,2.357342884924845
IDFM:22012,Laumière,Paris,Metro,48.88513384808583,2.3793909893523923
IDFM:463032,Stalingrad,Paris,Metro,48.8841445128949,2.367348121277192
IDFM:463025,Place d'Italie,Paris,Metro,48.830965713292656,2.355501591481485
IDFM:22095,Charles de Gaulle - Étoile,Paris,Metro,48.87383861478572,2.294995735441831
IDFM:22170,Kléber,Paris,Metro,48.87148941293503,2.293146137248626
IDFM:22174,Chevaleret,Paris,Metro,48.83499912646156,2.368094469653414
IDFM:22173,Glacière,Paris,Metro,48.831170235245835,2.3434974927179884
IDFM:22160,Saint-Jacques,Paris,Metro,48.832916006219165,2.337154370925007
IDFM:22155,Raspail,Paris,Metro,48.83908487281128,2.330549660589195
IDFM:22164,Trocadéro,Paris,Metro,48.86346147371448,2.287625377853519
IDFM:463102,Kléber,Paris,Metro,48.871301612039105,2.2933259179892325
IDFM:463042,Charles de Gaulle - Étoile,Paris,Metro,48.87371127132366,2.2947520493673434
IDFM:463268,Trocadéro,Paris,Metro,48.86348766501957,2.2874927969664416
IDFM:22156,Montparnasse Bienvenue,Paris,Metro,48.84205447194666,2.321273396249205
IDFM:463147,Chevaleret,Paris,Metro,48.834936390694416,2.3681361010524644
IDFM:22182,Dugommier,Paris,Metro,48.838951094045356,2.3896007705991944
IDFM:22181,Daumesnil,Paris,Metro,48.839434008053175,2.396148628489371
IDFM:22399,Villejuif Léo Lagrange,Villejuif,Metro,48.80435318028833,2.3639317476477353
IDFM:463324,Villejuif Paul Vaillant-Couturier,Villejuif,Metro,48.79630822122641,2.368195583812103
IDFM:463269,Villejuif - Louis Aragon,Villejuif,Metro,48.787572501132765,2.3677168990538426
IDFM:22394,Aubervilliers - Pantin - Quatre Chemins,Aubervilliers,Metro,48.90379699038963,2.3921143824978492
IDFM:22392,Crimée,Paris,Metro,48.8908857589288,2.37693573698238
IDFM:22387,Gare de l'Est,Paris,Metro,48.876361054333444,2.3581030566976637
IDFM:22377,Poissonnière,Paris,Metro,48.87716484925024,2.3487397513900734
IDFM:22382,Le Peletier,Paris,Metro,48.874959406040965,2.3401505597063736
IDFM:22381,Opéra,Paris,Metro,48.87030303390994,2.3324387808144875
IDFM:22380,Porte d'Italie,Paris,Metro,48.81903428608761,2.359462523882543
IDFM:463029,Porte d'Ivry,Paris,Metro,48.821352988336876,2.369294978223312
IDFM:463220,Mairie d'Ivry,Ivry-sur-Seine,Metro,48.811210093393306,2.383498053635828
IDFM:463323,Villejuif Léo Lagrange,Villejuif,Metro,48.80436739901952,2.364068547658874
IDFM:463251,Pierre et Marie Curie,Ivry-sur-Seine,Metro,48.81587757774557,2.377362970985953
IDFM:463216,Les Gobelins,Paris,Metro,48.83589170669027,2.3525311653622043
IDFM:22391,Censier - Daubenton,Paris,Metro,48.84022624851393,2.351626572605499
IDFM:463249,Palais Royal - Musée du Louvre,Paris,Metro,48.86276538184415,2.3370872868854393
IDFM:463255,Poissonnière,Paris,Metro,48.877079707510546,2.3487939912846394
IDFM:463167,Créteil - Université,Créteil,Metro,48.78994285432577,2.4505697455342568
IDFM:463166,Créteil - L'Échat,Créteil,Metro,48.79661108096057,2.449424047013373
IDFM:22209,Liberté,Charenton-le-Pont,Metro,48.826148180607525,2.4064912314699263
IDFM:22198,Bonne Nouvelle,Paris,Metro,48.8706347683979,2.3485760027859746
IDFM:463244,Opéra,Paris,Metro,48.87066534465599,2.3320941299398554
IDFM:463063,Madeleine,Paris,Metro,48.8696462363775,2.3259702743206723
IDFM:22188,Boucicaut,Paris,Metro,48.841024160993214,2.2879184311245595
IDFM:22183,La Motte-Picquet - Grenelle,Paris,Metro,48.84950618174656,2.298745444388579
IDFM:463177,École Militaire,Paris,Metro,48.854861755122315,2.3064410394306907
IDFM:463199,Invalides,Paris,Metro,48.86059945384315,2.314996938416133
IDFM:22096,Concorde,Paris,Metro,48.86652125193945,2.3220315426557194
IDFM:463037,Richelieu - Drouot,Paris,Metro,48.87164051013642,2.3384603609547776
IDFM:463048,Filles du Calvaire,Paris,Metro,48.8630421114174,2.3665956945709348
IDFM:22097,Bastille,Paris,Metro,48.853425461693256,2.3695064282002
IDFM:463168,Daumesnil,Paris,Metro,48.83967393140864,2.395573606140371
IDFM:22215,Maisons-Alfort - Stade,Maisons-Alfort,Metro,48.80891847848263,2.434819533389365
IDFM:463056,Créteil - Préfecture,Créteil,Metro,48.77993658375498,2.4593441311150444
IDFM:21938,Pont de Sèvres,Boulogne-Billancourt,Metro,48.82968726438348,2.2305185727726955
IDFM:21930,Exelmans,Paris,Metro,48.84258027627653,2.259800845144346
IDFM:21922,Michel-Ange - Auteuil,Paris,Metro,48.84767825351756,2.2639392129884905
IDFM:21928,Jasmin,Paris,Metro,48.852462147844555,2.268219083521012
IDFM:21908,Rue de la Pompe,Paris,Metro,48.863951708879945,2.2778858979590564
IDFM:463052,Alma - Marceau,Paris,Metro,48.86464714790582,2.3011043523926706
IDFM:21911,Saint-Augustin,Paris,Metro,48.87454661293485,2.3210135978085997
IDFM:21920,Strasbourg - Saint-Denis,Paris,Metro,48.869349679171926,2.3537315826731833
IDFM:21925,Oberkampf,Paris,Metro,48.86477709852134,2.3681558453945515
IDFM:21919,Nation,Paris,Metro,48.84888521841715,2.3959437210498136
IDFM:463039,Buzenval,Paris,Metro,48.85176243983227,2.401170769368413
IDFM:463053,Robespierre,Montreuil,Metro,48.855754613895044,2.4229449336324724
IDFM:21934,Charonne,Paris,Metro,48.85500743705073,2.3848878986690423
IDFM:21932,Chaussée d'Antin - La Fayette,Paris,Metro,48.87288385004922,2.334000835220775
IDFM:463290,Ranelagh,Paris,Metro,48.85550355839564,2.269948157934635
IDFM:462956,Exelmans,Paris,Metro,48.842624465259945,2.25967486021195
IDFM:21942,Robespierre,Montreuil,Metro,48.855673808550314,2.4229730864963517
IDFM:462994,Mabillon,Paris,Metro,48.85296034336302,2.3350868179946915
IDFM:21970,Duroc,Paris,Metro,48.84675637808778,2.3162247549746047
IDFM:21979,Ségur,Paris,Metro,48.847226390053955,2.3072520746428715
IDFM:21987,Avenue Émile Zola,Paris,Metro,48.84695722990175,2.2950459810371475
IDFM:463315,Ségur,Paris,Metro,48.847167269995026,2.307137849403385
IDFM:21988,Boulogne Jean Jaurès,Boulogne-Billancourt,Metro,48.842063301935575,2.239042669312605
IDFM:490772,Rosny-Bois-Perrier,Rosny-sous-Bois,Metro,48.88307064342213,2.4806093523524932
IDFM:490770,Coteaux Beauclair,Noisy-le-Sec,Metro,48.88232920383497,2.467417206083316
IDFM:21951,Place des Fêtes,Paris,Metro,48.87672366197325,2.393139370360497
IDFM:21992,Rambuteau,Paris,Metro,48.86119015695036,2.3532739485947713
IDFM:463061,Hôtel de Ville,Paris,Metro,48.85760073633446,2.3514239919428728
IDFM:462960,République,Paris,Metro,48.86788497134881,2.3648796725347783
IDFM:463254,Place des Fêtes,Paris,Metro,48.87672366197325,2.393139370360497
IDFM:490787,Serge Gainsbourg,Les Lilas,Metro,48.881208070541476,2.427162663175348
IDFM:22042,Porte de Versailles,Paris,Metro,48.83230151439446,2.2881329450932197
IDFM:462947,Pasteur,Paris,Metro,48.84282366881032,2.3126518981045816
IDFM:462965,Notre-Dame-des-Champs,Paris,Metro,48.845077745637816,2.3286958054987075
IDFM:22040,Pigalle,Paris,Metro,48.882011788411084,2.3371840091053384
IDFM:22053,Marx Dormoy,Paris,Metro,48.89060729278663,2.359945883178033
IDFM:22051,Notre-Dame-des-Champs,Paris,Metro,48.84508150807547,2.328564944227944
IDFM:462964,Volontaires,Paris,Metro,48.84152824313428,2.3079137063600563
IDFM:463321,Vaugirard,Paris,Metro,48.83953628376544,2.300977822126098
IDFM:463261,Porte de Versailles,Paris,Metro,48.83251953251351,2.2877417091423347
IDFM:463153,Corentin Celton,Issy-les-Moulineaux,Metro,48.826823295159116,2.2789586605256367
IDFM:463219,Mairie d'Issy,Issy-les-Moulineaux,Metro,48.82434428766646,2.273558168023932
IDFM:462976,Carrefour Pleyel,Saint-Denis,Metro,48.91897668662174,2.342621763486782
IDFM:22241,Saint-Denis - Porte de Paris,Saint-Denis,Metro,48.929922750445755,2.3561729251015997
IDFM:22239,Carrefour Pleyel,Saint-Denis,Metro,48.919021124459626,2.3425256824012224
IDFM:474397,Miromesnil,Paris,Metro,48.873331580854774,2.314539776464459
IDFM:22185,Invalides,Paris,Metro,48.8599835499114,2.3142383345854878
IDFM:463083,Duroc,Paris,Metro,48.84781614379645,2.3159655624315945
IDFM:22236,Malakoff - Rue Étienne Dolet,Malakoff,Metro,48.81529282360795,2.2970265700422705
IDFM:462975,La Fourche,Paris,Metro,48.88693060684432,2.3258160922907107
IDFM:22229,Duroc,Paris,Metro,48.847843667927016,2.316060590670979
IDFM:22093,Champs-Élysées - Clemenceau,Paris,Metro,48.86737454799625,2.3139501860093175
IDFM:22225,Liège,Paris,Metro,48.879176302619705,2.327048200308571
IDFM:22233,Asnières - Gennevilliers - Les Courtilles,Gennevilliers,Metro,48.93076460500162,2.2842197492931637
IDFM:490850,L'Haÿ-les-Roses,L'Haÿ-les-Roses,Metro,48.775326684341785,2.355032032091648
IDFM:463045,Olympiades,Paris,Metro,48.826944155043044,2.367034270941924
IDFM:21957,Bercy,Paris,Metro,48.84014763512746,2.3791909087742873
IDFM:463159,Châtelet,Paris,Metro,48.859556532726764,2.346411849769497
IDFM:463064,Madeleine,Paris,Metro,48.870630484228144,2.3258757399808627
IDFM:21962,Saint-Lazare,Paris,Metro,48.87560743718584,2.324122029700433
IDFM:480531,Porte de Clichy,Paris,Metro,48.894333484274206,2.313404000186253
IDFM:21960,Pyramides,Paris,Metro,48.865755527376756,2.3346236060049232
IDFM:490839,Hôpital Bicêtre,Le Kremlin-Bicêtre,Metro,48.809971090725966,2.349946533239157
IDFM:490833,Thiais - Orly (Pont de Rungis),Thiais,Metro,48.746835369386844,2.3723847511214924
IDFM:21945,Gambetta,Paris,Metro,48.865032564464,2.398537305704572
IDFM:21947,Porte des Lilas,Paris,Metro,48.87656859902798,2.4070619733807948
IDFM:monomodalStopPlace:47486,Lizy-sur-Ourcq,Lizy-sur-Ourcq,LocalTrain,49.02172710081919,3.0317831029512066
IDFM:monomodalStopPlace:411372,La Ferté-Milon,La Ferté-Milon,LocalTrain,49.17963214095126,3.1206754069517184
IDFM:monomodalStopPlace:470519,Gare de l'Est,Paris,LocalTrain,48.87857171221123,2.360305141171757
IDFM:monomodalStopPlace:47119,Bagneaux-sur-Loing,Bagneaux-sur-Loing,LocalTrain,48.22938980618883,2.7040329448732985
IDFM:monomodalStopPlace:47145,Héricy,Héricy,LocalTrain,48.44272124429534,2.7607507689116346
IDFM:monomodalStopPlace:47921,Orgerus - Béhoust,Orgerus,LocalTrain,48.82662740630846,1.7030300359022215
IDFM:monomodalStopPlace:47885,Plaisir - Grignon,Plaisir,LocalTrain,48.831926089228816,1.943537514733802
IDFM:monomodalStopPlace:43235,Le Perray,Le Perray-en-Yvelines,LocalTrain,48.69336112490438,1.8566531860615936
IDFM:monomodalStopPlace:47932,Coignières,Coignières,LocalTrain,48.74374799338111,1.9214184023981655
IDFM:monomodalStopPlace:461504,Saint-Quentin en Yvelines - Montigny-le-Bretonneux,Montigny-le-Bretonneux,LocalTrain,48.78748491597792,2.044615988930814
IDFM:monomodalStopPlace:43195,Sèvres Rive Gauche,Sèvres,LocalTrain,48.82121360785643,2.215079572125279
IDFM:monomodalStopPlace:47951,Seugy,Seugy,LocalTrain,49.11912737513361,2.3996583056293246
IDFM:monomodalStopPlace:47522,Villaines,Villaines-sous-Bois,LocalTrain,49.079264370566555,2.3505357370070645
IDFM:monomodalStopPlace:43133,Groslay,Groslay,LocalTrain,48.98436467954606,2.3535217052321715
IDFM:monomodalStopPlace:47963,Vaucelles,Taverny,LocalTrain,49.02172683988197,2.2294526219892656
IDFM:monomodalStopPlace:43206,Taverny,Taverny,LocalTrain,49.024976382846596,2.222287008769188
IDFM:monomodalStopPlace:47580,Frépillon,Frépillon,LocalTrain,49.045277206622124,2.197098920791642
IDFM:monomodalStopPlace:43178,Persan - Beaumont,Persan,LocalTrain,49.147582944600785,2.2777997330536137
IDFM:monomodalStopPlace:47533,Bruyères-sur-Oise,Bruyères-sur-Oise,LocalTrain,49.15511620671838,2.32483287423228
IDFM:monomodalStopPlace:47588,Valmondois,Butry-sur-Oise,LocalTrain,49.09093718795672,2.2019152338634327
IDFM:monomodalStopPlace:411405,Le Plessis-Belleville,Le Plessis-Belleville,LocalTrain,49.09632467804431,2.745036686332378
IDFM:monomodalStopPlace:411387,Ormoy-Villers,Ormoy-Villers,LocalTrain,49.20071099536894,2.8379866073485736
IDFM:monomodalStopPlace:411396,Crépy-en-Valois,Crépy-en-Valois,LocalTrain,49.23108254935135,2.8880999806451184
IDFM:monomodalStopPlace:479059,Rosny-sur-Seine,Rosny-sur-Seine,LocalTrain,48.99751746396684,1.6298170882272784
IDFM:monomodalStopPlace:46984,Bonnières,Bonnières-sur-Seine,LocalTrain,49.03882194566387,1.5820546885594051
IDFM:monomodalStopPlace:59301,Gisors,Gisors,LocalTrain,49.285504693998305,1.7847679942171768
IDFM:monomodalStopPlace:411348,Lavilletertre,Lavilletertre,LocalTrain,49.20238205277644,1.9205792747729
IDFM:monomodalStopPlace:46801,Boissy-l'Aillerie,Boissy-l'Aillerie,LocalTrain,49.07572135804642,2.025386064104548
IDFM:monomodalStopPlace:44411,Pontoise,Pontoise,LocalTrain,49.04673337596684,2.0957859968423524
IDFM:monomodalStopPlace:51238,Bois-Colombes,Bois-Colombes,LocalTrain,48.91419560591249,2.2716490888242244
IDFM:monomodalStopPlace:47875,Argenteuil,Argenteuil,LocalTrain,48.9468952901277,2.257913508915154
IDFM:monomodalStopPlace:43143,La Frette - Montigny,La Frette-sur-Seine,LocalTrain,48.97988373233732,2.180341866372171
IDFM:monomodalStopPlace:47603,Herblay,Herblay-sur-Seine,LocalTrain,48.990136140429954,2.1622316587721904
IDFM:monomodalStopPlace:46926,Triel-sur-Seine,Triel-sur-Seine,LocalTrain,48.98141600700941,2.005709444143668
IDFM:monomodalStopPlace:43217,Vaux-sur-Seine,Vaux-sur-Seine,LocalTrain,49.0073550143858,1.9630264473162566
IDFM:monomodalStopPlace:46897,Meulan - Hardricourt,Hardricourt,LocalTrain,49.00581615609435,1.9021289902435004
IDFM:monomodalStopPlace:46965,Mantes Station,Mantes-la-Jolie,LocalTrain,48.98360892717879,1.7151334567152097
IDFM:monomodalStopPlace:44559,Cergy Préfecture,Cergy,LocalTrain,49.036306683133965,2.0797809490013073
IDFM:monomodalStopPlace:47770,Garches - Marnes-la-Coquette,Garches,LocalTrain,48.838254440887944,2.187092668770097
IDFM:monomodalStopPlace:43248,Marly-le-Roi,Marly-le-Roi,LocalTrain,48.87152941199376,2.0965372930677657
IDFM:monomodalStopPlace:47923,Bécon les Bruyères,Courbevoie,LocalTrain,48.90549079769296,2.268790065027107
IDFM:monomodalStopPlace:43241,Chaville Rive Droite,Chaville,LocalTrain,48.81299614830529,2.1885894806735937
IDFM:monomodalStopPlace:43219,Versailles Chantiers,Versailles,LocalTrain,48.79526039893613,2.1349078603373464
IDFM:471949,Saint-Piat,Saint-Piat,regionalRail,48.5426720118731,1.590036380769503
IDFM:471660,Maintenon,Maintenon,regionalRail,48.58713020987401,1.5927045470687016
IDFM:472093,Gazeran,Gazeran,regionalRail,48.62605218985017,1.7727185182491276
IDFM:472731,Saint-Quentin en Yvelines - Montigny-le-Bretonneux,Montigny-le-Bretonneux,regionalRail,48.78723320870915,2.0445303604044742
IDFM:monomodalStopPlace:411507,Chartres,Chartres,regionalRail,48.44815728195019,1.4805376543356368
IDFM:471264,Gazeran,Gazeran,regionalRail,48.62600800856823,1.7736694855530508
IDFM:472678,Saint-Piat,Saint-Piat,regionalRail,48.54260985570034,1.59010579932378
IDFM:471471,Laroche - Migennes,Migennes,regionalRail,47.961196115633506,3.512704241157958
IDFM:472416,Champagne-sur-Seine,Champagne-sur-Seine,regionalRail,48.407121331317995,2.7990852091369076
IDFM:monomodalStopPlace:411458,Pont-sur-Yonne,Pont-sur-Yonne,regionalRail,48.286200143295794,3.201822135556628
IDFM:monomodalStopPlace:411452,Sens,Sens,regionalRail,48.19822559869753,3.2673805413803247
IDFM:monomodalStopPlace:58566,Gare Saint-Lazare,Paris,regionalRail,48.87747568635212,2.3244386552397684
IDFM:470812,Bonnières,Bonnières-sur-Seine,regionalRail,49.03878622690202,1.5820761825970486
IDFM:monomodalStopPlace:59038,Vernon - Giverny,Vernon,regionalRail,49.091626659828435,1.477776772218189
IDFM:472184,Monnerville,Monnerville,regionalRail,48.34848496689402,2.0321953016099426
IDFM:472571,Nanteuil-le-Haudouin,Nanteuil-le-Haudouin,regionalRail,49.14285313981009,2.794314153231533
IDFM:monomodalStopPlace:411482,Montargis,Montargis,regionalRail,48.00669739961254,2.743201130533139
IDFM:471389,Versailles Chantiers,Versailles,regionalRail,48.79513101766467,2.1343450409801523
IDFM:470928,Bueil,Bueil,regionalRail,48.92545279910358,1.4432942139499536
IDFM:471958,Mantes-la-Jolie,Mantes-la-Ville,regionalRail,48.988892194632506,1.7038177086128614
IDFM:470860,Mantes-la-Jolie,Mantes-la-Ville,regionalRail,48.98891990531871,1.7038853443423192
IDFM:2271,Terminal 3,Tremblay-en-France,RailShuttle,49.009945084749454,2.5609330606074856
IDFM:41833,Terminal 1,Mauregard,RailShuttle,49.01312068485388,2.5420550914841895
IDFM:473827,Orly 1-2-3,Paray-Vieille-Poste,RailShuttle,48.729596764612964,2.359539564659886
IDFM:463012,Porte de Vincennes,Paris,Metro,48.84738050756597,2.4079800295601697
IDFM:463185,George V,Paris,Metro,48.872134215164266,2.300335853137645
IDFM:463013,Charles de Gaulle - Étoile,Paris,Metro,48.875175151927344,2.295932042102862
IDFM:22081,Louvre - Rivoli,Paris,Metro,48.86107361739893,2.3401628634830325
IDFM:22083,Gare de Lyon,Paris,Metro,48.84579383469821,2.3736730684982223
IDFM:22080,Nation,Paris,Metro,48.847556384308284,2.3963815574262974
IDFM:22103,Saint-Mandé,Vincennes,Metro,48.84636430926393,2.4190018282327004
IDFM:22109,Victor Hugo,Paris,Metro,48.8698545716049,2.2859020006220643
IDFM:22108,Ternes,Paris,Metro,48.8782007528283,2.2981136521983068
IDFM:462988,Villiers,Paris,Metro,48.88121227337839,2.3157614492393397
IDFM:463088,Pigalle,Paris,Metro,48.88219737464818,2.3382179854559224
IDFM:462984,Colonel Fabien,Paris,Metro,48.87764980852146,2.370467574793864
IDFM:462983,Couronnes,Paris,Metro,48.86919334513237,2.3802889829271936
IDFM:463243,Ménilmontant,Paris,Metro,48.866390140145434,2.3834303882303045
IDFM:463067,Nation,Paris,Metro,48.848453436979646,2.395925559927623
IDFM:22126,Couronnes,Paris,Metro,48.86932051914457,2.3805336747351005
IDFM:22128,Belleville,Paris,Metro,48.872314077361665,2.3768306915222848
IDFM:22118,Jaurès,Paris,Metro,48.881596974234085,2.3702971374325292
IDFM:463009,Stalingrad,Paris,Metro,48.88432520773181,2.365804996053178
IDFM:463094,Barbès - Rochechouart,Paris,Metro,48.883852349861876,2.350573400888514
IDFM:22021,Pereire,Paris,Metro,48.88484432273985,2.2976831860125837
IDFM:22030,Opéra,Paris,Metro,48.87143742899726,2.331047286711241
IDFM:22020,Père Lachaise,Paris,Metro,48.86296417435419,2.386157046298338
IDFM:22026,Temple,Paris,Metro,48.86675662943444,2.361561234526356
IDFM:22018,Réaumur - Sébastopol,Paris,Metro,48.86638175675157,2.3520507871028355
IDFM:22033,Bourse,Paris,Metro,48.868792843933164,2.3406785469758815
IDFM:463246,Opéra,Paris,Metro,48.87150983278418,2.331128974301561
IDFM:462987,Villiers,Paris,Metro,48.881153980760416,2.3157901685080926
IDFM:463068,Malesherbes,Paris,Metro,48.88284002257779,2.309487846960011
IDFM:463070,Wagram,Paris,Metro,48.8838463907272,2.304673087584434
IDFM:22034,Louise Michel,Levallois-Perret,Metro,48.88853900119613,2.2882778490679767
IDFM:462985,Pont de Levallois - Bécon,Levallois-Perret,Metro,48.89722831603318,2.28030375318625
IDFM:463308,Saint-Placide,Paris,Metro,48.84700665158937,2.327054815066312
IDFM:462992,Saint-Sulpice,Paris,Metro,48.85113858957915,2.330953550650454
IDFM:463306,Saint-Michel,Paris,Metro,48.85359407756809,2.343991799033288
IDFM:472308,Paris Montparnasse,Paris,regionalRail,48.83923438805609,2.317222673685216
IDFM:472407,Versailles Chantiers,Versailles,regionalRail,48.79504778689972,2.1352721462429782
IDFM:monomodalStopPlace:427870,Rambouillet,Rambouillet,regionalRail,48.6438460126836,1.832207614506548
IDFM:473004,Épernon,Épernon,regionalRail,48.605017399224884,1.6816740107907147
IDFM:470966,Champagne-sur-Seine,Champagne-sur-Seine,regionalRail,48.40740864759136,2.798746300369766
IDFM:monomodalStopPlace:47910,Montereau,Montereau-Fault-Yonne,regionalRail,48.37960363189276,2.942541935520315
IDFM:monomodalStopPlace:411464,Villeneuve-la-Guyard,Villeneuve-la-Guyard,regionalRail,48.34261875935412,3.0720201061041963
IDFM:monomodalStopPlace:411476,Villeneuve-sur-Yonne,Villeneuve-sur-Yonne,regionalRail,48.085206695756156,3.2865046950805197
IDFM:monomodalStopPlace:411467,Joigny,Joigny,regionalRail,47.973655686300866,3.393667054376571
IDFM:471822,Beauvais,Beauvais,regionalRail,49.42610082906883,2.088575794818811
IDFM:471709,Beauvais,Beauvais,regionalRail,49.42623398197768,2.0883529511661725
IDFM:470800,Persan - Beaumont,Persan,regionalRail,49.14769440553777,2.2776450993479274
IDFM:471422,Rosny-sur-Seine,Rosny-sur-Seine,regionalRail,48.99732367454093,1.630567095484031
IDFM:472724,Paris Austerlitz,Paris,regionalRail,48.840432166216345,2.3682602259421297
IDFM:470824,Étampes,Étampes,regionalRail,48.437010092787695,2.1597838161887477
IDFM:471205,Monnerville,Monnerville,regionalRail,48.34878680472397,2.0327971770657607
IDFM:472965,Angerville,Angerville,regionalRail,48.31241421031221,2.0041399097912085
IDFM:471363,Guillerval,Guillerval,regionalRail,48.37430378320441,2.0596213635423823
IDFM:monomodalStopPlace:411443,Châteaudun,Châteaudun,regionalRail,48.073492940832686,1.3384330021828876
IDFM:monomodalStopPlace:411449,Voves,Les Villages Vovéens,regionalRail,48.27503094784323,1.6220416259899684
IDFM:monomodalStopPlace:59049,Auneau,Roinville,regionalRail,48.445347392939446,1.779631964523447
IDFM:470649,Mitry - Claye,Mitry-Mory,regionalRail,48.97600959818898,2.6425260325553004
IDFM:monomodalStopPlace:43164,Mitry - Claye,Mitry-Mory,regionalRail,48.9757479508066,2.6422341369736606
IDFM:monomodalStopPlace:411390,Nanteuil-le-Haudouin,Nanteuil-le-Haudouin,regionalRail,49.14251123380041,2.7941647655566535
IDFM:472518,Le Plessis-Belleville,Le Plessis-Belleville,regionalRail,49.096500280964975,2.745165896619675
IDFM:472290,Crépy-en-Valois,Crépy-en-Valois,regionalRail,49.23119919332447,2.887749675011627
IDFM:monomodalStopPlace:43100,Bréval,Bréval,regionalRail,48.943453022992934,1.5418227473944963
IDFM:monomodalStopPlace:47187,Verneuil-l'Étang,Verneuil-l'Étang,LocalTrain,48.64438940351837,2.825083962015835
IDFM:monomodalStopPlace:47181,Provins,Provins,LocalTrain,48.55553092379296,3.302334202203228
IDFM:monomodalStopPlace:411381,Chézy-sur-Marne,Chézy-sur-Marne,LocalTrain,48.99188251331995,3.3644154018991057
IDFM:monomodalStopPlace:411384,Nogent-L'Artaud - Charly,Nogent-l'Artaud,LocalTrain,48.96871609894733,3.3228476502480797
IDFM:monomodalStopPlace:47482,Nanteuil - Saâcy,Saâcy-sur-Marne,LocalTrain,48.97400193831618,3.2194260927085296
IDFM:monomodalStopPlace:47928,Changis - Saint-Jean,Changis-sur-Marne,LocalTrain,48.95916631326023,3.026089283734262
IDFM:monomodalStopPlace:58879,Chelles - Gournay,Chelles,LocalTrain,48.87411948897062,2.5833806594500697
IDFM:monomodalStopPlace:43106,Champagne-sur-Seine,Champagne-sur-Seine,LocalTrain,48.40726498958356,2.798915755216375
IDFM:monomodalStopPlace:43123,Fontaine-le-Port,Fontaine-le-Port,LocalTrain,48.48734840615557,2.750465255041539
IDFM:monomodalStopPlace:470195,Gare de Lyon,Paris,LocalTrain,48.84340211646564,2.376365660931201
IDFM:monomodalStopPlace:47953,Saint-Mammès,Saint-Mammès,LocalTrain,48.38264713543743,2.816506976966753
IDFM:monomodalStopPlace:47903,Garancières - La Queue,Garancières,LocalTrain,48.810463686279576,1.7645793224017485
IDFM:monomodalStopPlace:43181,Plaisir - Les Clayes,Plaisir,LocalTrain,48.830838967119995,1.960091444651348
IDFM:monomodalStopPlace:46886,Maule,Maule,LocalTrain,48.90932809474093,1.8568974216555532
IDFM:monomodalStopPlace:47882,Épône - Mézières,Épône,LocalTrain,48.96340497197892,1.809133387838305
IDFM:monomodalStopPlace:43229,Les Essarts-le-Roi,Les Essarts-le-Roi,LocalTrain,48.721693353095276,1.8896613918946876
IDFM:monomodalStopPlace:47946,Presles - Courcelles,Presles,LocalTrain,49.11367528279733,2.2878509419549213
IDFM:monomodalStopPlace:47530,Nointel - Mours,Nointel,LocalTrain,49.13282894869498,2.2799576391232472
IDFM:monomodalStopPlace:47524,Belloy - Saint-Martin,Belloy-en-France,LocalTrain,49.09838940491585,2.3613265147338978
IDFM:monomodalStopPlace:43073,Écouen - Ézanville,Ézanville,LocalTrain,49.02319914892831,2.3622367893055722
IDFM:monomodalStopPlace:46482,Gros Noyer Saint-Prix,Ermont,LocalTrain,48.996079034066284,2.2596836105712628
IDFM:monomodalStopPlace:43090,Bessancourt,Bessancourt,LocalTrain,49.03527556641014,2.2103009348975013
IDFM:monomodalStopPlace:411329,Saint-Leu-d'Esserent,Saint-Leu-d'Esserent,LocalTrain,49.21379460642065,2.417071454431694
IDFM:monomodalStopPlace:43105,Cernay,Ermont,LocalTrain,48.985149200200375,2.257017857907824
IDFM:monomodalStopPlace:43078,Épinay - Villetaneuse,Épinay-sur-Seine,LocalTrain,48.95792884911306,2.3287601965958715
IDFM:monomodalStopPlace:47874,Poissy,Poissy,LocalTrain,48.93324983956547,2.040804469960689
IDFM:monomodalStopPlace:47964,Vernouillet - Verneuil,Verneuil-sur-Seine,LocalTrain,48.981645855003116,1.9829377621754614
IDFM:monomodalStopPlace:47955,Saint-Ouen-l'Aumône Quartier de l'Église,Saint-Ouen-l'Aumône,LocalTrain,49.03909361746138,2.1034691329132857
IDFM:monomodalStopPlace:43079,Éragny - Neuville,Éragny,LocalTrain,49.01790068888594,2.090571123307668
IDFM:monomodalStopPlace:43116,Cormeilles-en-Parisis,Cormeilles-en-Parisis,LocalTrain,48.9686435877584,2.1930511780913897
IDFM:monomodalStopPlace:43114,Conflans Fin d'Oise,Conflans-Sainte-Honorine,LocalTrain,48.991156287258484,2.0746499245710193
IDFM:monomodalStopPlace:47916,Andrésy,Andrésy,LocalTrain,48.974620752632916,2.0486677678528
IDFM:monomodalStopPlace:47929,Chanteloup-les-Vignes,Chanteloup-les-Vignes,LocalTrain,48.97035707590211,2.0276211497651646
IDFM:monomodalStopPlace:43137,Juziers,Juziers,LocalTrain,48.99224048747195,1.8449525722587152
IDFM:monomodalStopPlace:43129,Gargenville,Gargenville,LocalTrain,48.983003872761415,1.8090110590166268
IDFM:monomodalStopPlace:46975,Issou - Porcheville,Issou,LocalTrain,48.9793069192499,1.7838404356830648
IDFM:monomodalStopPlace:47880,La Celle-Saint-Cloud,La Celle-Saint-Cloud,LocalTrain,48.84262523059504,2.138236726142033
IDFM:monomodalStopPlace:47790,Bougival,La Celle-Saint-Cloud,LocalTrain,48.85379323051655,2.132028029856739
IDFM:monomodalStopPlace:47937,L'Étang-la-Ville,L'Étang-la-Ville,LocalTrain,48.86818814962987,2.076893601882248
IDFM:monomodalStopPlace:47954,Saint-Nom-la-Bretèche - Forêt de Marly,L'Étang-la-Ville,LocalTrain,48.867096240827834,2.051299627156171
IDFM:monomodalStopPlace:46689,Viroflay - Rive Droite,Viroflay,LocalTrain,48.805472581494975,2.1676545647835206
IDFM:monomodalStopPlace:47767,Sèvres - Ville-d'Avray,Sèvres,LocalTrain,48.827253206930806,2.2007294495659546
IDFM:monomodalStopPlace:43184,Puteaux,Puteaux,LocalTrain,48.8833721630466,2.2336164976472146
IDFM:monomodalStopPlace:470549,La Défense,Puteaux,LocalTrain,48.892229801568206,2.238418596250407
IDFM:monomodalStopPlace:43215,Vauboyen,Bièvres,LocalTrain,48.75897132762851,2.1925522822775045
IDFM:monomodalStopPlace:43136,Jouy-en-Josas,Jouy-en-Josas,LocalTrain,48.764760068378486,2.1644478368550066
IDFM:monomodalStopPlace:57674,Petit Jouy Les Loges,Jouy-en-Josas,LocalTrain,48.77123768805397,2.1468519693445356
IDFM:463175,Funiculaire Gare basse,Paris,Funicular,48.88469469943406,2.342604533249601
IDFM:412354,Funiculaire Gare basse,Paris,Funicular,48.88469469943406,2.342604533249601
IDFM:463208,Les Halles,Paris,Metro,48.8625048403394,2.3461273251736805
IDFM:22147,Etienne Marcel,Paris,Metro,48.86370301202431,2.3489761968791085
IDFM:22142,Réaumur - Sébastopol,Paris,Metro,48.86604305354321,2.352613903045621
IDFM:463093,Barbès - Rochechouart,Paris,Metro,48.88342517173516,2.3497455480753806
IDFM:22130,Barbès - Rochechouart,Paris,Metro,48.883402060486226,2.349629927853002
IDFM:462995,Odéon,Paris,Metro,48.852175453081486,2.3395157696170745
IDFM:22143,Montparnasse Bienvenue,Paris,Metro,48.84385251452581,2.3243294607791096
IDFM:22140,Porte d'Orléans,Paris,Metro,48.823416351140224,2.3254932653821045
IDFM:22015,Bobigny - Pablo Picasso,Bobigny,Metro,48.9063655341063,2.4490271414582585
IDFM:22006,Place d'Italie,Paris,Metro,48.83096622708413,2.35559694336975
IDFM:463097,Saint-Marcel,Paris,Metro,48.83847698406796,2.3608176665940044
IDFM:22004,Quai de la Rapée,Paris,Metro,48.84649085420337,2.365992890937552
IDFM:463059,Oberkampf,Paris,Metro,48.86464456516527,2.3686045625807752
IDFM:463027,Ourcq,Paris,Metro,48.88691595319499,2.386652016759884
IDFM:463280,Porte de Pantin,Paris,Metro,48.88845921134684,2.3921229723281483
IDFM:22014,Bobigny-Pantin - Raymond Queneau,Pantin,Metro,48.89560207433252,2.426308679232036
IDFM:463178,Église de Pantin,Pantin,Metro,48.89324469416795,2.413074999597678
IDFM:21903,République,Paris,Metro,48.867687468165165,2.3640990472225725
IDFM:463018,Bastille,Paris,Metro,48.85330031648217,2.3687984466220384
IDFM:463023,Gare d'Austerlitz,Paris,Metro,48.842395852858516,2.3654431802574227
IDFM:463169,Daumesnil,Paris,Metro,48.839537421644565,2.3961460679154514
IDFM:463128,Bercy,Paris,Metro,48.84018509185968,2.3794765872566757
IDFM:463288,Quai de la Gare,Paris,Metro,48.8370742706096,2.372766248948172
IDFM:22176,Cambronne,Paris,Metro,48.84754311219352,2.3029417283376117
IDFM:22171,Dupleix,Paris,Metro,48.85044743650892,2.2936359857443214
IDFM:463005,Bir-Hakeim,Paris,Metro,48.85392536837598,2.2894007376345997
IDFM:22179,Bir-Hakeim,Paris,Metro,48.85388427726308,2.2892963570634604
IDFM:22162,La Motte-Picquet - Grenelle,Paris,Metro,48.848697697821954,2.298906224573169
IDFM:22163,Sèvres-Lecourbe,Paris,Metro,48.84559344181696,2.3094812736820387
IDFM:22178,Bercy,Paris,Metro,48.840176028121896,2.379463070185257
IDFM:463028,Nation,Paris,Metro,48.84789064769285,2.3957883190257903
IDFM:463007,Porte de la Villette,Paris,Metro,48.897865181710756,2.3857788171360426
IDFM:463006,Château Landon,Paris,Metro,48.87845059378512,2.3620450936034145
IDFM:463139,Cadet,Paris,Metro,48.87604838013132,2.3443838837796562
IDFM:463145,Chaussée d'Antin - La Fayette,Paris,Metro,48.873201272012516,2.333669568112413
IDFM:22376,Palais Royal - Musée du Louvre,Paris,Metro,48.862683997769665,2.337007354765684
IDFM:22379,Pont Neuf,Paris,Metro,48.858456031111984,2.3417089232034765
IDFM:22401,Villejuif Paul Vaillant-Couturier,Villejuif,Metro,48.79631793416014,2.3683316015776423
IDFM:22396,Mairie d'Ivry,Ivry-sur-Seine,Metro,48.811210093393306,2.383498053635828
IDFM:463235,Porte d'Italie,Paris,Metro,48.81910659655869,2.3595297331071694
IDFM:463245,Opéra,Paris,Metro,48.870326260852515,2.332572085877118
IDFM:22367,Château Landon,Paris,Metro,48.87844145573239,2.3620179355106075
IDFM:463057,Pointe du Lac,Créteil,Metro,48.76876136434425,2.464317312722042
IDFM:463225,Maisons-Alfort - Stade,Maisons-Alfort,Metro,48.80897743416717,2.434924424365985
IDFM:463142,Charenton - Écoles,Charenton-le-Pont,Metro,48.82148073316996,2.413844709558796
IDFM:22208,Porte de Charenton,Paris,Metro,48.83344922287947,2.402511872850073
IDFM:463226,Michel Bizot,Paris,Metro,48.83707743103578,2.402366739988004
IDFM:22098,Reuilly - Diderot,Paris,Metro,48.84721292669797,2.3872010704093922
IDFM:22201,Saint-Sébastien - Froissart,Paris,Metro,48.86098670797991,2.367370357789606
IDFM:22196,Richelieu - Drouot,Paris,Metro,48.87173920910264,2.3384190255427955
IDFM:463204,La Tour-Maubourg,Paris,Metro,48.85772702353455,2.3104735359369846
IDFM:22187,Lourmel,Paris,Metro,48.83866086365992,2.2822419598550767
IDFM:463162,Commerce,Paris,Metro,48.84458485524012,2.293851708440619
IDFM:22197,Grands Boulevards,Paris,Metro,48.87146677844407,2.342839648636545
IDFM:462962,République,Paris,Metro,48.86742161002706,2.363149406900382
IDFM:463309,Saint-Sébastien - Froissart,Paris,Metro,48.86094943927989,2.3671254626151184
IDFM:463293,Reuilly - Diderot,Paris,Metro,48.847094767969466,2.3869585404965377
IDFM:463209,Liberté,Charenton-le-Pont,Metro,48.82608032193611,2.406409459132366
IDFM:21913,Porte de Montreuil,Paris,Metro,48.853563500943025,2.4107036110235414
IDFM:462942,Nation,Paris,Metro,48.848979537674516,2.395921369214201
IDFM:463298,Rue des Boulets,Paris,Metro,48.85236862327955,2.389429968854563
IDFM:21916,Voltaire,Paris,Metro,48.857735295553454,2.3802080115879227
IDFM:463299,Saint-Ambroise,Paris,Metro,48.861480218467655,2.3739964519221886
IDFM:463036,Richelieu - Drouot,Paris,Metro,48.87223943327036,2.3386163553228103
IDFM:463188,Havre-Caumartin,Paris,Metro,48.8737568325288,2.327677208279404
IDFM:21912,Saint-Philippe-du-Roule,Paris,Metro,48.87215435003593,2.310001699600818
IDFM:463190,Iéna,Paris,Metro,48.864780022257456,2.2938642256822708
IDFM:463318,Trocadéro,Paris,Metro,48.86308797989344,2.2868262498013006
IDFM:21940,Marcel Sembat,Boulogne-Billancourt,Metro,48.83380810724753,2.24346821405889
IDFM:21943,Croix de Chavaux,Montreuil,Metro,48.857992585158016,2.4358546126745826
IDFM:462959,Vaneau,Paris,Metro,48.84889457005888,2.3213512423547358
IDFM:463124,Avenue Émile Zola,Paris,Metro,48.84703801370517,2.2950189971435506
IDFM:21971,Église d'Auteuil,Paris,Metro,48.84714336145718,2.2691113890218917
IDFM:21985,Chardon Lagache,Paris,Metro,48.84508829917885,2.26690547594029
IDFM:462944,Cluny - La Sorbonne,Paris,Metro,48.850793731720536,2.3450218824744566
IDFM:21989,Boulogne Pont de Saint-Cloud,Boulogne-Billancourt,Metro,48.84067248206251,2.2283125898228056
IDFM:463110,Belleville,Paris,Metro,48.87198955568015,2.376684607718542
IDFM:463108,Arts et Métiers,Paris,Metro,48.865380699169286,2.356535223129095
IDFM:463079,Châtelet,Paris,Metro,48.8576887395772,2.347759259772123
IDFM:463192,Jourdain,Paris,Metro,48.875247348641416,2.389325378910096
IDFM:21949,Porte des Lilas,Paris,Metro,48.87723143067265,2.4065226763982275
IDFM:22061,Corentin Celton,Issy-les-Moulineaux,Metro,48.826823295159116,2.2789586605256367
IDFM:462966,Sèvres - Babylone,Paris,Metro,48.851574452640946,2.326886801039095
IDFM:463081,Madeleine,Paris,Metro,48.87003294090397,2.325169929034193
IDFM:463062,Notre-Dame-de-Lorette,Paris,Metro,48.87604417483004,2.3379007718233322
IDFM:463082,Front Populaire,Saint-Denis,Metro,48.90666420278779,2.3657920239894126
IDFM:463304,Saint-Georges,Paris,Metro,48.87836199275949,2.3374546190400913
IDFM:22050,Notre-Dame-de-Lorette,Paris,Metro,48.8760350312806,2.3378736192226386
IDFM:462950,Rue du Bac,Paris,Metro,48.85588467848543,2.3256998984524113
IDFM:21980,Sèvres - Babylone,Paris,Metro,48.85156530639137,2.326859663121737
IDFM:463173,Falguière,Paris,Metro,48.84444335195695,2.3175087114640447
IDFM:463281,Porte de la Chapelle,Paris,Metro,48.89741064164834,2.359103857300198
IDFM:463236,Marx Dormoy,Paris,Metro,48.89057957856722,2.359808478084024
IDFM:22054,Jules Joffrin,Paris,Metro,48.892492268201934,2.3443200293804827
IDFM:22244,Garibaldi,Saint-Ouen-sur-Seine,Metro,48.90524620047095,2.3315950289277687
IDFM:463126,Basilique de Saint-Denis,Saint-Denis,Metro,48.9365763893788,2.359325686862392
IDFM:463253,Place de Clichy,Paris,Metro,48.88322415919443,2.327200436207035
IDFM:463303,Saint-François-Xavier,Paris,Metro,48.85195330293081,2.3144121566045697
IDFM:462954,Montparnasse Bienvenue,Paris,Metro,48.842142778205066,2.320986109145286
IDFM:463229,Pernety,Paris,Metro,48.83389625601307,2.3179465189168287
IDFM:22237,Châtillon - Montrouge,Châtillon,Metro,48.81075140670139,2.301717705004608
IDFM:463214,Malakoff - Rue Étienne Dolet,Malakoff,Metro,48.81533836595972,2.2971240100835835
IDFM:463213,Malakoff - Plateau de Vanves,Malakoff,Metro,48.82225221400042,2.2982402991906477
IDFM:463260,Porte de Vanves,Paris,Metro,48.82734524401033,2.3048327737714245
IDFM:22224,Miromesnil,Paris,Metro,48.873314219867474,2.3146490748635293
IDFM:490916,Villejuif - Gustave Roussy,Villejuif,Metro,48.79323857984506,2.3492565855239396
IDFM:463112,Bibliothèque François Mitterrand,Paris,Metro,48.829925765928905,2.376487371168301
IDFM:462972,Saint-Lazare,Paris,Metro,48.875660854671985,2.3240258961246782
IDFM:21959,Châtelet,Paris,Metro,48.85951531585984,2.346275248188987
IDFM:490837,L'Haÿ-les-Roses,L'Haÿ-les-Roses,Metro,48.77532646395088,2.354991210566311
IDFM:490851,Chevilly-Larue (Marché International),Chevilly-Larue,Metro,48.75848356146962,2.367374604185919
IDFM:463071,Saint-Fargeau,Paris,Metro,48.871887658077014,2.404361344448241
IDFM:24683,Buttes Chaumont,Paris,Metro,48.87849908839857,2.381569842088008
IDFM:463132,Bolivar,Paris,Metro,48.880789805531926,2.374152140698752
IDFM:23295,Maurice Lachâtre,Bobigny,Tramway,48.91914827784848,2.413808992990479
IDFM:23304,Hôpital Avicenne,Bobigny,Tramway,48.91586622459615,2.425021005984215
IDFM:23427,Parc Pierre Lagravère,Colombes,Tramway,48.91769564209479,2.224632386054727
IDFM:22295,Suzanne Lenglen,Paris,Tramway,48.83334931541997,2.2768930061836286
IDFM:25639,Meudon-sur-Seine,Meudon,Tramway,48.81922547935567,2.2386541208761
IDFM:22303,Belvédère,Suresnes,Tramway,48.876074543399874,2.2260155608818444
IDFM:22304,Belvédère,Suresnes,Tramway,48.87612770571695,2.2258920592837224
IDFM:22297,Les Moulineaux,Issy-les-Moulineaux,Tramway,48.82146439159181,2.2513836421244737
IDFM:24114,Porte de Versailles - Parc des Expositions,Paris,Tramway,48.83260662902873,2.2880197933556627
IDFM:24129,Porte de Vanves,Paris,Tramway,48.827373746784275,2.3066440851164933
IDFM:24127,Poterne des Peupliers,Paris,Tramway,48.82083627815218,2.3517178700368593
IDFM:24123,Avenue de France,Paris,Tramway,48.825489098203334,2.381149825464056
IDFM:24142,Porte de Charenton,Paris,Tramway,48.831971917767255,2.398455585755042
IDFM:460560,Porte de Vincennes,Paris,Tramway,48.8469834975727,2.4095379858241412
IDFM:460561,Baron le Roy,Paris,Tramway,48.83042655091173,2.39341950392133
IDFM:24141,Maryse Bastié,Paris,Tramway,48.824382190272274,2.3775534381245933
IDFM:24110,Porte d'Ivry,Paris,Tramway,48.8218601257817,2.3699562338281868
IDFM:24136,Poterne des Peupliers,Paris,Tramway,48.82073732671356,2.3500574676519284
IDFM:24109,Jean Moulin,Paris,Tramway,48.824763620104996,2.3188287710972655
IDFM:24130,Didot,Paris,Tramway,48.82597351412929,2.3133644199139147
IDFM:24108,Balard,Paris,Tramway,48.83632904720439,2.277355761841914
IDFM:480964,Pont du Garigliano,Paris,Tramway,48.838018340072864,2.271174035081847
IDFM:26534,Porte de Vincennes,Paris,Tramway,48.847325703571016,2.4096294961774425
IDFM:24406,Porte de Montreuil,Paris,Tramway,48.85299747973053,2.410819038635312
IDFM:24410,Hôpital Robert Debré,Paris,Tramway,48.87949858689952,2.4012745460995935
IDFM:24413,Porte d'Aubervilliers,Paris,Tramway,48.89864071936045,2.368890634791775
IDFM:462440,Marguerite Long,Paris,Tramway,48.88966901512059,2.3030324129038307
IDFM:490896,Square Sainte-Odile,Paris,Tramway,48.88742931300661,2.2968164352852605
IDFM:490895,Porte de Champerret,Paris,Tramway,48.886017778774274,2.2923079803797872
IDFM:462446,Porte de Saint-Ouen,Paris,Tramway,48.897610253568644,2.3298516567126035
IDFM:462444,Diane Arbus - Porte des Poissonniers,Paris,Tramway,48.89829720594876,2.351721766125652
IDFM:24533,Delphine Seyrig,Paris,Tramway,48.89388752639321,2.397644770882582
IDFM:28876,Les Cholettes,Sarcelles,Tramway,48.97755219236446,2.3722084084835706
IDFM:28850,Butte Pinson (Parc Régional),Saint-Denis,Tramway,48.973607721805635,2.3659861231439723
IDFM:490553,Marché de Saint-Denis,Saint-Denis,Tramway,48.93898754608964,2.356169935832105
IDFM:28862,Roger Semât,Saint-Denis,Tramway,48.9448196998411,2.3570670634015802
IDFM:28857,Suzanne Valadon,Saint-Denis,Tramway,48.95912749038548,2.358815669177408
IDFM:28856,Alcide d'Orbigny,Saint-Denis,Tramway,48.96582548255011,2.363595286356353
IDFM:35945,Lamartine,Villejuif,Tramway,48.78314402497237,2.3670756282488945
IDFM:29905,Moulin Vert,Chevilly-Larue,Tramway,48.77203979899573,2.3677409694016562
IDFM:35927,Aéroport d'Orly,Paray-Vieille-Poste,Tramway,48.729571616306195,2.368322986536
IDFM:29893,Hélène Boucher (Orlytech),Paray-Vieille-Poste,Tramway,48.74002118038836,2.3595069186987048
IDFM:35943,Robert Schuman (Parc Silic Centre),Rungis,Tramway,48.746632333280374,2.352883938486683
IDFM:35941,La Belle Epine,Rungis,Tramway,48.7566902914413,2.3684301777519883
IDFM:35930,Chevilly-Larue,Chevilly-Larue,Tramway,48.75962056877212,2.366381339786971
IDFM:2344,Hôpital Béclère,Clamart,Tramway,48.786748628561156,2.2544542669725383
IDFM:2340,Mail de la Plaine,Clamart,Tramway,48.78374269982313,2.246984255244028
IDFM:2347,Meudon-la-Forêt,Meudon,Tramway,48.7835951131364,2.2253049825884723
IDFM:41854,Vélizy 2,Vélizy-Villacoublay,Tramway,48.78500860115217,2.2199893897850744
IDFM:41853,Robert Wagner,Vélizy-Villacoublay,Tramway,48.78513849126931,2.178964233203961
IDFM:422040,Viroflay - Rive Droite,Viroflay,Tramway,48.80561217889366,2.1689743857162034
IDFM:422039,Viroflay - Rive Droite,Viroflay,Tramway,48.80561009622073,2.1686748606512247
IDFM:41850,Robert Wagner,Vélizy-Villacoublay,Tramway,48.78517390333494,2.1788820103815865
IDFM:41851,Vélizy 2,Vélizy-Villacoublay,Tramway,48.78490967437756,2.2199908686470313
IDFM:42117,Delaunay - Belleville,Saint-Denis,Tramway,48.94558583371818,2.347405183595505
IDFM:42103,Les Mobiles,Épinay-sur-Seine,Tramway,48.95014603352277,2.3280277652566626
IDFM:42104,Rose Bertin,Épinay-sur-Seine,Tramway,48.95326677412415,2.315356850330502
IDFM:42129,Villetaneuse - Université,Villetaneuse,Tramway,48.95926160265617,2.342071486091147
IDFM:42127,Villetaneuse - Université,Villetaneuse,Tramway,48.95931503044353,2.341975216299932
IDFM:42112,Épinay-sur-Seine - Gare,Épinay-sur-Seine,Tramway,48.95573389275546,2.3018601844901805
IDFM:42113,Gilbert Bonnemaison,Épinay-sur-Seine,Tramway,48.95540935753423,2.3079274852128253
IDFM:42114,Les Béatus,Épinay-sur-Seine,Tramway,48.95143910339942,2.321306841575554
IDFM:42120,Saint-Denis - Porte de Paris,Saint-Denis,Tramway,48.9298566726865,2.357265622467154
IDFM:471289,Rougemont Chanteloup,Sevran,Tramway,48.930967005263184,2.5148669130183867
IDFM:472197,Freinville Sevran,Sevran,Tramway,48.926496496259446,2.5190574106987182
IDFM:472657,L'Abbaye,Livry-Gargan,Tramway,48.92182707221902,2.5162894528120816
IDFM:478655,Romain Rolland,Clichy-sous-Bois,Tramway,48.90477431674464,2.5479602585141476
IDFM:478662,République - Marx Dormoy,Livry-Gargan,Tramway,48.90658774434411,2.5239342778690173
IDFM:472211,Gargan,Les Pavillons-sous-Bois,Tramway,48.90725017733822,2.5164385595960947
IDFM:471837,Remise à Jorelle,Bondy,Tramway,48.89312070600031,2.487969467567442
IDFM:478658,Léon Blum,Livry-Gargan,Tramway,48.90847306396708,2.5322527111714215
IDFM:478654,Maurice Audin,Clichy-sous-Bois,Tramway,48.908383072890395,2.539197627721811
IDFM:478660,Hôpital de Montfermeil,Montfermeil,Tramway,48.900946202680906,2.570746146903078
IDFM:478656,Hôpital de Montfermeil,Montfermeil,Tramway,48.90090084796803,2.570637395661968
IDFM:472376,Remise à Jorelle,Bondy,Tramway,48.89304870590511,2.4879565369580985
IDFM:472077,L'Abbaye,Livry-Gargan,Tramway,48.92180048027322,2.516385223304965
IDFM:472194,Le Bourget,Le Bourget,Tramway,48.93029231335691,2.4234557772724115
IDFM:478996,Beethoven - Concorde,Vitry-sur-Seine,Tramway,48.798832845790145,2.3814388386870005
IDFM:478997,Mairie de Vitry-sur-Seine,Vitry-sur-Seine,Tramway,48.790565474335686,2.388057013379568
IDFM:478992,Camille Groult,Vitry-sur-Seine,Tramway,48.78567462213213,2.3919526005440157
IDFM:479008,Christophe Colomb,Orly,Tramway,48.752170331546736,2.417003173639414
IDFM:478998,Germaine Tailleferre,Ivry-sur-Seine,Tramway,48.80332022767745,2.377859246357863
IDFM:478991,La Briqueterie,Ivry-sur-Seine,Tramway,48.80732505068007,2.3748975641912837
IDFM:479004,Cimetière Parisien d'Ivry,Ivry-sur-Seine,Tramway,48.8126993138848,2.3706933301011173
IDFM:463149,Château de Vincennes,Vincennes,Metro,48.84466007577258,2.438792280541146
IDFM:22089,Bastille,Paris,Metro,48.85205429349772,2.368718961034089
IDFM:463160,Châtelet,Paris,Metro,48.85861595793795,2.3479221142329934
IDFM:22088,Argentine,Paris,Metro,48.875383816476266,2.290148271742768
IDFM:22100,Les Sablons,Neuilly-sur-Seine,Metro,48.88095135639308,2.272277675288795
IDFM:22085,Concorde,Paris,Metro,48.866112694397074,2.324531487080287
IDFM:22074,Saint-Paul (Le Marais),Paris,Metro,48.85518742160445,2.3608852562751967
IDFM:22076,Reuilly - Diderot,Paris,Metro,48.847130496202226,2.385158021366095
IDFM:22125,Blanche,Paris,Metro,48.88376635447715,2.3324843754343627
IDFM:463120,Anvers,Paris,Metro,48.882868568843925,2.3441548403302916
IDFM:22127,Barbès - Rochechouart,Paris,Metro,48.88377608955688,2.3506070793550977
IDFM:22119,La Chapelle,Paris,Metro,48.88436835263381,2.360390754503212
IDFM:463230,Philippe Auguste,Paris,Metro,48.858089428135756,2.390497596745289
IDFM:22122,Alexandre Dumas,Paris,Metro,48.856199097341126,2.3945914186721278
IDFM:463125,Avron,Paris,Metro,48.85161645805963,2.3980666384995177
IDFM:22124,Avron,Paris,Metro,48.85164854359716,2.3981875566593973
IDFM:22112,Père Lachaise,Paris,Metro,48.86248637862667,2.3876893260656895
IDFM:22120,Colonel Fabien,Paris,Metro,48.877695345805535,2.3705761028196575
IDFM:463252,Place de Clichy,Paris,Metro,48.88374519677981,2.3278987090661456
IDFM:22106,Villiers,Paris,Metro,48.88130644704797,2.3157165772440385
IDFM:22094,Charles de Gaulle - Étoile,Paris,Metro,48.87499457617108,2.2958117752357627
IDFM:463322,Victor Hugo,Paris,Metro,48.869926082410636,2.2858287659129797
IDFM:463122,Arts et Métiers,Paris,Metro,48.86561531899988,2.3566822734187167
IDFM:462989,Quatre Septembre,Paris,Metro,48.86965909738424,2.3363187355954875
IDFM:22032,Europe,Paris,Metro,48.878780759649736,2.3222946416498362
IDFM:463228,Pereire,Paris,Metro,48.884929864637186,2.297701123838181
IDFM:481073,Bailly,Bailly,Tramway,48.836822243484754,2.0747673057541647
IDFM:481068,Camp des Loges,Saint-Germain-en-Laye,Tramway,48.91398706552279,2.0816642323152843
IDFM:481071,L'Etang - Les Sablons,L'Étang-la-Ville,Tramway,48.872475520756296,2.069184858163414
IDFM:480932,Bailly,Bailly,Tramway,48.836822664977326,2.074821796743467
IDFM:486839,Hôpital Béclère,Clamart,Tramway,48.787207613990226,2.2530593522498457
IDFM:486847,Vallée aux Loups,Châtenay-Malabry,Tramway,48.766361162273036,2.254854314606935
IDFM:486820,Malabry,Châtenay-Malabry,Tramway,48.76939592802492,2.249694872613051
IDFM:486814,Le Hameau,Le Plessis-Robinson,Tramway,48.78254980857258,2.253248517857635
IDFM:486892,Chilly-Mazarin,Chilly-Mazarin,Tramway,48.700889681819284,2.307099110457053
IDFM:486898,Épinay-sur-Orge,Épinay-sur-Orge,Tramway,48.67059322879169,2.33524625399574
IDFM:486978,Parc du Château,Morsang-sur-Orge,Tramway,48.66779819873873,2.3553396144571788
IDFM:486894,Chilly-Mazarin,Chilly-Mazarin,Tramway,48.70087058852854,2.306909120836024
IDFM:486990,Champlan,Champlan,Tramway,48.70798350178886,2.2807479426245516
IDFM:486991,Coteaux de l'Orge,Viry-Châtillon,Tramway,48.66532818843938,2.362702965554391
IDFM:486980,Parc du Château,Morsang-sur-Orge,Tramway,48.66787037413049,2.3553794651902846
IDFM:10214,Parking Pr,Roissy-en-France,RailShuttle,49.00890484551127,2.5447987285131415
IDFM:462400,Antony,Antony,RailShuttle,48.75447836844632,2.300756402160653
IDFM:monomodalStopPlace:47950,Sermaise,Sermaise,RapidTransit,48.535687624993614,2.069088468619773
IDFM:monomodalStopPlace:411485,Malesherbes,Le Malesherbois,RapidTransit,48.293633291470464,2.4010364417288774
IDFM:monomodalStopPlace:45735,Vigneux-sur-Seine,Vigneux-sur-Seine,RapidTransit,48.70808932141768,2.413499342148242
IDFM:monomodalStopPlace:43225,Viry-Châtillon,Viry-Châtillon,RapidTransit,48.67590783936994,2.387021960013403
IDFM:monomodalStopPlace:45745,Évry - Val de Seine,Évry-Courcouronnes,RapidTransit,48.63439299320402,2.4523091616356028
IDFM:monomodalStopPlace:45763,Boissise-le-Roi,Boissise-le-Roi,RapidTransit,48.52985734002498,2.57179291425262
IDFM:monomodalStopPlace:47684,Montgeron - Crosne,Montgeron,RapidTransit,48.70871108366713,2.461377446437224
IDFM:monomodalStopPlace:58873,Brunoy,Brunoy,RapidTransit,48.698914475306886,2.5068503123113692
IDFM:monomodalStopPlace:411418,La Borne Blanche (Gare),Orry-la-Ville,RapidTransit,49.1261949449139,2.5069908684194053
IDFM:monomodalStopPlace:46568,Roissy-en-Brie,Roissy-en-Brie,RapidTransit,48.79563367624288,2.650530702348584
IDFM:monomodalStopPlace:58288,Les Yvris Noisy-le-Grand,Noisy-le-Grand,RapidTransit,48.82311348135466,2.5799804563719477
IDFM:monomodalStopPlace:47877,Rosny-sous-Bois,Rosny-sous-Bois,RapidTransit,48.87007067367753,2.4857557993217947
IDFM:monomodalStopPlace:487011,Nanterre-La-Folie,Nanterre,RapidTransit,48.897581324774116,2.226568794458685
IDFM:monomodalStopPlace:43044,Gagny,Gagny,RapidTransit,48.883728731604535,2.5254046016945138
IDFM:monomodalStopPlace:53783,Chatou - Croissy,Chatou,RapidTransit,48.88519702561107,2.1559376624708975
IDFM:monomodalStopPlace:43198,Saint-Germain-en-Laye,Saint-Germain-en-Laye,RapidTransit,48.898745300550765,2.095041912326374
IDFM:monomodalStopPlace:43104,Cergy le Haut,Cergy,RapidTransit,49.04823262405815,2.011579068023536
IDFM:monomodalStopPlace:43224,Vincennes,Vincennes,RapidTransit,48.84734683460296,2.4325836014183
IDFM:monomodalStopPlace:43101,Bry-sur-Marne,Bry-sur-Marne,RapidTransit,48.845137476280854,2.525670945020106
IDFM:monomodalStopPlace:43152,Lognes,Lognes,RapidTransit,48.839255049438655,2.633026934567703
IDFM:monomodalStopPlace:43207,Torcy,Torcy,RapidTransit,48.83971015133779,2.655169106193295
IDFM:monomodalStopPlace:58874,Bussy-Saint-Georges,Bussy-Saint-Georges,RapidTransit,48.83671337078136,2.7103828395096956
IDFM:monomodalStopPlace:43213,Val d'Europe,Chessy,RapidTransit,48.85484622851565,2.7724268942340276
IDFM:monomodalStopPlace:43186,Robinson,Sceaux,RapidTransit,48.78023982792202,2.281364769669608
IDFM:monomodalStopPlace:59206,Sceaux,Sceaux,RapidTransit,48.781307920937515,2.2979282159439305
IDFM:monomodalStopPlace:47046,La Hacquinière,Bures-sur-Yvette,RapidTransit,48.695299548452454,2.1516106103390045
IDFM:monomodalStopPlace:43086,Orsay - Ville,Orsay,RapidTransit,48.6975077019159,2.1808087044597166
IDFM:monomodalStopPlace:43124,Fontaine Michalon,Antony,RapidTransit,48.74304953436299,2.2959559818374013
IDFM:monomodalStopPlace:43067,Arcueil - Cachan,Cachan,RapidTransit,48.79869767228883,2.328093276131277
IDFM:monomodalStopPlace:473843,Cité Universitaire,Paris,RapidTransit,48.82150600684166,2.3388576809777035
IDFM:monomodalStopPlace:43833,Luxembourg,Paris,RapidTransit,48.84543177842458,2.3398088878203698
IDFM:monomodalStopPlace:43145,La Plaine Stade de France,Saint-Denis,RapidTransit,48.918076675621,2.362459916604931
IDFM:monomodalStopPlace:58793,Villepinte,Villepinte,RapidTransit,48.96256540760733,2.512783848981341
IDFM:494015,La Végétale,Limeil-Brévannes,CableWay,48.7425108649419,2.479369110935217
IDFM:494120,Villa Nova,Villeneuve-Saint-Georges,CableWay,48.734783812357044,2.464924141383512
IDFM:494115,Pointe du Lac,Créteil,CableWay,48.76884462509422,2.4648334957948683
IDFM:monomodalStopPlace:47939,La Norville - Saint-Germain-lès-Arpajon,La Norville,RapidTransit,48.59111916474817,2.266215906699314
IDFM:monomodalStopPlace:47925,Breuillet - Bruyères-le-Châtel,Breuillet,RapidTransit,48.57760979436327,2.1922487394356454
IDFM:monomodalStopPlace:47952,Saint-Chéron,Saint-Chéron,RapidTransit,48.550937745357075,2.1249767315730463
IDFM:monomodalStopPlace:46387,Ablon,Ablon-sur-Seine,RapidTransit,48.72578126379895,2.4198671478914595
IDFM:monomodalStopPlace:43202,Saint-Michel-sur-Orge,Saint-Michel-sur-Orge,RapidTransit,48.635615525211605,2.3068029676156123
IDFM:monomodalStopPlace:43098,Brétigny,Brétigny-sur-Orge,RapidTransit,48.60664906621052,2.3019573828860596
IDFM:monomodalStopPlace:47905,Bouray,Lardy,RapidTransit,48.53290340283496,2.2900778137432436
IDFM:monomodalStopPlace:43149,Lardy,Lardy,RapidTransit,48.520620553497956,2.255014220399748
IDFM:monomodalStopPlace:47115,Saint-Martin d'Étampes,Étampes,RapidTransit,48.42748765080825,2.145258831307165
IDFM:monomodalStopPlace:46375,Vitry-sur-Seine,Vitry-sur-Seine,RapidTransit,48.80028105254759,2.40269438767449
IDFM:monomodalStopPlace:43227,Les Ardoines,Vitry-sur-Seine,RapidTransit,48.78248922625494,2.409587305033223
IDFM:monomodalStopPlace:45761,Moulin Galant,Corbeil-Essonnes,RapidTransit,48.58688228073328,2.473444919964576
IDFM:monomodalStopPlace:47899,Mennecy,Mennecy,RapidTransit,48.57054850948166,2.4319348900260658
IDFM:monomodalStopPlace:43102,Buno - Gironville,Buno-Bonnevaux,RapidTransit,48.37149489082515,2.3872541083159335
IDFM:monomodalStopPlace:47948,Ris-Orangis,Ris-Orangis,RapidTransit,48.659057463386254,2.414997460834355
IDFM:monomodalStopPlace:47904,Villabé,Villabé,RapidTransit,48.592814943454,2.461533386360794
IDFM:monomodalStopPlace:45820,Le Plessis Chenet,Le Coudray-Montceaux,RapidTransit,48.57358727886637,2.4795222910084975
IDFM:monomodalStopPlace:47967,Vosves,Dammarie-les-Lys,RapidTransit,48.51507609100275,2.5994097381795305
IDFM:monomodalStopPlace:47924,Boussy-Saint-Antoine,Boussy-Saint-Antoine,RapidTransit,48.68087387117553,2.533195809235637
IDFM:monomodalStopPlace:45771,Combs-la-Ville - Quincy,Combs-la-Ville,RapidTransit,48.667819721800015,2.5476998823085504
IDFM:monomodalStopPlace:47665,Savigny-le-Temple - Nandy,Savigny-le-Temple,RapidTransit,48.59548998563483,2.5839359760934313
IDFM:monomodalStopPlace:45784,Le Mée,Le Mée-sur-Seine,RapidTransit,48.538746730738936,2.6255537322060074
IDFM:monomodalStopPlace:411421,Orry-la-Ville - Coye,Orry-la-Ville,RapidTransit,49.13840546145438,2.489862086302069
IDFM:monomodalStopPlace:462901,Ozoir-la-Ferrière,Ozoir-la-Ferrière,RapidTransit,48.77076716837013,2.690116190500944
IDFM:monomodalStopPlace:43074,Émerainville - Pontault-Combault,Émerainville,RapidTransit,48.80587944608123,2.618502939849115
IDFM:monomodalStopPlace:58267,Les Boullereaux Champigny,Champigny-sur-Marne,RapidTransit,48.82486398816196,2.511990843607618
IDFM:monomodalStopPlace:42356,Rosny Bois Perrier,Rosny-sous-Bois,RapidTransit,48.88258632328664,2.4811863962676766
IDFM:monomodalStopPlace:415093,Neuilly - Porte Maillot,Paris,RapidTransit,48.878347804048644,2.284217509613705
IDFM:monomodalStopPlace:47901,Le Raincy - Villemomble - Montfermeil,Villemomble,RapidTransit,48.8888544132907,2.5130610056844116
IDFM:monomodalStopPlace:53784,Le Vésinet - Centre,Le Vésinet,RapidTransit,48.89013759185911,2.1343339900216813
IDFM:monomodalStopPlace:58270,Champigny,Saint-Maur-des-Fossés,RapidTransit,48.80682309456137,2.510538043646919
IDFM:monomodalStopPlace:47879,Neuville - Université,Neuville-sur-Oise,RapidTransit,49.01374275942672,2.078348820578231
IDFM:monomodalStopPlace:43169,Nanterre - Préfecture,Nanterre,RapidTransit,48.895886773064674,2.2229862429913676
IDFM:monomodalStopPlace:58759,Charles de Gaulle - Étoile,Paris,RapidTransit,48.874172759565376,2.295231447641207
IDFM:monomodalStopPlace:44199,Noisiel,Noisiel,RapidTransit,48.84351408493866,2.616660606000051
IDFM:monomodalStopPlace:43239,Marne-la-Vallée - Chessy,Chessy,RapidTransit,48.86979506673141,2.7824826512673546
IDFM:monomodalStopPlace:46222,Vert-Galant,Villepinte,RapidTransit,48.944091645418105,2.5663968806983126
IDFM:monomodalStopPlace:47009,Palaiseau,Palaiseau,RapidTransit,48.71686524330362,2.24558429554376
IDFM:monomodalStopPlace:43066,Antony,Antony,RapidTransit,48.754632057173126,2.300890371505836
IDFM:monomodalStopPlace:43177,Parc de Sceaux,Antony,RapidTransit,48.769718949712896,2.309934691589042
IDFM:monomodalStopPlace:43097,Bourg-la-Reine,Bourg-la-Reine,RapidTransit,48.78026436884244,2.312278311834309
IDFM:monomodalStopPlace:45877,Gentilly,Gentilly,RapidTransit,48.815228092611335,2.340926830790754
IDFM:monomodalStopPlace:44500,Port Royal,Paris,RapidTransit,48.840064350218256,2.3371383995944486
IDFM:monomodalStopPlace:43193,Sevran - Beaudottes,Sevran,RapidTransit,48.94700236504643,2.5247262164471342
IDFM:monomodalStopPlace:47878,Parc des Expositions,Villepinte,RapidTransit,48.97356812654279,2.5145512908225953
IDFM:monomodalStopPlace:462398,Aéroport CDG 1 (Terminal 3) - RER,Tremblay-en-France,RapidTransit,49.00979397116337,2.5614121946317394
IDFM:23298,La Ferme,Bobigny,Tramway,48.909666054339084,2.4374365075390196
IDFM:22624,Bobigny - Pablo Picasso,Bobigny,Tramway,48.906558641642015,2.4499527714432054
IDFM:23306,Drancy - Avenir,Drancy,Tramway,48.917809446000085,2.417726617499685
IDFM:23436,Charlebourg,La Garenne-Colombes,Tramway,48.90760410767097,2.238466500167037
IDFM:23431,Victor Basch,Colombes,Tramway,48.91403193518481,2.229667229917251
IDFM:23444,Musée de Sèvres,Sèvres,Tramway,48.82881803031778,2.22543668443778
IDFM:23443,Les Milons,Saint-Cloud,Tramway,48.84996213744435,2.22123848408167
IDFM:22298,Puteaux,Puteaux,Tramway,48.88288548625146,2.2334552507390657
IDFM:23437,Charlebourg,La Garenne-Colombes,Tramway,48.907558278449365,2.2383307423844765
IDFM:25646,Suresnes - Longchamp,Suresnes,Tramway,48.86811217143994,2.2213761180397262
IDFM:23442,Les Milons,Saint-Cloud,Tramway,48.84994335348533,2.221116114820213
IDFM:460557,Henri Farman,Paris,Tramway,48.834665033908735,2.271398029105086
IDFM:25636,Porte d'Issy,Issy-les-Moulineaux,Tramway,48.83169217409569,2.2809892431392185
IDFM:24103,Balard,Paris,Tramway,48.835888441280396,2.2788605111327747
IDFM:28847,Stade Charléty - Porte de Gentilly,Paris,Tramway,48.81944596603347,2.345797007642135
IDFM:24124,Maryse Bastié,Paris,Tramway,48.82432922348724,2.377744762249231
IDFM:36482,Baron le Roy,Paris,Tramway,48.830336895691396,2.3934750366791087
IDFM:24134,Porte Dorée,Paris,Tramway,48.83597310359848,2.407264913210672
IDFM:40067,Montempoivre,Paris,Tramway,48.83986661994873,2.408937367696815
IDFM:24139,Alexandra David-Néel,Paris,Tramway,48.843658959618125,2.410161562816697
IDFM:460563,Porte de Vincennes,Paris,Tramway,48.846884708674125,2.409566358514211
IDFM:24125,Montempoivre,Paris,Tramway,48.83988400020971,2.408814546821016
IDFM:24117,Porte d'Italie,Paris,Tramway,48.819064255539985,2.3600205548381514
IDFM:24111,Porte de Versailles - Parc des Expositions,Paris,Tramway,48.832714950896516,2.2880864296816648
IDFM:24423,Porte de Pantin - Parc de la Villette,Paris,Tramway,48.88905763403042,2.3957504466943305
IDFM:24530,Rosa Parks,Paris,Tramway,48.89760308551223,2.373377140155362
IDFM:462415,Diane Arbus - Porte des Poissonniers,Paris,Tramway,48.89837799137393,2.3516934796371
IDFM:462437,Angélique Compoint - Porte de Montmartre,Paris,Tramway,48.897863424530414,2.3381825237286495
IDFM:490890,Porte de Champerret,Paris,Tramway,48.88597096158269,2.291994963614582
IDFM:490889,Thérèse Pierre,Paris,Tramway,48.88369263626842,2.288453177914627
IDFM:490881,Anna de Noailles,Paris,Tramway,48.87448416999379,2.2780670919239996
IDFM:490884,Anny Flore,Paris,Tramway,48.8811844628922,2.285596649004745
IDFM:490893,Square Sainte-Odile,Paris,Tramway,48.887552645935415,2.296378369884052
IDFM:462445,Honoré De Balzac,Paris,Tramway,48.89626214519957,2.3188481036182034
IDFM:412988,Porte de la Chapelle,Paris,Tramway,48.89834248111346,2.358459478922367
IDFM:24401,Canal Saint-Denis,Paris,Tramway,48.89867420358864,2.3804708399279226
IDFM:28865,Guynemer,Saint-Denis,Tramway,48.94819374051071,2.3573939918117484
IDFM:28864,Guynemer,Saint-Denis,Tramway,48.948194399075575,2.357516863437206
IDFM:28874,Les Cholettes,Sarcelles,Tramway,48.977453138205156,2.372182282944555
IDFM:28872,Les Flanades,Sarcelles,Tramway,48.97663544849064,2.3774788710389014
IDFM:479384,Garges - Sarcelles,Sarcelles,Tramway,48.97713460937024,2.3906283124533076
IDFM:35946,Villejuif - Louis Aragon,Villejuif,Tramway,48.7872892311756,2.366875621605191
IDFM:29896,Domaine Chérioux,Chevilly-Larue,Tramway,48.778918221808496,2.3673446251578003
IDFM:35942,La Fraternelle,Rungis,Tramway,48.741684564028205,2.352727658537549
IDFM:35926,Porte de l'Essonne,Athis-Mons,Tramway,48.71448743246356,2.371672327475938
IDFM:460558,Coeur d'Orly,Orly,Tramway,48.73349234197916,2.3715660843582294
IDFM:29902,Bretagne,Thiais,Tramway,48.768201183107806,2.3681004100826413
IDFM:29903,Villejuif - Louis Aragon,Villejuif,Tramway,48.78729894568862,2.367011615613775
IDFM:2343,Georges Pompidou,Clamart,Tramway,48.78494817626303,2.237099053376046
IDFM:2335,Dewoitine,Vélizy-Villacoublay,Tramway,48.78364966674295,2.2143749701705326
IDFM:2333,Inovel Parc Nord,Vélizy-Villacoublay,Tramway,48.781428816835,2.209032496556274
IDFM:2328,Dewoitine,Vélizy-Villacoublay,Tramway,48.783569174000206,2.214444234350852
IDFM:41673,Georges Millandy,Meudon,Tramway,48.783377242510845,2.2305618235735856
IDFM:2341,Mail de la Plaine,Clamart,Tramway,48.78366210243149,2.2470398600557604
IDFM:2342,Hôpital Béclère,Clamart,Tramway,48.78669543253745,2.254577527895755
IDFM:41857,Soleil Levant,Clamart,Tramway,48.790275605481305,2.2633606463464826
IDFM:41671,Vauban,Châtillon,Tramway,48.80721821660816,2.2943031744221876
IDFM:42121,Pierre de Geyter,Saint-Denis,Tramway,48.93203598815413,2.352816399576181
IDFM:42119,Paul Éluard,Saint-Denis,Tramway,48.93964784415011,2.3452545555086055
IDFM:42130,Pablo Neruda,Villetaneuse,Tramway,48.95660556715761,2.3431292576788487
IDFM:42133,César,Villetaneuse,Tramway,48.94958753577555,2.3424532936156943
IDFM:42125,Delaunay - Belleville,Saint-Denis,Tramway,48.94559400828969,2.3472549019997713
IDFM:42118,Pierre de Geyter,Saint-Denis,Tramway,48.93198137103362,2.3526942374838447
IDFM:472642,Lycée Henri Sellier,Livry-Gargan,Tramway,48.91595864752934,2.5150341111104293
IDFM:478657,Maurice Audin,Clichy-sous-Bois,Tramway,48.90848199184545,2.5391967519797514
IDFM:472172,Allée de la Tour-Rendez-vous,Villemomble,Tramway,48.89735360569665,2.5065734409130265
IDFM:471982,Bondy,Bondy,Tramway,48.893824310177635,2.482193298612344
IDFM:478651,Arboretum,Montfermeil,Tramway,48.89789189520736,2.56172809739115
IDFM:470693,Lycée Henri Sellier,Livry-Gargan,Tramway,48.91596819231036,2.515170468742955
IDFM:472618,Rougemont Chanteloup,Sevran,Tramway,48.931030062759795,2.5148936222347817
IDFM:472363,Aulnay-sous-Bois,Aulnay-sous-Bois,Tramway,48.931897866512266,2.4963640466453203
IDFM:472210,Dugny - La Courneuve,La Courneuve,Tramway,48.94394644863184,2.4111403934014755
IDFM:470721,Dugny - La Courneuve,La Courneuve,Tramway,48.943910010206984,2.41104524117172
IDFM:479012,Carle - Darthé,Choisy-le-Roi,Tramway,48.75927125525871,2.408761583192876
IDFM:478974,Orly - Gaston Viens,Orly,Tramway,48.745104626447,2.4086363760996408
IDFM:478983,Les Saules,Orly,Tramway,48.74688730805608,2.41631412411825
IDFM:479010,Carle - Darthé,Choisy-le-Roi,Tramway,48.75929870781409,2.4088564991148567
IDFM:479013,Camille Groult,Vitry-sur-Seine,Tramway,48.78569295540971,2.392020440579232
IDFM:478975,Musée MAC VAL,Vitry-sur-Seine,Tramway,48.79286792850484,2.3863012042287175
IDFM:479006,Châteaudun - Barbès,Ivry-sur-Seine,Tramway,48.81538623660664,2.368563652805612
IDFM:494486,Saint-Cyr - voie 2,Versailles,Tramway,48.79899261499845,2.074730353991662
IDFM:481067,Saint-Germain-en-Laye,Saint-Germain-en-Laye,Tramway,48.901598748769864,2.0952651369703217
IDFM:480940,Fourqueux - Bel Air,Saint-Germain-en-Laye,Tramway,48.894912754917016,2.0701067715199954
IDFM:481074,Allée Royale,Saint-Cyr-l'École,Tramway,48.814690169640635,2.078564708832435
IDFM:486841,La Croix de Berny,Antony,Tramway,48.76268509056283,2.302959299938301
IDFM:486840,Jardin Parisien,Clamart,Tramway,48.79004695969374,2.252610339911434
IDFM:486846,Cité-Jardin,Châtenay-Malabry,Tramway,48.76546494419459,2.2597107233696145
IDFM:486845,Les Peintres,Châtenay-Malabry,Tramway,48.76466775195366,2.2660757711711805
IDFM:486844,Théâtre La Piscine,Châtenay-Malabry,Tramway,48.76372831132048,2.272769126816137
IDFM:486824,Cité-Jardin,Châtenay-Malabry,Tramway,48.765582197472746,2.2597634832013664
IDFM:486822,Vallée aux Loups,Châtenay-Malabry,Tramway,48.76639747585887,2.254908219839857
IDFM:486818,Noveos,Le Plessis-Robinson,Tramway,48.77668362906781,2.250066396091131
IDFM:486960,Massy Europe,Massy,Tramway,48.723504400268936,2.2726765210350672
IDFM:486957,Champlan,Champlan,Tramway,48.70802879952352,2.2808016818526604
IDFM:486973,Amédée Gordini,Viry-Châtillon,Tramway,48.65869425652456,2.3737138539226508
IDFM:486878,Épinay-sur-Orge,Épinay-sur-Orge,Tramway,48.67058317418974,2.3350562498123173
IDFM:486895,Longjumeau,Longjumeau,Tramway,48.7023414681856,2.2939119675231785
IDFM:486994,Traité de Rome,Évry-Courcouronnes,Tramway,48.62515260172909,2.407372768852884
IDFM:492420,Couilly - Saint-Germain - Quincy,Saint-Germain-sur-Morin,Tramway,48.88280440161704,2.854152348003086
IDFM:492418,Montry - Condé,Montry,Tramway,48.89108472386095,2.8255986508264512
IDFM:483277,Barbara,Bagneux,Metro,48.80979025430712,2.3174992240284045
IDFM:463242,Mouton-Duvernet,Paris,Metro,48.83133758557153,2.329887640408421
IDFM:22141,Porte de Clignancourt,Paris,Metro,48.897557781418705,2.3447472731828847
IDFM:463148,Château Rouge,Paris,Metro,48.88707887746752,2.3493658080048405
IDFM:22148,Gare de l'Est,Paris,Metro,48.87627821831841,2.3577495818204395
IDFM:462979,Château d'Eau,Paris,Metro,48.87247308911766,2.3559014497805357
IDFM:463313,Strasbourg - Saint-Denis,Paris,Metro,48.86966773787259,2.3543411093711257
IDFM:22138,Saint-Placide,Paris,Metro,48.847041473609366,2.3268499626718526
IDFM:22131,Raspail,Paris,Metro,48.83915635952557,2.330466993719873
IDFM:483313,Barbara,Bagneux,Metro,48.8097987811254,2.3174174096489284
IDFM:21981,Gare d'Austerlitz,Paris,Metro,48.84229779662816,2.3656078807625422
IDFM:22010,Bastille,Paris,Metro,48.85328747830434,2.368922075646989
IDFM:22013,Gare de l'Est,Paris,Metro,48.87616299446643,2.35806459441865
IDFM:22017,Hoche,Pantin,Metro,48.89128939386479,2.4032119887626737
IDFM:22016,Église de Pantin,Pantin,Metro,48.893163974098265,2.413119553706935
IDFM:463131,Bobigny - Pablo Picasso,Bobigny,Metro,48.906366795030564,2.4493013366465726
IDFM:22005,Ourcq,Paris,Metro,48.88714990283661,2.3866765356019912
IDFM:462999,Laumière,Paris,Metro,48.88520088689033,2.3793117790180993
IDFM:22008,Bréguet-Sabin,Paris,Metro,48.85624405468632,2.3701946685897517
IDFM:22158,Denfert-Rochereau,Paris,Metro,48.83431320632965,2.3328724454976864
IDFM:462955,Montparnasse Bienvenue,Paris,Metro,48.84213060781436,2.3212187199903807
IDFM:22165,Passy,Paris,Metro,48.85751508962033,2.285839418881462
IDFM:463101,Passy,Paris,Metro,48.85748746038011,2.285730760446299
IDFM:463099,Dupleix,Paris,Metro,48.850393157306804,2.293582210413948
IDFM:463140,Cambronne,Paris,Metro,48.84749339701438,2.302898786915822
IDFM:463186,Glacière,Paris,Metro,48.831115947616446,2.343438236678704
IDFM:22169,Nationale,Paris,Metro,48.83318160406702,2.362857958087621
IDFM:463179,Fort d'Aubervilliers,Aubervilliers,Metro,48.91470775289347,2.404187821795194
IDFM:22395,La Courneuve - 8 Mai 1945,La Courneuve,Metro,48.92024579662936,2.4102214036405085
IDFM:463200,La Courneuve - 8 Mai 1945,La Courneuve,Metro,48.92037064946693,2.410008476572451
IDFM:463008,Stalingrad,Paris,Metro,48.88437303056126,2.3688985490576733
IDFM:22384,Louis Blanc,Paris,Metro,48.88124182075271,2.3643562491890786
IDFM:463060,Châtelet,Paris,Metro,48.85686770157052,2.348102094822081
IDFM:22397,Pierre et Marie Curie,Ivry-sur-Seine,Metro,48.815836500997094,2.377246886036494
IDFM:22385,Maison Blanche,Paris,Metro,48.82216816831483,2.3585387043161337
IDFM:463232,Pont Neuf,Paris,Metro,48.85854633926832,2.341776749148542
IDFM:22375,Pyramides,Paris,Metro,48.865880289914124,2.3344175359665553
IDFM:463001,Gare de l'Est,Paris,Metro,48.876271214541624,2.358120525273069
IDFM:463033,Louis Blanc,Paris,Metro,48.880895011629946,2.3650968074522214
IDFM:22368,Stalingrad,Paris,Metro,48.88431508830977,2.368996070723285
IDFM:22213,Créteil - Préfecture,Créteil,Metro,48.77993683006337,2.4593985651639567
IDFM:463050,Porte Dorée,Paris,Metro,48.83501737409391,2.4058739129875644
IDFM:22199,République,Paris,Metro,48.86748513277203,2.3632563242479026
IDFM:463201,La Motte-Picquet - Grenelle,Paris,Metro,48.84967105681514,2.298488389923641
IDFM:22192,La Tour-Maubourg,Paris,Metro,48.85766922956403,2.3105887898739876
IDFM:22195,Opéra,Paris,Metro,48.87059812248669,2.332135072925294
IDFM:22159,Strasbourg - Saint-Denis,Paris,Metro,48.86938572399119,2.353744768129407
IDFM:463146,Chemin Vert,Paris,Metro,48.85708736782028,2.368095085385991
IDFM:463241,Montgallet,Paris,Metro,48.84400507570895,2.3904000136353645
IDFM:22207,Porte Dorée,Paris,Metro,48.8350662204656,2.405749381400099
IDFM:463277,Porte de Charenton,Paris,Metro,48.8336104146937,2.402372975541869
IDFM:21784,Pointe du Lac,Créteil,Metro,48.768752248609914,2.464290193819998
IDFM:462915,Saint-Philippe-du-Roule,Paris,Metro,48.87215513107743,2.3101372056878247
IDFM:463176,Croix de Chavaux,Montreuil,Metro,48.857992585158016,2.4358546126745826
IDFM:463264,Strasbourg - Saint-Denis,Paris,Metro,48.86950305730265,2.3538223820093616
IDFM:463049,Grands Boulevards,Paris,Metro,48.871558801223806,2.3432202183423976
IDFM:21924,Miromesnil,Paris,Metro,48.8737728492328,2.3146430401104467
IDFM:463038,Jasmin,Paris,Metro,48.85243341872557,2.267933291647067
IDFM:463141,Cardinal Lemoine,Paris,Metro,48.84670003526311,2.3513280016731763
IDFM:463237,Maubert - Mutualité,Paris,Metro,48.85019546606951,2.3482804131694897
IDFM:462998,Odéon,Paris,Metro,48.85202455451491,2.340692291066523
IDFM:462967,Sèvres - Babylone,Paris,Metro,48.85112511792463,2.3261490660967246
IDFM:21969,La Motte-Picquet - Grenelle,Paris,Metro,48.84963080443241,2.2985257262366363
IDFM:21972,Javel - André Citroën,Paris,Metro,48.84618110622323,2.278009496527359
IDFM:21907,Michel-Ange - Auteuil,Paris,Metro,48.84797535417627,2.263989525333329
IDFM:21904,Michel-Ange - Molitor,Paris,Metro,48.84515597018703,2.2618218573220084
IDFM:21977,Vaneau,Paris,Metro,48.84870050683084,2.321227717195941
IDFM:21975,Maubert - Mutualité,Paris,Metro,48.85010969451494,2.348219343927666
IDFM:490764,Romainville - Carnot,Romainville,Metro,48.88369120755144,2.440689824547642
IDFM:490762,Serge Gainsbourg,Les Lilas,Metro,48.88125303440166,2.4271621685895237
IDFM:21999,Mairie des Lilas,Les Lilas,Metro,48.87974365006289,2.4162978208011863
IDFM:463263,Porte des Lilas,Paris,Metro,48.87723143067265,2.4065226763982275
IDFM:463287,Pyrénées,Paris,Metro,48.87381879018058,2.3852029155695313
IDFM:21996,Goncourt,Paris,Metro,48.8700070178386,2.3707644347484003
IDFM:21937,République,Paris,Metro,48.86794303120089,2.364804805140413
IDFM:21966,Châtelet,Paris,Metro,48.85776111354502,2.3478374055687867
IDFM:21997,Arts et Métiers,Paris,Metro,48.86529961264491,2.3565081436435467
IDFM:21991,Pyrénées,Paris,Metro,48.87381265491752,2.384883957748741
IDFM:22047,Vaugirard,Paris,Metro,48.839437918076904,2.3010745156545456
IDFM:22045,Solférino,Paris,Metro,48.858550089641746,2.3231029882985132
IDFM:463123,Assemblée Nationale,Paris,Metro,48.861122050080816,2.3206896796944263
IDFM:22057,Concorde,Paris,Metro,48.86615003482594,2.323181449571859
IDFM:22052,Marcadet - Poissonniers,Paris,Metro,48.89145292865467,2.3499794329782024
IDFM:22041,Porte de la Chapelle,Paris,Metro,48.89740242267042,2.359248542310361
IDFM:483898,Mairie d'Aubervilliers,Aubervilliers,Metro,48.91373058592168,2.3808510232809863
IDFM:483904,Mairie d'Aubervilliers,Aubervilliers,Metro,48.913739225808136,2.3807826993163266
IDFM:22060,Assemblée Nationale,Paris,Metro,48.861071939526084,2.320575836647556
IDFM:22049,Rennes,Paris,Metro,48.84833282904063,2.3277871847873874
IDFM:22243,Mairie de Saint-Ouen,Saint-Ouen-sur-Seine,Metro,48.91166998763851,2.3336955324299224
IDFM:462977,Garibaldi,Saint-Ouen-sur-Seine,Metro,48.90524559144653,2.3314859001183095
IDFM:22228,Guy Môquet,Paris,Metro,48.8930014419616,2.327483258626126
IDFM:463011,Champs-Élysées - Clemenceau,Paris,Metro,48.867374001020366,2.313854767904208
IDFM:463320,Varenne,Paris,Metro,48.85639914680456,2.314939717979739
IDFM:463086,Mairie de Clichy,Clichy,Metro,48.90395434838796,2.305283020868192
IDFM:10220,Terminal 1,Mauregard,RailShuttle,49.01312021545428,2.5419320642685617
IDFM:10216,Parking Px,Le Mesnil-Amelot,RailShuttle,49.01004328095331,2.5706784538977776
IDFM:10219,Terminal 2 Gare,Le Mesnil-Amelot,RailShuttle,49.004768401787345,2.571651466159315
IDFM:2272,Terminal 3,Tremblay-en-France,RailShuttle,49.00999903551533,2.560932604571692
IDFM:474424,Orly 4,Paray-Vieille-Poste,RailShuttle,48.72845779957597,2.3669088903841873
IDFM:473828,Orly 4,Paray-Vieille-Poste,RailShuttle,48.72892045130042,2.369350558863851
IDFM:462978,Brochant,Paris,Metro,48.89058558059631,2.320108893076617
IDFM:22230,Gaîté,Paris,Metro,48.83877889748848,2.322528648447227
IDFM:22218,Saint-Lazare,Paris,Metro,48.87525956784242,2.3246310106162915
IDFM:22129,Place de Clichy,Paris,Metro,48.88323376480156,2.327309402655211
IDFM:22227,La Fourche,Paris,Metro,48.886940136909324,2.3259114299420416
IDFM:22219,Porte de Clichy,Paris,Metro,48.89445140396298,2.3135797557088122
IDFM:22234,Gabriel Péri,Asnières-sur-Seine,Metro,48.91661618465266,2.294429873007016
IDFM:490774,Saint-Denis - Pleyel,Saint-Denis,Metro,48.91891285848584,2.3457474221109633
IDFM:463165,Cour Saint-Emilion,Paris,Metro,48.833319303843425,2.386617850214058
IDFM:463284,Pyramides,Paris,Metro,48.86580563193237,2.3347388358754153
IDFM:480341,Saint-Ouen,Saint-Ouen-sur-Seine,Metro,48.90516956991565,2.3227559546697414
IDFM:480330,Mairie de Saint-Ouen,Saint-Ouen-sur-Seine,Metro,48.91164217552501,2.3335458072132695
IDFM:490794,Saint-Denis - Pleyel,Saint-Denis,Metro,48.91873375567987,2.345886129823062
IDFM:480541,Porte de Clichy,Paris,Metro,48.89428867785142,2.313431869544054
IDFM:463046,Gare de Lyon,Paris,Metro,48.84467563174822,2.373100581933962
IDFM:490841,Maison Blanche,Paris,Metro,48.82120786862075,2.3589182598590392
IDFM:490908,Aéroport d'Orly,Paray-Vieille-Poste,Metro,48.72769656117165,2.362458738946496
IDFM:24681,Louis Blanc,Paris,Metro,48.88120621182599,2.364424862493678
IDFM:24687,Danube,Paris,Metro,48.88194921492064,2.393228471227492
IDFM:463134,Botzaris,Paris,Metro,48.879534991268365,2.388900951315739
IDFM:463040,Saint-Mandé,Vincennes,Metro,48.846427326770986,2.4190147522420715
IDFM:462943,Nation,Paris,Metro,48.84764624575034,2.3963668896613113
IDFM:463307,Saint-Paul (Le Marais),Paris,Metro,48.85528627099442,2.360870414838236
IDFM:463227,Palais Royal - Musée du Louvre,Paris,Metro,48.862746489820665,2.335302691573903
IDFM:22075,Tuileries,Paris,Metro,48.86473542330607,2.3291022584021066
IDFM:463181,Franklin D. Roosevelt,Paris,Metro,48.86910431389912,2.309783080852926
IDFM:22102,Esplanade de la Défense,Courbevoie,Metro,48.88807223539219,2.250112376589758
IDFM:463044,Pont de Neuilly,Neuilly-sur-Seine,Metro,48.88463060023443,2.26068954435901
IDFM:463257,Porte Maillot,Paris,Metro,48.877765914127366,2.2824120580347764
IDFM:463121,Argentine,Paris,Metro,48.87527558076666,2.290095209729821
IDFM:22084,George V,Paris,Metro,48.872062034264175,2.300295922410982
IDFM:22079,Palais Royal - Musée du Louvre,Paris,Metro,48.86269238136798,2.335276120074395
IDFM:22077,Porte de Vincennes,Paris,Metro,48.84726366558476,2.4079949837065446
IDFM:463043,Charles de Gaulle - Étoile,Paris,Metro,48.87494579313413,2.295927507409278
IDFM:463111,Belleville,Paris,Metro,48.87225013398613,2.376640589315146
IDFM:463285,Père Lachaise,Paris,Metro,48.86244984493746,2.3875798912544455
IDFM:463117,Alexandre Dumas,Paris,Metro,48.85624467843737,2.3947127337554788
IDFM:462982,La Chapelle,Paris,Metro,48.88444943250773,2.360417031808288
IDFM:463154,Courcelles,Paris,Metro,48.87926525411311,2.3032943624252122
IDFM:463266,Ternes,Paris,Metro,48.878227730862385,2.2981132886172433
IDFM:463210,Louise Michel,Levallois-Perret,Metro,48.88849338167193,2.2881680068067354
IDFM:463258,Porte de Champerret,Paris,Metro,48.885652393133846,2.2921124821588448
IDFM:22028,Wagram,Paris,Metro,48.88376067556563,2.3046251407269573
IDFM:22031,Malesherbes,Paris,Metro,48.882763294053696,2.3094384103380805
IDFM:22024,Quatre Septembre,Paris,Metro,48.86959592111917,2.3362786423248583
IDFM:463090,Bourse,Paris,Metro,48.868738736969725,2.3406519668083314
IDFM:463297,Rue Saint-Maur,Paris,Metro,48.86405000324374,2.3804600339610773
IDFM:22022,Porte de Bagnolet,Paris,Metro,48.86432836987192,2.4088234090802456
IDFM:463286,Père Lachaise,Paris,Metro,48.86304099836643,2.3862311113287342
IDFM:22019,Parmentier,Paris,Metro,48.86524326053047,2.3747205969196896
IDFM:21963,Saint-Lazare,Paris,Metro,48.875025603040974,2.3246067760696794
IDFM:22145,Odéon,Paris,Metro,48.85210334038093,2.339486020317896
IDFM:472592,Chartres,Chartres,regionalRail,48.44829799670239,1.4806350241915214
IDFM:472737,Versailles Chantiers,Versailles,regionalRail,48.7951105420563,2.135243878789995
IDFM:472483,Rambouillet,Rambouillet,regionalRail,48.644638872398815,1.8337103324105775
IDFM:monomodalStopPlace:46832,Gazeran,Gazeran,regionalRail,48.62603010015844,1.7731940021017505
IDFM:471383,Maintenon,Maintenon,regionalRail,48.586941980025784,1.5927638475501256
IDFM:monomodalStopPlace:411498,Jouy,Jouy,regionalRail,48.509921715910615,1.5573780613685342
IDFM:471084,Chartres,Chartres,regionalRail,48.44826271060296,1.4806901465030624
IDFM:471308,Joigny,Joigny,regionalRail,47.9736702613508,3.3933455145306635
IDFM:472924,Laroche - Migennes,Migennes,regionalRail,47.96123211217611,3.512704589147005
IDFM:monomodalStopPlace:411461,Champigny-sur-Yonne,Champigny,regionalRail,48.32421062271411,3.130154840410363
IDFM:monomodalStopPlace:411479,Laroche - Migennes,Migennes,regionalRail,47.96107924372578,3.5126763134529835
IDFM:472536,Persan - Beaumont,Persan,regionalRail,49.14772121210366,2.2776173134854045
IDFM:monomodalStopPlace:411317,Beauvais,Beauvais,regionalRail,49.426247411392204,2.08834582322506
IDFM:471970,Vernon - Giverny,Vernon,regionalRail,49.09177161059536,1.4775872698012997
IDFM:471925,Mantes-la-Jolie,Mantes-la-Jolie,regionalRail,48.98926613415906,1.704300338058428
IDFM:monomodalStopPlace:43080,Étampes,Étampes,regionalRail,48.437062675829104,2.159819133907717
IDFM:471199,Guillerval,Guillerval,regionalRail,48.37422410346918,2.059784845749396
IDFM:472379,Angerville,Angerville,regionalRail,48.310797028694985,2.003361165707455
IDFM:monomodalStopPlace:43121,Dourdan,Dourdan,regionalRail,48.53376051220457,2.008756915662106
IDFM:471744,Dourdan,Dourdan,regionalRail,48.53378298512208,2.0087547515531763
IDFM:472648,Dammartin - Juilly - Saint-Mard,Saint-Mard,regionalRail,49.032338777075914,2.699341153301264
IDFM:472271,Crépy-en-Valois,Crépy-en-Valois,regionalRail,49.23110029091588,2.8877361621486646
IDFM:471867,Nemours - Saint-Pierre,Saint-Pierre-lès-Nemours,regionalRail,48.26877663476246,2.6849643033678756
IDFM:monomodalStopPlace:411492,Dreux,Dreux,regionalRail,48.731106368847485,1.3704314171005363
IDFM:monomodalStopPlace:411362,Bueil,Bueil,regionalRail,48.92527105599798,1.4434975696537509
IDFM:471477,Bueil,Bueil,regionalRail,48.92532621742936,1.4432434034690387
IDFM:monomodalStopPlace:47491,Crouy-sur-Ourcq,Crouy-sur-Ourcq,LocalTrain,49.09189047640195,3.062669111949777
IDFM:monomodalStopPlace:47158,Nangis,Nangis,LocalTrain,48.5617195064875,3.0121779578254295
IDFM:monomodalStopPlace:47174,Champbenoist Poigny,Poigny,LocalTrain,48.54520762505785,3.2866300417033125
IDFM:monomodalStopPlace:411378,Château-Thierry,Château-Thierry,LocalTrain,49.037933505433955,3.409522741444065
IDFM:monomodalStopPlace:47962,Trilport,Trilport,LocalTrain,48.96016915361593,2.949685912410061
IDFM:monomodalStopPlace:427872,Lagny - Thorigny,Thorigny-sur-Marne,LocalTrain,48.8821904179895,2.7059554888008988
IDFM:monomodalStopPlace:58955,Dordives,Dordives,LocalTrain,48.14790552423752,2.762658376432018
IDFM:monomodalStopPlace:43218,Vernou-sur-Seine,Vernou-la-Celle-sur-Seine,LocalTrain,48.38667549692297,2.8421499951400837
IDFM:monomodalStopPlace:47959,Tacoignières - Richebourg,Tacoignières,LocalTrain,48.829319654250604,1.6686619019959739
IDFM:monomodalStopPlace:411495,Marchezais - Broué,Broué,LocalTrain,48.76839076858962,1.5135715190299066
IDFM:monomodalStopPlace:43221,Villepreux - Les Clayes,Les Clayes-sous-Bois,LocalTrain,48.82366793006802,1.992798523459497
IDFM:monomodalStopPlace:46884,Mareil-sur-Mauldre,Mareil-sur-Mauldre,LocalTrain,48.89302020567544,1.8718488171877579
IDFM:monomodalStopPlace:43168,Montsoult - Maffliers,Montsoult,LocalTrain,49.06616021905701,2.3228219079408823
IDFM:monomodalStopPlace:47920,Ermont Halte,Ermont,LocalTrain,48.990533377371726,2.26320025038274
IDFM:monomodalStopPlace:47590,Champagne-sur-Oise,Champagne-sur-Oise,LocalTrain,49.136089580289706,2.242987667830016
IDFM:monomodalStopPlace:411326,Précy-sur-Oise,Précy-sur-Oise,LocalTrain,49.20347714232073,2.377341204610025
IDFM:monomodalStopPlace:412743,Saint-Denis,Saint-Denis,LocalTrain,48.93482889939617,2.345479004987329
IDFM:monomodalStopPlace:46731,Compans,Compans,LocalTrain,48.99132968756663,2.6649599355374893
IDFM:monomodalStopPlace:47966,Villennes-sur-Seine,Villennes-sur-Seine,LocalTrain,48.93983138477974,1.999557321396041
IDFM:monomodalStopPlace:47881,Les Mureaux,Les Mureaux,LocalTrain,48.99259097971094,1.9134674211236111
IDFM:monomodalStopPlace:43189,Sannois,Sannois,LocalTrain,48.970881176549405,2.263820283806777
IDFM:monomodalStopPlace:47922,Us,Us,LocalTrain,49.09955483034093,1.9705444983242866
IDFM:monomodalStopPlace:43069,Asnières-sur-Seine,Asnières-sur-Seine,LocalTrain,48.90587474197106,2.2832114335873186
IDFM:monomodalStopPlace:43113,Colombes,Colombes,LocalTrain,48.92395845032284,2.2593187577109575
IDFM:monomodalStopPlace:47447,Conflans-Sainte-Honorine,Conflans-Sainte-Honorine,LocalTrain,48.996919424234726,2.09871661352047
IDFM:monomodalStopPlace:47969,Les Vallées,Colombes,LocalTrain,48.91365276270651,2.2572045759752384
IDFM:monomodalStopPlace:43167,Montreuil,Versailles,LocalTrain,48.805965217521,2.1528278413582385
IDFM:monomodalStopPlace:43196,Saint-Cloud,Saint-Cloud,LocalTrain,48.846058536430505,2.2176312182469986
IDFM:monomodalStopPlace:45493,Pont Cardinet,Paris,LocalTrain,48.88839532721545,2.312950431098551
IDFM:22091,Hôtel de Ville,Paris,Metro,48.857204466543294,2.3529826843399975
IDFM:463218,Louvre - Rivoli,Paris,Metro,48.86113679284923,2.3402029549053185
IDFM:463010,Champs-Élysées - Clemenceau,Paris,Metro,48.86767357501288,2.314341583496481
IDFM:22078,Porte Maillot,Paris,Metro,48.877802129957345,2.2824524639359045
IDFM:463217,Les Sablons,Neuilly-sur-Seine,Metro,48.881050441063145,2.2723035623592205
IDFM:463193,La Défense,Puteaux,Metro,48.892198552261526,2.2370415338280734
IDFM:22086,Charles de Gaulle - Étoile,Paris,Metro,48.87511188226749,2.2958783604223547
IDFM:22082,Franklin D. Roosevelt,Paris,Metro,48.86905004286815,2.309729269438982
IDFM:22090,Champs-Élysées - Clemenceau,Paris,Metro,48.867628454929594,2.3143149128844804
IDFM:463041,Tuileries,Paris,Metro,48.86464518947193,2.329048894665331
IDFM:463080,Hôtel de Ville,Paris,Metro,48.85710539723286,2.352956655702459
IDFM:22105,Bérault,Vincennes,Metro,48.84545000833376,2.4289728467242204
IDFM:22104,Château de Vincennes,Paris,Metro,48.84456096014731,2.4387524697059666
IDFM:22111,Porte Dauphine,Paris,Metro,48.871396795248316,2.2776327175452717
IDFM:22121,Courcelles,Paris,Metro,48.87926525411311,2.3032943624252122
IDFM:22110,Rome,Paris,Metro,48.882256139435015,2.3214039779193896
IDFM:22115,Place de Clichy,Paris,Metro,48.88366908827266,2.3279583280102196
IDFM:22113,Philippe Auguste,Paris,Metro,48.858175121260864,2.3905477055525735
IDFM:22116,Ménilmontant,Paris,Metro,48.866440166781686,2.38353966877949
IDFM:463113,Blanche,Paris,Metro,48.88376635447715,2.3324843754343627
IDFM:22117,Monceau,Paris,Metro,48.880568770126835,2.309412967374703
IDFM:463256,Porte Dauphine,Paris,Metro,48.8717351159749,2.2778093495879346
IDFM:22035,Pont de Levallois - Bécon,Levallois-Perret,Metro,48.89718710383118,2.2801801985017236
IDFM:462971,Saint-Lazare,Paris,Metro,48.87496650103443,2.3244924701707954
IDFM:462986,Sentier,Paris,Metro,48.86728343166051,2.3475137108219895
IDFM:463091,Réaumur - Sébastopol,Paris,Metro,48.86628268363084,2.3520239377964742
IDFM:463316,Temple,Paris,Metro,48.86668483219092,2.3615893783321895
IDFM:21950,Gambetta,Paris,Metro,48.86488271295642,2.397353102563538
IDFM:463174,Gallieni,Bagnolet,Metro,48.86539746068654,2.415921484287642
IDFM:463276,Porte de Bagnolet,Paris,Metro,48.86453937293447,2.4087542211895427
IDFM:462991,Gambetta,Paris,Metro,48.86497267606974,2.3973588775666475
IDFM:22025,Rue Saint-Maur,Paris,Metro,48.86413108020325,2.380486332251813
IDFM:22029,Sentier,Paris,Metro,48.86734660429376,2.3475538159377884
IDFM:463189,Havre-Caumartin,Paris,Metro,48.8735493178711,2.32755854621969
IDFM:22023,Porte de Champerret,Paris,Metro,48.885736266685264,2.291848147336647
IDFM:22136,Saint-Germain-des-Prés,Paris,Metro,48.85357456382241,2.333947810798194
IDFM:463158,Châtelet,Paris,Metro,48.85971581985686,2.3467600097151675
IDFM:480906,Saint-Nom-la-Bretèche - Forêt de Marly,L'Étang-la-Ville,Tramway,48.867401076895966,2.0506124421427385
IDFM:481069,Lisière Pereire,Saint-Germain-en-Laye,Tramway,48.90320062581815,2.0730554490728603
IDFM:486836,Noveos,Le Plessis-Robinson,Tramway,48.77673665004125,2.249915939450735
IDFM:486843,Petit-Châtenay,Châtenay-Malabry,Tramway,48.762714850626836,2.280674094745584
IDFM:486832,LaVallée,Châtenay-Malabry,Tramway,48.76141508287884,2.2904328696161556
IDFM:486816,Parc des Sports,Le Plessis-Robinson,Tramway,48.779735522436795,2.251955070610537
IDFM:486812,Hôpital Béclère,Clamart,Tramway,48.78721762813691,2.2532225449568815
IDFM:486900,Évry - Courcouronnes,Évry-Courcouronnes,Tramway,48.62490841088466,2.4254628714315247
IDFM:486976,Coteaux de l'Orge,Viry-Châtillon,Tramway,48.665291775191896,2.36262193257582
IDFM:486965,Traité de Rome,Évry-Courcouronnes,Tramway,48.625107425425874,2.407332573437208
IDFM:486891,Gravigny Balizy,Longjumeau,Tramway,48.686169643597474,2.317238375535632
IDFM:486962,Massy Europe,Massy,Tramway,48.723494826435875,2.272581491386336
IDFM:486988,Bois Briard,Évry-Courcouronnes,Tramway,48.62199168806369,2.4157529624879253
IDFM:492422,Villiers Montbarbin,Crécy-la-Chapelle,Tramway,48.86352745620305,2.8825308779964818
IDFM:492416,Esbly,Esbly,Tramway,48.90274164027046,2.809285919946294
IDFM:monomodalStopPlace:47484,Isles - Armentières - Congis,Isles-les-Meldeuses,LocalTrain,48.99837487688993,3.007871639575125
IDFM:monomodalStopPlace:47914,Longueville,Longueville,LocalTrain,48.513786141275986,3.2501140784117886
IDFM:monomodalStopPlace:47171,Sainte-Colombe Septveilles,Sainte-Colombe,LocalTrain,48.52915312687445,3.2553403241826864
IDFM:monomodalStopPlace:411488,Ferrières - Fontenay,Fontenay-sur-Loing,LocalTrain,48.09588996416835,2.7720920761530037
IDFM:monomodalStopPlace:47124,Bourron-Marlotte - Grez,Bourron-Marlotte,LocalTrain,48.332451033464054,2.6918764214147592
IDFM:monomodalStopPlace:43144,La Grande-Paroisse,La Grande-Paroisse,LocalTrain,48.37863280606578,2.896902458012003
IDFM:monomodalStopPlace:47136,Vulaines-sur-Seine - Samoreau,Vulaines-sur-Seine,LocalTrain,48.430461048527036,2.752898337073854
IDFM:monomodalStopPlace:45804,Livry-sur-Seine,Livry-sur-Seine,LocalTrain,48.510288065207455,2.6789439431211646
IDFM:monomodalStopPlace:47654,Bois-le-Roi,Bois-le-Roi,LocalTrain,48.47579827327959,2.691542568002651
IDFM:monomodalStopPlace:47911,Fontainebleau - Avon,Avon,LocalTrain,48.416666098921,2.7267714287220346
IDFM:monomodalStopPlace:47961,Thomery,Fontainebleau,LocalTrain,48.39428183783365,2.764187149192088
IDFM:monomodalStopPlace:47130,Moret - Veneux-les-Sablons,Moret-Loing-et-Orvanne,LocalTrain,48.37789836789835,2.800462899908886
IDFM:monomodalStopPlace:46847,Gare de Villiers Neauphle Pontchartrain,Villiers-Saint-Frédéric,LocalTrain,48.81532337552301,1.8775357849413559
IDFM:monomodalStopPlace:46850,Montfort-l'Amaury - Méré,Méré,LocalTrain,48.802662371849536,1.8158352700699214
IDFM:monomodalStopPlace:47884,Fontenay-le-Fleury,Fontenay-le-Fleury,LocalTrain,48.807273444277804,2.0407045118857456
IDFM:monomodalStopPlace:46857,Beynes,Beynes,LocalTrain,48.860056612665424,1.8755955719389825
IDFM:monomodalStopPlace:43108,Chaville Rive Gauche,Chaville,LocalTrain,48.8051904761828,2.189425762809199
IDFM:monomodalStopPlace:43088,Gare de Bellevue,Meudon,LocalTrain,48.818872981385084,2.2299563222165655
IDFM:monomodalStopPlace:43162,Meudon,Meudon,LocalTrain,48.81436409632574,2.2428787225795106
IDFM:monomodalStopPlace:43111,Clamart,Clamart,LocalTrain,48.814225639142954,2.274243860950152
IDFM:monomodalStopPlace:47525,Viarmes,Viarmes,LocalTrain,49.11663481669089,2.3682376422969282
IDFM:monomodalStopPlace:43190,Sarcelles - Saint-Brice,Saint-Brice-sous-Forêt,LocalTrain,48.99620491669132,2.3686856352535353
IDFM:monomodalStopPlace:48964,Saint-Leu-la-Forêt,Saint-Leu-la-Forêt,LocalTrain,49.01523840177278,2.2428869689226687
IDFM:monomodalStopPlace:47585,Mériel,Mériel,LocalTrain,49.07775311707399,2.205438463461229
IDFM:monomodalStopPlace:47589,L'Isle-Adam - Parmain,Parmain,LocalTrain,49.11454854558362,2.209941858169547
IDFM:monomodalStopPlace:47596,Épluches,Saint-Ouen-l'Aumône,LocalTrain,49.055049202893706,2.1226568963520114
IDFM:monomodalStopPlace:43180,Pierrelaye,Pierrelaye,LocalTrain,49.01917957374756,2.1545313948758564
IDFM:monomodalStopPlace:43166,Montigny - Beauchamp,Pierrelaye,LocalTrain,49.007744118117,2.1965151756043033
IDFM:monomodalStopPlace:46477,Champ de Courses d'Enghien,Soisy-sous-Montmorency,LocalTrain,48.9796949197308,2.291148632256432
IDFM:471066,Jouy,Jouy,regionalRail,48.510072228549895,1.5575474541143874
IDFM:monomodalStopPlace:59302,Maintenon,Maintenon,regionalRail,48.586256682993294,1.5926330908061617
IDFM:monomodalStopPlace:411504,La Villette Saint-Prest,Saint-Prest,regionalRail,48.48257328597441,1.5243665464960081
IDFM:471320,Jouy,Jouy,regionalRail,48.50977179970065,1.5572578124609417
IDFM:monomodalStopPlace:411455,Étigny - Véron,Étigny,regionalRail,48.13765030143217,3.2900826338816094
IDFM:472914,Beauvais,Beauvais,regionalRail,49.42633975667528,2.0880754691387353
IDFM:472386,La Ferté-sous-Jouarre,La Ferté-sous-Jouarre,regionalRail,48.950830684769656,3.125285000059918
IDFM:472057,La Ferté-sous-Jouarre,La Ferté-sous-Jouarre,regionalRail,48.95073297526376,3.1241242139087406
IDFM:471553,Bonnières,Bonnières-sur-Seine,regionalRail,49.03885766442064,1.5820331944921842
IDFM:472217,Mantes-la-Jolie,Mantes-la-Jolie,regionalRail,48.989509761909915,1.7035426576478747
IDFM:471001,Dourdan,Dourdan,regionalRail,48.53370169164391,2.008715650247469
IDFM:monomodalStopPlace:43165,Monnerville,Monnerville,regionalRail,48.34855884654156,2.03249765465537
IDFM:471897,Étampes,Étampes,regionalRail,48.437054784842196,2.159742539155363
IDFM:monomodalStopPlace:411446,Bonneval,Bonneval,regionalRail,48.186422216965354,1.3862711811788562
IDFM:470808,Dammartin - Juilly - Saint-Mard,Saint-Mard,regionalRail,49.032284416059525,2.6991773673106705
IDFM:471550,Nemours - Saint-Pierre,Saint-Pierre-lès-Nemours,regionalRail,48.26859672248814,2.68497885542764
IDFM:470737,Versailles Chantiers,Versailles,regionalRail,48.795013488338775,2.1355041456446737
IDFM:471174,Bréval,Bréval,regionalRail,48.94346680677985,1.5418564957834917
IDFM:monomodalStopPlace:411365,Évreux Normandie,Évreux,regionalRail,49.01841486817869,1.1498558322259897
IDFM:monomodalStopPlace:411338,Trie-Château,Trie-Château,LocalTrain,49.2824007109848,1.818497020989674
IDFM:monomodalStopPlace:411345,Chaumont-en-Vexin,Chaumont-en-Vexin,LocalTrain,49.26118959499568,1.8732362595841847
IDFM:monomodalStopPlace:47930,Chars,Chars,LocalTrain,49.16300140123273,1.936865953454158
IDFM:monomodalStopPlace:47949,Santeuil - Le Perchay,Santeuil,LocalTrain,49.12334471123142,1.949406923865895
IDFM:monomodalStopPlace:43236,Le Stade,Colombes,LocalTrain,48.93172049557505,2.260948512567054
IDFM:monomodalStopPlace:43212,Val d'Argenteuil,Argenteuil,LocalTrain,48.95065749524003,2.2326940500534516
IDFM:monomodalStopPlace:46902,Thun le Paradis,Meulan-en-Yvelines,LocalTrain,49.006673442207415,1.919170589720022
IDFM:monomodalStopPlace:43151,Limay,Limay,LocalTrain,48.98420212754175,1.7474125098984148
IDFM:monomodalStopPlace:47412,La Garenne-Colombes,Colombes,LocalTrain,48.90957685679064,2.2397947530458273
IDFM:monomodalStopPlace:43118,Courbevoie,Courbevoie,LocalTrain,48.89861561377405,2.249189818087758
IDFM:monomodalStopPlace:43112,Clichy - Levallois,Levallois-Perret,LocalTrain,48.897501127112044,2.2974715210323566
IDFM:monomodalStopPlace:43091,Bièvres,Bièvres,LocalTrain,48.75087243760775,2.2161603396773564
IDFM:10217,Parking Px,Le Mesnil-Amelot,RailShuttle,49.010033751278236,2.5705281702484006
IDFM:10215,Parking Pr,Roissy-en-France,RailShuttle,49.0090125915058,2.5447567771068575
IDFM:463014,Antony,Antony,RailShuttle,48.75448744175871,2.3007698833739174
IDFM:492974,Orly 1-2-3,Paray-Vieille-Poste,RailShuttle,48.72957855791586,2.3594989994122932
IDFM:463222,Mairie de Montrouge,Montrouge,Metro,48.818454456190004,2.3196193991237846
IDFM:22151,Denfert-Rochereau,Paris,Metro,48.83392232305997,2.3321281604376116
IDFM:462996,Montparnasse Bienvenue,Paris,Metro,48.84391578859517,2.3243858698057784
IDFM:463183,Gare du Nord,Paris,Metro,48.87959170741013,2.356808788205409
IDFM:22132,Marcadet - Poissonniers,Paris,Metro,48.891280439844486,2.3496815417224775
IDFM:463073,Porte de Clignancourt,Paris,Metro,48.897525631278015,2.344624099102791
IDFM:463072,Réaumur - Sébastopol,Paris,Metro,48.866077771215046,2.352381731140252
IDFM:463171,Etienne Marcel,Paris,Metro,48.86370301202431,2.3489761968791085
IDFM:22146,Les Halles,Paris,Metro,48.86252665962869,2.34600573656331
IDFM:22150,Cité,Paris,Metro,48.85493384910671,2.3472322349319112
IDFM:462993,Saint-Germain-des-Prés,Paris,Metro,48.85367371343323,2.3339874291342255
IDFM:22139,Saint-Sulpice,Paris,Metro,48.85120862756671,2.330611953081543
IDFM:463016,Vavin,Paris,Metro,48.84205232329236,2.3288628540691043
IDFM:463020,Campo-Formio,Paris,Metro,48.83554293374935,2.3587419566993457
IDFM:463096,Richard-Lenoir,Paris,Metro,48.85985966744055,2.3719501400872653
IDFM:22001,Stalingrad,Paris,Metro,48.8841445128949,2.367348121277192
IDFM:463021,Gare de l'Est,Paris,Metro,48.876081616617256,2.357982972943156
IDFM:21905,Oberkampf,Paris,Metro,48.864581198067484,2.3685262686038397
IDFM:22002,Richard-Lenoir,Paris,Metro,48.859876937868705,2.371813630476951
IDFM:22000,Saint-Marcel,Paris,Metro,48.83853898898134,2.3606397867113924
IDFM:22009,Campo-Formio,Paris,Metro,48.835595431233266,2.358468834639247
IDFM:22073,Nation,Paris,Metro,48.84789550545761,2.3958598043279085
IDFM:22167,Picpus,Paris,Metro,48.84501767720269,2.401248269453829
IDFM:463075,Dugommier,Paris,Metro,48.83903652832887,2.3895997700798097
IDFM:463003,Place d'Italie,Paris,Metro,48.830991153013954,2.3560502682264337
IDFM:22175,Corvisart,Paris,Metro,48.82983207232378,2.350434483865652
IDFM:22172,Edgar Quinet,Paris,Metro,48.84098044632817,2.3253749636089105
IDFM:463314,Sèvres-Lecourbe,Paris,Metro,48.84564768265073,2.309529610430393
IDFM:463114,Boissière,Paris,Metro,48.8668483434173,2.2900328376074373
IDFM:22166,Pasteur,Paris,Metro,48.842482718285865,2.312792651441268
IDFM:463103,Denfert-Rochereau,Paris,Metro,48.83424986732888,2.332803776289825
IDFM:463105,Corvisart,Paris,Metro,48.82976926843797,2.3504625110108375
IDFM:22168,Place d'Italie,Paris,Metro,48.830914982874944,2.356101612721528
IDFM:463127,Bel-Air,Paris,Metro,48.841337879121916,2.40096353707475
IDFM:463098,Picpus,Paris,Metro,48.84510324750185,2.4012745388223746
IDFM:22393,Fort d'Aubervilliers,Aubervilliers,Metro,48.91475665506255,2.404075377271855
IDFM:463152,Corentin Cariou,Paris,Metro,48.89467266005628,2.382291557164633
IDFM:463283,Pyramides,Paris,Metro,48.86583012818995,2.33429208315197
IDFM:463078,Jussieu,Paris,Metro,48.84596333903808,2.354798309820857
IDFM:22383,Les Gobelins,Paris,Metro,48.835841622344475,2.3524168018982756
IDFM:463267,Tolbiac,Paris,Metro,48.82615323734341,2.357018567738162
IDFM:463224,Maison Blanche,Paris,Metro,48.82214950607496,2.358412946155939
IDFM:22400,Villejuif - Louis Aragon,Villejuif,Metro,48.78753717099888,2.36783901176962
IDFM:22372,Porte d'Ivry,Paris,Metro,48.821489035562834,2.3695112543194927
IDFM:22373,Porte de Choisy,Paris,Metro,48.820132089232395,2.3646245490007405
IDFM:22386,Jussieu,Paris,Metro,48.84596333903808,2.354798309820857
IDFM:463231,Pont Marie (Cité des Arts),Paris,Metro,48.85353209666315,2.357430292176306
IDFM:22388,Chaussée d'Antin - La Fayette,Paris,Metro,48.87313420577469,2.3337385944087012
IDFM:463206,Le Peletier,Paris,Metro,48.874851793670715,2.340206459456337
IDFM:22390,Cadet,Paris,Metro,48.875963285075564,2.344446309702274
IDFM:22374,Porte de la Villette,Paris,Metro,48.89780269235572,2.385869033143345
IDFM:463015,Maisons-Alfort - Les Juilliottes,Maisons-Alfort,Metro,48.80321905319987,2.4459564771573397
IDFM:22204,Faidherbe - Chaligny,Paris,Metro,48.850200705509266,2.384072471688875
IDFM:463000,Bastille,Paris,Metro,48.85348468769834,2.369652217650188
IDFM:463058,Grands Boulevards,Paris,Metro,48.871601969451355,2.3428924760133967
IDFM:463151,Concorde,Paris,Metro,48.86656106315263,2.321915152849789
IDFM:463135,Boucicaut,Paris,Metro,48.841122353680156,2.2877944613211754
IDFM:463211,Lourmel,Paris,Metro,48.838785539019476,2.2820358715985742
IDFM:22186,Balard,Paris,Metro,48.836650792286115,2.2785093588069993
IDFM:22189,Félix Faure,Paris,Metro,48.84268433479664,2.2918472203679703
IDFM:463195,Ledru-Rollin,Paris,Metro,48.85119274222268,2.375924913735691
IDFM:22210,Charenton - Écoles,Charenton-le-Pont,Metro,48.82125590204953,2.413847237068526
IDFM:22214,École Vétérinaire de Maisons-Alfort,Maisons-Alfort,Metro,48.814758684006726,2.422322751702586
IDFM:22212,Créteil - Université,Créteil,Metro,48.789915686006935,2.450529196348293
IDFM:21939,Billancourt,Boulogne-Billancourt,Metro,48.83183051284947,2.237965973200589
IDFM:462914,Marcel Sembat,Boulogne-Billancourt,Metro,48.83359298218974,2.243583048618053
IDFM:463239,Michel-Ange - Molitor,Paris,Metro,48.844880488259605,2.261631583355701
IDFM:21917,Trocadéro,Paris,Metro,48.863088061116,2.28683987979629
IDFM:21927,Iéna,Paris,Metro,48.864685839288676,2.293906396859107
IDFM:463180,Franklin D. Roosevelt,Paris,Metro,48.86866242617973,2.3095735420193506
IDFM:462957,Miromesnil,Paris,Metro,48.87369210197914,2.3146768238242688
IDFM:21921,Richelieu - Drouot,Paris,Metro,48.872135870317955,2.3385912215385414
IDFM:463133,Bonne Nouvelle,Paris,Metro,48.87049007203075,2.348428667867017
IDFM:21918,République,Paris,Metro,48.86739447922248,2.3631211111325285
IDFM:22442,Rue des Boulets,Paris,Metro,48.85221407333194,2.3891047050322425
IDFM:463215,Maraîchers,Paris,Metro,48.85265013095636,2.4060490065790447
IDFM:25084,Buzenval,Paris,Metro,48.85176243983227,2.401170769368413
IDFM:462963,République,Paris,Metro,48.86751235781114,2.3633023407804536
IDFM:463300,Saint-Augustin,Paris,Metro,48.874632152132925,2.321031570403537
IDFM:21931,Franklin D. Roosevelt,Paris,Metro,48.86872488799857,2.309488192337113
IDFM:21929,La Muette,Paris,Metro,48.85809196689865,2.2740962446697224
IDFM:463238,Michel-Ange - Auteuil,Paris,Metro,48.84770893216831,2.2638093220226634
IDFM:21923,Michel-Ange - Molitor,Paris,Metro,48.84491122756327,2.261511916905205
IDFM:463233,Pont de Sèvres,Boulogne-Billancourt,Metro,48.82966919074605,2.2305052170885546
IDFM:21941,Mairie de Montreuil,Montreuil,Metro,48.8622744369706,2.4418193772459085
IDFM:21967,Gare d'Austerlitz,Paris,Metro,48.842355035073275,2.3645307640842486
IDFM:463077,Jussieu,Paris,Metro,48.8462878950311,2.354944184375758
IDFM:463234,Porte d'Auteuil,Paris,Metro,48.847904123629235,2.258280744595537
IDFM:21986,Charles Michels,Paris,Metro,48.84636172348247,2.2856243417995747
IDFM:463084,Duroc,Paris,Metro,48.84668027285166,2.3162843486517035
IDFM:21976,Sèvres - Babylone,Paris,Metro,48.85093150598804,2.326104689925573
IDFM:21978,Odéon,Paris,Metro,48.8519477060765,2.340619126473996
IDFM:21974,Porte d'Auteuil,Paris,Metro,48.84812886119474,2.2582639186231943
IDFM:490768,La Dhuys,Rosny-sous-Bois,Metro,48.87808331706366,2.4651563455784005
IDFM:490766,Montreuil - Hôpital,Noisy-le-Sec,Metro,48.87833284108111,2.454682210916966
IDFM:21995,Jourdain,Paris,Metro,48.875247348641416,2.389325378910096
IDFM:462945,Rambuteau,Paris,Metro,48.86119015695036,2.3532739485947713
IDFM:463187,Goncourt,Paris,Metro,48.869936723164365,2.3710788377398995
IDFM:463319,Télégraphe,Paris,Metro,48.875519513947125,2.3986752529487725
IDFM:490788,Romainville - Carnot,Romainville,Metro,48.883574237927014,2.4406774445901713
IDFM:490791,La Dhuys,Montreuil,Metro,48.8780111916913,2.465116181953647
IDFM:490793,Rosny-Bois-Perrier,Rosny-sous-Bois,Metro,48.88302567942574,2.480609800808591
IDFM:22062,Mairie d'Issy,Issy-les-Moulineaux,Metro,48.82416442588802,2.273560674093182
IDFM:22058,Convention,Paris,Metro,48.837125900520995,2.2963642614342694
IDFM:22056,Falguière,Paris,Metro,48.844317683534335,2.317551235617027
IDFM:462980,Montparnasse Bienvenue,Paris,Metro,48.84374228942691,2.32392211008296
IDFM:22043,Rue du Bac,Paris,Metro,48.85587553200213,2.3256727584985164
IDFM:462969,Saint-Lazare,Paris,Metro,48.875594817796994,2.327470237303278
IDFM:22046,Trinité - d'Estienne d'Orves,Paris,Metro,48.87625096700832,2.333030634158166
IDFM:22059,Abbesses,Paris,Metro,48.884383574623314,2.338367478180517
IDFM:463065,Jules Joffrin,Paris,Metro,48.892492268201934,2.3443200293804827
IDFM:22055,Lamarck - Caulaincourt,Paris,Metro,48.889699132276796,2.338463589982122
IDFM:463311,Solférino,Paris,Metro,48.85853194972854,2.3230759642515415
IDFM:24679,Front Populaire,Saint-Denis,Metro,48.906763048164294,2.365777177193171
IDFM:22220,Porte de Saint-Ouen,Paris,Metro,48.89749783732745,2.3290483407446505
IDFM:478395,La Fourche,Paris,Metro,48.88695758474682,2.325815743000763
IDFM:462970,Saint-Lazare,Paris,Metro,48.87534949512342,2.3246298445298517
IDFM:463184,Gaîté,Paris,Metro,48.838733160711186,2.3223929960897602
IDFM:22221,Porte de Vanves,Paris,Metro,48.82741655532592,2.30472284886518
IDFM:22235,Malakoff - Plateau de Vanves,Malakoff,Metro,48.822296939865105,2.2981988359336536
IDFM:463109,Asnières - Gennevilliers - Les Courtilles,Gennevilliers,Metro,48.930736976137446,2.2841109387413856
IDFM:463085,Plaisance,Paris,Metro,48.831715172176246,2.313997181155506
IDFM:22222,Pernety,Paris,Metro,48.833833693000656,2.3180154545655687
IDFM:22157,Montparnasse Bienvenue,Paris,Metro,48.84213471311308,2.32114972111642
IDFM:22217,Saint-François-Xavier,Paris,Metro,48.851935863654305,2.3145077830850114
IDFM:22226,Varenne,Paris,Metro,48.856390934075165,2.315076119079172
IDFM:490917,Aéroport d'Orly,Paray-Vieille-Poste,Metro,48.727660875887324,2.3625135570893536
IDFM:480290,Mairie de Saint-Ouen,Saint-Ouen-sur-Seine,Metro,48.91170451534923,2.333435858789529
IDFM:490835,Chevilly-Larue (Marché International),Chevilly-Larue,Metro,48.758492915434516,2.3674425092258047
IDFM:21958,Gare de Lyon,Paris,Metro,48.8442498880687,2.372519782814122
IDFM:480286,Pont Cardinet,Paris,Metro,48.888102389888395,2.3151908648850013
IDFM:21961,Madeleine,Paris,Metro,48.87054467671624,2.3258100487932776
IDFM:463129,Bercy,Paris,Metro,48.84010199803391,2.3790620152277233
IDFM:21954,Olympiades,Paris,Metro,48.827123441429386,2.3669231215308075
IDFM:490906,Villejuif - Gustave Roussy,Villejuif,Metro,48.79323843160607,2.349229361846555
IDFM:463262,Porte des Lilas,Paris,Metro,48.87663999703494,2.4069512666209
IDFM:462997,Gambetta,Paris,Metro,48.865032564464,2.398537305704572
IDFM:21948,Pelleport,Paris,Metro,48.86842046799948,2.40160636134298
IDFM:24680,Jaurès,Paris,Metro,48.882344230208226,2.370451734004561
IDFM:24685,Bolivar,Paris,Metro,48.88078966297506,2.374124871187542
IDFM:24682,Place des Fêtes,Paris,Metro,48.87693859004261,2.392959616507311
IDFM:463282,Pré-Saint-Gervais,Paris,Metro,48.8801595806643,2.398580770693528
IDFM:22627,Escadrille Normandie-Niémen,Bobigny,Tramway,48.912669182419,2.435412039295621
IDFM:23305,Maurice Lachâtre,Drancy,Tramway,48.91920249956208,2.413862964699738
IDFM:22300,Les Coteaux,Saint-Cloud,Tramway,48.857297064253984,2.2206381814898353
IDFM:25645,Suresnes - Longchamp,Suresnes,Tramway,48.868112880804894,2.2214851676636975
IDFM:23429,Parc Pierre Lagravère,Colombes,Tramway,48.91748979096629,2.224785553203926
IDFM:23428,Jacqueline Auriol,Colombes,Tramway,48.910660566492425,2.2340421678368707
IDFM:22299,Puteaux,Puteaux,Tramway,48.88299191277544,2.233221865294192
IDFM:23439,Jacques-Henri Lartigue,Issy-les-Moulineaux,Tramway,48.82470522680052,2.260544985471807
IDFM:22296,Suzanne Lenglen,Paris,Tramway,48.833249898033536,2.27681264536782
IDFM:24104,Brancion,Paris,Tramway,48.82864316650426,2.3006879774102935
IDFM:24120,Porte de Choisy,Paris,Tramway,48.81971514342374,2.3640167452454044
IDFM:24133,Porte d'Ivry,Paris,Tramway,48.821816307706,2.3701746864334314
IDFM:24135,Porte Dorée,Paris,Tramway,48.83512991676044,2.4058985151305987
IDFM:24112,Stade Charléty - Porte de Gentilly,Paris,Tramway,48.819535450932925,2.34571416711844
IDFM:24115,Cité Universitaire,Paris,Tramway,48.820509933065615,2.338115658368057
IDFM:24122,Montsouris,Paris,Tramway,48.82154495165109,2.3333899397534115
IDFM:24118,Porte d'Orléans,Paris,Tramway,48.82335017119638,2.324922053842732
IDFM:24116,Desnouettes,Paris,Tramway,48.834603133856895,2.283483092163333
IDFM:24102,Pont du Garigliano,Paris,Tramway,48.83807321092004,2.271323138312333
IDFM:24405,Marie de Miribel,Paris,Tramway,48.858721027828636,2.4097457105651214
IDFM:24404,Butte du Chapeau Rouge,Paris,Tramway,48.88505204731925,2.396819678860734
IDFM:24398,Ella Fitzgerald,Paris,Tramway,48.89746293559589,2.3950936519984656
IDFM:24402,Canal Saint-Denis,Paris,Tramway,48.898754995770666,2.380442597848103
IDFM:490879,Anna de Noailles,Paris,Tramway,48.87442196109367,2.2781906609693316
IDFM:490882,Porte Maillot - Palais des Congrès,Paris,Tramway,48.87791043686484,2.2840189957912593
IDFM:29379,Porte de la Villette (Cité des Sciences et de l'industrie),Paris,Tramway,48.89741922608639,2.3865009944320703
IDFM:24417,Ella Fitzgerald,Paris,Tramway,48.89736394796987,2.3950811622314045
IDFM:24416,Butte du Chapeau Rouge,Paris,Tramway,48.88502438214547,2.3966836324049425
IDFM:24418,Hôpital Robert Debré,Paris,Tramway,48.87945300932185,2.4011523530409966
IDFM:24422,Adrienne Bolland,Paris,Tramway,48.872411874653075,2.408513529476805
IDFM:24394,Marie de Miribel,Paris,Tramway,48.858657404919875,2.4096101336179307
IDFM:24396,Porte de Vincennes,Paris,Tramway,48.84742462692587,2.4096283755134005
IDFM:28866,Baudelaire,Saint-Denis,Tramway,48.94212854286052,2.356636169972587
IDFM:28846,Marché de Saint-Denis,Saint-Denis,Tramway,48.93896122921449,2.3562931195300902
IDFM:28875,Paul Valéry,Sarcelles,Tramway,48.97923034972888,2.3801937385465597
IDFM:28870,Lochères,Sarcelles,Tramway,48.97849099485918,2.385052292086106
IDFM:35939,Saarinen,Rungis,Tramway,48.75021995135073,2.3543356455001314
IDFM:462937,Porte de l'Essonne,Athis-Mons,Tramway,48.71446965907271,2.371713317831807
IDFM:29898,Caroline Aigle (Orlyfret),Orly,Tramway,48.738511893495435,2.369982657031674
IDFM:460559,Lamartine,Villejuif,Tramway,48.78327079902779,2.3672374121860154
IDFM:41952,Centre de Châtillon,Châtillon,Tramway,48.8042278099247,2.2890062736651298
IDFM:41856,Division Leclerc,Châtillon,Tramway,48.794523611181916,2.2726257190335915
IDFM:41858,Soleil Levant,Clamart,Tramway,48.79031057194821,2.2631968070897
IDFM:2339,Pavé Blanc,Clamart,Tramway,48.780919973858374,2.2401112549203135
IDFM:2330,Louvois,Vélizy-Villacoublay,Tramway,48.780122091455084,2.196517886505121
IDFM:422037,Viroflay - Rive Gauche,Viroflay,Tramway,48.80099564654413,2.1711991185385857
IDFM:2332,Mairie de Vélizy,Vélizy-Villacoublay,Tramway,48.78041133277371,2.1913961992214706
IDFM:2327,Inovel Parc Nord,Vélizy-Villacoublay,Tramway,48.78134841711339,2.2091153745461254
IDFM:42122,Saint-Denis - Gare,Saint-Denis,Tramway,48.93529153276368,2.34786192297457
IDFM:42128,Jean Vilar,Villetaneuse,Tramway,48.95274990486579,2.3435329780932856
IDFM:42134,Pablo Neruda,Villetaneuse,Tramway,48.95669563749724,2.343155430985437
IDFM:42115,Lacépède,Épinay-sur-Seine,Tramway,48.95594265700801,2.3115254158835534
IDFM:42102,Épinay-sur-Seine - Gare,Épinay-sur-Seine,Tramway,48.95584187674177,2.301872390098702
IDFM:42123,Saint-Denis - Porte de Paris,Saint-Denis,Tramway,48.92974869176176,2.3572533079864235
IDFM:478649,Notre-Dame-des-Anges,Montfermeil,Tramway,48.900928874629386,2.5561234945096047
IDFM:478663,Clichy-sous-Bois - Mairie,Clichy-sous-Bois,Tramway,48.907880051184826,2.5464189682631786
IDFM:471878,Les Pavillons-sous-Bois,Les Pavillons-sous-Bois,Tramway,48.90270828680124,2.511897313188358
IDFM:471005,Les Coquetiers,Villemomble,Tramway,48.89263088858735,2.4997443661584247
IDFM:478650,République - Marx Dormoy,Livry-Gargan,Tramway,48.90656130852811,2.524070941477672
IDFM:472857,Gargan,Les Pavillons-sous-Bois,Tramway,48.90721464734951,2.516548028569006
IDFM:470874,Épinay - Villetaneuse,Épinay-sur-Seine,Tramway,48.95903211760871,2.3282543310234183
IDFM:472968,Stains - La Cerisaie,Stains,Tramway,48.954694847106445,2.391751538657703
IDFM:472986,Épinay-sur-Seine,Épinay-sur-Seine,Tramway,48.954621581329654,2.3023393905460323
IDFM:472920,Épinay-sur-Seine,Épinay-sur-Seine,Tramway,48.95457709774762,2.302421917736917
IDFM:478995,La Briqueterie,Ivry-sur-Seine,Tramway,48.80726167021094,2.374816625508716
IDFM:479003,Constant Coquelin,Vitry-sur-Seine,Tramway,48.78308434646516,2.393724871435947
IDFM:478987,Watteau - Rondenay,Vitry-sur-Seine,Tramway,48.77861851256973,2.3963352252769674
IDFM:478978,Rouget de Lisle,Choisy-le-Roi,Tramway,48.76387937297847,2.405757099348053
IDFM:479009,Christophe Colomb,Orly,Tramway,48.75214281888013,2.416894665176663
IDFM:479000,Four - Peary,Choisy-le-Roi,Tramway,48.75454706233827,2.4119572796684805
IDFM:478986,Rouget de Lisle,Choisy-le-Roi,Tramway,48.76391595684875,2.405879128241213
IDFM:478973,Watteau - Rondenay,Vitry-sur-Seine,Tramway,48.77863704971284,2.3964438819631004
IDFM:478979,Porte de Choisy,Paris,Tramway,48.81950560222635,2.3652042061445444
IDFM:monomodalStopPlace:46307,Villeneuve-le-Roi,Villeneuve-le-Roi,RapidTransit,48.73968685807613,2.426423645047488
IDFM:monomodalStopPlace:43192,Savigny-sur-Orge,Savigny-sur-Orge,RapidTransit,48.67639468866699,2.3523541804056833
IDFM:monomodalStopPlace:46366,Ivry-sur-Seine,Ivry-sur-Seine,RapidTransit,48.8139591342409,2.391677280020743
IDFM:monomodalStopPlace:46299,Orly Ville,Orly,RapidTransit,48.74163230680523,2.4030548924063897
IDFM:monomodalStopPlace:47907,Pont de Rungis Aéroport d'Orly,Thiais,RapidTransit,48.74834625868034,2.373209854795934
IDFM:monomodalStopPlace:46035,Chemin d'Antony,Antony,RapidTransit,48.747936542587276,2.3126496863919335
IDFM:monomodalStopPlace:48489,Orangis Bois de l'Épine,Ris-Orangis,RapidTransit,48.6363396147683,2.40769076622141
IDFM:monomodalStopPlace:47906,Évry - Courcouronnes,Évry-Courcouronnes,RapidTransit,48.62588794663492,2.4300329095214526
IDFM:monomodalStopPlace:43142,La Ferté-Alais,Baulne,RapidTransit,48.4855007310595,2.352260197381972
IDFM:monomodalStopPlace:43092,Boigneville,Boigneville,RapidTransit,48.341208632507616,2.378618440416535
IDFM:monomodalStopPlace:45102,Châtelet - Les Halles,Paris,RapidTransit,48.86174503191322,2.34697651043533
IDFM:monomodalStopPlace:45860,Grand Bourg,Ris-Orangis,RapidTransit,48.64880840591746,2.4348387319350167
IDFM:monomodalStopPlace:45067,Villeneuve-Saint-Georges,Villeneuve-Saint-Georges,RapidTransit,48.730080267741016,2.446304786739812
IDFM:monomodalStopPlace:411428,Chantilly - Gouvieux,Chantilly,RapidTransit,49.187030004663995,2.4595159140085237
IDFM:monomodalStopPlace:47958,Survilliers - Fosses,Fosses,RapidTransit,49.09951161811565,2.525517836696695
IDFM:monomodalStopPlace:44628,Louvres,Louvres,RapidTransit,49.04933726826723,2.5018113143714777
IDFM:monomodalStopPlace:47968,Les Noues,Goussainville,RapidTransit,49.03307204384692,2.477713962139221
IDFM:monomodalStopPlace:43222,Villiers-le-Bel - Gonesse - Arnouville,Arnouville,RapidTransit,48.99377204005172,2.4162467958973055
IDFM:monomodalStopPlace:46552,Nogent - Le Perreux,Nogent-sur-Marne,RapidTransit,48.839991175687295,2.4939549579206104
IDFM:monomodalStopPlace:43096,Bondy,Bondy,RapidTransit,48.893965864676495,2.4795800358385867
IDFM:monomodalStopPlace:58875,Rueil-Malmaison,Rueil-Malmaison,RapidTransit,48.88767250064626,2.172366417897185
IDFM:monomodalStopPlace:43237,Le Vésinet - Le Pecq,Le Vésinet,RapidTransit,48.89794951079969,2.122132232303764
IDFM:monomodalStopPlace:43094,Boissy-Saint-Léger,Boissy-Saint-Léger,RapidTransit,48.752267307821874,2.504498176690716
IDFM:monomodalStopPlace:58792,Sucy - Bonneuil,Sucy-en-Brie,RapidTransit,48.77206393780998,2.5074994611650823
IDFM:monomodalStopPlace:47886,Nogent-sur-Marne,Nogent-sur-Marne,RapidTransit,48.834306538503405,2.471683791180998
IDFM:monomodalStopPlace:47238,Fontenay-sous-Bois,Fontenay-sous-Bois,RapidTransit,48.8437885964859,2.463537806527943
IDFM:monomodalStopPlace:43172,Neuilly-Plaisance,Neuilly-Plaisance,RapidTransit,48.85252451313788,2.5145898211367705
IDFM:monomodalStopPlace:58937,Noisy - Champs,Noisy-le-Grand,RapidTransit,48.84289619599068,2.580103342831972
IDFM:monomodalStopPlace:43194,Sevran - Livry,Sevran,RapidTransit,48.93640164880271,2.5352889927291447
IDFM:monomodalStopPlace:47888,Gif-sur-Yvette,Gif-sur-Yvette,RapidTransit,48.698175579920274,2.13649439862523
IDFM:monomodalStopPlace:43232,Le Guichet,Orsay,RapidTransit,48.705497380193584,2.1929739951487424
IDFM:monomodalStopPlace:474069,Lozère,Palaiseau,RapidTransit,48.705912413627026,2.212717641845953
IDFM:monomodalStopPlace:43228,Les Baconnets,Antony,RapidTransit,48.73984612871272,2.288108127151424
IDFM:monomodalStopPlace:473890,Denfert-Rochereau,Paris,RapidTransit,48.83318643678081,2.333220634641387
IDFM:monomodalStopPlace:46163,Le Blanc-Mesnil,Le Blanc-Mesnil,RapidTransit,48.93230698220945,2.4753884360764298
IDFM:494017,Valenton,Valenton,CableWay,48.74858080017639,2.4729433418862614
IDFM:494119,La Végétale,Limeil-Brévannes,CableWay,48.74235915402206,2.479642610075511
IDFM:494116,Limeil-Brévannes,Limeil-Brévannes,CableWay,48.753063802721904,2.4717827134860353
