snapshot_ts,system_id,n_seen,n_kept,n_reserved,status,note
2026-07-04T20:32:38,paris,1000,1000,0,ok,
2026-07-04T20:39:35,paris,1000,1000,0,ok,
2026-07-04T21:26:26,paris,1000,1000,0,ok,
2026-07-04T22:27:07,paris,1000,1000,0,ok,
2026-07-04T23:31:40,paris,1000,1000,0,ok,
2026-07-05T02:37:35,paris,1000,1000,0,ok,
2026-07-05T06:36:40,paris,1000,1000,0,ok,
2026-07-05T09:39:09,paris,1000,1000,0,ok,
2026-07-05T11:27:13,paris,1000,1000,0,ok,
2026-07-05T12:26:59,paris,1000,1000,0,ok,
2026-07-05T12:36:28,paris,1000,1000,0,ok,
2026-07-05T12:48:18,paris,1000,1000,0,ok,
2026-07-05T13:51:27,paris,1000,1000,0,ok,
2026-07-05T14:01:05,paris,1000,1000,0,ok,
2026-07-05T14:15:31,paris,1000,1000,0,ok,
2026-07-05T14:27:59,paris,1000,1000,0,ok,
2026-07-05T14:31:00,paris,1000,1000,0,ok,
2026-07-05T14:45:33,paris,1000,1000,0,ok,
2026-07-05T15:01:06,paris,1000,1000,0,ok,
2026-07-05T15:15:30,paris,1000,1000,0,ok,
2026-07-05T15:15:30,meaux,16,16,0,ok,
2026-07-05T15:15:30,chessy,88,74,0,ok,
2026-07-05T15:15:30,serris,69,2,0,ok,
2026-07-05T15:15:30,torcy,223,144,0,ok,
2026-07-05T15:30:59,paris,1000,1000,0,ok,
2026-07-05T15:30:59,meaux,16,16,0,ok,
2026-07-05T15:30:59,chessy,88,74,0,ok,
2026-07-05T15:30:59,serris,69,2,0,ok,
2026-07-05T15:30:59,torcy,223,144,0,ok,
2026-07-05T15:45:33,paris,1000,1000,0,ok,
2026-07-05T15:45:33,meaux,16,16,0,ok,
2026-07-05T15:45:33,chessy,88,74,0,ok,
2026-07-05T15:45:33,serris,69,2,0,ok,
2026-07-05T15:45:33,torcy,223,144,0,ok,
2026-07-05T15:47:40,paris,1000,1000,0,ok,
2026-07-05T15:47:40,meaux,16,16,0,ok,
2026-07-05T15:47:40,chessy,88,74,0,ok,
2026-07-05T15:47:40,serris,69,2,0,ok,
2026-07-05T15:47:40,torcy,223,144,0,ok,
2026-07-05T16:01:08,paris,1000,1000,0,ok,
2026-07-05T16:01:08,meaux,16,16,0,ok,
2026-07-05T16:01:08,chessy,88,74,0,ok,
2026-07-05T16:01:08,serris,69,2,0,ok,
2026-07-05T16:01:08,torcy,223,144,0,ok,
2026-07-05T16:15:32,paris,1000,1000,0,ok,
2026-07-05T16:15:32,meaux,16,16,0,ok,
2026-07-05T16:15:32,chessy,88,74,0,ok,
2026-07-05T16:15:32,serris,69,2,0,ok,
2026-07-05T16:15:32,torcy,223,144,0,ok,
2026-07-05T16:30:59,paris,1000,1000,0,ok,
2026-07-05T16:30:59,meaux,16,16,0,ok,
2026-07-05T16:30:59,chessy,88,74,0,ok,
2026-07-05T16:30:59,serris,69,2,0,ok,
2026-07-05T16:30:59,torcy,223,144,0,ok,
2026-07-05T16:45:29,paris,1000,1000,0,ok,
2026-07-05T16:45:29,meaux,16,16,0,ok,
2026-07-05T16:45:29,chessy,88,74,0,ok,
2026-07-05T16:45:29,serris,69,2,0,ok,
2026-07-05T16:45:29,torcy,223,144,0,ok,
2026-07-05T17:01:05,paris,1000,1000,0,ok,
2026-07-05T17:01:05,meaux,16,16,0,ok,
2026-07-05T17:01:05,chessy,88,74,0,ok,
2026-07-05T17:01:05,serris,69,2,0,ok,
2026-07-05T17:01:05,torcy,223,144,0,ok,
2026-07-05T17:03:49,paris,1000,1000,0,ok,
2026-07-05T17:03:49,meaux,16,16,0,ok,
2026-07-05T17:03:49,chessy,88,74,0,ok,
2026-07-05T17:03:49,serris,69,2,0,ok,
2026-07-05T17:03:49,torcy,223,144,0,ok,
2026-07-05T17:15:34,paris,1000,1000,0,ok,
2026-07-05T17:15:34,meaux,16,16,0,ok,
2026-07-05T17:15:34,chessy,88,74,0,ok,
2026-07-05T17:15:34,serris,69,2,0,ok,
2026-07-05T17:15:34,torcy,223,144,0,ok,
2026-07-05T17:31:01,paris,1000,1000,0,ok,
2026-07-05T17:31:01,meaux,16,16,0,ok,
2026-07-05T17:31:01,chessy,88,74,0,ok,
2026-07-05T17:31:01,serris,69,2,0,ok,
2026-07-05T17:31:01,torcy,223,144,0,ok,
2026-07-05T17:45:31,paris,1000,1000,0,ok,
2026-07-05T17:45:31,meaux,16,16,0,ok,
2026-07-05T17:45:31,chessy,88,74,0,ok,
2026-07-05T17:45:31,serris,69,2,0,ok,
2026-07-05T17:45:31,torcy,223,144,0,ok,
2026-07-05T18:01:06,paris,1000,1000,0,ok,
2026-07-05T18:01:06,meaux,16,16,0,ok,
2026-07-05T18:01:06,chessy,88,74,0,ok,
2026-07-05T18:01:06,serris,69,2,0,ok,
2026-07-05T18:01:06,torcy,223,144,0,ok,
2026-07-05T18:15:32,paris,1000,1000,0,ok,
2026-07-05T18:15:32,meaux,16,16,0,ok,
2026-07-05T18:15:32,chessy,88,74,0,ok,
2026-07-05T18:15:32,serris,69,2,0,ok,
2026-07-05T18:15:32,torcy,223,144,0,ok,
2026-07-05T18:31:04,paris,1000,1000,0,ok,
2026-07-05T18:31:04,meaux,16,16,0,ok,
2026-07-05T18:31:04,chessy,88,74,0,ok,
2026-07-05T18:31:04,serris,69,2,0,ok,
2026-07-05T18:31:04,torcy,223,144,0,ok,
2026-07-05T18:35:44,paris,1000,1000,0,ok,
2026-07-05T18:35:44,meaux,16,16,0,ok,
2026-07-05T18:35:44,chessy,88,74,0,ok,
2026-07-05T18:35:44,serris,69,2,0,ok,
2026-07-05T18:35:44,torcy,223,144,0,ok,
2026-07-05T18:45:30,paris,1000,1000,0,ok,
2026-07-05T18:45:30,meaux,16,16,0,ok,
2026-07-05T18:45:30,chessy,88,74,0,ok,
2026-07-05T18:45:30,serris,69,2,0,ok,
2026-07-05T18:45:30,torcy,223,144,0,ok,
2026-07-05T19:01:09,paris,1000,1000,0,ok,
2026-07-05T19:01:09,meaux,16,16,0,ok,
2026-07-05T19:01:09,chessy,88,74,0,ok,
2026-07-05T19:01:09,serris,69,2,0,ok,
2026-07-05T19:01:09,torcy,223,144,0,ok,
2026-07-05T19:15:34,paris,1000,1000,0,ok,
2026-07-05T19:15:34,meaux,16,16,0,ok,
2026-07-05T19:15:34,chessy,88,74,0,ok,
2026-07-05T19:15:34,serris,69,2,0,ok,
2026-07-05T19:15:34,torcy,223,144,0,ok,
2026-07-05T19:31:10,paris,1000,1000,0,ok,
2026-07-05T19:31:10,meaux,16,16,0,ok,
2026-07-05T19:31:10,chessy,88,74,0,ok,
2026-07-05T19:31:10,serris,69,2,0,ok,
2026-07-05T19:31:10,torcy,223,144,0,ok,
2026-07-05T19:45:33,paris,1000,1000,0,ok,
2026-07-05T19:45:33,meaux,16,16,0,ok,
2026-07-05T19:45:33,chessy,88,74,0,ok,
2026-07-05T19:45:33,serris,69,2,0,ok,
2026-07-05T19:45:33,torcy,223,144,0,ok,
2026-07-05T20:01:13,paris,1000,1000,0,ok,
2026-07-05T20:01:13,meaux,16,16,0,ok,
2026-07-05T20:01:13,chessy,88,74,0,ok,
2026-07-05T20:01:13,serris,69,2,0,ok,
2026-07-05T20:01:13,torcy,223,144,0,ok,
2026-07-05T20:10:10,paris,1000,1000,0,ok,
2026-07-05T20:10:10,meaux,16,16,0,ok,
2026-07-05T20:10:10,chessy,88,74,0,ok,
2026-07-05T20:10:10,serris,69,2,0,ok,
2026-07-05T20:10:10,torcy,223,144,0,ok,
2026-07-05T20:15:32,paris,1000,1000,0,ok,
2026-07-05T20:15:32,meaux,16,16,0,ok,
2026-07-05T20:15:32,chessy,88,74,0,ok,
2026-07-05T20:15:32,serris,69,2,0,ok,
2026-07-05T20:15:32,torcy,223,144,0,ok,
2026-07-05T20:31:03,paris,1000,1000,0,ok,
2026-07-05T20:31:03,meaux,16,16,0,ok,
2026-07-05T20:31:03,chessy,88,74,0,ok,
2026-07-05T20:31:03,serris,69,2,0,ok,
2026-07-05T20:31:03,torcy,223,144,0,ok,
2026-07-05T20:45:36,paris,1000,1000,0,ok,
2026-07-05T20:45:36,meaux,16,16,0,ok,
2026-07-05T20:45:36,chessy,88,74,0,ok,
2026-07-05T20:45:36,serris,69,2,0,ok,
2026-07-05T20:45:36,torcy,223,144,0,ok,
2026-07-05T21:01:12,paris,1000,1000,0,ok,
2026-07-05T21:01:12,meaux,16,16,0,ok,
2026-07-05T21:01:12,chessy,88,74,0,ok,
2026-07-05T21:01:12,serris,69,2,0,ok,
2026-07-05T21:01:12,torcy,223,144,0,ok,
2026-07-05T21:15:34,paris,1000,1000,0,ok,
2026-07-05T21:15:34,meaux,16,16,0,ok,
2026-07-05T21:15:34,chessy,88,74,0,ok,
2026-07-05T21:15:34,serris,69,2,0,ok,
2026-07-05T21:15:34,torcy,223,144,0,ok,
2026-07-05T21:31:05,paris,1000,1000,0,ok,
2026-07-05T21:31:05,meaux,16,16,0,ok,
2026-07-05T21:31:05,chessy,88,74,0,ok,
2026-07-05T21:31:05,serris,69,2,0,ok,
2026-07-05T21:31:05,torcy,224,145,0,ok,
2026-07-05T21:33:28,paris,1000,1000,0,ok,
2026-07-05T21:33:28,meaux,16,16,0,ok,
2026-07-05T21:33:28,chessy,88,74,0,ok,
2026-07-05T21:33:28,serris,69,2,0,ok,
2026-07-05T21:33:28,torcy,224,145,0,ok,
2026-07-05T21:45:32,paris,1000,1000,0,ok,
2026-07-05T21:45:32,meaux,16,16,0,ok,
2026-07-05T21:45:32,chessy,88,74,0,ok,
2026-07-05T21:45:32,serris,69,2,0,ok,
2026-07-05T21:45:32,torcy,224,145,0,ok,
2026-07-05T22:01:08,paris,1000,1000,0,ok,
2026-07-05T22:01:08,meaux,16,16,0,ok,
2026-07-05T22:01:08,chessy,88,74,0,ok,
2026-07-05T22:01:08,serris,69,2,0,ok,
2026-07-05T22:01:08,torcy,224,145,0,ok,
2026-07-05T22:15:33,paris,1000,1000,0,ok,
2026-07-05T22:15:33,meaux,16,16,0,ok,
2026-07-05T22:15:33,chessy,88,74,0,ok,
2026-07-05T22:15:33,serris,69,2,0,ok,
2026-07-05T22:15:33,torcy,224,145,0,ok,
2026-07-05T22:31:04,paris,1000,1000,0,ok,
2026-07-05T22:31:04,meaux,16,16,0,ok,
2026-07-05T22:31:04,chessy,88,74,0,ok,
2026-07-05T22:31:04,serris,69,2,0,ok,
2026-07-05T22:31:04,torcy,224,145,0,ok,
2026-07-05T22:45:33,paris,1000,1000,0,ok,
2026-07-05T22:45:33,meaux,16,16,0,ok,
2026-07-05T22:45:33,chessy,88,74,0,ok,
2026-07-05T22:45:33,serris,69,2,0,ok,
2026-07-05T22:45:33,torcy,224,145,0,ok,
2026-07-05T22:57:35,paris,1000,1000,0,ok,
2026-07-05T22:57:35,meaux,16,16,0,ok,
2026-07-05T22:57:35,chessy,88,74,0,ok,
2026-07-05T22:57:35,serris,69,2,0,ok,
2026-07-05T22:57:35,torcy,224,145,0,ok,
2026-07-05T23:01:09,paris,1000,1000,0,ok,
2026-07-05T23:01:09,meaux,16,16,0,ok,
2026-07-05T23:01:09,chessy,88,74,0,ok,
2026-07-05T23:01:09,serris,69,2,0,ok,
2026-07-05T23:01:09,torcy,224,145,0,ok,
2026-07-05T23:15:32,paris,1000,1000,0,ok,
2026-07-05T23:15:32,meaux,16,16,0,ok,
2026-07-05T23:15:32,chessy,88,74,0,ok,
2026-07-05T23:15:32,serris,69,2,0,ok,
2026-07-05T23:15:32,torcy,224,145,0,ok,
2026-07-05T23:31:06,paris,1000,1000,0,ok,
2026-07-05T23:31:06,meaux,16,16,0,ok,
2026-07-05T23:31:06,chessy,88,74,0,ok,
2026-07-05T23:31:06,serris,69,2,0,ok,
2026-07-05T23:31:06,torcy,224,145,0,ok,
2026-07-05T23:45:34,paris,1000,1000,0,ok,
2026-07-05T23:45:34,meaux,16,16,0,ok,
2026-07-05T23:45:34,chessy,88,74,0,ok,
2026-07-05T23:45:34,serris,69,2,0,ok,
2026-07-05T23:45:34,torcy,224,145,0,ok,
2026-07-06T00:01:11,paris,1000,1000,0,ok,
2026-07-06T00:01:11,meaux,16,16,0,ok,
2026-07-06T00:01:11,chessy,88,74,0,ok,
2026-07-06T00:01:11,serris,69,2,0,ok,
2026-07-06T00:01:11,torcy,224,145,0,ok,
2026-07-06T00:08:10,paris,1000,1000,0,ok,
2026-07-06T00:08:10,meaux,16,16,0,ok,
2026-07-06T00:08:10,chessy,88,74,0,ok,
2026-07-06T00:08:10,serris,69,2,0,ok,
2026-07-06T00:08:10,torcy,224,145,0,ok,
2026-07-06T00:15:33,paris,1000,1000,0,ok,
2026-07-06T00:15:33,meaux,16,16,0,ok,
2026-07-06T00:15:33,chessy,88,74,0,ok,
2026-07-06T00:15:33,serris,69,2,0,ok,
2026-07-06T00:15:33,torcy,224,145,0,ok,
2026-07-06T00:31:03,paris,1000,999,0,ok,
2026-07-06T00:31:03,meaux,16,16,0,ok,
2026-07-06T00:31:03,chessy,88,74,0,ok,
2026-07-06T00:31:03,serris,69,2,0,ok,
2026-07-06T00:31:03,torcy,224,145,0,ok,
2026-07-06T00:45:32,paris,1000,1000,0,ok,
2026-07-06T00:45:32,meaux,16,16,0,ok,
2026-07-06T00:45:32,chessy,88,74,0,ok,
2026-07-06T00:45:32,serris,69,2,0,ok,
2026-07-06T00:45:32,torcy,224,145,0,ok,
2026-07-06T01:01:06,paris,1000,1000,0,ok,
2026-07-06T01:01:06,meaux,16,16,0,ok,
2026-07-06T01:01:06,chessy,88,74,0,ok,
2026-07-06T01:01:06,serris,69,2,0,ok,
2026-07-06T01:01:06,torcy,224,145,0,ok,
2026-07-06T01:15:33,paris,1000,1000,0,ok,
2026-07-06T01:15:33,meaux,16,16,0,ok,
2026-07-06T01:15:33,chessy,88,74,0,ok,
2026-07-06T01:15:33,serris,69,2,0,ok,
2026-07-06T01:15:33,torcy,224,145,0,ok,
2026-07-06T01:31:01,paris,1000,1000,0,ok,
2026-07-06T01:31:01,meaux,16,16,0,ok,
2026-07-06T01:31:01,chessy,88,74,0,ok,
2026-07-06T01:31:01,serris,69,2,0,ok,
2026-07-06T01:31:01,torcy,224,145,0,ok,
2026-07-06T01:45:30,paris,1000,1000,0,ok,
2026-07-06T01:45:30,meaux,16,16,0,ok,
2026-07-06T01:45:30,chessy,88,74,0,ok,
2026-07-06T01:45:30,serris,69,2,0,ok,
2026-07-06T01:45:30,torcy,224,145,0,ok,
2026-07-06T02:01:07,paris,1000,1000,0,ok,
2026-07-06T02:01:07,meaux,16,16,0,ok,
2026-07-06T02:01:07,chessy,88,74,0,ok,
2026-07-06T02:01:07,serris,69,2,0,ok,
2026-07-06T02:01:07,torcy,224,145,0,ok,
2026-07-06T02:15:32,paris,1000,1000,0,ok,
2026-07-06T02:15:32,meaux,16,16,0,ok,
2026-07-06T02:15:32,chessy,88,74,0,ok,
2026-07-06T02:15:32,serris,69,2,0,ok,
2026-07-06T02:15:32,torcy,224,145,0,ok,
2026-07-06T02:31:01,paris,1000,1000,0,ok,
2026-07-06T02:31:01,meaux,16,16,0,ok,
2026-07-06T02:31:01,chessy,88,74,0,ok,
2026-07-06T02:31:01,serris,69,2,0,ok,
2026-07-06T02:31:01,torcy,224,145,0,ok,
2026-07-06T02:45:33,paris,1000,1000,0,ok,
2026-07-06T02:45:33,meaux,16,16,0,ok,
2026-07-06T02:45:33,chessy,88,74,0,ok,
2026-07-06T02:45:33,serris,69,2,0,ok,
2026-07-06T02:45:33,torcy,224,145,0,ok,
2026-07-06T03:01:10,paris,1000,1000,0,ok,
2026-07-06T03:01:10,meaux,16,16,0,ok,
2026-07-06T03:01:10,chessy,88,74,0,ok,
2026-07-06T03:01:10,serris,69,2,0,ok,
2026-07-06T03:01:10,torcy,224,145,0,ok,
2026-07-06T03:15:35,paris,1000,1000,0,ok,
2026-07-06T03:15:35,meaux,16,16,0,ok,
2026-07-06T03:15:35,chessy,88,74,0,ok,
2026-07-06T03:15:35,serris,69,2,0,ok,
2026-07-06T03:15:35,torcy,224,145,0,ok,
2026-07-06T03:31:03,paris,1000,1000,0,ok,
2026-07-06T03:31:03,meaux,16,16,0,ok,
2026-07-06T03:31:03,chessy,88,74,0,ok,
2026-07-06T03:31:03,serris,69,2,0,ok,
2026-07-06T03:31:03,torcy,224,145,0,ok,
2026-07-06T03:45:33,paris,1000,1000,0,ok,
2026-07-06T03:45:33,meaux,16,16,0,ok,
2026-07-06T03:45:33,chessy,88,74,0,ok,
2026-07-06T03:45:33,serris,69,2,0,ok,
2026-07-06T03:45:33,torcy,224,145,0,ok,
2026-07-06T04:01:15,paris,1000,1000,0,ok,
2026-07-06T04:01:15,meaux,16,16,0,ok,
2026-07-06T04:01:15,chessy,88,74,0,ok,
2026-07-06T04:01:15,serris,69,2,0,ok,
2026-07-06T04:01:15,torcy,224,145,0,ok,
2026-07-06T04:15:33,paris,1000,1000,0,ok,
2026-07-06T04:15:33,meaux,16,16,0,ok,
2026-07-06T04:15:33,chessy,88,74,0,ok,
2026-07-06T04:15:33,serris,69,2,0,ok,
2026-07-06T04:15:33,torcy,224,145,0,ok,
2026-07-06T04:31:01,paris,1000,1000,0,ok,
2026-07-06T04:31:01,meaux,16,16,0,ok,
2026-07-06T04:31:01,chessy,88,74,0,ok,
2026-07-06T04:31:01,serris,69,2,0,ok,
2026-07-06T04:31:01,torcy,224,145,0,ok,
2026-07-06T04:45:34,paris,1000,1000,0,ok,
2026-07-06T04:45:34,meaux,16,16,0,ok,
2026-07-06T04:45:34,chessy,88,74,0,ok,
2026-07-06T04:45:34,serris,69,2,0,ok,
2026-07-06T04:45:34,torcy,224,145,0,ok,
2026-07-06T04:49:49,paris,1000,1000,0,ok,
2026-07-06T04:49:49,meaux,16,16,0,ok,
2026-07-06T04:49:49,chessy,88,74,0,ok,
2026-07-06T04:49:49,serris,69,2,0,ok,
2026-07-06T04:49:49,torcy,224,145,0,ok,
2026-07-06T05:01:17,paris,1000,1000,0,ok,
2026-07-06T05:01:17,meaux,16,16,0,ok,
2026-07-06T05:01:17,chessy,88,74,0,ok,
2026-07-06T05:01:17,serris,69,2,0,ok,
2026-07-06T05:01:17,torcy,224,145,0,ok,
2026-07-06T05:15:34,paris,1000,1000,0,ok,
2026-07-06T05:15:34,meaux,16,16,0,ok,
2026-07-06T05:15:34,chessy,88,74,0,ok,
2026-07-06T05:15:34,serris,69,2,0,ok,
2026-07-06T05:15:34,torcy,224,145,0,ok,
2026-07-06T05:31:01,paris,1000,1000,0,ok,
2026-07-06T05:31:01,meaux,16,16,0,ok,
2026-07-06T05:31:01,chessy,88,74,0,ok,
2026-07-06T05:31:01,serris,69,2,0,ok,
2026-07-06T05:31:01,torcy,224,145,0,ok,
2026-07-06T05:45:35,paris,1000,1000,0,ok,
2026-07-06T05:45:35,meaux,16,16,0,ok,
2026-07-06T05:45:35,chessy,88,74,0,ok,
2026-07-06T05:45:35,serris,69,2,0,ok,
2026-07-06T05:45:35,torcy,224,145,0,ok,
2026-07-06T06:01:18,paris,1000,1000,0,ok,
2026-07-06T06:01:18,meaux,16,16,0,ok,
2026-07-06T06:01:18,chessy,88,74,0,ok,
2026-07-06T06:01:18,serris,69,2,0,ok,
2026-07-06T06:01:18,torcy,224,145,0,ok,
2026-07-06T06:15:35,paris,1000,1000,0,ok,
2026-07-06T06:15:35,meaux,16,16,0,ok,
2026-07-06T06:15:35,chessy,88,74,0,ok,
2026-07-06T06:15:35,serris,69,2,0,ok,
2026-07-06T06:15:35,torcy,224,145,0,ok,
2026-07-06T06:31:07,paris,1000,1000,0,ok,
2026-07-06T06:31:07,meaux,16,16,0,ok,
2026-07-06T06:31:07,chessy,88,74,0,ok,
2026-07-06T06:31:07,serris,69,2,0,ok,
2026-07-06T06:31:07,torcy,224,145,0,ok,
2026-07-06T06:45:34,paris,1000,1000,0,ok,
2026-07-06T06:45:34,meaux,16,16,0,ok,
2026-07-06T06:45:34,chessy,88,74,0,ok,
2026-07-06T06:45:34,serris,69,2,0,ok,
2026-07-06T06:45:34,torcy,224,145,0,ok,
2026-07-06T07:01:14,paris,1000,1000,0,ok,
2026-07-06T07:01:14,meaux,16,16,0,ok,
2026-07-06T07:01:14,chessy,88,74,0,ok,
2026-07-06T07:01:14,serris,69,2,0,ok,
2026-07-06T07:01:14,torcy,224,145,0,ok,
2026-07-06T07:15:34,paris,1000,1000,0,ok,
2026-07-06T07:15:34,meaux,16,16,0,ok,
2026-07-06T07:15:34,chessy,88,74,0,ok,
2026-07-06T07:15:34,serris,69,2,0,ok,
2026-07-06T07:15:34,torcy,224,145,0,ok,
2026-07-06T07:31:08,paris,1000,1000,0,ok,
2026-07-06T07:31:08,meaux,16,16,0,ok,
2026-07-06T07:31:08,chessy,88,74,0,ok,
2026-07-06T07:31:08,serris,69,2,0,ok,
2026-07-06T07:31:08,torcy,224,145,0,ok,
2026-07-06T07:45:35,paris,1000,1000,0,ok,
2026-07-06T07:45:35,meaux,16,16,0,ok,
2026-07-06T07:45:35,chessy,88,74,0,ok,
2026-07-06T07:45:35,serris,69,2,0,ok,
2026-07-06T07:45:35,torcy,224,145,0,ok,
2026-07-06T08:01:14,paris,1000,1000,0,ok,
2026-07-06T08:01:14,meaux,16,16,0,ok,
2026-07-06T08:01:14,chessy,88,74,0,ok,
2026-07-06T08:01:14,serris,69,2,0,ok,
2026-07-06T08:01:14,torcy,224,145,0,ok,
2026-07-06T08:15:35,paris,1000,1000,0,ok,
2026-07-06T08:15:35,meaux,16,16,0,ok,
2026-07-06T08:15:35,chessy,88,74,0,ok,
2026-07-06T08:15:35,serris,69,2,0,ok,
2026-07-06T08:15:35,torcy,224,145,0,ok,
2026-07-06T08:31:05,paris,1000,1000,0,ok,
2026-07-06T08:31:05,meaux,16,16,0,ok,
2026-07-06T08:31:05,chessy,88,74,0,ok,
2026-07-06T08:31:05,serris,69,2,0,ok,
2026-07-06T08:31:05,torcy,224,145,0,ok,
2026-07-06T08:45:37,paris,1000,1000,0,ok,
2026-07-06T08:45:37,meaux,16,16,0,ok,
2026-07-06T08:45:37,chessy,88,74,0,ok,
2026-07-06T08:45:37,serris,69,2,0,ok,
2026-07-06T08:45:37,torcy,224,145,0,ok,
2026-07-06T08:57:26,paris,1000,1000,0,ok,
2026-07-06T08:57:26,meaux,16,16,0,ok,
2026-07-06T08:57:26,chessy,88,74,0,ok,
2026-07-06T08:57:26,serris,69,2,0,ok,
2026-07-06T08:57:26,torcy,224,145,0,ok,
2026-07-06T09:01:15,paris,1000,1000,0,ok,
2026-07-06T09:01:15,meaux,16,16,0,ok,
2026-07-06T09:01:15,chessy,88,74,0,ok,
2026-07-06T09:01:15,serris,69,2,0,ok,
2026-07-06T09:01:15,torcy,224,145,0,ok,
2026-07-06T09:15:36,paris,1000,1000,0,ok,
2026-07-06T09:15:36,meaux,16,16,0,ok,
2026-07-06T09:15:36,chessy,88,74,0,ok,
2026-07-06T09:15:36,serris,69,2,0,ok,
2026-07-06T09:15:36,torcy,224,145,0,ok,
2026-07-06T09:31:04,paris,1000,1000,0,ok,
2026-07-06T09:31:04,meaux,16,16,0,ok,
2026-07-06T09:31:04,chessy,88,74,0,ok,
2026-07-06T09:31:04,serris,69,2,0,ok,
2026-07-06T09:31:04,torcy,224,145,0,ok,
2026-07-06T09:45:35,paris,1000,1000,0,ok,
2026-07-06T09:45:35,meaux,16,16,0,ok,
2026-07-06T09:45:35,chessy,88,74,0,ok,
2026-07-06T09:45:35,serris,69,2,0,ok,
2026-07-06T09:45:35,torcy,224,145,0,ok,
2026-07-06T10:01:14,paris,1000,1000,0,ok,
2026-07-06T10:01:14,meaux,16,16,0,ok,
2026-07-06T10:01:14,chessy,88,74,0,ok,
2026-07-06T10:01:14,serris,69,2,0,ok,
2026-07-06T10:01:14,torcy,224,145,0,ok,
2026-07-06T10:15:35,paris,1000,1000,0,ok,
2026-07-06T10:15:35,meaux,16,16,0,ok,
2026-07-06T10:15:35,chessy,88,74,0,ok,
2026-07-06T10:15:35,serris,69,2,0,ok,
2026-07-06T10:15:35,torcy,224,145,0,ok,
2026-07-06T10:31:01,paris,1000,1000,0,ok,
2026-07-06T10:31:01,meaux,16,16,0,ok,
2026-07-06T10:31:01,chessy,88,74,0,ok,
2026-07-06T10:31:01,serris,69,2,0,ok,
2026-07-06T10:31:01,torcy,224,145,0,ok,
2026-07-06T10:45:36,paris,1000,1000,0,ok,
2026-07-06T10:45:36,meaux,16,16,0,ok,
2026-07-06T10:45:36,chessy,88,74,0,ok,
2026-07-06T10:45:36,serris,69,2,0,ok,
2026-07-06T10:45:36,torcy,224,145,0,ok,
2026-07-06T11:01:15,paris,1000,1000,0,ok,
2026-07-06T11:01:15,meaux,16,16,0,ok,
2026-07-06T11:01:15,chessy,88,74,0,ok,
2026-07-06T11:01:15,serris,69,2,0,ok,
2026-07-06T11:01:15,torcy,224,145,0,ok,
2026-07-06T11:15:34,paris,1000,1000,0,ok,
2026-07-06T11:15:34,meaux,16,16,0,ok,
2026-07-06T11:15:34,chessy,88,74,0,ok,
2026-07-06T11:15:34,serris,69,2,0,ok,
2026-07-06T11:15:34,torcy,224,145,0,ok,
2026-07-06T11:31:05,paris,1000,1000,0,ok,
2026-07-06T11:31:05,meaux,16,16,0,ok,
2026-07-06T11:31:05,chessy,88,74,0,ok,
2026-07-06T11:31:05,serris,69,2,0,ok,
2026-07-06T11:31:05,torcy,224,145,0,ok,
2026-07-06T11:45:34,paris,1000,1000,0,ok,
2026-07-06T11:45:34,meaux,16,16,0,ok,
2026-07-06T11:45:34,chessy,88,74,0,ok,
2026-07-06T11:45:34,serris,69,2,0,ok,
2026-07-06T11:45:34,torcy,224,145,0,ok,
2026-07-06T12:01:31,paris,1000,1000,0,ok,
2026-07-06T12:01:31,meaux,16,16,0,ok,
2026-07-06T12:01:31,chessy,88,74,0,ok,
2026-07-06T12:01:31,serris,69,2,0,ok,
2026-07-06T12:01:31,torcy,224,145,0,ok,
2026-07-06T12:15:37,paris,1000,1000,0,ok,
2026-07-06T12:15:37,meaux,16,16,0,ok,
2026-07-06T12:15:37,chessy,88,74,0,ok,
2026-07-06T12:15:37,serris,69,2,0,ok,
2026-07-06T12:15:37,torcy,224,145,0,ok,
2026-07-06T12:31:11,paris,1000,1000,0,ok,
2026-07-06T12:31:11,meaux,16,16,0,ok,
2026-07-06T12:31:11,chessy,88,74,0,ok,
2026-07-06T12:31:11,serris,69,2,0,ok,
2026-07-06T12:31:11,torcy,224,145,0,ok,
2026-07-06T12:45:36,paris,1000,1000,0,ok,
2026-07-06T12:45:36,meaux,16,16,0,ok,
2026-07-06T12:45:36,chessy,88,74,0,ok,
2026-07-06T12:45:36,serris,69,2,0,ok,
2026-07-06T12:45:36,torcy,224,145,0,ok,
2026-07-06T12:48:58,paris,1000,1000,0,ok,
2026-07-06T12:48:58,meaux,16,16,0,ok,
2026-07-06T12:48:58,chessy,88,74,0,ok,
2026-07-06T12:48:58,serris,69,2,0,ok,
2026-07-06T12:48:58,torcy,224,145,0,ok,
2026-07-06T13:01:17,paris,1000,1000,0,ok,
2026-07-06T13:01:17,meaux,16,16,0,ok,
2026-07-06T13:01:17,chessy,88,74,0,ok,
2026-07-06T13:01:17,serris,69,2,0,ok,
2026-07-06T13:01:17,torcy,224,145,0,ok,
2026-07-06T13:15:42,paris,1000,1000,0,ok,
2026-07-06T13:15:42,meaux,16,16,0,ok,
2026-07-06T13:15:42,chessy,88,74,0,ok,
2026-07-06T13:15:42,serris,69,2,0,ok,
2026-07-06T13:15:42,torcy,224,145,0,ok,
2026-07-06T13:31:07,paris,1000,1000,0,ok,
2026-07-06T13:31:07,meaux,16,16,0,ok,
2026-07-06T13:31:07,chessy,88,74,0,ok,
2026-07-06T13:31:07,serris,69,2,0,ok,
2026-07-06T13:31:07,torcy,224,145,0,ok,
2026-07-06T13:45:37,paris,1000,1000,0,ok,
2026-07-06T13:45:37,meaux,16,16,0,ok,
2026-07-06T13:45:37,chessy,88,74,0,ok,
2026-07-06T13:45:37,serris,69,2,0,ok,
2026-07-06T13:45:37,torcy,224,145,0,ok,
2026-07-06T14:01:19,paris,1000,1000,0,ok,
2026-07-06T14:01:19,meaux,16,16,0,ok,
2026-07-06T14:01:19,chessy,88,74,0,ok,
2026-07-06T14:01:19,serris,69,2,0,ok,
2026-07-06T14:01:19,torcy,224,145,0,ok,
2026-07-06T14:15:40,paris,1000,1000,0,ok,
2026-07-06T14:15:40,meaux,16,16,0,ok,
2026-07-06T14:15:40,chessy,88,74,0,ok,
2026-07-06T14:15:40,serris,69,2,0,ok,
2026-07-06T14:15:40,torcy,224,145,0,ok,
2026-07-06T14:31:12,paris,1000,1000,0,ok,
2026-07-06T14:31:12,meaux,16,16,0,ok,
2026-07-06T14:31:12,chessy,88,74,0,ok,
2026-07-06T14:31:12,serris,69,2,0,ok,
2026-07-06T14:31:12,torcy,224,145,0,ok,
2026-07-06T14:45:36,paris,1000,1000,0,ok,
2026-07-06T14:45:36,meaux,16,16,0,ok,
2026-07-06T14:45:36,chessy,88,74,0,ok,
2026-07-06T14:45:36,serris,69,2,0,ok,
2026-07-06T14:45:36,torcy,224,145,0,ok,
2026-07-06T15:01:18,paris,1000,1000,0,ok,
2026-07-06T15:01:18,meaux,16,16,0,ok,
2026-07-06T15:01:18,chessy,88,74,0,ok,
2026-07-06T15:01:18,serris,69,2,0,ok,
2026-07-06T15:01:18,torcy,224,145,0,ok,
2026-07-06T15:15:38,paris,1000,1000,0,ok,
2026-07-06T15:15:38,meaux,16,16,0,ok,
2026-07-06T15:15:38,chessy,88,74,0,ok,
2026-07-06T15:15:38,serris,69,2,0,ok,
2026-07-06T15:15:38,torcy,224,145,0,ok,
2026-07-06T15:31:10,paris,1000,1000,0,ok,
2026-07-06T15:31:10,meaux,16,16,0,ok,
2026-07-06T15:31:10,chessy,88,74,0,ok,
2026-07-06T15:31:10,serris,69,2,0,ok,
2026-07-06T15:31:10,torcy,224,145,0,ok,
2026-07-06T15:45:34,paris,1000,1000,0,ok,
2026-07-06T15:45:34,meaux,16,16,0,ok,
2026-07-06T15:45:34,chessy,88,74,0,ok,
2026-07-06T15:45:34,serris,69,2,0,ok,
2026-07-06T15:45:34,torcy,224,145,0,ok,
2026-07-06T16:01:13,paris,1000,1000,0,ok,
2026-07-06T16:01:13,meaux,16,16,0,ok,
2026-07-06T16:01:13,chessy,88,74,0,ok,
2026-07-06T16:01:13,serris,69,2,0,ok,
2026-07-06T16:01:13,torcy,224,145,0,ok,
2026-07-06T16:15:35,paris,1000,1000,0,ok,
2026-07-06T16:15:35,meaux,16,16,0,ok,
2026-07-06T16:15:35,chessy,88,74,0,ok,
2026-07-06T16:15:35,serris,69,2,0,ok,
2026-07-06T16:15:35,torcy,224,145,0,ok,
2026-07-06T16:16:40,paris,1000,1000,0,ok,
2026-07-06T16:16:40,meaux,16,16,0,ok,
2026-07-06T16:16:40,chessy,88,74,0,ok,
2026-07-06T16:16:40,serris,69,2,0,ok,
2026-07-06T16:16:40,torcy,224,145,0,ok,
2026-07-06T16:31:11,paris,1000,1000,0,ok,
2026-07-06T16:31:11,meaux,16,16,0,ok,
2026-07-06T16:31:11,chessy,88,74,0,ok,
2026-07-06T16:31:11,serris,69,2,0,ok,
2026-07-06T16:31:11,torcy,224,145,0,ok,
2026-07-06T16:45:34,paris,1000,1000,0,ok,
2026-07-06T16:45:34,meaux,16,16,0,ok,
2026-07-06T16:45:34,chessy,88,74,0,ok,
2026-07-06T16:45:34,serris,69,2,0,ok,
2026-07-06T16:45:34,torcy,224,145,0,ok,
2026-07-06T17:01:15,paris,1000,1000,0,ok,
2026-07-06T17:01:15,meaux,16,16,0,ok,
2026-07-06T17:01:15,chessy,88,74,0,ok,
2026-07-06T17:01:15,serris,69,2,0,ok,
2026-07-06T17:01:15,torcy,224,145,0,ok,
2026-07-06T17:15:34,paris,1000,1000,0,ok,
2026-07-06T17:15:34,meaux,16,16,0,ok,
2026-07-06T17:15:34,chessy,88,74,0,ok,
2026-07-06T17:15:34,serris,69,2,0,ok,
2026-07-06T17:15:34,torcy,224,145,0,ok,
2026-07-06T17:31:07,paris,1000,1000,0,ok,
2026-07-06T17:31:07,meaux,16,16,0,ok,
2026-07-06T17:31:07,chessy,88,74,0,ok,
2026-07-06T17:31:07,serris,69,2,0,ok,
2026-07-06T17:31:07,torcy,224,145,0,ok,
2026-07-06T17:45:34,paris,1000,1000,0,ok,
2026-07-06T17:45:34,meaux,16,16,0,ok,
2026-07-06T17:45:34,chessy,88,74,0,ok,
2026-07-06T17:45:34,serris,69,2,0,ok,
2026-07-06T17:45:34,torcy,224,145,0,ok,
2026-07-06T18:01:14,paris,1000,1000,0,ok,
2026-07-06T18:01:14,meaux,16,16,0,ok,
2026-07-06T18:01:14,chessy,88,74,0,ok,
2026-07-06T18:01:14,serris,69,2,0,ok,
2026-07-06T18:01:14,torcy,224,145,0,ok,
2026-07-06T18:15:35,paris,1000,1000,0,ok,
2026-07-06T18:15:35,meaux,16,16,0,ok,
2026-07-06T18:15:35,chessy,88,74,0,ok,
2026-07-06T18:15:35,serris,69,2,0,ok,
2026-07-06T18:15:35,torcy,224,145,0,ok,
2026-07-06T18:25:28,paris,1000,1000,0,ok,
2026-07-06T18:25:28,meaux,16,16,0,ok,
2026-07-06T18:25:28,chessy,88,74,0,ok,
2026-07-06T18:25:28,serris,69,2,0,ok,
2026-07-06T18:25:28,torcy,224,145,0,ok,
2026-07-06T18:31:11,paris,1000,1000,0,ok,
2026-07-06T18:31:11,meaux,16,16,0,ok,
2026-07-06T18:31:11,chessy,88,74,0,ok,
2026-07-06T18:31:11,serris,69,2,0,ok,
2026-07-06T18:31:11,torcy,224,145,0,ok,
2026-07-06T18:45:33,paris,1000,1000,0,ok,
2026-07-06T18:45:33,meaux,16,16,0,ok,
2026-07-06T18:45:33,chessy,88,74,0,ok,
2026-07-06T18:45:33,serris,69,2,0,ok,
2026-07-06T18:45:33,torcy,224,145,0,ok,
2026-07-06T19:01:14,paris,1000,1000,0,ok,
2026-07-06T19:01:14,meaux,16,16,0,ok,
2026-07-06T19:01:14,chessy,88,74,0,ok,
2026-07-06T19:01:14,serris,69,2,0,ok,
2026-07-06T19:01:14,torcy,224,145,0,ok,
2026-07-06T19:15:39,paris,1000,1000,0,ok,
2026-07-06T19:15:39,meaux,16,16,0,ok,
2026-07-06T19:15:39,chessy,88,74,0,ok,
2026-07-06T19:15:39,serris,69,2,0,ok,
2026-07-06T19:15:39,torcy,224,145,0,ok,
2026-07-06T19:31:06,paris,1000,1000,0,ok,
2026-07-06T19:31:06,meaux,16,16,0,ok,
2026-07-06T19:31:06,chessy,88,74,0,ok,
2026-07-06T19:31:06,serris,69,2,0,ok,
2026-07-06T19:31:06,torcy,224,145,0,ok,
2026-07-06T19:45:32,paris,1000,1000,0,ok,
2026-07-06T19:45:32,meaux,16,16,0,ok,
2026-07-06T19:45:32,chessy,88,74,0,ok,
2026-07-06T19:45:32,serris,69,2,0,ok,
2026-07-06T19:45:32,torcy,224,145,0,ok,
2026-07-06T20:01:14,paris,1000,1000,0,ok,
2026-07-06T20:01:14,meaux,16,16,0,ok,
2026-07-06T20:01:14,chessy,88,74,0,ok,
2026-07-06T20:01:14,serris,69,2,0,ok,
2026-07-06T20:01:14,torcy,224,145,0,ok,
2026-07-06T20:15:53,paris,1000,1000,0,ok,
2026-07-06T20:15:53,meaux,16,16,0,ok,
2026-07-06T20:15:53,chessy,88,74,0,ok,
2026-07-06T20:15:53,serris,69,2,0,ok,
2026-07-06T20:15:53,torcy,224,145,0,ok,
2026-07-06T20:22:23,paris,1000,1000,0,ok,
2026-07-06T20:22:23,meaux,16,16,0,ok,
2026-07-06T20:22:23,chessy,88,74,0,ok,
2026-07-06T20:22:23,serris,69,2,0,ok,
2026-07-06T20:22:23,torcy,224,145,0,ok,
2026-07-06T20:31:12,paris,1000,1000,0,ok,
2026-07-06T20:31:12,meaux,16,16,0,ok,
2026-07-06T20:31:12,chessy,88,74,0,ok,
2026-07-06T20:31:12,serris,69,2,0,ok,
2026-07-06T20:31:12,torcy,224,145,0,ok,
2026-07-06T20:45:36,paris,1000,1000,0,ok,
2026-07-06T20:45:36,meaux,16,16,0,ok,
2026-07-06T20:45:36,chessy,88,74,0,ok,
2026-07-06T20:45:36,serris,69,2,0,ok,
2026-07-06T20:45:36,torcy,224,145,0,ok,
2026-07-06T21:01:15,paris,1000,1000,0,ok,
2026-07-06T21:01:15,meaux,16,16,0,ok,
2026-07-06T21:01:15,chessy,88,74,0,ok,
2026-07-06T21:01:15,serris,69,2,0,ok,
2026-07-06T21:01:15,torcy,224,145,0,ok,
2026-07-06T21:15:39,paris,1000,1000,0,ok,
2026-07-06T21:15:39,meaux,16,16,0,ok,
2026-07-06T21:15:39,chessy,88,74,0,ok,
2026-07-06T21:15:39,serris,69,2,0,ok,
2026-07-06T21:15:39,torcy,224,145,0,ok,
2026-07-06T21:31:04,paris,1000,1000,0,ok,
2026-07-06T21:31:04,meaux,16,16,0,ok,
2026-07-06T21:31:04,chessy,88,74,0,ok,
2026-07-06T21:31:04,serris,69,2,0,ok,
2026-07-06T21:31:04,torcy,224,145,0,ok,
2026-07-06T21:45:35,paris,1000,1000,0,ok,
2026-07-06T21:45:35,meaux,16,16,0,ok,
2026-07-06T21:45:35,chessy,88,74,0,ok,
2026-07-06T21:45:35,serris,69,2,0,ok,
2026-07-06T21:45:35,torcy,224,145,0,ok,
2026-07-06T21:53:50,paris,1000,1000,0,ok,
2026-07-06T21:53:50,meaux,16,16,0,ok,
2026-07-06T21:53:50,chessy,88,74,0,ok,
2026-07-06T21:53:50,serris,69,2,0,ok,
2026-07-06T21:53:50,torcy,224,145,0,ok,
2026-07-06T22:01:18,paris,1000,1000,0,ok,
2026-07-06T22:01:18,meaux,16,16,0,ok,
2026-07-06T22:01:18,chessy,88,74,0,ok,
2026-07-06T22:01:18,serris,69,2,0,ok,
2026-07-06T22:01:18,torcy,224,145,0,ok,
2026-07-06T22:15:38,paris,1000,1000,0,ok,
2026-07-06T22:15:38,meaux,16,16,0,ok,
2026-07-06T22:15:38,chessy,88,74,0,ok,
2026-07-06T22:15:38,serris,69,2,0,ok,
2026-07-06T22:15:38,torcy,224,145,0,ok,
2026-07-06T22:31:08,paris,1000,1000,0,ok,
2026-07-06T22:31:08,meaux,16,16,0,ok,
2026-07-06T22:31:08,chessy,88,74,0,ok,
2026-07-06T22:31:08,serris,69,2,0,ok,
2026-07-06T22:31:08,torcy,224,145,0,ok,
2026-07-06T22:45:36,paris,1000,1000,0,ok,
2026-07-06T22:45:36,meaux,16,16,0,ok,
2026-07-06T22:45:36,chessy,88,74,0,ok,
2026-07-06T22:45:36,serris,69,2,0,ok,
2026-07-06T22:45:36,torcy,224,145,0,ok,
2026-07-06T23:01:15,paris,1000,1000,0,ok,
2026-07-06T23:01:15,meaux,16,16,0,ok,
2026-07-06T23:01:15,chessy,88,74,0,ok,
2026-07-06T23:01:15,serris,69,2,0,ok,
2026-07-06T23:01:15,torcy,224,145,0,ok,
2026-07-06T23:03:09,paris,1000,1000,0,ok,
2026-07-06T23:03:09,meaux,16,16,0,ok,
2026-07-06T23:03:09,chessy,88,74,0,ok,
2026-07-06T23:03:09,serris,69,2,0,ok,
2026-07-06T23:03:09,torcy,224,145,0,ok,
2026-07-06T23:15:35,paris,1000,1000,0,ok,
2026-07-06T23:15:35,meaux,16,16,0,ok,
2026-07-06T23:15:35,chessy,88,74,0,ok,
2026-07-06T23:15:35,serris,69,2,0,ok,
2026-07-06T23:15:35,torcy,224,145,0,ok,
2026-07-06T23:31:05,paris,1000,1000,0,ok,
2026-07-06T23:31:05,meaux,16,16,0,ok,
2026-07-06T23:31:05,chessy,88,74,0,ok,
2026-07-06T23:31:05,serris,69,2,0,ok,
2026-07-06T23:31:05,torcy,224,145,0,ok,
2026-07-06T23:45:32,paris,1000,1000,0,ok,
2026-07-06T23:45:32,meaux,16,16,0,ok,
2026-07-06T23:45:32,chessy,88,74,0,ok,
2026-07-06T23:45:32,serris,69,2,0,ok,
2026-07-06T23:45:32,torcy,224,145,0,ok,
2026-07-07T00:01:15,paris,1000,1000,0,ok,
2026-07-07T00:01:15,meaux,16,16,0,ok,
2026-07-07T00:01:15,chessy,88,74,0,ok,
2026-07-07T00:01:15,serris,69,2,0,ok,
2026-07-07T00:01:15,torcy,224,145,0,ok,
2026-07-07T00:15:33,paris,1000,1000,0,ok,
2026-07-07T00:15:33,meaux,16,16,0,ok,
2026-07-07T00:15:33,chessy,88,74,0,ok,
2026-07-07T00:15:33,serris,69,2,0,ok,
2026-07-07T00:15:33,torcy,224,145,0,ok,
2026-07-07T00:31:04,paris,1000,1000,0,ok,
2026-07-07T00:31:04,meaux,16,16,0,ok,
2026-07-07T00:31:04,chessy,88,74,0,ok,
2026-07-07T00:31:04,serris,69,2,0,ok,
2026-07-07T00:31:04,torcy,224,145,0,ok,
2026-07-07T00:45:35,paris,1000,1000,0,ok,
2026-07-07T00:45:35,meaux,16,16,0,ok,
2026-07-07T00:45:35,chessy,88,74,0,ok,
2026-07-07T00:45:35,serris,69,2,0,ok,
2026-07-07T00:45:35,torcy,224,145,0,ok,
2026-07-07T01:01:13,paris,1000,1000,0,ok,
2026-07-07T01:01:13,meaux,16,16,0,ok,
2026-07-07T01:01:13,chessy,88,74,0,ok,
2026-07-07T01:01:13,serris,69,2,0,ok,
2026-07-07T01:01:13,torcy,224,145,0,ok,
2026-07-07T01:15:25,paris,1000,1000,0,ok,
2026-07-07T01:15:25,meaux,16,16,0,ok,
2026-07-07T01:15:25,chessy,88,74,0,ok,
2026-07-07T01:15:25,serris,69,2,0,ok,
2026-07-07T01:15:25,torcy,224,145,0,ok,
2026-07-07T01:31:04,paris,1000,1000,0,ok,
2026-07-07T01:31:04,meaux,16,16,0,ok,
2026-07-07T01:31:04,chessy,88,74,0,ok,
2026-07-07T01:31:04,serris,69,2,0,ok,
2026-07-07T01:31:04,torcy,224,145,0,ok,
2026-07-07T01:45:34,paris,1000,1000,0,ok,
2026-07-07T01:45:34,meaux,16,16,0,ok,
2026-07-07T01:45:34,chessy,88,74,0,ok,
2026-07-07T01:45:34,serris,69,2,0,ok,
2026-07-07T01:45:34,torcy,224,145,0,ok,
2026-07-07T02:01:08,paris,1000,1000,0,ok,
2026-07-07T02:01:08,meaux,16,16,0,ok,
2026-07-07T02:01:08,chessy,88,74,0,ok,
2026-07-07T02:01:08,serris,69,2,0,ok,
2026-07-07T02:01:08,torcy,224,145,0,ok,
2026-07-07T02:15:37,paris,1000,1000,0,ok,
2026-07-07T02:15:37,meaux,16,16,0,ok,
2026-07-07T02:15:37,chessy,88,74,0,ok,
2026-07-07T02:15:37,serris,69,2,0,ok,
2026-07-07T02:15:37,torcy,224,145,0,ok,
2026-07-07T02:31:01,paris,1000,1000,0,ok,
2026-07-07T02:31:01,meaux,16,16,0,ok,
2026-07-07T02:31:01,chessy,88,74,0,ok,
2026-07-07T02:31:01,serris,69,2,0,ok,
2026-07-07T02:31:01,torcy,224,145,0,ok,
2026-07-07T02:45:36,paris,1000,1000,0,ok,
2026-07-07T02:45:36,meaux,16,16,0,ok,
2026-07-07T02:45:36,chessy,88,74,0,ok,
2026-07-07T02:45:36,serris,69,2,0,ok,
2026-07-07T02:45:36,torcy,224,145,0,ok,
2026-07-07T03:01:17,paris,1000,1000,0,ok,
2026-07-07T03:01:17,meaux,16,16,0,ok,
2026-07-07T03:01:17,chessy,88,74,0,ok,
2026-07-07T03:01:17,serris,69,2,0,ok,
2026-07-07T03:01:17,torcy,224,145,0,ok,
2026-07-07T03:15:35,paris,1000,1000,0,ok,
2026-07-07T03:15:35,meaux,16,16,0,ok,
2026-07-07T03:15:35,chessy,88,74,0,ok,
2026-07-07T03:15:35,serris,69,2,0,ok,
2026-07-07T03:15:35,torcy,224,145,0,ok,
2026-07-07T03:31:03,paris,1000,1000,0,ok,
2026-07-07T03:31:03,meaux,16,16,0,ok,
2026-07-07T03:31:03,chessy,88,74,0,ok,
2026-07-07T03:31:03,serris,69,2,0,ok,
2026-07-07T03:31:03,torcy,224,145,0,ok,
2026-07-07T03:45:34,paris,1000,1000,0,ok,
2026-07-07T03:45:34,meaux,16,16,0,ok,
2026-07-07T03:45:34,chessy,88,74,0,ok,
2026-07-07T03:45:34,serris,69,2,0,ok,
2026-07-07T03:45:34,torcy,224,145,0,ok,
2026-07-07T04:01:13,paris,1000,1000,0,ok,
2026-07-07T04:01:13,meaux,16,16,0,ok,
2026-07-07T04:01:13,chessy,88,74,0,ok,
2026-07-07T04:01:13,serris,69,2,0,ok,
2026-07-07T04:01:13,torcy,224,145,0,ok,
2026-07-07T04:15:35,paris,1000,1000,0,ok,
2026-07-07T04:15:35,meaux,16,16,0,ok,
2026-07-07T04:15:35,chessy,88,74,0,ok,
2026-07-07T04:15:35,serris,69,2,0,ok,
2026-07-07T04:15:35,torcy,224,145,0,ok,
2026-07-07T04:31:04,paris,1000,1000,0,ok,
2026-07-07T04:31:04,meaux,16,16,0,ok,
2026-07-07T04:31:04,chessy,88,74,0,ok,
2026-07-07T04:31:04,serris,69,2,0,ok,
2026-07-07T04:31:04,torcy,224,145,0,ok,
2026-07-07T04:45:35,paris,1000,1000,0,ok,
2026-07-07T04:45:35,meaux,16,16,0,ok,
2026-07-07T04:45:35,chessy,88,74,0,ok,
2026-07-07T04:45:35,serris,69,2,0,ok,
2026-07-07T04:45:35,torcy,224,145,0,ok,
2026-07-07T05:01:18,paris,1000,1000,0,ok,
2026-07-07T05:01:18,meaux,16,16,0,ok,
2026-07-07T05:01:18,chessy,88,74,0,ok,
2026-07-07T05:01:18,serris,69,2,0,ok,
2026-07-07T05:01:18,torcy,224,145,0,ok,
2026-07-07T05:15:33,paris,1000,1000,0,ok,
2026-07-07T05:15:33,meaux,16,16,0,ok,
2026-07-07T05:15:33,chessy,88,74,0,ok,
2026-07-07T05:15:33,serris,69,2,0,ok,
2026-07-07T05:15:33,torcy,224,145,0,ok,
2026-07-07T05:31:03,paris,1000,1000,0,ok,
2026-07-07T05:31:03,meaux,16,16,0,ok,
2026-07-07T05:31:03,chessy,88,74,0,ok,
2026-07-07T05:31:03,serris,69,2,0,ok,
2026-07-07T05:31:03,torcy,224,145,0,ok,
2026-07-07T05:32:07,paris,1000,1000,0,ok,
2026-07-07T05:32:07,meaux,16,16,0,ok,
2026-07-07T05:32:07,chessy,88,74,0,ok,
2026-07-07T05:32:07,serris,69,2,0,ok,
2026-07-07T05:32:07,torcy,224,145,0,ok,
2026-07-07T05:45:35,paris,1000,1000,0,ok,
2026-07-07T05:45:35,meaux,16,16,0,ok,
2026-07-07T05:45:35,chessy,88,74,0,ok,
2026-07-07T05:45:35,serris,69,2,0,ok,
2026-07-07T05:45:35,torcy,224,145,0,ok,
2026-07-07T06:01:16,paris,1000,1000,0,ok,
2026-07-07T06:01:16,meaux,16,16,0,ok,
2026-07-07T06:01:16,chessy,88,74,0,ok,
2026-07-07T06:01:16,serris,69,2,0,ok,
2026-07-07T06:01:16,torcy,225,146,0,ok,
2026-07-07T06:15:36,paris,1000,1000,0,ok,
2026-07-07T06:15:36,meaux,16,16,0,ok,
2026-07-07T06:15:36,chessy,88,74,0,ok,
2026-07-07T06:15:36,serris,69,2,0,ok,
2026-07-07T06:15:36,torcy,225,146,0,ok,
2026-07-07T06:31:07,paris,1000,1000,0,ok,
2026-07-07T06:31:07,meaux,16,16,0,ok,
2026-07-07T06:31:07,chessy,88,74,0,ok,
2026-07-07T06:31:07,serris,69,2,0,ok,
2026-07-07T06:31:07,torcy,225,146,0,ok,
2026-07-07T06:45:38,paris,1000,1000,0,ok,
2026-07-07T06:45:38,meaux,16,16,0,ok,
2026-07-07T06:45:38,chessy,88,74,0,ok,
2026-07-07T06:45:38,serris,69,2,0,ok,
2026-07-07T06:45:38,torcy,225,146,0,ok,
2026-07-07T07:01:14,paris,1000,1000,0,ok,
2026-07-07T07:01:14,meaux,16,16,0,ok,
2026-07-07T07:01:14,chessy,88,74,0,ok,
2026-07-07T07:01:14,serris,69,2,0,ok,
2026-07-07T07:01:14,torcy,225,146,0,ok,
2026-07-07T07:15:34,paris,1000,1000,0,ok,
2026-07-07T07:15:34,meaux,16,16,0,ok,
2026-07-07T07:15:34,chessy,88,74,0,ok,
2026-07-07T07:15:34,serris,69,2,0,ok,
2026-07-07T07:15:34,torcy,225,146,0,ok,
2026-07-07T07:31:04,paris,1000,1000,0,ok,
2026-07-07T07:31:04,meaux,16,16,0,ok,
2026-07-07T07:31:04,chessy,89,75,0,ok,
2026-07-07T07:31:04,serris,70,2,0,ok,
2026-07-07T07:31:04,torcy,225,145,0,ok,
2026-07-07T07:45:36,paris,1000,1000,0,ok,
2026-07-07T07:45:36,meaux,16,16,0,ok,
2026-07-07T07:45:36,chessy,89,75,0,ok,
2026-07-07T07:45:36,serris,70,2,0,ok,
2026-07-07T07:45:36,torcy,225,145,0,ok,
2026-07-07T08:01:17,paris,1000,1000,0,ok,
2026-07-07T08:01:17,meaux,16,16,0,ok,
2026-07-07T08:01:17,chessy,89,75,0,ok,
2026-07-07T08:01:17,serris,70,2,0,ok,
2026-07-07T08:01:17,torcy,225,145,0,ok,
2026-07-07T08:15:35,paris,1000,1000,0,ok,
2026-07-07T08:15:35,meaux,16,16,0,ok,
2026-07-07T08:15:35,chessy,89,75,0,ok,
2026-07-07T08:15:35,serris,70,2,0,ok,
2026-07-07T08:15:35,torcy,225,145,0,ok,
2026-07-07T08:31:08,paris,1000,1000,0,ok,
2026-07-07T08:31:08,meaux,16,16,0,ok,
2026-07-07T08:31:08,chessy,89,75,0,ok,
2026-07-07T08:31:08,serris,70,2,0,ok,
2026-07-07T08:31:08,torcy,225,145,0,ok,
2026-07-07T08:45:35,paris,1000,1000,0,ok,
2026-07-07T08:45:35,meaux,16,16,0,ok,
2026-07-07T08:45:35,chessy,89,75,0,ok,
2026-07-07T08:45:35,serris,70,2,0,ok,
2026-07-07T08:45:35,torcy,225,145,0,ok,
2026-07-07T09:01:14,paris,1000,1000,0,ok,
2026-07-07T09:01:14,meaux,16,16,0,ok,
2026-07-07T09:01:14,chessy,89,75,0,ok,
2026-07-07T09:01:14,serris,70,2,0,ok,
2026-07-07T09:01:14,torcy,225,145,0,ok,
2026-07-07T09:15:34,paris,1000,1000,0,ok,
2026-07-07T09:15:34,meaux,16,16,0,ok,
2026-07-07T09:15:34,chessy,89,75,0,ok,
2026-07-07T09:15:34,serris,70,2,0,ok,
2026-07-07T09:15:34,torcy,225,145,0,ok,
2026-07-07T09:31:06,paris,1000,1000,0,ok,
2026-07-07T09:31:06,meaux,16,16,0,ok,
2026-07-07T09:31:06,chessy,89,75,0,ok,
2026-07-07T09:31:06,serris,70,2,0,ok,
2026-07-07T09:31:06,torcy,225,145,0,ok,
2026-07-07T09:33:13,paris,1000,1000,0,ok,
2026-07-07T09:33:13,meaux,16,16,0,ok,
2026-07-07T09:33:13,chessy,89,75,0,ok,
2026-07-07T09:33:13,serris,70,2,0,ok,
2026-07-07T09:33:13,torcy,225,145,0,ok,
2026-07-07T09:45:37,paris,1000,1000,0,ok,
2026-07-07T09:45:37,meaux,16,16,0,ok,
2026-07-07T09:45:37,chessy,89,75,0,ok,
2026-07-07T09:45:37,serris,70,2,0,ok,
2026-07-07T09:45:37,torcy,225,145,0,ok,
2026-07-07T10:01:16,paris,1000,1000,0,ok,
2026-07-07T10:01:16,meaux,16,16,0,ok,
2026-07-07T10:01:16,chessy,89,75,0,ok,
2026-07-07T10:01:16,serris,70,2,0,ok,
2026-07-07T10:01:16,torcy,225,145,0,ok,
2026-07-07T10:15:36,paris,1000,1000,0,ok,
2026-07-07T10:15:36,meaux,16,16,0,ok,
2026-07-07T10:15:36,chessy,89,75,0,ok,
2026-07-07T10:15:36,serris,70,2,0,ok,
2026-07-07T10:15:36,torcy,225,145,0,ok,
2026-07-07T10:31:06,paris,1000,1000,0,ok,
2026-07-07T10:31:06,meaux,16,16,0,ok,
2026-07-07T10:31:06,chessy,89,75,0,ok,
2026-07-07T10:31:06,serris,70,2,0,ok,
2026-07-07T10:31:06,torcy,225,145,0,ok,
2026-07-07T10:45:35,paris,1000,1000,0,ok,
2026-07-07T10:45:35,meaux,16,16,0,ok,
2026-07-07T10:45:35,chessy,89,75,0,ok,
2026-07-07T10:45:35,serris,70,2,0,ok,
2026-07-07T10:45:35,torcy,225,145,0,ok,
2026-07-07T11:01:12,paris,1000,1000,0,ok,
2026-07-07T11:01:12,meaux,16,16,0,ok,
2026-07-07T11:01:12,chessy,89,75,0,ok,
2026-07-07T11:01:12,serris,70,2,0,ok,
2026-07-07T11:01:12,torcy,225,145,0,ok,
2026-07-07T11:15:36,paris,1000,1000,0,ok,
2026-07-07T11:15:36,meaux,16,16,0,ok,
2026-07-07T11:15:36,chessy,89,75,0,ok,
2026-07-07T11:15:36,serris,70,2,0,ok,
2026-07-07T11:15:36,torcy,225,145,0,ok,
2026-07-07T11:31:04,paris,1000,1000,0,ok,
2026-07-07T11:31:04,meaux,16,16,0,ok,
2026-07-07T11:31:04,chessy,89,75,0,ok,
2026-07-07T11:31:04,serris,70,2,0,ok,
2026-07-07T11:31:04,torcy,225,145,0,ok,
2026-07-07T11:45:35,paris,1000,1000,0,ok,
2026-07-07T11:45:35,meaux,16,16,0,ok,
2026-07-07T11:45:35,chessy,89,75,0,ok,
2026-07-07T11:45:35,serris,70,2,0,ok,
2026-07-07T11:45:35,torcy,225,145,0,ok,
2026-07-07T12:01:17,paris,1000,1000,0,ok,
2026-07-07T12:01:17,meaux,16,16,0,ok,
2026-07-07T12:01:17,chessy,89,75,0,ok,
2026-07-07T12:01:17,serris,70,2,0,ok,
2026-07-07T12:01:17,torcy,225,145,0,ok,
2026-07-07T12:15:34,paris,1000,1000,0,ok,
2026-07-07T12:15:34,meaux,16,16,0,ok,
2026-07-07T12:15:34,chessy,89,75,0,ok,
2026-07-07T12:15:34,serris,70,2,0,ok,
2026-07-07T12:15:34,torcy,225,145,0,ok,
2026-07-07T12:24:29,paris,1000,1000,0,ok,
2026-07-07T12:24:29,meaux,16,16,0,ok,
2026-07-07T12:24:29,chessy,89,75,0,ok,
2026-07-07T12:24:29,serris,70,2,0,ok,
2026-07-07T12:24:29,torcy,225,145,0,ok,
2026-07-07T12:31:08,paris,1000,1000,0,ok,
2026-07-07T12:31:08,meaux,16,16,0,ok,
2026-07-07T12:31:08,chessy,89,75,0,ok,
2026-07-07T12:31:08,serris,70,2,0,ok,
2026-07-07T12:31:08,torcy,225,145,0,ok,
2026-07-07T12:45:36,paris,1000,1000,0,ok,
2026-07-07T12:45:36,meaux,16,16,0,ok,
2026-07-07T12:45:36,chessy,89,75,0,ok,
2026-07-07T12:45:36,serris,70,2,0,ok,
2026-07-07T12:45:36,torcy,225,145,0,ok,
2026-07-07T13:01:23,paris,1000,1000,0,ok,
2026-07-07T13:01:23,meaux,16,16,0,ok,
2026-07-07T13:01:23,chessy,89,75,0,ok,
2026-07-07T13:01:23,serris,70,2,0,ok,
2026-07-07T13:01:23,torcy,225,145,0,ok,
2026-07-07T13:15:36,paris,1000,1000,0,ok,
2026-07-07T13:15:36,meaux,16,16,0,ok,
2026-07-07T13:15:36,chessy,89,75,0,ok,
2026-07-07T13:15:36,serris,70,2,0,ok,
2026-07-07T13:15:36,torcy,225,145,0,ok,
2026-07-07T13:31:12,paris,1000,1000,0,ok,
2026-07-07T13:31:12,meaux,16,16,0,ok,
2026-07-07T13:31:12,chessy,89,75,0,ok,
2026-07-07T13:31:12,serris,70,2,0,ok,
2026-07-07T13:31:12,torcy,225,145,0,ok,
2026-07-07T13:45:39,paris,1000,1000,0,ok,
2026-07-07T13:45:39,meaux,16,16,0,ok,
2026-07-07T13:45:39,chessy,89,75,0,ok,
2026-07-07T13:45:39,serris,70,2,0,ok,
2026-07-07T13:45:39,torcy,225,145,0,ok,
2026-07-07T14:01:21,paris,1000,1000,0,ok,
2026-07-07T14:01:21,meaux,16,16,0,ok,
2026-07-07T14:01:21,chessy,89,75,0,ok,
2026-07-07T14:01:21,serris,70,2,0,ok,
2026-07-07T14:01:21,torcy,225,145,0,ok,
2026-07-07T14:15:39,paris,1000,1000,0,ok,
2026-07-07T14:15:39,meaux,16,16,0,ok,
2026-07-07T14:15:39,chessy,89,75,0,ok,
2026-07-07T14:15:39,serris,70,2,0,ok,
2026-07-07T14:15:39,torcy,225,145,0,ok,
2026-07-07T14:31:08,paris,1000,1000,0,ok,
2026-07-07T14:31:08,meaux,16,16,0,ok,
2026-07-07T14:31:08,chessy,89,75,0,ok,
2026-07-07T14:31:08,serris,70,2,0,ok,
2026-07-07T14:31:08,torcy,225,145,0,ok,
2026-07-07T14:45:38,paris,1000,1000,0,ok,
2026-07-07T14:45:38,meaux,16,16,0,ok,
2026-07-07T14:45:38,chessy,89,75,0,ok,
2026-07-07T14:45:38,serris,70,2,0,ok,
2026-07-07T14:45:38,torcy,225,145,0,ok,
2026-07-07T15:01:21,paris,1000,1000,0,ok,
2026-07-07T15:01:21,meaux,16,16,0,ok,
2026-07-07T15:01:21,chessy,89,75,0,ok,
2026-07-07T15:01:21,serris,70,2,0,ok,
2026-07-07T15:01:21,torcy,225,145,0,ok,
2026-07-07T15:15:37,paris,1000,1000,0,ok,
2026-07-07T15:15:37,meaux,16,16,0,ok,
2026-07-07T15:15:37,chessy,89,75,0,ok,
2026-07-07T15:15:37,serris,70,2,0,ok,
2026-07-07T15:15:37,torcy,225,145,0,ok,
2026-07-07T15:24:33,paris,1000,1000,0,ok,
2026-07-07T15:24:33,meaux,16,16,0,ok,
2026-07-07T15:24:33,chessy,89,75,0,ok,
2026-07-07T15:24:33,serris,70,2,0,ok,
2026-07-07T15:24:33,torcy,225,145,0,ok,
2026-07-07T15:31:10,paris,1000,1000,0,ok,
2026-07-07T15:31:10,meaux,16,16,0,ok,
2026-07-07T15:31:10,chessy,89,75,0,ok,
2026-07-07T15:31:10,serris,70,2,0,ok,
2026-07-07T15:31:10,torcy,225,145,0,ok,
2026-07-07T15:45:39,paris,1000,1000,0,ok,
2026-07-07T15:45:39,meaux,16,16,0,ok,
2026-07-07T15:45:39,chessy,89,75,0,ok,
2026-07-07T15:45:39,serris,70,2,0,ok,
2026-07-07T15:45:39,torcy,225,145,0,ok,
2026-07-07T16:01:15,paris,1000,1000,0,ok,
2026-07-07T16:01:15,meaux,16,16,0,ok,
2026-07-07T16:01:15,chessy,89,75,0,ok,
2026-07-07T16:01:15,serris,70,2,0,ok,
2026-07-07T16:01:15,torcy,225,145,0,ok,
2026-07-07T16:15:39,paris,1000,1000,0,ok,
2026-07-07T16:15:39,meaux,16,16,0,ok,
2026-07-07T16:15:39,chessy,89,75,0,ok,
2026-07-07T16:15:39,serris,70,2,0,ok,
2026-07-07T16:15:39,torcy,225,145,0,ok,
2026-07-07T16:31:08,paris,1000,1000,0,ok,
2026-07-07T16:31:08,meaux,16,16,0,ok,
2026-07-07T16:31:08,chessy,89,75,0,ok,
2026-07-07T16:31:08,serris,70,2,0,ok,
2026-07-07T16:31:08,torcy,225,145,0,ok,
2026-07-07T16:45:40,paris,1000,1000,0,ok,
2026-07-07T16:45:40,meaux,16,16,0,ok,
2026-07-07T16:45:40,chessy,89,75,0,ok,
2026-07-07T16:45:40,serris,70,2,0,ok,
2026-07-07T16:45:40,torcy,225,145,0,ok,
2026-07-07T17:01:16,paris,1000,1000,0,ok,
2026-07-07T17:01:16,meaux,16,16,0,ok,
2026-07-07T17:01:16,chessy,89,75,0,ok,
2026-07-07T17:01:16,serris,70,2,0,ok,
2026-07-07T17:01:16,torcy,225,145,0,ok,
2026-07-07T17:15:37,paris,1000,1000,0,ok,
2026-07-07T17:15:37,meaux,16,16,0,ok,
2026-07-07T17:15:37,chessy,89,75,0,ok,
2026-07-07T17:15:37,serris,70,2,0,ok,
2026-07-07T17:15:37,torcy,225,145,0,ok,
2026-07-07T17:31:11,paris,1000,1000,0,ok,
2026-07-07T17:31:11,meaux,16,16,0,ok,
2026-07-07T17:31:11,chessy,89,75,0,ok,
2026-07-07T17:31:11,serris,70,2,0,ok,
2026-07-07T17:31:11,torcy,225,145,0,ok,
2026-07-07T17:32:01,paris,1000,1000,0,ok,
2026-07-07T17:32:01,meaux,16,16,0,ok,
2026-07-07T17:32:01,chessy,89,75,0,ok,
2026-07-07T17:32:01,serris,70,2,0,ok,
2026-07-07T17:32:01,torcy,225,145,0,ok,
2026-07-07T17:45:38,paris,1000,1000,0,ok,
2026-07-07T17:45:38,meaux,16,16,0,ok,
2026-07-07T17:45:38,chessy,89,75,0,ok,
2026-07-07T17:45:38,serris,70,2,0,ok,
2026-07-07T17:45:38,torcy,225,145,0,ok,
2026-07-07T18:01:19,paris,1000,1000,0,ok,
2026-07-07T18:01:19,meaux,16,16,0,ok,
2026-07-07T18:01:19,chessy,89,75,0,ok,
2026-07-07T18:01:19,serris,70,2,0,ok,
2026-07-07T18:01:19,torcy,225,145,0,ok,
2026-07-07T18:15:38,paris,1000,1000,0,ok,
2026-07-07T18:15:38,meaux,16,16,0,ok,
2026-07-07T18:15:38,chessy,89,75,0,ok,
2026-07-07T18:15:38,serris,70,2,0,ok,
2026-07-07T18:15:38,torcy,225,145,0,ok,
2026-07-07T18:31:12,paris,1000,1000,0,ok,
2026-07-07T18:31:12,meaux,16,16,0,ok,
2026-07-07T18:31:12,chessy,89,75,0,ok,
2026-07-07T18:31:12,serris,70,2,0,ok,
2026-07-07T18:31:12,torcy,225,145,0,ok,
2026-07-07T18:45:39,paris,1000,1000,0,ok,
2026-07-07T18:45:39,meaux,16,16,0,ok,
2026-07-07T18:45:39,chessy,89,75,0,ok,
2026-07-07T18:45:39,serris,70,2,0,ok,
2026-07-07T18:45:39,torcy,225,145,0,ok,
2026-07-07T19:01:24,paris,1000,1000,0,ok,
2026-07-07T19:01:24,meaux,16,16,0,ok,
2026-07-07T19:01:24,chessy,89,75,0,ok,
2026-07-07T19:01:24,serris,70,2,0,ok,
2026-07-07T19:01:24,torcy,225,145,0,ok,
2026-07-07T19:15:41,paris,1000,1000,0,ok,
2026-07-07T19:15:41,meaux,16,16,0,ok,
2026-07-07T19:15:41,chessy,89,75,0,ok,
2026-07-07T19:15:41,serris,70,2,0,ok,
2026-07-07T19:15:41,torcy,225,145,0,ok,
2026-07-07T19:31:19,paris,1000,1000,0,ok,
2026-07-07T19:31:19,meaux,16,16,0,ok,
2026-07-07T19:31:19,chessy,89,75,0,ok,
2026-07-07T19:31:19,serris,70,2,0,ok,
2026-07-07T19:31:19,torcy,225,145,0,ok,
2026-07-07T19:45:41,paris,1000,1000,0,ok,
2026-07-07T19:45:41,meaux,16,16,0,ok,
2026-07-07T19:45:41,chessy,89,75,0,ok,
2026-07-07T19:45:41,serris,70,2,0,ok,
2026-07-07T19:45:41,torcy,225,145,0,ok,
2026-07-07T19:48:01,paris,1000,1000,0,ok,
2026-07-07T19:48:01,meaux,16,16,0,ok,
2026-07-07T19:48:01,chessy,89,75,0,ok,
2026-07-07T19:48:01,serris,70,2,0,ok,
2026-07-07T19:48:01,torcy,225,145,0,ok,
2026-07-07T20:01:16,paris,1000,1000,0,ok,
2026-07-07T20:01:16,meaux,16,16,0,ok,
2026-07-07T20:01:16,chessy,89,75,0,ok,
2026-07-07T20:01:16,serris,70,2,0,ok,
2026-07-07T20:01:16,torcy,225,145,0,ok,
2026-07-07T20:15:39,paris,1000,1000,0,ok,
2026-07-07T20:15:39,meaux,16,16,0,ok,
2026-07-07T20:15:39,chessy,89,75,0,ok,
2026-07-07T20:15:39,serris,70,2,0,ok,
2026-07-07T20:15:39,torcy,225,145,0,ok,
2026-07-07T20:31:16,paris,1000,1000,0,ok,
2026-07-07T20:31:16,meaux,16,16,0,ok,
2026-07-07T20:31:16,chessy,89,75,0,ok,
2026-07-07T20:31:16,serris,70,2,0,ok,
2026-07-07T20:31:16,torcy,225,145,0,ok,
2026-07-07T20:45:37,paris,1000,1000,0,ok,
2026-07-07T20:45:37,meaux,16,16,0,ok,
2026-07-07T20:45:37,chessy,89,75,0,ok,
2026-07-07T20:45:37,serris,70,2,0,ok,
2026-07-07T20:45:37,torcy,225,145,0,ok,
2026-07-07T21:01:21,paris,1000,1000,0,ok,
2026-07-07T21:01:21,meaux,16,16,0,ok,
2026-07-07T21:01:21,chessy,89,75,0,ok,
2026-07-07T21:01:21,serris,70,2,0,ok,
2026-07-07T21:01:21,torcy,225,145,0,ok,
2026-07-07T21:15:41,paris,1000,1000,0,ok,
2026-07-07T21:15:41,meaux,16,16,0,ok,
2026-07-07T21:15:41,chessy,89,75,0,ok,
2026-07-07T21:15:41,serris,70,2,0,ok,
2026-07-07T21:15:41,torcy,225,145,0,ok,
2026-07-07T21:19:14,paris,1000,1000,0,ok,
2026-07-07T21:19:14,meaux,16,16,0,ok,
2026-07-07T21:19:14,chessy,89,75,0,ok,
2026-07-07T21:19:14,serris,70,2,0,ok,
2026-07-07T21:19:14,torcy,225,145,0,ok,
2026-07-07T21:31:10,paris,1000,1000,0,ok,
2026-07-07T21:31:10,meaux,16,16,0,ok,
2026-07-07T21:31:10,chessy,89,75,0,ok,
2026-07-07T21:31:10,serris,70,2,0,ok,
2026-07-07T21:31:10,torcy,225,145,0,ok,
2026-07-07T21:45:36,paris,1000,1000,0,ok,
2026-07-07T21:45:36,meaux,16,16,0,ok,
2026-07-07T21:45:36,chessy,89,75,0,ok,
2026-07-07T21:45:36,serris,70,2,0,ok,
2026-07-07T21:45:36,torcy,225,145,0,ok,
2026-07-07T22:01:15,paris,1000,1000,0,ok,
2026-07-07T22:01:15,meaux,16,16,0,ok,
2026-07-07T22:01:15,chessy,89,75,0,ok,
2026-07-07T22:01:15,serris,70,2,0,ok,
2026-07-07T22:01:15,torcy,225,145,0,ok,
2026-07-07T22:15:42,paris,1000,1000,0,ok,
2026-07-07T22:15:42,meaux,16,16,0,ok,
2026-07-07T22:15:42,chessy,89,75,0,ok,
2026-07-07T22:15:42,serris,70,2,0,ok,
2026-07-07T22:15:42,torcy,225,145,0,ok,
2026-07-07T22:31:15,paris,1000,1000,0,ok,
2026-07-07T22:31:15,meaux,16,16,0,ok,
2026-07-07T22:31:15,chessy,89,75,0,ok,
2026-07-07T22:31:15,serris,70,2,0,ok,
2026-07-07T22:31:15,torcy,225,145,0,ok,
2026-07-07T22:35:59,paris,1000,1000,0,ok,
2026-07-07T22:35:59,meaux,16,16,0,ok,
2026-07-07T22:35:59,chessy,89,75,0,ok,
2026-07-07T22:35:59,serris,70,2,0,ok,
2026-07-07T22:35:59,torcy,225,145,0,ok,
2026-07-07T22:45:38,paris,1000,1000,0,ok,
2026-07-07T22:45:38,meaux,16,16,0,ok,
2026-07-07T22:45:38,chessy,89,75,0,ok,
2026-07-07T22:45:38,serris,70,2,0,ok,
2026-07-07T22:45:38,torcy,225,145,0,ok,
2026-07-07T23:01:16,paris,1000,1000,0,ok,
2026-07-07T23:01:16,meaux,16,16,0,ok,
2026-07-07T23:01:16,chessy,89,75,0,ok,
2026-07-07T23:01:16,serris,70,2,0,ok,
2026-07-07T23:01:16,torcy,225,145,0,ok,
2026-07-07T23:15:37,paris,1000,1000,0,ok,
2026-07-07T23:15:37,meaux,16,16,0,ok,
2026-07-07T23:15:37,chessy,89,75,0,ok,
2026-07-07T23:15:37,serris,70,2,0,ok,
2026-07-07T23:15:37,torcy,225,145,0,ok,
2026-07-07T23:31:08,paris,1000,1000,0,ok,
2026-07-07T23:31:08,meaux,16,16,0,ok,
2026-07-07T23:31:08,chessy,89,75,0,ok,
2026-07-07T23:31:08,serris,70,2,0,ok,
2026-07-07T23:31:08,torcy,225,145,0,ok,
2026-07-07T23:45:38,paris,1000,1000,0,ok,
2026-07-07T23:45:38,meaux,16,16,0,ok,
2026-07-07T23:45:38,chessy,89,75,0,ok,
2026-07-07T23:45:38,serris,70,2,0,ok,
2026-07-07T23:45:38,torcy,225,145,0,ok,
2026-07-07T23:54:48,paris,1000,1000,0,ok,
2026-07-07T23:54:48,meaux,16,16,0,ok,
2026-07-07T23:54:48,chessy,89,75,0,ok,
2026-07-07T23:54:48,serris,70,2,0,ok,
2026-07-07T23:54:48,torcy,225,145,0,ok,
2026-07-08T00:01:21,paris,1000,1000,0,ok,
2026-07-08T00:01:21,meaux,16,16,0,ok,
2026-07-08T00:01:21,chessy,89,75,0,ok,
2026-07-08T00:01:21,serris,70,2,0,ok,
2026-07-08T00:01:21,torcy,225,145,0,ok,
2026-07-08T00:15:38,paris,1000,1000,0,ok,
2026-07-08T00:15:38,meaux,16,16,0,ok,
2026-07-08T00:15:38,chessy,89,75,0,ok,
2026-07-08T00:15:38,serris,70,2,0,ok,
2026-07-08T00:15:38,torcy,225,145,0,ok,
2026-07-08T00:31:07,paris,1000,1000,0,ok,
2026-07-08T00:31:07,meaux,16,16,0,ok,
2026-07-08T00:31:07,chessy,89,75,0,ok,
2026-07-08T00:31:07,serris,70,2,0,ok,
2026-07-08T00:31:07,torcy,225,145,0,ok,
2026-07-08T00:45:34,paris,1000,1000,0,ok,
2026-07-08T00:45:34,meaux,16,16,0,ok,
2026-07-08T00:45:34,chessy,89,75,0,ok,
2026-07-08T00:45:34,serris,70,2,0,ok,
2026-07-08T00:45:34,torcy,225,145,0,ok,
2026-07-08T01:01:12,paris,1000,1000,0,ok,
2026-07-08T01:01:12,meaux,16,16,0,ok,
2026-07-08T01:01:12,chessy,89,75,0,ok,
2026-07-08T01:01:12,serris,70,2,0,ok,
2026-07-08T01:01:12,torcy,225,145,0,ok,
2026-07-08T01:15:37,paris,1000,1000,0,ok,
2026-07-08T01:15:37,meaux,16,16,0,ok,
2026-07-08T01:15:37,chessy,89,75,0,ok,
2026-07-08T01:15:37,serris,70,2,0,ok,
2026-07-08T01:15:37,torcy,225,145,0,ok,
2026-07-08T01:31:07,paris,1000,1000,0,ok,
2026-07-08T01:31:07,meaux,16,16,0,ok,
2026-07-08T01:31:07,chessy,89,75,0,ok,
2026-07-08T01:31:07,serris,70,2,0,ok,
2026-07-08T01:31:07,torcy,225,145,0,ok,
2026-07-08T01:45:36,paris,1000,1000,0,ok,
2026-07-08T01:45:36,meaux,16,16,0,ok,
2026-07-08T01:45:36,chessy,89,75,0,ok,
2026-07-08T01:45:36,serris,70,2,0,ok,
2026-07-08T01:45:36,torcy,225,145,0,ok,
2026-07-08T02:01:14,paris,1000,1000,0,ok,
2026-07-08T02:01:14,meaux,16,16,0,ok,
2026-07-08T02:01:14,chessy,89,75,0,ok,
2026-07-08T02:01:14,serris,70,2,0,ok,
2026-07-08T02:01:14,torcy,225,145,0,ok,
2026-07-08T02:11:40,paris,1000,1000,0,ok,
2026-07-08T02:11:40,meaux,16,16,0,ok,
2026-07-08T02:11:40,chessy,89,75,0,ok,
2026-07-08T02:11:40,serris,70,2,0,ok,
2026-07-08T02:11:40,torcy,225,145,0,ok,
2026-07-08T02:15:38,paris,1000,1000,0,ok,
2026-07-08T02:15:38,meaux,16,16,0,ok,
2026-07-08T02:15:38,chessy,89,75,0,ok,
2026-07-08T02:15:38,serris,70,2,0,ok,
2026-07-08T02:15:38,torcy,225,145,0,ok,
2026-07-08T02:31:10,paris,1000,1000,0,ok,
2026-07-08T02:31:10,meaux,16,16,0,ok,
2026-07-08T02:31:10,chessy,89,75,0,ok,
2026-07-08T02:31:10,serris,70,2,0,ok,
2026-07-08T02:31:10,torcy,225,145,0,ok,
2026-07-08T02:45:35,paris,1000,1000,0,ok,
2026-07-08T02:45:35,meaux,16,16,0,ok,
2026-07-08T02:45:35,chessy,89,75,0,ok,
2026-07-08T02:45:35,serris,70,2,0,ok,
2026-07-08T02:45:35,torcy,225,145,0,ok,
2026-07-08T03:01:17,paris,1000,1000,0,ok,
2026-07-08T03:01:17,meaux,16,16,0,ok,
2026-07-08T03:01:17,chessy,89,75,0,ok,
2026-07-08T03:01:17,serris,70,2,0,ok,
2026-07-08T03:01:17,torcy,225,145,0,ok,
2026-07-08T03:15:37,paris,1000,1000,0,ok,
2026-07-08T03:15:37,meaux,16,16,0,ok,
2026-07-08T03:15:37,chessy,89,75,0,ok,
2026-07-08T03:15:37,serris,70,2,0,ok,
2026-07-08T03:15:37,torcy,225,145,0,ok,
2026-07-08T03:31:09,paris,1000,1000,0,ok,
2026-07-08T03:31:09,meaux,16,16,0,ok,
2026-07-08T03:31:09,chessy,89,75,0,ok,
2026-07-08T03:31:09,serris,70,2,0,ok,
2026-07-08T03:31:09,torcy,225,145,0,ok,
2026-07-08T03:45:39,paris,1000,1000,0,ok,
2026-07-08T03:45:39,meaux,16,16,0,ok,
2026-07-08T03:45:39,chessy,89,75,0,ok,
2026-07-08T03:45:39,serris,70,2,0,ok,
2026-07-08T03:45:39,torcy,225,145,0,ok,
2026-07-08T04:01:20,paris,1000,1000,0,ok,
2026-07-08T04:01:20,meaux,16,16,0,ok,
2026-07-08T04:01:20,chessy,89,75,0,ok,
2026-07-08T04:01:20,serris,70,2,0,ok,
2026-07-08T04:01:20,torcy,225,145,0,ok,
2026-07-08T04:15:38,paris,1000,1000,0,ok,
2026-07-08T04:15:38,meaux,16,16,0,ok,
2026-07-08T04:15:38,chessy,89,75,0,ok,
2026-07-08T04:15:38,serris,70,2,0,ok,
2026-07-08T04:15:38,torcy,225,145,0,ok,
2026-07-08T04:31:07,paris,1000,1000,0,ok,
2026-07-08T04:31:07,meaux,16,16,0,ok,
2026-07-08T04:31:07,chessy,89,75,0,ok,
2026-07-08T04:31:07,serris,70,2,0,ok,
2026-07-08T04:31:07,torcy,225,145,0,ok,
2026-07-08T04:45:37,paris,1000,1000,0,ok,
2026-07-08T04:45:37,meaux,16,16,0,ok,
2026-07-08T04:45:37,chessy,89,75,0,ok,
2026-07-08T04:45:37,serris,70,2,0,ok,
2026-07-08T04:45:37,torcy,225,145,0,ok,
2026-07-08T05:01:18,paris,1000,1000,0,ok,
2026-07-08T05:01:18,meaux,16,16,0,ok,
2026-07-08T05:01:18,chessy,89,75,0,ok,
2026-07-08T05:01:18,serris,70,2,0,ok,
2026-07-08T05:01:18,torcy,225,145,0,ok,
2026-07-08T05:15:42,paris,1000,1000,0,ok,
2026-07-08T05:15:42,meaux,16,16,0,ok,
2026-07-08T05:15:42,chessy,89,75,0,ok,
2026-07-08T05:15:42,serris,70,2,0,ok,
2026-07-08T05:15:42,torcy,225,145,0,ok,
2026-07-08T05:31:08,paris,1000,1000,0,ok,
2026-07-08T05:31:08,meaux,16,16,0,ok,
2026-07-08T05:31:08,chessy,89,75,0,ok,
2026-07-08T05:31:08,serris,70,2,0,ok,
2026-07-08T05:31:08,torcy,225,145,0,ok,
2026-07-08T05:35:48,paris,1000,1000,0,ok,
2026-07-08T05:35:48,meaux,16,16,0,ok,
2026-07-08T05:35:48,chessy,89,75,0,ok,
2026-07-08T05:35:48,serris,70,2,0,ok,
2026-07-08T05:35:48,torcy,225,145,0,ok,
2026-07-08T05:45:38,paris,1000,1000,0,ok,
2026-07-08T05:45:38,meaux,16,16,0,ok,
2026-07-08T05:45:38,chessy,89,75,0,ok,
2026-07-08T05:45:38,serris,70,2,0,ok,
2026-07-08T05:45:38,torcy,225,145,0,ok,
2026-07-08T06:01:20,paris,1000,1000,0,ok,
2026-07-08T06:01:20,meaux,16,16,0,ok,
2026-07-08T06:01:20,chessy,89,75,0,ok,
2026-07-08T06:01:20,serris,70,2,0,ok,
2026-07-08T06:01:20,torcy,225,145,0,ok,
2026-07-08T06:15:40,paris,1000,1000,0,ok,
2026-07-08T06:15:40,meaux,16,16,0,ok,
2026-07-08T06:15:40,chessy,89,75,0,ok,
2026-07-08T06:15:40,serris,70,2,0,ok,
2026-07-08T06:15:40,torcy,225,145,0,ok,
2026-07-08T06:31:09,paris,1000,1000,0,ok,
2026-07-08T06:31:09,meaux,16,16,0,ok,
2026-07-08T06:31:09,chessy,89,75,0,ok,
2026-07-08T06:31:09,serris,70,2,0,ok,
2026-07-08T06:31:09,torcy,225,145,0,ok,
2026-07-08T06:45:39,paris,1000,1000,0,ok,
2026-07-08T06:45:39,meaux,16,16,0,ok,
2026-07-08T06:45:39,chessy,89,75,0,ok,
2026-07-08T06:45:39,serris,70,2,0,ok,
2026-07-08T06:45:39,torcy,225,145,0,ok,
2026-07-08T07:01:23,paris,1000,1000,0,ok,
2026-07-08T07:01:23,meaux,16,16,0,ok,
2026-07-08T07:01:23,chessy,89,75,0,ok,
2026-07-08T07:01:23,serris,70,2,0,ok,
2026-07-08T07:01:23,torcy,225,145,0,ok,
2026-07-08T07:15:39,paris,1000,1000,0,ok,
2026-07-08T07:15:39,meaux,16,16,0,ok,
2026-07-08T07:15:39,chessy,89,75,0,ok,
2026-07-08T07:15:39,serris,70,2,0,ok,
2026-07-08T07:15:39,torcy,225,145,0,ok,
2026-07-08T07:31:13,paris,1000,1000,0,ok,
2026-07-08T07:31:13,meaux,16,16,0,ok,
2026-07-08T07:31:13,chessy,89,75,0,ok,
2026-07-08T07:31:13,serris,70,2,0,ok,
2026-07-08T07:31:13,torcy,225,145,0,ok,
2026-07-08T07:45:39,paris,1000,1000,0,ok,
2026-07-08T07:45:39,meaux,16,16,0,ok,
2026-07-08T07:45:39,chessy,89,75,0,ok,
2026-07-08T07:45:39,serris,70,2,0,ok,
2026-07-08T07:45:39,torcy,225,145,0,ok,
2026-07-08T08:01:19,paris,1000,1000,0,ok,
2026-07-08T08:01:19,meaux,16,16,0,ok,
2026-07-08T08:01:19,chessy,89,75,0,ok,
2026-07-08T08:01:19,serris,70,2,0,ok,
2026-07-08T08:01:19,torcy,225,145,0,ok,
2026-07-08T08:15:40,paris,1000,1000,0,ok,
2026-07-08T08:15:40,meaux,16,16,0,ok,
2026-07-08T08:15:40,chessy,89,75,0,ok,
2026-07-08T08:15:40,serris,70,2,0,ok,
2026-07-08T08:15:40,torcy,225,145,0,ok,
2026-07-08T08:19:12,paris,1000,1000,0,ok,
2026-07-08T08:19:12,meaux,16,16,0,ok,
2026-07-08T08:19:12,chessy,89,75,0,ok,
2026-07-08T08:19:12,serris,70,2,0,ok,
2026-07-08T08:19:12,torcy,225,145,0,ok,
2026-07-08T08:31:12,paris,1000,1000,0,ok,
2026-07-08T08:31:12,meaux,16,16,0,ok,
2026-07-08T08:31:12,chessy,89,75,0,ok,
2026-07-08T08:31:12,serris,70,2,0,ok,
2026-07-08T08:31:12,torcy,225,145,0,ok,
2026-07-08T08:45:49,paris,1000,1000,0,ok,
2026-07-08T08:45:49,meaux,16,16,0,ok,
2026-07-08T08:45:49,chessy,89,75,0,ok,
2026-07-08T08:45:49,serris,70,2,0,ok,
2026-07-08T08:45:49,torcy,224,144,0,ok,
2026-07-08T09:01:27,paris,1000,1000,0,ok,
2026-07-08T09:01:27,meaux,16,16,0,ok,
2026-07-08T09:01:27,chessy,89,75,0,ok,
2026-07-08T09:01:27,serris,70,2,0,ok,
2026-07-08T09:01:27,torcy,224,144,0,ok,
2026-07-08T09:15:39,paris,1000,1000,0,ok,
2026-07-08T09:15:39,meaux,16,16,0,ok,
2026-07-08T09:15:39,chessy,89,75,0,ok,
2026-07-08T09:15:39,serris,70,2,0,ok,
2026-07-08T09:15:39,torcy,224,144,0,ok,
2026-07-08T09:31:15,paris,1000,1000,0,ok,
2026-07-08T09:31:15,meaux,16,16,0,ok,
2026-07-08T09:31:15,chessy,89,75,0,ok,
2026-07-08T09:31:15,serris,70,2,0,ok,
2026-07-08T09:31:15,torcy,224,144,0,ok,
2026-07-08T09:45:39,paris,1000,1000,0,ok,
2026-07-08T09:45:39,meaux,16,16,0,ok,
2026-07-08T09:45:39,chessy,89,75,0,ok,
2026-07-08T09:45:39,serris,70,2,0,ok,
2026-07-08T09:45:39,torcy,224,144,0,ok,
2026-07-08T10:01:22,paris,1000,1000,0,ok,
2026-07-08T10:01:22,meaux,16,16,0,ok,
2026-07-08T10:01:22,chessy,89,75,0,ok,
2026-07-08T10:01:22,serris,70,2,0,ok,
2026-07-08T10:01:22,torcy,224,144,0,ok,
2026-07-08T10:15:42,paris,1000,1000,0,ok,
2026-07-08T10:15:42,meaux,16,16,0,ok,
2026-07-08T10:15:42,chessy,89,75,0,ok,
2026-07-08T10:15:42,serris,70,2,0,ok,
2026-07-08T10:15:42,torcy,224,144,0,ok,
2026-07-08T10:31:13,paris,1000,1000,0,ok,
2026-07-08T10:31:13,meaux,16,16,0,ok,
2026-07-08T10:31:13,chessy,89,75,0,ok,
2026-07-08T10:31:13,serris,70,2,0,ok,
2026-07-08T10:31:13,torcy,224,144,0,ok,
2026-07-08T10:34:15,paris,1000,1000,0,ok,
2026-07-08T10:34:15,meaux,16,16,0,ok,
2026-07-08T10:34:15,chessy,89,75,0,ok,
2026-07-08T10:34:15,serris,70,2,0,ok,
2026-07-08T10:34:15,torcy,224,144,0,ok,
2026-07-08T10:45:42,paris,1000,1000,0,ok,
2026-07-08T10:45:42,meaux,16,16,0,ok,
2026-07-08T10:45:42,chessy,89,75,0,ok,
2026-07-08T10:45:42,serris,70,2,0,ok,
2026-07-08T10:45:42,torcy,224,144,0,ok,
2026-07-08T11:01:22,paris,1000,1000,0,ok,
2026-07-08T11:01:22,meaux,16,16,0,ok,
2026-07-08T11:01:22,chessy,89,75,0,ok,
2026-07-08T11:01:22,serris,70,2,0,ok,
2026-07-08T11:01:22,torcy,224,144,0,ok,
2026-07-08T11:15:42,paris,1000,1000,0,ok,
2026-07-08T11:15:42,meaux,16,16,0,ok,
2026-07-08T11:15:42,chessy,89,75,0,ok,
2026-07-08T11:15:42,serris,70,2,0,ok,
2026-07-08T11:15:42,torcy,224,144,0,ok,
2026-07-08T11:31:26,paris,1000,1000,0,ok,
2026-07-08T11:31:26,meaux,16,16,0,ok,
2026-07-08T11:31:26,chessy,89,75,0,ok,
2026-07-08T11:31:26,serris,70,2,0,ok,
2026-07-08T11:31:26,torcy,224,144,0,ok,
2026-07-08T11:45:44,paris,1000,1000,0,ok,
2026-07-08T11:45:44,meaux,16,16,0,ok,
2026-07-08T11:45:44,chessy,89,75,0,ok,
2026-07-08T11:45:44,serris,70,2,0,ok,
2026-07-08T11:45:44,torcy,224,144,0,ok,
2026-07-08T12:01:22,paris,1000,1000,0,ok,
2026-07-08T12:01:22,meaux,16,16,0,ok,
2026-07-08T12:01:22,chessy,89,75,0,ok,
2026-07-08T12:01:22,serris,70,2,0,ok,
2026-07-08T12:01:22,torcy,224,144,0,ok,
2026-07-08T12:15:40,paris,1000,1000,0,ok,
2026-07-08T12:15:40,meaux,16,16,0,ok,
2026-07-08T12:15:40,chessy,89,75,0,ok,
2026-07-08T12:15:40,serris,70,2,0,ok,
2026-07-08T12:15:40,torcy,224,144,0,ok,
2026-07-08T12:17:00,paris,1000,1000,0,ok,
2026-07-08T12:17:00,meaux,16,16,0,ok,
2026-07-08T12:17:00,chessy,89,75,0,ok,
2026-07-08T12:17:00,serris,70,2,0,ok,
2026-07-08T12:17:00,torcy,224,144,0,ok,
2026-07-08T12:31:19,paris,1000,1000,0,ok,
2026-07-08T12:31:19,meaux,16,16,0,ok,
2026-07-08T12:31:19,chessy,89,75,0,ok,
2026-07-08T12:31:19,serris,70,2,0,ok,
2026-07-08T12:31:19,torcy,224,144,0,ok,
2026-07-08T12:45:40,paris,1000,1000,0,ok,
2026-07-08T12:45:40,meaux,16,16,0,ok,
2026-07-08T12:45:40,chessy,89,75,0,ok,
2026-07-08T12:45:40,serris,70,2,0,ok,
2026-07-08T12:45:40,torcy,224,144,0,ok,
2026-07-08T13:01:26,paris,1000,1000,0,ok,
2026-07-08T13:01:26,meaux,16,16,0,ok,
2026-07-08T13:01:26,chessy,89,75,0,ok,
2026-07-08T13:01:26,serris,70,2,0,ok,
2026-07-08T13:01:26,torcy,224,144,0,ok,
2026-07-08T13:15:46,paris,1000,1000,0,ok,
2026-07-08T13:15:46,meaux,16,16,0,ok,
2026-07-08T13:15:46,chessy,89,75,0,ok,
2026-07-08T13:15:46,serris,70,2,0,ok,
2026-07-08T13:15:46,torcy,224,144,0,ok,
2026-07-08T13:31:15,paris,1000,1000,0,ok,
2026-07-08T13:31:15,meaux,16,16,0,ok,
2026-07-08T13:31:15,chessy,89,75,0,ok,
2026-07-08T13:31:15,serris,70,2,0,ok,
2026-07-08T13:31:15,torcy,224,144,0,ok,
2026-07-08T13:46:07,paris,1000,1000,0,ok,
2026-07-08T13:46:07,meaux,16,16,0,ok,
2026-07-08T13:46:07,chessy,89,75,0,ok,
2026-07-08T13:46:07,serris,70,2,0,ok,
2026-07-08T13:46:07,torcy,224,144,0,ok,
2026-07-08T14:01:40,paris,1000,1000,0,ok,
2026-07-08T14:01:40,meaux,16,16,0,ok,
2026-07-08T14:01:40,chessy,89,75,0,ok,
2026-07-08T14:01:40,serris,70,2,0,ok,
2026-07-08T14:01:40,torcy,224,144,0,ok,
2026-07-08T14:15:39,paris,1000,1000,0,ok,
2026-07-08T14:15:39,meaux,16,16,0,ok,
2026-07-08T14:15:39,chessy,89,75,0,ok,
2026-07-08T14:15:39,serris,70,2,0,ok,
2026-07-08T14:15:39,torcy,224,144,0,ok,
2026-07-08T14:31:15,paris,1000,1000,0,ok,
2026-07-08T14:31:15,meaux,16,16,0,ok,
2026-07-08T14:31:15,chessy,89,75,0,ok,
2026-07-08T14:31:15,serris,70,2,0,ok,
2026-07-08T14:31:15,torcy,224,144,0,ok,
2026-07-08T14:45:42,paris,1000,1000,0,ok,
2026-07-08T14:45:42,meaux,16,16,0,ok,
2026-07-08T14:45:42,chessy,89,75,0,ok,
2026-07-08T14:45:42,serris,70,2,0,ok,
2026-07-08T14:45:42,torcy,224,144,0,ok,
2026-07-08T14:54:35,paris,1000,1000,0,ok,
2026-07-08T14:54:35,meaux,16,16,0,ok,
2026-07-08T14:54:35,chessy,89,75,0,ok,
2026-07-08T14:54:35,serris,70,2,0,ok,
2026-07-08T14:54:35,torcy,224,144,0,ok,
2026-07-08T15:01:26,paris,1000,1000,0,ok,
2026-07-08T15:01:26,meaux,16,16,0,ok,
2026-07-08T15:01:26,chessy,89,75,0,ok,
2026-07-08T15:01:26,serris,70,2,0,ok,
2026-07-08T15:01:26,torcy,224,144,0,ok,
2026-07-08T15:15:40,paris,1000,1000,0,ok,
2026-07-08T15:15:40,meaux,16,16,0,ok,
2026-07-08T15:15:40,chessy,89,75,0,ok,
2026-07-08T15:15:40,serris,70,2,0,ok,
2026-07-08T15:15:40,torcy,224,144,0,ok,
2026-07-08T15:31:12,paris,1000,1000,0,ok,
2026-07-08T15:31:12,meaux,16,16,0,ok,
2026-07-08T15:31:12,chessy,89,75,0,ok,
2026-07-08T15:31:12,serris,70,2,0,ok,
2026-07-08T15:31:12,torcy,224,144,0,ok,
2026-07-08T15:45:42,paris,1000,1000,0,ok,
2026-07-08T15:45:42,meaux,16,16,0,ok,
2026-07-08T15:45:42,chessy,89,75,0,ok,
2026-07-08T15:45:42,serris,70,2,0,ok,
2026-07-08T15:45:42,torcy,224,144,0,ok,
2026-07-08T16:01:22,paris,1000,1000,0,ok,
2026-07-08T16:01:22,meaux,16,16,0,ok,
2026-07-08T16:01:22,chessy,89,75,0,ok,
2026-07-08T16:01:22,serris,70,2,0,ok,
2026-07-08T16:01:22,torcy,224,144,0,ok,
2026-07-08T16:15:42,paris,1000,1000,0,ok,
2026-07-08T16:15:42,meaux,16,16,0,ok,
2026-07-08T16:15:42,chessy,89,75,0,ok,
2026-07-08T16:15:42,serris,70,2,0,ok,
2026-07-08T16:15:42,torcy,224,144,0,ok,
2026-07-08T16:27:25,paris,1000,1000,0,ok,
2026-07-08T16:27:25,meaux,16,16,0,ok,
2026-07-08T16:27:25,chessy,89,75,0,ok,
2026-07-08T16:27:25,serris,70,2,0,ok,
2026-07-08T16:27:25,torcy,224,144,0,ok,
2026-07-08T16:31:15,paris,1000,1000,0,ok,
2026-07-08T16:31:15,meaux,16,16,0,ok,
2026-07-08T16:31:15,chessy,89,75,0,ok,
2026-07-08T16:31:15,serris,70,2,0,ok,
2026-07-08T16:31:15,torcy,224,144,0,ok,
2026-07-08T16:45:44,paris,1000,1000,0,ok,
2026-07-08T16:45:44,meaux,16,16,0,ok,
2026-07-08T16:45:44,chessy,89,75,0,ok,
2026-07-08T16:45:44,serris,70,2,0,ok,
2026-07-08T16:45:44,torcy,224,144,0,ok,
2026-07-08T17:01:21,paris,1000,1000,0,ok,
2026-07-08T17:01:21,meaux,16,16,0,ok,
2026-07-08T17:01:21,chessy,89,75,0,ok,
2026-07-08T17:01:21,serris,70,2,0,ok,
2026-07-08T17:01:21,torcy,224,144,0,ok,
2026-07-08T17:15:39,paris,1000,1000,0,ok,
2026-07-08T17:15:39,meaux,16,16,0,ok,
2026-07-08T17:15:39,chessy,89,75,0,ok,
2026-07-08T17:15:39,serris,70,2,0,ok,
2026-07-08T17:15:39,torcy,224,144,0,ok,
2026-07-08T17:31:24,paris,1000,1000,0,ok,
2026-07-08T17:31:24,meaux,16,16,0,ok,
2026-07-08T17:31:24,chessy,89,75,0,ok,
2026-07-08T17:31:24,serris,70,2,0,ok,
2026-07-08T17:31:24,torcy,223,143,0,ok,
2026-07-08T17:45:45,paris,1000,1000,0,ok,
2026-07-08T17:45:45,meaux,16,16,0,ok,
2026-07-08T17:45:45,chessy,89,75,0,ok,
2026-07-08T17:45:45,serris,70,2,0,ok,
2026-07-08T17:45:45,torcy,223,143,0,ok,
2026-07-08T18:00:32,paris,1000,1000,0,ok,
2026-07-08T18:00:32,meaux,16,16,0,ok,
2026-07-08T18:00:32,chessy,89,75,0,ok,
2026-07-08T18:00:32,serris,70,2,0,ok,
2026-07-08T18:00:32,torcy,223,143,0,ok,
2026-07-08T18:01:28,paris,1000,1000,0,ok,
2026-07-08T18:01:28,meaux,16,16,0,ok,
2026-07-08T18:01:28,chessy,89,75,0,ok,
2026-07-08T18:01:28,serris,70,2,0,ok,
2026-07-08T18:01:28,torcy,223,143,0,ok,
2026-07-08T18:15:42,paris,1000,1000,0,ok,
2026-07-08T18:15:42,meaux,16,16,0,ok,
2026-07-08T18:15:42,chessy,89,75,0,ok,
2026-07-08T18:15:42,serris,70,2,0,ok,
2026-07-08T18:15:42,torcy,223,143,0,ok,
2026-07-08T18:31:17,paris,1000,1000,0,ok,
2026-07-08T18:31:17,meaux,16,16,0,ok,
2026-07-08T18:31:17,chessy,89,75,0,ok,
2026-07-08T18:31:17,serris,70,2,0,ok,
2026-07-08T18:31:17,torcy,223,143,0,ok,
2026-07-08T18:45:43,paris,1000,1000,0,ok,
2026-07-08T18:45:43,meaux,16,16,0,ok,
2026-07-08T18:45:43,chessy,89,75,0,ok,
2026-07-08T18:45:43,serris,70,2,0,ok,
2026-07-08T18:45:43,torcy,223,143,0,ok,
2026-07-08T19:01:26,paris,1000,1000,0,ok,
2026-07-08T19:01:26,meaux,16,16,0,ok,
2026-07-08T19:01:26,chessy,89,75,0,ok,
2026-07-08T19:01:26,serris,70,2,0,ok,
2026-07-08T19:01:26,torcy,223,143,0,ok,
2026-07-08T19:15:44,paris,1000,1000,0,ok,
2026-07-08T19:15:44,meaux,16,16,0,ok,
2026-07-08T19:15:44,chessy,89,75,0,ok,
2026-07-08T19:15:44,serris,70,2,0,ok,
2026-07-08T19:15:44,torcy,223,143,0,ok,
2026-07-08T19:31:15,paris,1000,1000,0,ok,
2026-07-08T19:31:15,meaux,16,16,0,ok,
2026-07-08T19:31:15,chessy,89,75,0,ok,
2026-07-08T19:31:15,serris,70,2,0,ok,
2026-07-08T19:31:15,torcy,223,143,0,ok,
2026-07-08T19:45:43,paris,1000,1000,0,ok,
2026-07-08T19:45:43,meaux,16,16,0,ok,
2026-07-08T19:45:43,chessy,89,75,0,ok,
2026-07-08T19:45:43,serris,70,2,0,ok,
2026-07-08T19:45:43,torcy,223,143,0,ok,
2026-07-08T20:01:27,paris,1000,1000,0,ok,
2026-07-08T20:01:27,meaux,16,16,0,ok,
2026-07-08T20:01:27,chessy,89,75,0,ok,
2026-07-08T20:01:27,serris,70,2,0,ok,
2026-07-08T20:01:27,torcy,223,143,0,ok,
2026-07-08T20:15:40,paris,1000,1000,0,ok,
2026-07-08T20:15:40,meaux,16,16,0,ok,
2026-07-08T20:15:40,chessy,89,75,0,ok,
2026-07-08T20:15:40,serris,70,2,0,ok,
2026-07-08T20:15:40,torcy,223,143,0,ok,
2026-07-08T20:31:14,paris,1000,1000,0,ok,
2026-07-08T20:31:14,meaux,16,16,0,ok,
2026-07-08T20:31:14,chessy,89,75,0,ok,
2026-07-08T20:31:14,serris,70,2,0,ok,
2026-07-08T20:31:14,torcy,223,143,0,ok,
2026-07-08T20:45:42,paris,1000,1000,0,ok,
2026-07-08T20:45:42,meaux,16,16,0,ok,
2026-07-08T20:45:42,chessy,89,75,0,ok,
2026-07-08T20:45:42,serris,70,2,0,ok,
2026-07-08T20:45:42,torcy,223,143,0,ok,
2026-07-08T21:01:27,paris,1000,1000,0,ok,
2026-07-08T21:01:27,meaux,16,16,0,ok,
2026-07-08T21:01:27,chessy,89,75,0,ok,
2026-07-08T21:01:27,serris,70,2,0,ok,
2026-07-08T21:01:27,torcy,223,143,0,ok,
2026-07-08T21:15:43,paris,1000,1000,0,ok,
2026-07-08T21:15:43,meaux,16,16,0,ok,
2026-07-08T21:15:43,chessy,89,75,0,ok,
2026-07-08T21:15:43,serris,70,2,0,ok,
2026-07-08T21:15:43,torcy,223,143,0,ok,
2026-07-08T21:31:15,paris,1000,1000,0,ok,
2026-07-08T21:31:15,meaux,16,16,0,ok,
2026-07-08T21:31:15,chessy,89,75,0,ok,
2026-07-08T21:31:15,serris,70,2,0,ok,
2026-07-08T21:31:15,torcy,223,143,0,ok,
2026-07-08T21:39:14,paris,1000,1000,0,ok,
2026-07-08T21:39:14,meaux,16,16,0,ok,
2026-07-08T21:39:14,chessy,89,75,0,ok,
2026-07-08T21:39:14,serris,70,2,0,ok,
2026-07-08T21:39:14,torcy,223,143,0,ok,
2026-07-08T21:45:39,paris,1000,1000,0,ok,
2026-07-08T21:45:39,meaux,16,16,0,ok,
2026-07-08T21:45:39,chessy,89,75,0,ok,
2026-07-08T21:45:39,serris,70,2,0,ok,
2026-07-08T21:45:39,torcy,223,143,0,ok,
2026-07-08T22:01:29,paris,1000,1000,0,ok,
2026-07-08T22:01:29,meaux,16,16,0,ok,
2026-07-08T22:01:29,chessy,89,75,0,ok,
2026-07-08T22:01:29,serris,70,2,0,ok,
2026-07-08T22:01:29,torcy,223,143,0,ok,
2026-07-08T22:15:43,paris,1000,1000,0,ok,
2026-07-08T22:15:43,meaux,16,16,0,ok,
2026-07-08T22:15:43,chessy,89,75,0,ok,
2026-07-08T22:15:43,serris,70,2,0,ok,
2026-07-08T22:15:43,torcy,223,143,0,ok,
2026-07-08T22:31:26,paris,1000,1000,0,ok,
2026-07-08T22:31:26,meaux,16,16,0,ok,
2026-07-08T22:31:26,chessy,89,75,0,ok,
2026-07-08T22:31:26,serris,70,2,0,ok,
2026-07-08T22:31:26,torcy,223,143,0,ok,
2026-07-08T22:45:44,paris,1000,1000,0,ok,
2026-07-08T22:45:44,meaux,16,16,0,ok,
2026-07-08T22:45:44,chessy,89,75,0,ok,
2026-07-08T22:45:44,serris,70,2,0,ok,
2026-07-08T22:45:44,torcy,223,143,0,ok,
2026-07-08T23:00:41,paris,1000,1000,0,ok,
2026-07-08T23:00:41,meaux,16,16,0,ok,
2026-07-08T23:00:41,chessy,89,75,0,ok,
2026-07-08T23:00:41,serris,70,2,0,ok,
2026-07-08T23:00:41,torcy,223,143,0,ok,
2026-07-08T23:01:26,paris,1000,1000,0,ok,
2026-07-08T23:01:26,meaux,16,16,0,ok,
2026-07-08T23:01:26,chessy,89,75,0,ok,
2026-07-08T23:01:26,serris,70,2,0,ok,
2026-07-08T23:01:26,torcy,223,143,0,ok,
2026-07-08T23:15:42,paris,1000,1000,0,ok,
2026-07-08T23:15:42,meaux,16,16,0,ok,
2026-07-08T23:15:42,chessy,89,75,0,ok,
2026-07-08T23:15:42,serris,70,2,0,ok,
2026-07-08T23:15:42,torcy,223,143,0,ok,
2026-07-08T23:45:42,paris,1000,1000,0,ok,
2026-07-08T23:45:42,meaux,16,16,0,ok,
2026-07-08T23:45:42,chessy,89,75,0,ok,
2026-07-08T23:45:42,serris,70,2,0,ok,
2026-07-08T23:45:42,torcy,223,143,0,ok,
2026-07-09T00:01:21,paris,1000,1000,0,ok,
2026-07-09T00:01:21,meaux,16,16,0,ok,
2026-07-09T00:01:21,chessy,89,75,0,ok,
2026-07-09T00:01:21,serris,70,2,0,ok,
2026-07-09T00:01:21,torcy,223,143,0,ok,
2026-07-09T00:15:41,paris,1000,1000,0,ok,
2026-07-09T00:15:41,meaux,16,16,0,ok,
2026-07-09T00:15:41,chessy,89,75,0,ok,
2026-07-09T00:15:41,serris,70,2,0,ok,
2026-07-09T00:15:41,torcy,223,143,0,ok,
2026-07-09T00:31:13,paris,1000,1000,0,ok,
2026-07-09T00:31:13,meaux,16,16,0,ok,
2026-07-09T00:31:13,chessy,89,75,0,ok,
2026-07-09T00:31:13,serris,70,2,0,ok,
2026-07-09T00:31:13,torcy,223,143,0,ok,
2026-07-09T00:45:41,paris,1000,1000,0,ok,
2026-07-09T00:45:41,meaux,16,16,0,ok,
2026-07-09T00:45:41,chessy,89,75,0,ok,
2026-07-09T00:45:41,serris,70,2,0,ok,
2026-07-09T00:45:41,torcy,223,143,0,ok,
2026-07-09T01:01:19,paris,1000,1000,0,ok,
2026-07-09T01:01:19,meaux,16,16,0,ok,
2026-07-09T01:01:19,chessy,89,75,0,ok,
2026-07-09T01:01:19,serris,70,2,0,ok,
2026-07-09T01:01:19,torcy,223,143,0,ok,
2026-07-09T01:08:51,paris,1000,1000,0,ok,
2026-07-09T01:08:51,meaux,16,16,0,ok,
2026-07-09T01:08:51,chessy,89,75,0,ok,
2026-07-09T01:08:51,serris,70,2,0,ok,
2026-07-09T01:08:51,torcy,223,143,0,ok,
2026-07-09T01:15:40,paris,1000,1000,0,ok,
2026-07-09T01:15:40,meaux,16,16,0,ok,
2026-07-09T01:15:40,chessy,89,75,0,ok,
2026-07-09T01:15:40,serris,70,2,0,ok,
2026-07-09T01:15:40,torcy,223,143,0,ok,
2026-07-09T01:31:17,paris,1000,1000,0,ok,
2026-07-09T01:31:17,meaux,16,16,0,ok,
2026-07-09T01:31:17,chessy,89,75,0,ok,
2026-07-09T01:31:17,serris,70,2,0,ok,
2026-07-09T01:31:17,torcy,223,143,0,ok,
2026-07-09T01:45:40,paris,1000,1000,0,ok,
2026-07-09T01:45:40,meaux,16,16,0,ok,
2026-07-09T01:45:40,chessy,89,75,0,ok,
2026-07-09T01:45:40,serris,70,2,0,ok,
2026-07-09T01:45:40,torcy,223,143,0,ok,
2026-07-09T02:01:18,paris,1000,1000,0,ok,
2026-07-09T02:01:18,meaux,16,16,0,ok,
2026-07-09T02:01:18,chessy,89,75,0,ok,
2026-07-09T02:01:18,serris,70,2,0,ok,
2026-07-09T02:01:18,torcy,223,143,0,ok,
2026-07-09T02:15:41,paris,1000,1000,0,ok,
2026-07-09T02:15:41,meaux,16,16,0,ok,
2026-07-09T02:15:41,chessy,89,75,0,ok,
2026-07-09T02:15:41,serris,70,2,0,ok,
2026-07-09T02:15:41,torcy,223,143,0,ok,
2026-07-09T02:31:14,paris,1000,1000,0,ok,
2026-07-09T02:31:14,meaux,16,16,0,ok,
2026-07-09T02:31:14,chessy,89,75,0,ok,
2026-07-09T02:31:14,serris,70,2,0,ok,
2026-07-09T02:31:14,torcy,223,143,0,ok,
2026-07-09T02:45:41,paris,1000,1000,0,ok,
2026-07-09T02:45:41,meaux,16,16,0,ok,
2026-07-09T02:45:41,chessy,89,75,0,ok,
2026-07-09T02:45:41,serris,70,2,0,ok,
2026-07-09T02:45:41,torcy,223,143,0,ok,
2026-07-09T03:01:24,paris,1000,1000,0,ok,
2026-07-09T03:01:24,meaux,16,16,0,ok,
2026-07-09T03:01:24,chessy,89,75,0,ok,
2026-07-09T03:01:24,serris,70,2,0,ok,
2026-07-09T03:01:24,torcy,223,143,0,ok,
2026-07-09T03:15:40,paris,1000,1000,0,ok,
2026-07-09T03:15:40,meaux,16,16,0,ok,
2026-07-09T03:15:40,chessy,89,75,0,ok,
2026-07-09T03:15:40,serris,70,2,0,ok,
2026-07-09T03:15:40,torcy,223,143,0,ok,
2026-07-09T03:31:13,paris,1000,1000,0,ok,
2026-07-09T03:31:13,meaux,16,16,0,ok,
2026-07-09T03:31:13,chessy,89,75,0,ok,
2026-07-09T03:31:13,serris,70,2,0,ok,
2026-07-09T03:31:13,torcy,223,143,0,ok,
2026-07-09T03:45:43,paris,1000,1000,0,ok,
2026-07-09T03:45:43,meaux,16,16,0,ok,
2026-07-09T03:45:43,chessy,89,75,0,ok,
2026-07-09T03:45:43,serris,70,2,0,ok,
2026-07-09T03:45:43,torcy,223,143,0,ok,
2026-07-09T04:01:19,paris,1000,1000,0,ok,
2026-07-09T04:01:19,meaux,16,16,0,ok,
2026-07-09T04:01:19,chessy,89,75,0,ok,
2026-07-09T04:01:19,serris,70,2,0,ok,
2026-07-09T04:01:19,torcy,223,143,0,ok,
2026-07-09T04:15:43,paris,1000,1000,0,ok,
2026-07-09T04:15:43,meaux,16,16,0,ok,
2026-07-09T04:15:43,chessy,89,75,0,ok,
2026-07-09T04:15:43,serris,70,2,0,ok,
2026-07-09T04:15:43,torcy,223,143,0,ok,
2026-07-09T04:31:15,paris,1000,1000,0,ok,
2026-07-09T04:31:15,meaux,16,16,0,ok,
2026-07-09T04:31:15,chessy,89,75,0,ok,
2026-07-09T04:31:15,serris,70,2,0,ok,
2026-07-09T04:31:15,torcy,223,143,0,ok,
2026-07-09T04:45:44,paris,1000,1000,0,ok,
2026-07-09T04:45:44,meaux,16,16,0,ok,
2026-07-09T04:45:44,chessy,89,75,0,ok,
2026-07-09T04:45:44,serris,70,2,0,ok,
2026-07-09T04:45:44,torcy,223,143,0,ok,
2026-07-09T05:01:28,paris,1000,1000,0,ok,
2026-07-09T05:01:28,meaux,16,16,0,ok,
2026-07-09T05:01:28,chessy,89,75,0,ok,
2026-07-09T05:01:28,serris,70,2,0,ok,
2026-07-09T05:01:28,torcy,223,143,0,ok,
2026-07-09T05:15:41,paris,1000,1000,0,ok,
2026-07-09T05:15:41,meaux,16,16,0,ok,
2026-07-09T05:15:41,chessy,89,75,0,ok,
2026-07-09T05:15:41,serris,70,2,0,ok,
2026-07-09T05:15:41,torcy,223,143,0,ok,
2026-07-09T05:31:14,paris,1000,1000,0,ok,
2026-07-09T05:31:14,meaux,16,16,0,ok,
2026-07-09T05:31:14,chessy,89,75,0,ok,
2026-07-09T05:31:14,serris,70,2,0,ok,
2026-07-09T05:31:14,torcy,223,143,0,ok,
2026-07-09T05:38:41,paris,1000,1000,0,ok,
2026-07-09T05:38:41,meaux,16,16,0,ok,
2026-07-09T05:38:41,chessy,89,75,0,ok,
2026-07-09T05:38:41,serris,70,2,0,ok,
2026-07-09T05:38:41,torcy,223,143,0,ok,
2026-07-09T05:45:42,paris,1000,1000,0,ok,
2026-07-09T05:45:42,meaux,16,16,0,ok,
2026-07-09T05:45:42,chessy,89,75,0,ok,
2026-07-09T05:45:42,serris,70,2,0,ok,
2026-07-09T05:45:42,torcy,223,143,0,ok,
2026-07-09T06:01:31,paris,1000,1000,0,ok,
2026-07-09T06:01:31,meaux,16,16,0,ok,
2026-07-09T06:01:31,chessy,89,75,0,ok,
2026-07-09T06:01:31,serris,70,2,0,ok,
2026-07-09T06:01:31,torcy,223,143,0,ok,
2026-07-09T06:15:42,paris,1000,1000,0,ok,
2026-07-09T06:15:42,meaux,16,16,0,ok,
2026-07-09T06:15:42,chessy,89,75,0,ok,
2026-07-09T06:15:42,serris,70,2,0,ok,
2026-07-09T06:15:42,torcy,223,143,0,ok,
2026-07-09T06:36:17,paris,1000,1000,0,ok,
2026-07-09T06:36:17,meaux,16,16,0,ok,
2026-07-09T06:36:17,chessy,89,75,0,ok,
2026-07-09T06:36:17,serris,70,2,0,ok,
2026-07-09T06:36:17,torcy,223,143,0,ok,
2026-07-09T06:45:41,paris,1000,1000,0,ok,
2026-07-09T06:45:41,meaux,16,16,0,ok,
2026-07-09T06:45:41,chessy,88,74,0,ok,
2026-07-09T06:45:41,serris,69,2,0,ok,
2026-07-09T06:45:41,torcy,222,143,0,ok,
2026-07-09T07:01:27,paris,1000,1000,0,ok,
2026-07-09T07:01:27,meaux,16,16,0,ok,
2026-07-09T07:01:27,chessy,88,74,0,ok,
2026-07-09T07:01:27,serris,69,2,0,ok,
2026-07-09T07:01:27,torcy,222,143,0,ok,
2026-07-09T07:20:42,paris,1000,1000,0,ok,
2026-07-09T07:20:42,meaux,16,16,0,ok,
2026-07-09T07:20:42,chessy,88,74,0,ok,
2026-07-09T07:20:42,serris,69,2,0,ok,
2026-07-09T07:20:42,torcy,222,143,0,ok,
2026-07-09T07:31:17,paris,1000,1000,0,ok,
2026-07-09T07:31:17,meaux,16,16,0,ok,
2026-07-09T07:31:17,chessy,88,74,0,ok,
2026-07-09T07:31:17,serris,69,2,0,ok,
2026-07-09T07:31:17,torcy,222,143,0,ok,
2026-07-09T07:45:46,paris,1000,1000,0,ok,
2026-07-09T07:45:46,meaux,16,16,0,ok,
2026-07-09T07:45:46,chessy,88,74,0,ok,
2026-07-09T07:45:46,serris,69,2,0,ok,
2026-07-09T07:45:46,torcy,222,143,0,ok,
2026-07-09T08:01:29,paris,1000,1000,0,ok,
2026-07-09T08:01:29,meaux,16,16,0,ok,
2026-07-09T08:01:29,chessy,88,74,0,ok,
2026-07-09T08:01:29,serris,69,2,0,ok,
2026-07-09T08:01:29,torcy,222,143,0,ok,
2026-07-09T08:15:40,paris,1000,1000,0,ok,
2026-07-09T08:15:40,meaux,16,16,0,ok,
2026-07-09T08:15:40,chessy,88,74,0,ok,
2026-07-09T08:15:40,serris,69,2,0,ok,
2026-07-09T08:15:40,torcy,222,143,0,ok,
2026-07-09T08:41:16,paris,1000,1000,0,ok,
2026-07-09T08:41:16,meaux,16,16,0,ok,
2026-07-09T08:41:16,chessy,88,74,0,ok,
2026-07-09T08:41:16,serris,69,2,0,ok,
2026-07-09T08:41:16,torcy,223,144,0,ok,
2026-07-09T08:45:42,paris,1000,1000,0,ok,
2026-07-09T08:45:42,meaux,16,16,0,ok,
2026-07-09T08:45:42,chessy,88,74,0,ok,
2026-07-09T08:45:42,serris,69,2,0,ok,
2026-07-09T08:45:42,torcy,223,144,0,ok,
2026-07-09T09:01:32,paris,1000,1000,0,ok,
2026-07-09T09:01:32,meaux,16,16,0,ok,
2026-07-09T09:01:32,chessy,88,74,0,ok,
2026-07-09T09:01:32,serris,69,2,0,ok,
2026-07-09T09:01:32,torcy,223,143,0,ok,
2026-07-09T09:15:41,paris,1000,1000,0,ok,
2026-07-09T09:15:41,meaux,16,16,0,ok,
2026-07-09T09:15:41,chessy,88,74,0,ok,
2026-07-09T09:15:41,serris,69,2,0,ok,
2026-07-09T09:15:41,torcy,222,143,0,ok,
2026-07-09T09:29:54,paris,1000,1000,0,ok,
2026-07-09T09:29:54,meaux,16,16,0,ok,
2026-07-09T09:29:54,chessy,88,74,0,ok,
2026-07-09T09:29:54,serris,69,2,0,ok,
2026-07-09T09:29:54,torcy,222,143,0,ok,
2026-07-09T09:31:15,paris,1000,1000,0,ok,
2026-07-09T09:31:15,meaux,16,16,0,ok,
2026-07-09T09:31:15,chessy,88,74,0,ok,
2026-07-09T09:31:15,serris,69,2,0,ok,
2026-07-09T09:31:15,torcy,222,143,0,ok,
2026-07-09T10:01:29,paris,1000,1000,0,ok,
2026-07-09T10:01:29,meaux,16,16,0,ok,
2026-07-09T10:01:29,chessy,88,74,0,ok,
2026-07-09T10:01:29,serris,69,2,0,ok,
2026-07-09T10:01:29,torcy,222,143,0,ok,
2026-07-09T10:20:46,paris,1000,1000,0,ok,
2026-07-09T10:20:46,meaux,16,16,0,ok,
2026-07-09T10:20:46,chessy,88,74,0,ok,
2026-07-09T10:20:46,serris,69,2,0,ok,
2026-07-09T10:20:46,torcy,222,143,0,ok,
2026-07-09T10:41:17,paris,1000,1000,0,ok,
2026-07-09T10:41:17,meaux,16,16,0,ok,
2026-07-09T10:41:17,chessy,88,74,0,ok,
2026-07-09T10:41:17,serris,69,2,0,ok,
2026-07-09T10:41:17,torcy,221,142,0,ok,
2026-07-09T10:45:44,paris,1000,1000,0,ok,
2026-07-09T10:45:44,meaux,16,16,0,ok,
2026-07-09T10:45:44,chessy,88,74,0,ok,
2026-07-09T10:45:44,serris,69,2,0,ok,
2026-07-09T10:45:44,torcy,221,142,0,ok,
2026-07-09T11:01:29,paris,1000,1000,0,ok,
2026-07-09T11:01:29,meaux,16,16,0,ok,
2026-07-09T11:01:29,chessy,88,74,0,ok,
2026-07-09T11:01:29,serris,69,2,0,ok,
2026-07-09T11:01:29,torcy,221,142,0,ok,
2026-07-09T11:15:47,paris,1000,1000,0,ok,
2026-07-09T11:15:47,meaux,16,16,0,ok,
2026-07-09T11:15:47,chessy,88,74,0,ok,
2026-07-09T11:15:47,serris,69,2,0,ok,
2026-07-09T11:15:47,torcy,222,143,0,ok,
2026-07-09T11:31:20,paris,1000,1000,0,ok,
2026-07-09T11:31:20,meaux,16,16,0,ok,
2026-07-09T11:31:20,chessy,88,74,0,ok,
2026-07-09T11:31:20,serris,69,2,0,ok,
2026-07-09T11:31:20,torcy,222,143,0,ok,
2026-07-09T11:45:47,paris,1000,1000,0,ok,
2026-07-09T11:45:47,meaux,16,16,0,ok,
2026-07-09T11:45:47,chessy,88,74,0,ok,
2026-07-09T11:45:47,serris,69,2,0,ok,
2026-07-09T11:45:47,torcy,221,142,0,ok,
2026-07-09T12:01:18,paris,1000,1000,0,ok,
2026-07-09T12:01:18,meaux,16,16,0,ok,
2026-07-09T12:01:18,chessy,88,74,0,ok,
2026-07-09T12:01:18,serris,69,2,0,ok,
2026-07-09T12:01:18,torcy,221,142,0,ok,
2026-07-09T12:20:46,paris,1000,1000,0,ok,
2026-07-09T12:20:46,meaux,16,16,0,ok,
2026-07-09T12:20:46,chessy,88,74,0,ok,
2026-07-09T12:20:46,serris,69,2,0,ok,
2026-07-09T12:20:46,torcy,220,141,0,ok,
2026-07-09T12:37:15,paris,1000,1000,0,ok,
2026-07-09T12:37:15,meaux,16,16,0,ok,
2026-07-09T12:37:15,chessy,88,74,0,ok,
2026-07-09T12:37:15,serris,69,2,0,ok,
2026-07-09T12:37:15,torcy,220,141,0,ok,
2026-07-09T12:48:04,paris,1000,1000,0,ok,
2026-07-09T12:48:04,meaux,16,16,0,ok,
2026-07-09T12:48:04,chessy,88,74,0,ok,
2026-07-09T12:48:04,serris,69,2,0,ok,
2026-07-09T12:48:04,torcy,220,141,0,ok,
2026-07-09T13:02:50,paris,1000,1000,0,ok,
2026-07-09T13:02:50,meaux,16,16,0,ok,
2026-07-09T13:02:50,chessy,88,74,0,ok,
2026-07-09T13:02:50,serris,69,2,0,ok,
2026-07-09T13:02:50,torcy,220,141,0,ok,
2026-07-09T13:16:59,paris,1000,1000,0,ok,
2026-07-09T13:16:59,meaux,16,16,0,ok,
2026-07-09T13:16:59,chessy,88,74,0,ok,
2026-07-09T13:16:59,serris,69,2,0,ok,
2026-07-09T13:16:59,torcy,220,141,0,ok,
2026-07-09T13:31:13,paris,1000,1000,0,ok,
2026-07-09T13:31:13,meaux,16,16,0,ok,
2026-07-09T13:31:13,chessy,88,74,0,ok,
2026-07-09T13:31:13,serris,69,2,0,ok,
2026-07-09T13:31:13,torcy,220,141,0,ok,
2026-07-09T13:45:46,paris,1000,1000,0,ok,
2026-07-09T13:45:46,meaux,16,16,0,ok,
2026-07-09T13:45:46,chessy,88,74,0,ok,
2026-07-09T13:45:46,serris,69,2,0,ok,
2026-07-09T13:45:46,torcy,220,141,0,ok,
2026-07-09T14:01:24,paris,1000,1000,0,ok,
2026-07-09T14:01:24,meaux,16,16,0,ok,
2026-07-09T14:01:24,chessy,88,74,0,ok,
2026-07-09T14:01:24,serris,69,2,0,ok,
2026-07-09T14:01:24,torcy,220,141,0,ok,
2026-07-09T14:15:48,paris,1000,1000,0,ok,
2026-07-09T14:15:48,meaux,16,16,0,ok,
2026-07-09T14:15:48,chessy,88,74,0,ok,
2026-07-09T14:15:48,serris,69,2,0,ok,
2026-07-09T14:15:48,torcy,219,141,0,ok,
2026-07-09T14:31:10,paris,1000,1000,0,ok,
2026-07-09T14:31:10,meaux,16,16,0,ok,
2026-07-09T14:31:10,chessy,88,74,0,ok,
2026-07-09T14:31:10,serris,69,2,0,ok,
2026-07-09T14:31:10,torcy,219,141,0,ok,
2026-07-09T14:45:45,paris,1000,1000,0,ok,
2026-07-09T14:45:45,meaux,16,16,0,ok,
2026-07-09T14:45:45,chessy,88,74,0,ok,
2026-07-09T14:45:45,serris,69,2,0,ok,
2026-07-09T14:45:45,torcy,219,141,0,ok,
2026-07-09T15:01:18,paris,1000,1000,0,ok,
2026-07-09T15:01:18,meaux,16,16,0,ok,
2026-07-09T15:01:18,chessy,87,73,0,ok,
2026-07-09T15:01:18,serris,68,2,0,ok,
2026-07-09T15:01:18,torcy,219,141,0,ok,
2026-07-09T15:15:49,paris,1000,1000,0,ok,
2026-07-09T15:15:49,meaux,16,16,0,ok,
2026-07-09T15:15:49,chessy,87,73,0,ok,
2026-07-09T15:15:49,serris,68,2,0,ok,
2026-07-09T15:15:49,torcy,219,141,0,ok,
2026-07-09T15:31:10,paris,1000,1000,0,ok,
2026-07-09T15:31:10,meaux,16,16,0,ok,
2026-07-09T15:31:10,chessy,87,73,0,ok,
2026-07-09T15:31:10,serris,68,2,0,ok,
2026-07-09T15:31:10,torcy,219,141,0,ok,
2026-07-09T15:40:35,paris,1000,1000,0,ok,
2026-07-09T15:40:35,meaux,16,16,0,ok,
2026-07-09T15:40:35,chessy,87,73,0,ok,
2026-07-09T15:40:35,serris,68,2,0,ok,
2026-07-09T15:40:35,torcy,219,141,0,ok,
2026-07-09T15:45:44,paris,1000,1000,0,ok,
2026-07-09T15:45:44,meaux,16,16,0,ok,
2026-07-09T15:45:44,chessy,87,73,0,ok,
2026-07-09T15:45:44,serris,68,2,0,ok,
2026-07-09T15:45:44,torcy,219,141,0,ok,
2026-07-09T16:01:20,paris,1000,1000,0,ok,
2026-07-09T16:01:20,meaux,16,16,0,ok,
2026-07-09T16:01:20,chessy,87,73,0,ok,
2026-07-09T16:01:20,serris,68,2,0,ok,
2026-07-09T16:01:20,torcy,219,141,0,ok,
2026-07-09T16:15:44,paris,1000,1000,0,ok,
2026-07-09T16:15:44,meaux,16,16,0,ok,
2026-07-09T16:15:44,chessy,87,73,0,ok,
2026-07-09T16:15:44,serris,68,2,0,ok,
2026-07-09T16:15:44,torcy,219,141,0,ok,
2026-07-09T16:31:11,paris,1000,1000,0,ok,
2026-07-09T16:31:11,meaux,16,16,0,ok,
2026-07-09T16:31:11,chessy,87,73,0,ok,
2026-07-09T16:31:11,serris,68,2,0,ok,
2026-07-09T16:31:11,torcy,219,141,0,ok,
2026-07-09T16:45:41,paris,1000,1000,0,ok,
2026-07-09T16:45:41,meaux,16,16,0,ok,
2026-07-09T16:45:41,chessy,87,73,0,ok,
2026-07-09T16:45:41,serris,68,2,0,ok,
2026-07-09T16:45:41,torcy,219,141,0,ok,
2026-07-09T17:01:22,paris,1000,1000,0,ok,
2026-07-09T17:01:22,meaux,16,16,0,ok,
2026-07-09T17:01:22,chessy,87,73,0,ok,
2026-07-09T17:01:22,serris,68,2,0,ok,
2026-07-09T17:01:22,torcy,219,141,0,ok,
2026-07-09T17:15:43,paris,1000,1000,0,ok,
2026-07-09T17:15:43,meaux,16,16,0,ok,
2026-07-09T17:15:43,chessy,87,73,0,ok,
2026-07-09T17:15:43,serris,68,2,0,ok,
2026-07-09T17:15:43,torcy,219,141,0,ok,
2026-07-09T17:31:09,paris,1000,1000,0,ok,
2026-07-09T17:31:09,meaux,16,16,0,ok,
2026-07-09T17:31:09,chessy,87,73,0,ok,
2026-07-09T17:31:09,serris,68,2,0,ok,
2026-07-09T17:31:09,torcy,219,141,0,ok,
2026-07-09T17:45:46,paris,1000,1000,0,ok,
2026-07-09T17:45:46,meaux,16,16,0,ok,
2026-07-09T17:45:46,chessy,87,73,0,ok,
2026-07-09T17:45:46,serris,68,2,0,ok,
2026-07-09T17:45:46,torcy,219,141,0,ok,
2026-07-09T17:51:35,paris,1000,1000,0,ok,
2026-07-09T17:51:35,meaux,16,16,0,ok,
2026-07-09T17:51:35,chessy,87,73,0,ok,
2026-07-09T17:51:35,serris,68,2,0,ok,
2026-07-09T17:51:35,torcy,219,141,0,ok,
2026-07-09T18:01:18,paris,1000,1000,0,ok,
2026-07-09T18:01:18,meaux,16,16,0,ok,
2026-07-09T18:01:18,chessy,87,73,0,ok,
2026-07-09T18:01:18,serris,68,2,0,ok,
2026-07-09T18:01:18,torcy,219,141,0,ok,
2026-07-09T18:15:45,paris,1000,1000,0,ok,
2026-07-09T18:15:45,meaux,16,16,0,ok,
2026-07-09T18:15:45,chessy,87,73,0,ok,
2026-07-09T18:15:45,serris,68,2,0,ok,
2026-07-09T18:15:45,torcy,219,141,0,ok,
2026-07-09T18:31:09,paris,1000,1000,0,ok,
2026-07-09T18:31:09,meaux,16,16,0,ok,
2026-07-09T18:31:09,chessy,87,73,0,ok,
2026-07-09T18:31:09,serris,68,2,0,ok,
2026-07-09T18:31:09,torcy,219,141,0,ok,
2026-07-09T18:45:46,paris,1000,1000,0,ok,
2026-07-09T18:45:46,meaux,16,16,0,ok,
2026-07-09T18:45:46,chessy,87,73,0,ok,
2026-07-09T18:45:46,serris,68,2,0,ok,
2026-07-09T18:45:46,torcy,219,141,0,ok,
2026-07-09T19:01:19,paris,1000,1000,0,ok,
2026-07-09T19:01:19,meaux,16,16,0,ok,
2026-07-09T19:01:19,chessy,87,73,0,ok,
2026-07-09T19:01:19,serris,68,2,0,ok,
2026-07-09T19:01:19,torcy,219,141,0,ok,
2026-07-09T19:15:44,paris,1000,1000,0,ok,
2026-07-09T19:15:44,meaux,16,16,0,ok,
2026-07-09T19:15:44,chessy,87,73,0,ok,
2026-07-09T19:15:44,serris,68,2,0,ok,
2026-07-09T19:15:44,torcy,219,141,0,ok,
2026-07-09T19:31:10,paris,1000,1000,0,ok,
2026-07-09T19:31:10,meaux,16,16,0,ok,
2026-07-09T19:31:10,chessy,87,73,0,ok,
2026-07-09T19:31:10,serris,68,2,0,ok,
2026-07-09T19:31:10,torcy,219,141,0,ok,
2026-07-09T19:37:33,paris,1000,1000,0,ok,
2026-07-09T19:37:33,meaux,16,16,0,ok,
2026-07-09T19:37:33,chessy,87,73,0,ok,
2026-07-09T19:37:33,serris,68,2,0,ok,
2026-07-09T19:37:33,torcy,219,141,0,ok,
2026-07-09T19:45:46,paris,1000,1000,0,ok,
2026-07-09T19:45:46,meaux,16,16,0,ok,
2026-07-09T19:45:46,chessy,87,73,0,ok,
2026-07-09T19:45:46,serris,68,2,0,ok,
2026-07-09T19:45:46,torcy,219,141,0,ok,
2026-07-09T20:01:21,paris,1000,1000,0,ok,
2026-07-09T20:01:21,meaux,16,16,0,ok,
2026-07-09T20:01:21,chessy,87,73,0,ok,
2026-07-09T20:01:21,serris,68,2,0,ok,
2026-07-09T20:01:21,torcy,219,141,0,ok,
2026-07-09T20:15:44,paris,1000,1000,0,ok,
2026-07-09T20:15:44,meaux,16,16,0,ok,
2026-07-09T20:15:44,chessy,87,73,0,ok,
2026-07-09T20:15:44,serris,68,2,0,ok,
2026-07-09T20:15:44,torcy,219,141,0,ok,
2026-07-09T20:31:15,paris,1000,1000,0,ok,
2026-07-09T20:31:15,meaux,16,16,0,ok,
2026-07-09T20:31:15,chessy,87,73,0,ok,
2026-07-09T20:31:15,serris,68,2,0,ok,
2026-07-09T20:31:15,torcy,219,141,0,ok,
2026-07-09T20:45:46,paris,1000,1000,0,ok,
2026-07-09T20:45:46,meaux,16,16,0,ok,
2026-07-09T20:45:46,chessy,87,73,0,ok,
2026-07-09T20:45:46,serris,68,2,0,ok,
2026-07-09T20:45:46,torcy,219,141,0,ok,
2026-07-09T21:01:17,paris,1000,1000,0,ok,
2026-07-09T21:01:17,meaux,16,16,0,ok,
2026-07-09T21:01:17,chessy,87,73,0,ok,
2026-07-09T21:01:17,serris,68,2,0,ok,
2026-07-09T21:01:17,torcy,219,141,0,ok,
2026-07-09T21:15:45,paris,1000,1000,0,ok,
2026-07-09T21:15:45,meaux,16,16,0,ok,
2026-07-09T21:15:45,chessy,87,73,0,ok,
2026-07-09T21:15:45,serris,68,2,0,ok,
2026-07-09T21:15:45,torcy,219,141,0,ok,
2026-07-09T21:19:04,paris,1000,1000,0,ok,
2026-07-09T21:19:04,meaux,16,16,0,ok,
2026-07-09T21:19:04,chessy,87,73,0,ok,
2026-07-09T21:19:04,serris,68,2,0,ok,
2026-07-09T21:19:04,torcy,219,141,0,ok,
2026-07-09T21:31:08,paris,1000,1000,0,ok,
2026-07-09T21:31:08,meaux,16,16,0,ok,
2026-07-09T21:31:08,chessy,87,73,0,ok,
2026-07-09T21:31:08,serris,68,2,0,ok,
2026-07-09T21:31:08,torcy,219,141,0,ok,
2026-07-09T21:45:41,paris,1000,1000,0,ok,
2026-07-09T21:45:41,meaux,16,16,0,ok,
2026-07-09T21:45:41,chessy,87,73,0,ok,
2026-07-09T21:45:41,serris,68,2,0,ok,
2026-07-09T21:45:41,torcy,219,141,0,ok,
2026-07-09T22:01:18,paris,1000,1000,0,ok,
2026-07-09T22:01:18,meaux,16,16,0,ok,
2026-07-09T22:01:18,chessy,87,73,0,ok,
2026-07-09T22:01:18,serris,68,2,0,ok,
2026-07-09T22:01:18,torcy,219,141,0,ok,
2026-07-09T22:15:47,paris,1000,1000,0,ok,
2026-07-09T22:15:47,meaux,16,16,0,ok,
2026-07-09T22:15:47,chessy,87,73,0,ok,
2026-07-09T22:15:47,serris,68,2,0,ok,
2026-07-09T22:15:47,torcy,219,141,0,ok,
2026-07-09T22:31:15,paris,1000,1000,0,ok,
2026-07-09T22:31:15,meaux,16,16,0,ok,
2026-07-09T22:31:15,chessy,87,73,0,ok,
2026-07-09T22:31:15,serris,68,2,0,ok,
2026-07-09T22:31:15,torcy,219,141,0,ok,
2026-07-09T22:45:44,paris,1000,1000,0,ok,
2026-07-09T22:45:44,meaux,16,16,0,ok,
2026-07-09T22:45:44,chessy,87,73,0,ok,
2026-07-09T22:45:44,serris,68,2,0,ok,
2026-07-09T22:45:44,torcy,219,141,0,ok,
2026-07-09T22:48:36,paris,1000,1000,0,ok,
2026-07-09T22:48:36,meaux,16,16,0,ok,
2026-07-09T22:48:36,chessy,87,73,0,ok,
2026-07-09T22:48:36,serris,68,2,0,ok,
2026-07-09T22:48:36,torcy,219,141,0,ok,
2026-07-09T23:01:15,paris,1000,1000,0,ok,
2026-07-09T23:01:15,meaux,16,16,0,ok,
2026-07-09T23:01:15,chessy,87,73,0,ok,
2026-07-09T23:01:15,serris,68,2,0,ok,
2026-07-09T23:01:15,torcy,219,141,0,ok,
2026-07-09T23:15:45,paris,1000,1000,0,ok,
2026-07-09T23:15:45,meaux,16,16,0,ok,
2026-07-09T23:15:45,chessy,87,73,0,ok,
2026-07-09T23:15:45,serris,68,2,0,ok,
2026-07-09T23:15:45,torcy,219,141,0,ok,
2026-07-09T23:31:11,paris,1000,1000,0,ok,
2026-07-09T23:31:11,meaux,16,16,0,ok,
2026-07-09T23:31:11,chessy,87,73,0,ok,
2026-07-09T23:31:11,serris,68,2,0,ok,
2026-07-09T23:31:11,torcy,219,141,0,ok,
2026-07-09T23:45:46,paris,1000,1000,0,ok,
2026-07-09T23:45:46,meaux,16,16,0,ok,
2026-07-09T23:45:46,chessy,87,73,0,ok,
2026-07-09T23:45:46,serris,68,2,0,ok,
2026-07-09T23:45:46,torcy,219,141,0,ok,
2026-07-10T00:00:33,paris,1000,1000,0,ok,
2026-07-10T00:00:33,meaux,16,16,0,ok,
2026-07-10T00:00:33,chessy,87,73,0,ok,
2026-07-10T00:00:33,serris,68,2,0,ok,
2026-07-10T00:00:33,torcy,219,141,0,ok,
2026-07-10T00:01:16,paris,1000,1000,0,ok,
2026-07-10T00:01:16,meaux,16,16,0,ok,
2026-07-10T00:01:16,chessy,87,73,0,ok,
2026-07-10T00:01:16,serris,68,2,0,ok,
2026-07-10T00:01:16,torcy,219,141,0,ok,
2026-07-10T00:15:45,paris,1000,1000,0,ok,
2026-07-10T00:15:45,meaux,16,16,0,ok,
2026-07-10T00:15:45,chessy,87,73,0,ok,
2026-07-10T00:15:45,serris,68,2,0,ok,
2026-07-10T00:15:45,torcy,219,141,0,ok,
2026-07-10T00:31:09,paris,1000,1000,0,ok,
2026-07-10T00:31:09,meaux,16,16,0,ok,
2026-07-10T00:31:09,chessy,87,73,0,ok,
2026-07-10T00:31:09,serris,68,2,0,ok,
2026-07-10T00:31:09,torcy,219,141,0,ok,
2026-07-10T00:45:46,paris,1000,1000,0,ok,
2026-07-10T00:45:46,meaux,16,16,0,ok,
2026-07-10T00:45:46,chessy,87,73,0,ok,
2026-07-10T00:45:46,serris,68,2,0,ok,
2026-07-10T00:45:46,torcy,219,141,0,ok,
2026-07-10T01:01:16,paris,1000,1000,0,ok,
2026-07-10T01:01:16,meaux,16,16,0,ok,
2026-07-10T01:01:16,chessy,87,73,0,ok,
2026-07-10T01:01:16,serris,68,2,0,ok,
2026-07-10T01:01:16,torcy,219,141,0,ok,
2026-07-10T01:15:44,paris,1000,1000,0,ok,
2026-07-10T01:15:44,meaux,16,16,0,ok,
2026-07-10T01:15:44,chessy,87,73,0,ok,
2026-07-10T01:15:44,serris,68,2,0,ok,
2026-07-10T01:15:44,torcy,219,141,0,ok,
2026-07-10T01:31:09,paris,1000,1000,0,ok,
2026-07-10T01:31:09,meaux,16,16,0,ok,
2026-07-10T01:31:09,chessy,87,73,0,ok,
2026-07-10T01:31:09,serris,68,2,0,ok,
2026-07-10T01:31:09,torcy,219,141,0,ok,
2026-07-10T01:45:43,paris,1000,1000,0,ok,
2026-07-10T01:45:43,meaux,16,16,0,ok,
2026-07-10T01:45:43,chessy,87,73,0,ok,
2026-07-10T01:45:43,serris,68,2,0,ok,
2026-07-10T01:45:43,torcy,219,141,0,ok,
2026-07-10T02:01:16,paris,1000,1000,0,ok,
2026-07-10T02:01:16,meaux,16,16,0,ok,
2026-07-10T02:01:16,chessy,87,73,0,ok,
2026-07-10T02:01:16,serris,68,2,0,ok,
2026-07-10T02:01:16,torcy,219,141,0,ok,
2026-07-10T02:15:45,paris,1000,1000,0,ok,
2026-07-10T02:15:45,meaux,16,16,0,ok,
2026-07-10T02:15:45,chessy,87,73,0,ok,
2026-07-10T02:15:45,serris,68,2,0,ok,
2026-07-10T02:15:45,torcy,220,142,0,ok,
2026-07-10T02:31:07,paris,1000,1000,0,ok,
2026-07-10T02:31:07,meaux,16,16,0,ok,
2026-07-10T02:31:07,chessy,87,73,0,ok,
2026-07-10T02:31:07,serris,68,2,0,ok,
2026-07-10T02:31:07,torcy,220,142,0,ok,
2026-07-10T02:45:46,paris,1000,1000,0,ok,
2026-07-10T02:45:46,meaux,16,16,0,ok,
2026-07-10T02:45:46,chessy,87,73,0,ok,
2026-07-10T02:45:46,serris,68,2,0,ok,
2026-07-10T02:45:46,torcy,220,142,0,ok,
2026-07-10T03:01:18,paris,1000,1000,0,ok,
2026-07-10T03:01:18,meaux,16,16,0,ok,
2026-07-10T03:01:18,chessy,87,73,0,ok,
2026-07-10T03:01:18,serris,68,2,0,ok,
2026-07-10T03:01:18,torcy,220,142,0,ok,
2026-07-10T03:15:43,paris,1000,1000,0,ok,
2026-07-10T03:15:43,meaux,16,16,0,ok,
2026-07-10T03:15:43,chessy,87,73,0,ok,
2026-07-10T03:15:43,serris,68,2,0,ok,
2026-07-10T03:15:43,torcy,220,142,0,ok,
2026-07-10T03:31:08,paris,1000,1000,0,ok,
2026-07-10T03:31:08,meaux,16,16,0,ok,
2026-07-10T03:31:08,chessy,87,73,0,ok,
2026-07-10T03:31:08,serris,68,2,0,ok,
2026-07-10T03:31:08,torcy,220,142,0,ok,
2026-07-10T03:45:43,paris,1000,1000,0,ok,
2026-07-10T03:45:43,meaux,16,16,0,ok,
2026-07-10T03:45:43,chessy,87,73,0,ok,
2026-07-10T03:45:43,serris,68,2,0,ok,
2026-07-10T03:45:43,torcy,220,142,0,ok,
2026-07-10T04:01:22,paris,1000,1000,0,ok,
2026-07-10T04:01:22,meaux,16,16,0,ok,
2026-07-10T04:01:22,chessy,87,73,0,ok,
2026-07-10T04:01:22,serris,68,2,0,ok,
2026-07-10T04:01:22,torcy,220,142,0,ok,
2026-07-10T04:15:46,paris,1000,1000,0,ok,
2026-07-10T04:15:46,meaux,16,16,0,ok,
2026-07-10T04:15:46,chessy,87,73,0,ok,
2026-07-10T04:15:46,serris,68,2,0,ok,
2026-07-10T04:15:46,torcy,220,142,0,ok,
2026-07-10T04:31:15,paris,1000,1000,0,ok,
2026-07-10T04:31:15,meaux,16,16,0,ok,
2026-07-10T04:31:15,chessy,87,73,0,ok,
2026-07-10T04:31:15,serris,68,2,0,ok,
2026-07-10T04:31:15,torcy,220,142,0,ok,
2026-07-10T04:45:47,paris,1000,1000,0,ok,
2026-07-10T04:45:47,meaux,16,16,0,ok,
2026-07-10T04:45:47,chessy,87,73,0,ok,
2026-07-10T04:45:47,serris,68,2,0,ok,
2026-07-10T04:45:47,torcy,220,142,0,ok,
2026-07-10T05:01:18,paris,1000,1000,0,ok,
2026-07-10T05:01:18,meaux,16,16,0,ok,
2026-07-10T05:01:18,chessy,87,73,0,ok,
2026-07-10T05:01:18,serris,68,2,0,ok,
2026-07-10T05:01:18,torcy,220,142,0,ok,
2026-07-10T05:15:47,paris,1000,1000,0,ok,
2026-07-10T05:15:47,meaux,16,16,0,ok,
2026-07-10T05:15:47,chessy,87,73,0,ok,
2026-07-10T05:15:47,serris,68,2,0,ok,
2026-07-10T05:15:47,torcy,220,142,0,ok,
2026-07-10T05:31:12,paris,1000,1000,0,ok,
2026-07-10T05:31:12,meaux,16,16,0,ok,
2026-07-10T05:31:12,chessy,87,73,0,ok,
2026-07-10T05:31:12,serris,68,2,0,ok,
2026-07-10T05:31:12,torcy,220,142,0,ok,
2026-07-10T05:45:48,paris,1000,1000,0,ok,
2026-07-10T05:45:48,meaux,16,16,0,ok,
2026-07-10T05:45:48,chessy,87,73,0,ok,
2026-07-10T05:45:48,serris,68,2,0,ok,
2026-07-10T05:45:48,torcy,220,142,0,ok,
2026-07-10T06:01:22,paris,1000,1000,0,ok,
2026-07-10T06:01:22,meaux,16,16,0,ok,
2026-07-10T06:01:22,chessy,87,73,0,ok,
2026-07-10T06:01:22,serris,68,2,0,ok,
2026-07-10T06:01:22,torcy,220,142,0,ok,
2026-07-10T06:15:47,paris,1000,1000,0,ok,
2026-07-10T06:15:47,meaux,16,16,0,ok,
2026-07-10T06:15:47,chessy,87,73,0,ok,
2026-07-10T06:15:47,serris,68,2,0,ok,
2026-07-10T06:15:47,torcy,220,142,0,ok,
2026-07-10T06:31:16,paris,1000,1000,0,ok,
2026-07-10T06:31:16,meaux,16,16,0,ok,
2026-07-10T06:31:16,chessy,87,73,0,ok,
2026-07-10T06:31:16,serris,68,2,0,ok,
2026-07-10T06:31:16,torcy,220,142,0,ok,
2026-07-10T06:45:48,paris,1000,1000,0,ok,
2026-07-10T06:45:48,meaux,16,16,0,ok,
2026-07-10T06:45:48,chessy,87,73,0,ok,
2026-07-10T06:45:48,serris,68,2,0,ok,
2026-07-10T06:45:48,torcy,220,142,0,ok,
2026-07-10T07:01:23,paris,1000,1000,0,ok,
2026-07-10T07:01:23,meaux,16,16,0,ok,
2026-07-10T07:01:23,chessy,87,73,0,ok,
2026-07-10T07:01:23,serris,68,2,0,ok,
2026-07-10T07:01:23,torcy,220,142,0,ok,
2026-07-10T07:15:50,paris,1000,1000,0,ok,
2026-07-10T07:15:50,meaux,16,16,0,ok,
2026-07-10T07:15:50,chessy,87,73,0,ok,
2026-07-10T07:15:50,serris,68,2,0,ok,
2026-07-10T07:15:50,torcy,220,142,0,ok,
2026-07-10T07:31:14,paris,1000,1000,0,ok,
2026-07-10T07:31:14,meaux,16,16,0,ok,
2026-07-10T07:31:14,chessy,87,73,0,ok,
2026-07-10T07:31:14,serris,68,2,0,ok,
2026-07-10T07:31:14,torcy,220,142,0,ok,
2026-07-10T07:45:46,paris,1000,1000,0,ok,
2026-07-10T07:45:46,meaux,16,16,0,ok,
2026-07-10T07:45:46,chessy,85,71,0,ok,
2026-07-10T07:45:46,serris,66,2,0,ok,
2026-07-10T07:45:46,torcy,218,142,0,ok,
2026-07-10T08:01:21,paris,1000,1000,0,ok,
2026-07-10T08:01:21,meaux,16,16,0,ok,
2026-07-10T08:01:21,chessy,85,71,0,ok,
2026-07-10T08:01:21,serris,66,2,0,ok,
2026-07-10T08:01:21,torcy,218,142,0,ok,
2026-07-10T08:15:47,paris,1000,1000,0,ok,
2026-07-10T08:15:47,meaux,16,16,0,ok,
2026-07-10T08:15:47,chessy,85,71,0,ok,
2026-07-10T08:15:47,serris,66,2,0,ok,
2026-07-10T08:15:47,torcy,218,142,0,ok,
2026-07-10T08:17:48,paris,1000,1000,0,ok,
2026-07-10T08:17:48,meaux,16,16,0,ok,
2026-07-10T08:17:48,chessy,85,71,0,ok,
2026-07-10T08:17:48,serris,66,2,0,ok,
2026-07-10T08:17:48,torcy,218,142,0,ok,
2026-07-10T08:31:21,paris,1000,1000,0,ok,
2026-07-10T08:31:21,meaux,16,16,0,ok,
2026-07-10T08:31:21,chessy,85,71,0,ok,
2026-07-10T08:31:21,serris,66,2,0,ok,
2026-07-10T08:31:21,torcy,218,142,0,ok,
2026-07-10T08:45:49,paris,1000,1000,0,ok,
2026-07-10T08:45:49,meaux,16,16,0,ok,
2026-07-10T08:45:49,chessy,85,71,0,ok,
2026-07-10T08:45:49,serris,66,2,0,ok,
2026-07-10T08:45:49,torcy,218,142,0,ok,
2026-07-10T09:01:31,paris,1000,1000,0,ok,
2026-07-10T09:01:31,meaux,16,16,0,ok,
2026-07-10T09:01:31,chessy,85,71,0,ok,
2026-07-10T09:01:31,serris,66,2,0,ok,
2026-07-10T09:01:31,torcy,218,142,0,ok,
2026-07-10T09:15:50,paris,1000,1000,0,ok,
2026-07-10T09:15:50,meaux,16,16,0,ok,
2026-07-10T09:15:50,chessy,85,71,0,ok,
2026-07-10T09:15:50,serris,66,2,0,ok,
2026-07-10T09:15:50,torcy,218,142,0,ok,
2026-07-10T09:31:17,paris,1000,1000,0,ok,
2026-07-10T09:31:17,meaux,16,16,0,ok,
2026-07-10T09:31:17,chessy,85,71,0,ok,
2026-07-10T09:31:17,serris,66,2,0,ok,
2026-07-10T09:31:17,torcy,218,142,0,ok,
2026-07-10T09:45:50,paris,1000,1000,0,ok,
2026-07-10T09:45:50,meaux,16,16,0,ok,
2026-07-10T09:45:50,chessy,85,71,0,ok,
2026-07-10T09:45:50,serris,66,2,0,ok,
2026-07-10T09:45:50,torcy,218,142,0,ok,
2026-07-10T10:01:33,paris,1000,1000,0,ok,
2026-07-10T10:01:33,meaux,16,16,0,ok,
2026-07-10T10:01:33,chessy,85,71,0,ok,
2026-07-10T10:01:33,serris,66,2,0,ok,
2026-07-10T10:01:33,torcy,218,142,0,ok,
2026-07-10T10:15:47,paris,1000,1000,0,ok,
2026-07-10T10:15:47,meaux,16,16,0,ok,
2026-07-10T10:15:47,chessy,85,71,0,ok,
2026-07-10T10:15:47,serris,66,2,0,ok,
2026-07-10T10:15:47,torcy,218,142,0,ok,
2026-07-10T10:31:22,paris,1000,1000,0,ok,
2026-07-10T10:31:22,meaux,16,16,0,ok,
2026-07-10T10:31:22,chessy,85,71,0,ok,
2026-07-10T10:31:22,serris,66,2,0,ok,
2026-07-10T10:31:22,torcy,218,142,0,ok,
2026-07-10T10:45:53,paris,1000,1000,0,ok,
2026-07-10T10:45:53,meaux,16,16,0,ok,
2026-07-10T10:45:53,chessy,85,71,0,ok,
2026-07-10T10:45:53,serris,66,2,0,ok,
2026-07-10T10:45:53,torcy,218,142,0,ok,
2026-07-10T11:01:27,paris,1000,1000,0,ok,
2026-07-10T11:01:27,meaux,16,16,0,ok,
2026-07-10T11:01:27,chessy,85,71,0,ok,
2026-07-10T11:01:27,serris,66,2,0,ok,
2026-07-10T11:01:27,torcy,218,142,0,ok,
2026-07-10T11:15:51,paris,1000,1000,0,ok,
2026-07-10T11:15:51,meaux,16,16,0,ok,
2026-07-10T11:15:51,chessy,85,71,0,ok,
2026-07-10T11:15:51,serris,66,2,0,ok,
2026-07-10T11:15:51,torcy,218,142,0,ok,
2026-07-10T11:23:48,paris,1000,1000,0,ok,
2026-07-10T11:23:48,meaux,16,16,0,ok,
2026-07-10T11:23:48,chessy,85,71,0,ok,
2026-07-10T11:23:48,serris,66,2,0,ok,
2026-07-10T11:23:48,torcy,218,142,0,ok,
2026-07-10T11:31:20,paris,1000,1000,0,ok,
2026-07-10T11:31:20,meaux,16,16,0,ok,
2026-07-10T11:31:20,chessy,85,71,0,ok,
2026-07-10T11:31:20,serris,66,2,0,ok,
2026-07-10T11:31:20,torcy,218,142,0,ok,
2026-07-10T11:45:55,paris,1000,1000,0,ok,
2026-07-10T11:45:55,meaux,16,16,0,ok,
2026-07-10T11:45:55,chessy,85,71,0,ok,
2026-07-10T11:45:55,serris,66,2,0,ok,
2026-07-10T11:45:55,torcy,218,142,0,ok,
2026-07-10T12:01:35,paris,1000,1000,0,ok,
2026-07-10T12:01:35,meaux,16,16,0,ok,
2026-07-10T12:01:35,chessy,85,71,0,ok,
2026-07-10T12:01:35,serris,66,2,0,ok,
2026-07-10T12:01:35,torcy,218,142,0,ok,
2026-07-10T12:15:48,paris,1000,1000,0,ok,
2026-07-10T12:15:48,meaux,16,16,0,ok,
2026-07-10T12:15:48,chessy,85,71,0,ok,
2026-07-10T12:15:48,serris,66,2,0,ok,
2026-07-10T12:15:48,torcy,218,142,0,ok,
2026-07-10T12:31:19,paris,1000,1000,0,ok,
2026-07-10T12:31:19,meaux,16,16,0,ok,
2026-07-10T12:31:19,chessy,85,71,0,ok,
2026-07-10T12:31:19,serris,66,2,0,ok,
2026-07-10T12:31:19,torcy,218,142,0,ok,
2026-07-10T12:45:52,paris,1000,1000,0,ok,
2026-07-10T12:45:52,meaux,16,16,0,ok,
2026-07-10T12:45:52,chessy,85,71,0,ok,
2026-07-10T12:45:52,serris,66,2,0,ok,
2026-07-10T12:45:52,torcy,218,142,0,ok,
2026-07-10T13:01:33,paris,1000,1000,0,ok,
2026-07-10T13:01:33,meaux,16,16,0,ok,
2026-07-10T13:01:33,chessy,85,71,0,ok,
2026-07-10T13:01:33,serris,66,2,0,ok,
2026-07-10T13:01:33,torcy,218,142,0,ok,
2026-07-10T13:15:53,paris,1000,1000,0,ok,
2026-07-10T13:15:53,meaux,16,16,0,ok,
2026-07-10T13:15:53,chessy,85,71,0,ok,
2026-07-10T13:15:53,serris,66,2,0,ok,
2026-07-10T13:15:53,torcy,218,142,0,ok,
2026-07-10T13:24:46,paris,1000,1000,0,ok,
2026-07-10T13:24:46,meaux,16,16,0,ok,
2026-07-10T13:24:46,chessy,86,72,0,ok,
2026-07-10T13:24:46,serris,67,2,0,ok,
2026-07-10T13:24:46,torcy,218,142,0,ok,
2026-07-10T13:31:25,paris,1000,1000,0,ok,
2026-07-10T13:31:25,meaux,16,16,0,ok,
2026-07-10T13:31:25,chessy,86,72,0,ok,
2026-07-10T13:31:25,serris,67,2,0,ok,
2026-07-10T13:31:25,torcy,218,142,0,ok,
2026-07-10T13:45:52,paris,1000,1000,0,ok,
2026-07-10T13:45:52,meaux,16,16,0,ok,
2026-07-10T13:45:52,chessy,86,72,0,ok,
2026-07-10T13:45:52,serris,67,2,0,ok,
2026-07-10T13:45:52,torcy,218,142,0,ok,
2026-07-10T14:01:35,paris,1000,1000,0,ok,
2026-07-10T14:01:35,meaux,16,16,0,ok,
2026-07-10T14:01:35,chessy,86,72,0,ok,
2026-07-10T14:01:35,serris,67,2,0,ok,
2026-07-10T14:01:35,torcy,218,142,0,ok,
2026-07-10T14:15:55,paris,1000,1000,0,ok,
2026-07-10T14:15:55,meaux,16,16,0,ok,
2026-07-10T14:15:55,chessy,86,72,0,ok,
2026-07-10T14:15:55,serris,67,2,0,ok,
2026-07-10T14:15:55,torcy,218,142,0,ok,
2026-07-10T14:31:20,paris,1000,1000,0,ok,
2026-07-10T14:31:20,meaux,16,16,0,ok,
2026-07-10T14:31:20,chessy,86,72,0,ok,
2026-07-10T14:31:20,serris,67,2,0,ok,
2026-07-10T14:31:20,torcy,218,142,0,ok,
2026-07-10T14:45:54,paris,1000,1000,0,ok,
2026-07-10T14:45:54,meaux,16,16,0,ok,
2026-07-10T14:45:54,chessy,86,72,0,ok,
2026-07-10T14:45:54,serris,67,2,0,ok,
2026-07-10T14:45:54,torcy,218,142,0,ok,
2026-07-10T15:01:30,paris,1000,1000,0,ok,
2026-07-10T15:01:30,meaux,16,16,0,ok,
2026-07-10T15:01:30,chessy,86,72,0,ok,
2026-07-10T15:01:30,serris,67,2,0,ok,
2026-07-10T15:01:30,torcy,218,142,0,ok,
2026-07-10T15:15:52,paris,1000,1000,0,ok,
2026-07-10T15:15:52,meaux,16,16,0,ok,
2026-07-10T15:15:52,chessy,86,72,0,ok,
2026-07-10T15:15:52,serris,67,2,0,ok,
2026-07-10T15:15:52,torcy,218,142,0,ok,
2026-07-10T15:31:20,paris,1000,1000,0,ok,
2026-07-10T15:31:20,meaux,16,16,0,ok,
2026-07-10T15:31:20,chessy,86,72,0,ok,
2026-07-10T15:31:20,serris,67,2,0,ok,
2026-07-10T15:31:20,torcy,218,142,0,ok,
2026-07-10T15:45:52,paris,1000,1000,0,ok,
2026-07-10T15:45:52,meaux,16,16,0,ok,
2026-07-10T15:45:52,chessy,86,72,0,ok,
2026-07-10T15:45:52,serris,67,2,0,ok,
2026-07-10T15:45:52,torcy,218,142,0,ok,
2026-07-10T15:51:47,paris,1000,1000,0,ok,
2026-07-10T15:51:47,meaux,16,16,0,ok,
2026-07-10T15:51:47,chessy,86,72,0,ok,
2026-07-10T15:51:47,serris,67,2,0,ok,
2026-07-10T15:51:47,torcy,219,143,0,ok,
2026-07-10T16:01:30,paris,1000,1000,0,ok,
2026-07-10T16:01:30,meaux,16,16,0,ok,
2026-07-10T16:01:30,chessy,86,72,0,ok,
2026-07-10T16:01:30,serris,67,2,0,ok,
2026-07-10T16:01:30,torcy,219,143,0,ok,
2026-07-10T16:15:55,paris,1000,1000,0,ok,
2026-07-10T16:15:55,meaux,16,16,0,ok,
2026-07-10T16:15:55,chessy,86,72,0,ok,
2026-07-10T16:15:55,serris,67,2,0,ok,
2026-07-10T16:15:55,torcy,219,143,0,ok,
2026-07-10T16:31:20,paris,1000,1000,0,ok,
2026-07-10T16:31:20,meaux,16,16,0,ok,
2026-07-10T16:31:20,chessy,86,72,0,ok,
2026-07-10T16:31:20,serris,67,2,0,ok,
2026-07-10T16:31:20,torcy,219,143,0,ok,
2026-07-10T16:45:54,paris,1000,1000,0,ok,
2026-07-10T16:45:54,meaux,16,16,0,ok,
2026-07-10T16:45:54,chessy,86,72,0,ok,
2026-07-10T16:45:54,serris,67,2,0,ok,
2026-07-10T16:45:54,torcy,219,143,0,ok,
2026-07-10T17:01:36,paris,1000,1000,0,ok,
2026-07-10T17:01:36,meaux,16,16,0,ok,
2026-07-10T17:01:36,chessy,86,72,0,ok,
2026-07-10T17:01:36,serris,67,2,0,ok,
2026-07-10T17:01:36,torcy,219,143,0,ok,
2026-07-10T17:15:50,paris,1000,1000,0,ok,
2026-07-10T17:15:50,meaux,16,16,0,ok,
2026-07-10T17:15:50,chessy,86,72,0,ok,
2026-07-10T17:15:50,serris,67,2,0,ok,
2026-07-10T17:15:50,torcy,219,143,0,ok,
2026-07-10T17:31:31,paris,1000,1000,0,ok,
2026-07-10T17:31:31,meaux,16,16,0,ok,
2026-07-10T17:31:31,chessy,86,72,0,ok,
2026-07-10T17:31:31,serris,67,2,0,ok,
2026-07-10T17:31:31,torcy,219,143,0,ok,
2026-07-10T17:44:10,paris,1000,1000,0,ok,
2026-07-10T17:44:10,meaux,16,16,0,ok,
2026-07-10T17:44:10,chessy,86,72,0,ok,
2026-07-10T17:44:10,serris,67,2,0,ok,
2026-07-10T17:44:10,torcy,219,143,0,ok,
2026-07-10T17:45:59,paris,1000,1000,0,ok,
2026-07-10T17:45:59,meaux,16,16,0,ok,
2026-07-10T17:45:59,chessy,86,72,0,ok,
2026-07-10T17:45:59,serris,67,2,0,ok,
2026-07-10T17:45:59,torcy,219,143,0,ok,
2026-07-10T18:01:32,paris,1000,1000,0,ok,
2026-07-10T18:01:32,meaux,16,16,0,ok,
2026-07-10T18:01:32,chessy,86,72,0,ok,
2026-07-10T18:01:32,serris,67,2,0,ok,
2026-07-10T18:01:32,torcy,219,143,0,ok,
2026-07-10T18:15:52,paris,1000,1000,0,ok,
2026-07-10T18:15:52,meaux,16,16,0,ok,
2026-07-10T18:15:52,chessy,86,72,0,ok,
2026-07-10T18:15:52,serris,67,2,0,ok,
2026-07-10T18:15:52,torcy,219,143,0,ok,
2026-07-10T18:31:22,paris,1000,1000,0,ok,
2026-07-10T18:31:22,meaux,16,16,0,ok,
2026-07-10T18:31:22,chessy,86,72,0,ok,
2026-07-10T18:31:22,serris,67,2,0,ok,
2026-07-10T18:31:22,torcy,219,143,0,ok,
2026-07-10T18:45:58,paris,1000,1000,0,ok,
2026-07-10T18:45:58,meaux,16,16,0,ok,
2026-07-10T18:45:58,chessy,86,72,0,ok,
2026-07-10T18:45:58,serris,67,2,0,ok,
2026-07-10T18:45:58,torcy,219,143,0,ok,
2026-07-10T19:01:31,paris,1000,1000,0,ok,
2026-07-10T19:01:31,meaux,16,16,0,ok,
2026-07-10T19:01:31,chessy,86,72,0,ok,
2026-07-10T19:01:31,serris,67,2,0,ok,
2026-07-10T19:01:31,torcy,219,143,0,ok,
2026-07-10T19:15:51,paris,1000,1000,0,ok,
2026-07-10T19:15:51,meaux,16,16,0,ok,
2026-07-10T19:15:51,chessy,86,72,0,ok,
2026-07-10T19:15:51,serris,67,2,0,ok,
2026-07-10T19:15:51,torcy,219,143,0,ok,
2026-07-10T19:21:09,paris,1000,1000,0,ok,
2026-07-10T19:21:09,meaux,16,16,0,ok,
2026-07-10T19:21:09,chessy,86,72,0,ok,
2026-07-10T19:21:09,serris,67,2,0,ok,
2026-07-10T19:21:09,torcy,219,143,0,ok,
2026-07-10T19:31:21,paris,1000,1000,0,ok,
2026-07-10T19:31:21,meaux,16,16,0,ok,
2026-07-10T19:31:21,chessy,86,72,0,ok,
2026-07-10T19:31:21,serris,67,2,0,ok,
2026-07-10T19:31:21,torcy,219,143,0,ok,
2026-07-10T19:45:50,paris,1000,1000,0,ok,
2026-07-10T19:45:50,meaux,16,16,0,ok,
2026-07-10T19:45:50,chessy,86,72,0,ok,
2026-07-10T19:45:50,serris,67,2,0,ok,
2026-07-10T19:45:50,torcy,219,143,0,ok,
2026-07-10T20:01:32,paris,1000,1000,0,ok,
2026-07-10T20:01:32,meaux,16,16,0,ok,
2026-07-10T20:01:32,chessy,86,72,0,ok,
2026-07-10T20:01:32,serris,67,2,0,ok,
2026-07-10T20:01:32,torcy,219,143,0,ok,
2026-07-10T20:15:52,paris,1000,1000,0,ok,
2026-07-10T20:15:52,meaux,16,16,0,ok,
2026-07-10T20:15:52,chessy,86,72,0,ok,
2026-07-10T20:15:52,serris,67,2,0,ok,
2026-07-10T20:15:52,torcy,219,143,0,ok,
2026-07-10T20:31:21,paris,1000,1000,0,ok,
2026-07-10T20:31:21,meaux,16,16,0,ok,
2026-07-10T20:31:21,chessy,86,72,0,ok,
2026-07-10T20:31:21,serris,67,2,0,ok,
2026-07-10T20:31:21,torcy,219,143,0,ok,
2026-07-10T20:46:10,paris,1000,1000,0,ok,
2026-07-10T20:46:10,meaux,16,16,0,ok,
2026-07-10T20:46:10,chessy,86,72,0,ok,
2026-07-10T20:46:10,serris,67,2,0,ok,
2026-07-10T20:46:10,torcy,219,143,0,ok,
2026-07-10T20:48:19,paris,1000,1000,0,ok,
2026-07-10T20:48:19,meaux,16,16,0,ok,
2026-07-10T20:48:19,chessy,86,72,0,ok,
2026-07-10T20:48:19,serris,67,2,0,ok,
2026-07-10T20:48:19,torcy,219,143,0,ok,
2026-07-10T21:01:33,paris,1000,1000,0,ok,
2026-07-10T21:01:33,meaux,16,16,0,ok,
2026-07-10T21:01:33,chessy,86,72,0,ok,
2026-07-10T21:01:33,serris,67,2,0,ok,
2026-07-10T21:01:33,torcy,219,143,0,ok,
2026-07-10T21:15:50,paris,1000,1000,0,ok,
2026-07-10T21:15:50,meaux,16,16,0,ok,
2026-07-10T21:15:50,chessy,86,72,0,ok,
2026-07-10T21:15:50,serris,67,2,0,ok,
2026-07-10T21:15:50,torcy,219,143,0,ok,
2026-07-10T21:31:26,paris,1000,1000,0,ok,
2026-07-10T21:31:26,meaux,16,16,0,ok,
2026-07-10T21:31:26,chessy,86,72,0,ok,
2026-07-10T21:31:26,serris,67,2,0,ok,
2026-07-10T21:31:26,torcy,219,143,0,ok,
2026-07-10T21:45:54,paris,1000,1000,0,ok,
2026-07-10T21:45:54,meaux,16,16,0,ok,
2026-07-10T21:45:54,chessy,86,72,0,ok,
2026-07-10T21:45:54,serris,67,2,0,ok,
2026-07-10T21:45:54,torcy,219,143,0,ok,
2026-07-10T21:57:17,paris,1000,1000,0,ok,
2026-07-10T21:57:17,meaux,16,16,0,ok,
2026-07-10T21:57:17,chessy,86,72,0,ok,
2026-07-10T21:57:17,serris,67,2,0,ok,
2026-07-10T21:57:17,torcy,219,143,0,ok,
2026-07-10T22:01:30,paris,1000,1000,0,ok,
2026-07-10T22:01:30,meaux,16,16,0,ok,
2026-07-10T22:01:30,chessy,86,72,0,ok,
2026-07-10T22:01:30,serris,67,2,0,ok,
2026-07-10T22:01:30,torcy,219,143,0,ok,
2026-07-10T22:15:46,paris,1000,1000,0,ok,
2026-07-10T22:15:46,meaux,16,16,0,ok,
2026-07-10T22:15:46,chessy,86,72,0,ok,
2026-07-10T22:15:46,serris,67,2,0,ok,
2026-07-10T22:15:46,torcy,219,143,0,ok,
2026-07-10T22:31:24,paris,1000,1000,0,ok,
2026-07-10T22:31:24,meaux,16,16,0,ok,
2026-07-10T22:31:24,chessy,86,72,0,ok,
2026-07-10T22:31:24,serris,67,2,0,ok,
2026-07-10T22:31:24,torcy,219,143,0,ok,
2026-07-10T22:45:49,paris,1000,1000,0,ok,
2026-07-10T22:45:49,meaux,16,16,0,ok,
2026-07-10T22:45:49,chessy,86,72,0,ok,
2026-07-10T22:45:49,serris,67,2,0,ok,
2026-07-10T22:45:49,torcy,219,143,0,ok,
2026-07-10T22:59:38,paris,1000,1000,0,ok,
2026-07-10T22:59:38,meaux,16,16,0,ok,
2026-07-10T22:59:38,chessy,86,72,0,ok,
2026-07-10T22:59:38,serris,67,2,0,ok,
2026-07-10T22:59:38,torcy,219,143,0,ok,
2026-07-10T23:01:25,paris,1000,1000,0,ok,
2026-07-10T23:01:25,meaux,16,16,0,ok,
2026-07-10T23:01:25,chessy,86,72,0,ok,
2026-07-10T23:01:25,serris,67,2,0,ok,
2026-07-10T23:01:25,torcy,219,143,0,ok,
2026-07-10T23:15:48,paris,1000,1000,0,ok,
2026-07-10T23:15:48,meaux,16,16,0,ok,
2026-07-10T23:15:48,chessy,86,72,0,ok,
2026-07-10T23:15:48,serris,67,2,0,ok,
2026-07-10T23:15:48,torcy,219,143,0,ok,
2026-07-10T23:31:20,paris,1000,1000,0,ok,
2026-07-10T23:31:20,meaux,16,16,0,ok,
2026-07-10T23:31:20,chessy,86,72,0,ok,
2026-07-10T23:31:20,serris,67,2,0,ok,
2026-07-10T23:31:20,torcy,219,143,0,ok,
2026-07-10T23:45:51,paris,1000,1000,0,ok,
2026-07-10T23:45:51,meaux,16,16,0,ok,
2026-07-10T23:45:51,chessy,86,72,0,ok,
2026-07-10T23:45:51,serris,67,2,0,ok,
2026-07-10T23:45:51,torcy,219,143,0,ok,
2026-07-11T00:01:30,paris,1000,1000,0,ok,
2026-07-11T00:01:30,meaux,16,16,0,ok,
2026-07-11T00:01:30,chessy,86,72,0,ok,
2026-07-11T00:01:30,serris,67,2,0,ok,
2026-07-11T00:01:30,torcy,219,143,0,ok,
2026-07-11T00:04:51,paris,1000,1000,0,ok,
2026-07-11T00:04:51,meaux,16,16,0,ok,
2026-07-11T00:04:51,chessy,86,72,0,ok,
2026-07-11T00:04:51,serris,67,2,0,ok,
2026-07-11T00:04:51,torcy,219,143,0,ok,
2026-07-11T00:15:49,paris,1000,1000,0,ok,
2026-07-11T00:15:49,meaux,16,16,0,ok,
2026-07-11T00:15:49,chessy,86,72,0,ok,
2026-07-11T00:15:49,serris,67,2,0,ok,
2026-07-11T00:15:49,torcy,219,143,0,ok,
2026-07-11T00:31:18,paris,1000,1000,0,ok,
2026-07-11T00:31:18,meaux,16,16,0,ok,
2026-07-11T00:31:18,chessy,86,72,0,ok,
2026-07-11T00:31:18,serris,67,2,0,ok,
2026-07-11T00:31:18,torcy,219,143,0,ok,
2026-07-11T00:45:46,paris,1000,1000,0,ok,
2026-07-11T00:45:46,meaux,16,16,0,ok,
2026-07-11T00:45:46,chessy,86,72,0,ok,
2026-07-11T00:45:46,serris,67,2,0,ok,
2026-07-11T00:45:46,torcy,219,143,0,ok,
2026-07-11T01:01:21,paris,1000,1000,0,ok,
2026-07-11T01:01:21,meaux,16,16,0,ok,
2026-07-11T01:01:21,chessy,86,72,0,ok,
2026-07-11T01:01:21,serris,67,2,0,ok,
2026-07-11T01:01:21,torcy,219,143,0,ok,
2026-07-11T01:15:48,paris,1000,1000,0,ok,
2026-07-11T01:15:48,meaux,16,16,0,ok,
2026-07-11T01:15:48,chessy,86,72,0,ok,
2026-07-11T01:15:48,serris,67,2,0,ok,
2026-07-11T01:15:48,torcy,219,143,0,ok,
2026-07-11T01:31:12,paris,1000,1000,0,ok,
2026-07-11T01:31:12,meaux,16,16,0,ok,
2026-07-11T01:31:12,chessy,86,72,0,ok,
2026-07-11T01:31:12,serris,67,2,0,ok,
2026-07-11T01:31:12,torcy,219,143,0,ok,
2026-07-11T01:45:45,paris,1000,1000,0,ok,
2026-07-11T01:45:45,meaux,16,16,0,ok,
2026-07-11T01:45:45,chessy,86,72,0,ok,
2026-07-11T01:45:45,serris,67,2,0,ok,
2026-07-11T01:45:45,torcy,219,143,0,ok,
2026-07-11T02:01:25,paris,1000,1000,0,ok,
2026-07-11T02:01:25,meaux,16,16,0,ok,
2026-07-11T02:01:25,chessy,86,72,0,ok,
2026-07-11T02:01:25,serris,67,2,0,ok,
2026-07-11T02:01:25,torcy,219,143,0,ok,
2026-07-11T02:15:53,paris,1000,1000,0,ok,
2026-07-11T02:15:53,meaux,16,16,0,ok,
2026-07-11T02:15:53,chessy,86,72,0,ok,
2026-07-11T02:15:53,serris,67,2,0,ok,
2026-07-11T02:15:53,torcy,219,143,0,ok,
2026-07-11T02:31:17,paris,1000,1000,0,ok,
2026-07-11T02:31:17,meaux,16,16,0,ok,
2026-07-11T02:31:17,chessy,86,72,0,ok,
2026-07-11T02:31:17,serris,67,2,0,ok,
2026-07-11T02:31:17,torcy,219,143,0,ok,
2026-07-11T02:45:51,paris,1000,1000,0,ok,
2026-07-11T02:45:51,meaux,16,16,0,ok,
2026-07-11T02:45:51,chessy,86,72,0,ok,
2026-07-11T02:45:51,serris,67,2,0,ok,
2026-07-11T02:45:51,torcy,219,143,0,ok,
2026-07-11T03:01:24,paris,1000,1000,0,ok,
2026-07-11T03:01:24,meaux,16,16,0,ok,
2026-07-11T03:01:24,chessy,86,72,0,ok,
2026-07-11T03:01:24,serris,67,2,0,ok,
2026-07-11T03:01:24,torcy,219,143,0,ok,
2026-07-11T03:15:48,paris,1000,1000,0,ok,
2026-07-11T03:15:48,meaux,16,16,0,ok,
2026-07-11T03:15:48,chessy,86,72,0,ok,
2026-07-11T03:15:48,serris,67,2,0,ok,
2026-07-11T03:15:48,torcy,219,143,0,ok,
2026-07-11T03:31:18,paris,1000,1000,0,ok,
2026-07-11T03:31:18,meaux,16,16,0,ok,
2026-07-11T03:31:18,chessy,86,72,0,ok,
2026-07-11T03:31:18,serris,67,2,0,ok,
2026-07-11T03:31:18,torcy,219,143,0,ok,
2026-07-11T03:45:47,paris,1000,1000,0,ok,
2026-07-11T03:45:47,meaux,16,16,0,ok,
2026-07-11T03:45:47,chessy,86,72,0,ok,
2026-07-11T03:45:47,serris,67,2,0,ok,
2026-07-11T03:45:47,torcy,219,143,0,ok,
2026-07-11T03:50:42,paris,1000,1000,0,ok,
2026-07-11T03:50:42,meaux,16,16,0,ok,
2026-07-11T03:50:42,chessy,86,72,0,ok,
2026-07-11T03:50:42,serris,67,2,0,ok,
2026-07-11T03:50:42,torcy,219,143,0,ok,
2026-07-11T04:01:27,paris,1000,1000,0,ok,
2026-07-11T04:01:27,meaux,16,16,0,ok,
2026-07-11T04:01:27,chessy,86,72,0,ok,
2026-07-11T04:01:27,serris,67,2,0,ok,
2026-07-11T04:01:27,torcy,219,143,0,ok,
2026-07-11T04:15:48,paris,1000,1000,0,ok,
2026-07-11T04:15:48,meaux,16,16,0,ok,
2026-07-11T04:15:48,chessy,86,72,0,ok,
2026-07-11T04:15:48,serris,67,2,0,ok,
2026-07-11T04:15:48,torcy,219,143,0,ok,
2026-07-11T04:31:21,paris,1000,1000,0,ok,
2026-07-11T04:31:21,meaux,16,16,0,ok,
2026-07-11T04:31:21,chessy,86,72,0,ok,
2026-07-11T04:31:21,serris,67,2,0,ok,
2026-07-11T04:31:21,torcy,219,143,0,ok,
2026-07-11T04:45:48,paris,1000,1000,0,ok,
2026-07-11T04:45:48,meaux,16,16,0,ok,
2026-07-11T04:45:48,chessy,86,72,0,ok,
2026-07-11T04:45:48,serris,67,2,0,ok,
2026-07-11T04:45:48,torcy,219,143,0,ok,
2026-07-11T05:01:24,paris,1000,1000,0,ok,
2026-07-11T05:01:24,meaux,16,16,0,ok,
2026-07-11T05:01:24,chessy,86,72,0,ok,
2026-07-11T05:01:24,serris,67,2,0,ok,
2026-07-11T05:01:24,torcy,219,143,0,ok,
2026-07-11T05:15:54,paris,1000,1000,0,ok,
2026-07-11T05:15:54,meaux,16,16,0,ok,
2026-07-11T05:15:54,chessy,86,72,0,ok,
2026-07-11T05:15:54,serris,67,2,0,ok,
2026-07-11T05:15:54,torcy,219,143,0,ok,
2026-07-11T05:31:17,paris,1000,1000,0,ok,
2026-07-11T05:31:17,meaux,16,16,0,ok,
2026-07-11T05:31:17,chessy,86,72,0,ok,
2026-07-11T05:31:17,serris,67,2,0,ok,
2026-07-11T05:31:17,torcy,219,143,0,ok,
2026-07-11T05:45:52,paris,1000,1000,0,ok,
2026-07-11T05:45:52,meaux,16,16,0,ok,
2026-07-11T05:45:52,chessy,86,72,0,ok,
2026-07-11T05:45:52,serris,67,2,0,ok,
2026-07-11T05:45:52,torcy,219,143,0,ok,
2026-07-11T06:01:29,paris,1000,1000,0,ok,
2026-07-11T06:01:29,meaux,16,16,0,ok,
2026-07-11T06:01:29,chessy,86,72,0,ok,
2026-07-11T06:01:29,serris,67,2,0,ok,
2026-07-11T06:01:29,torcy,219,143,0,ok,
2026-07-11T06:09:25,paris,1000,1000,0,ok,
2026-07-11T06:09:25,meaux,16,16,0,ok,
2026-07-11T06:09:25,chessy,86,72,0,ok,
2026-07-11T06:09:25,serris,67,2,0,ok,
2026-07-11T06:09:25,torcy,219,143,0,ok,
2026-07-11T06:15:52,paris,1000,1000,0,ok,
2026-07-11T06:15:52,meaux,16,16,0,ok,
2026-07-11T06:15:52,chessy,86,72,0,ok,
2026-07-11T06:15:52,serris,67,2,0,ok,
2026-07-11T06:15:52,torcy,219,143,0,ok,
2026-07-11T06:31:21,paris,1000,1000,0,ok,
2026-07-11T06:31:21,meaux,16,16,0,ok,
2026-07-11T06:31:21,chessy,86,72,0,ok,
2026-07-11T06:31:21,serris,67,2,0,ok,
2026-07-11T06:31:21,torcy,219,143,0,ok,
2026-07-11T06:45:51,paris,1000,1000,0,ok,
2026-07-11T06:45:51,meaux,16,16,0,ok,
2026-07-11T06:45:51,chessy,86,72,0,ok,
2026-07-11T06:45:51,serris,67,2,0,ok,
2026-07-11T06:45:51,torcy,219,143,0,ok,
2026-07-11T07:01:29,paris,1000,1000,0,ok,
2026-07-11T07:01:29,meaux,16,16,0,ok,
2026-07-11T07:01:29,chessy,86,72,0,ok,
2026-07-11T07:01:29,serris,67,2,0,ok,
2026-07-11T07:01:29,torcy,219,143,0,ok,
2026-07-11T07:15:50,paris,1000,1000,0,ok,
2026-07-11T07:15:50,meaux,16,16,0,ok,
2026-07-11T07:15:50,chessy,86,72,0,ok,
2026-07-11T07:15:50,serris,67,2,0,ok,
2026-07-11T07:15:50,torcy,219,143,0,ok,
2026-07-11T07:31:21,paris,1000,1000,0,ok,
2026-07-11T07:31:21,meaux,16,16,0,ok,
2026-07-11T07:31:21,chessy,86,72,0,ok,
2026-07-11T07:31:21,serris,67,2,0,ok,
2026-07-11T07:31:21,torcy,219,143,0,ok,
2026-07-11T07:45:51,paris,1000,1000,0,ok,
2026-07-11T07:45:51,meaux,16,16,0,ok,
2026-07-11T07:45:51,chessy,86,72,0,ok,
2026-07-11T07:45:51,serris,67,2,0,ok,
2026-07-11T07:45:51,torcy,219,143,0,ok,
2026-07-11T08:01:27,paris,1000,1000,0,ok,
2026-07-11T08:01:27,meaux,16,16,0,ok,
2026-07-11T08:01:27,chessy,86,72,0,ok,
2026-07-11T08:01:27,serris,67,2,0,ok,
2026-07-11T08:01:27,torcy,219,143,0,ok,
2026-07-11T08:16:15,paris,1000,1000,0,ok,
2026-07-11T08:16:15,meaux,16,16,0,ok,
2026-07-11T08:16:15,chessy,86,72,0,ok,
2026-07-11T08:16:15,serris,67,2,0,ok,
2026-07-11T08:16:15,torcy,219,143,0,ok,
2026-07-11T08:19:03,paris,1000,1000,0,ok,
2026-07-11T08:19:03,meaux,16,16,0,ok,
2026-07-11T08:19:03,chessy,86,72,0,ok,
2026-07-11T08:19:03,serris,67,2,0,ok,
2026-07-11T08:19:03,torcy,219,143,0,ok,
2026-07-11T08:31:22,paris,1000,1000,0,ok,
2026-07-11T08:31:22,meaux,16,16,0,ok,
2026-07-11T08:31:22,chessy,86,72,0,ok,
2026-07-11T08:31:22,serris,67,2,0,ok,
2026-07-11T08:31:22,torcy,219,143,0,ok,
2026-07-11T08:45:54,paris,1000,1000,0,ok,
2026-07-11T08:45:54,meaux,16,16,0,ok,
2026-07-11T08:45:54,chessy,86,72,0,ok,
2026-07-11T08:45:54,serris,67,2,0,ok,
2026-07-11T08:45:54,torcy,219,143,0,ok,
2026-07-11T09:01:31,paris,1000,1000,0,ok,
2026-07-11T09:01:31,meaux,16,16,0,ok,
2026-07-11T09:01:31,chessy,86,72,0,ok,
2026-07-11T09:01:31,serris,67,2,0,ok,
2026-07-11T09:01:31,torcy,219,143,0,ok,
2026-07-11T09:15:51,paris,1000,1000,0,ok,
2026-07-11T09:15:51,meaux,16,16,0,ok,
2026-07-11T09:15:51,chessy,86,72,0,ok,
2026-07-11T09:15:51,serris,67,2,0,ok,
2026-07-11T09:15:51,torcy,219,143,0,ok,
2026-07-11T09:31:21,paris,1000,1000,0,ok,
2026-07-11T09:31:21,meaux,16,16,0,ok,
2026-07-11T09:31:21,chessy,86,72,0,ok,
2026-07-11T09:31:21,serris,67,2,0,ok,
2026-07-11T09:31:21,torcy,219,143,0,ok,
2026-07-11T09:45:52,paris,1000,1000,0,ok,
2026-07-11T09:45:52,meaux,16,16,0,ok,
2026-07-11T09:45:52,chessy,86,72,0,ok,
2026-07-11T09:45:52,serris,67,2,0,ok,
2026-07-11T09:45:52,torcy,219,143,0,ok,
2026-07-11T09:56:38,paris,1000,1000,0,ok,
2026-07-11T09:56:38,meaux,16,16,0,ok,
2026-07-11T09:56:38,chessy,86,72,0,ok,
2026-07-11T09:56:38,serris,67,2,0,ok,
2026-07-11T09:56:38,torcy,219,143,0,ok,
2026-07-11T10:01:34,paris,1000,1000,0,ok,
2026-07-11T10:01:34,meaux,16,16,0,ok,
2026-07-11T10:01:34,chessy,86,72,0,ok,
2026-07-11T10:01:34,serris,67,2,0,ok,
2026-07-11T10:01:34,torcy,219,143,0,ok,
2026-07-11T10:15:51,paris,1000,1000,0,ok,
2026-07-11T10:15:51,meaux,16,16,0,ok,
2026-07-11T10:15:51,chessy,86,72,0,ok,
2026-07-11T10:15:51,serris,67,2,0,ok,
2026-07-11T10:15:51,torcy,219,143,0,ok,
2026-07-11T10:31:15,paris,1000,1000,0,ok,
2026-07-11T10:31:15,meaux,16,16,0,ok,
2026-07-11T10:31:15,chessy,86,72,0,ok,
2026-07-11T10:31:15,serris,67,2,0,ok,
2026-07-11T10:31:15,torcy,219,143,0,ok,
2026-07-11T10:45:52,paris,1000,1000,0,ok,
2026-07-11T10:45:52,meaux,16,16,0,ok,
2026-07-11T10:45:52,chessy,86,72,0,ok,
2026-07-11T10:45:52,serris,67,2,0,ok,
2026-07-11T10:45:52,torcy,219,143,0,ok,
2026-07-11T11:01:27,paris,1000,1000,0,ok,
2026-07-11T11:01:27,meaux,16,16,0,ok,
2026-07-11T11:01:27,chessy,86,72,0,ok,
2026-07-11T11:01:27,serris,67,2,0,ok,
2026-07-11T11:01:27,torcy,219,143,0,ok,
2026-07-11T11:04:05,paris,1000,1000,0,ok,
2026-07-11T11:04:05,meaux,16,16,0,ok,
2026-07-11T11:04:05,chessy,86,72,0,ok,
2026-07-11T11:04:05,serris,67,2,0,ok,
2026-07-11T11:04:05,torcy,219,143,0,ok,
2026-07-11T11:15:50,paris,1000,1000,0,ok,
2026-07-11T11:15:50,meaux,16,16,0,ok,
2026-07-11T11:15:50,chessy,86,72,0,ok,
2026-07-11T11:15:50,serris,67,2,0,ok,
2026-07-11T11:15:50,torcy,219,143,0,ok,
2026-07-11T11:31:22,paris,1000,1000,0,ok,
2026-07-11T11:31:22,meaux,16,16,0,ok,
2026-07-11T11:31:22,chessy,86,72,0,ok,
2026-07-11T11:31:22,serris,67,2,0,ok,
2026-07-11T11:31:22,torcy,219,143,0,ok,
2026-07-11T11:45:52,paris,1000,1000,0,ok,
2026-07-11T11:45:52,meaux,16,16,0,ok,
2026-07-11T11:45:52,chessy,86,72,0,ok,
2026-07-11T11:45:52,serris,67,2,0,ok,
2026-07-11T11:45:52,torcy,219,143,0,ok,
2026-07-11T12:01:29,paris,1000,1000,0,ok,
2026-07-11T12:01:29,meaux,16,16,0,ok,
2026-07-11T12:01:29,chessy,86,72,0,ok,
2026-07-11T12:01:29,serris,67,2,0,ok,
2026-07-11T12:01:29,torcy,219,143,0,ok,
2026-07-11T12:12:31,paris,1000,1000,0,ok,
2026-07-11T12:12:31,meaux,16,16,0,ok,
2026-07-11T12:12:31,chessy,86,72,0,ok,
2026-07-11T12:12:31,serris,67,2,0,ok,
2026-07-11T12:12:31,torcy,219,143,0,ok,
2026-07-11T12:15:52,paris,1000,1000,0,ok,
2026-07-11T12:15:52,meaux,16,16,0,ok,
2026-07-11T12:15:52,chessy,86,72,0,ok,
2026-07-11T12:15:52,serris,67,2,0,ok,
2026-07-11T12:15:52,torcy,219,143,0,ok,
2026-07-11T12:31:20,paris,1000,1000,0,ok,
2026-07-11T12:31:20,meaux,16,16,0,ok,
2026-07-11T12:31:20,chessy,86,72,0,ok,
2026-07-11T12:31:20,serris,67,2,0,ok,
2026-07-11T12:31:20,torcy,219,143,0,ok,
2026-07-11T12:45:49,paris,1000,1000,0,ok,
2026-07-11T12:45:49,meaux,16,16,0,ok,
2026-07-11T12:45:49,chessy,86,72,0,ok,
2026-07-11T12:45:49,serris,67,2,0,ok,
2026-07-11T12:45:49,torcy,219,143,0,ok,
2026-07-11T13:01:32,paris,1000,1000,0,ok,
2026-07-11T13:01:32,meaux,16,16,0,ok,
2026-07-11T13:01:32,chessy,86,72,0,ok,
2026-07-11T13:01:32,serris,67,2,0,ok,
2026-07-11T13:01:32,torcy,219,143,0,ok,
2026-07-11T13:15:52,paris,1000,1000,0,ok,
2026-07-11T13:15:52,meaux,16,16,0,ok,
2026-07-11T13:15:52,chessy,86,72,0,ok,
2026-07-11T13:15:52,serris,67,2,0,ok,
2026-07-11T13:15:52,torcy,219,143,0,ok,
2026-07-11T13:31:20,paris,1000,1000,0,ok,
2026-07-11T13:31:20,meaux,16,16,0,ok,
2026-07-11T13:31:20,chessy,86,72,0,ok,
2026-07-11T13:31:20,serris,67,2,0,ok,
2026-07-11T13:31:20,torcy,219,143,0,ok,
2026-07-11T13:45:59,paris,1000,1000,0,ok,
2026-07-11T13:45:59,meaux,16,16,0,ok,
2026-07-11T13:45:59,chessy,86,72,0,ok,
2026-07-11T13:45:59,serris,67,2,0,ok,
2026-07-11T13:45:59,torcy,219,143,0,ok,
2026-07-11T14:00:18,paris,1000,1000,0,ok,
2026-07-11T14:00:18,meaux,16,16,0,ok,
2026-07-11T14:00:18,chessy,86,72,0,ok,
2026-07-11T14:00:18,serris,67,2,0,ok,
2026-07-11T14:00:18,torcy,219,143,0,ok,
2026-07-11T14:01:32,paris,1000,1000,0,ok,
2026-07-11T14:01:32,meaux,16,16,0,ok,
2026-07-11T14:01:32,chessy,86,72,0,ok,
2026-07-11T14:01:32,serris,67,2,0,ok,
2026-07-11T14:01:32,torcy,219,143,0,ok,
2026-07-11T14:15:52,paris,1000,1000,0,ok,
2026-07-11T14:15:52,meaux,16,16,0,ok,
2026-07-11T14:15:52,chessy,86,72,0,ok,
2026-07-11T14:15:52,serris,67,2,0,ok,
2026-07-11T14:15:52,torcy,219,143,0,ok,
2026-07-11T14:31:26,paris,1000,1000,0,ok,
2026-07-11T14:31:26,meaux,16,16,0,ok,
2026-07-11T14:31:26,chessy,86,72,0,ok,
2026-07-11T14:31:26,serris,67,2,0,ok,
2026-07-11T14:31:26,torcy,219,143,0,ok,
2026-07-11T14:45:54,paris,1000,1000,0,ok,
2026-07-11T14:45:54,meaux,16,16,0,ok,
2026-07-11T14:45:54,chessy,86,72,0,ok,
2026-07-11T14:45:54,serris,67,2,0,ok,
2026-07-11T14:45:54,torcy,219,143,0,ok,
2026-07-11T15:01:28,paris,1000,1000,0,ok,
2026-07-11T15:01:28,meaux,16,16,0,ok,
2026-07-11T15:01:28,chessy,86,72,0,ok,
2026-07-11T15:01:28,serris,67,2,0,ok,
2026-07-11T15:01:28,torcy,219,143,0,ok,
2026-07-11T15:03:59,paris,1000,1000,0,ok,
2026-07-11T15:03:59,meaux,16,16,0,ok,
2026-07-11T15:03:59,chessy,86,72,0,ok,
2026-07-11T15:03:59,serris,67,2,0,ok,
2026-07-11T15:03:59,torcy,219,143,0,ok,
2026-07-11T15:15:52,paris,1000,1000,0,ok,
2026-07-11T15:15:52,meaux,16,16,0,ok,
2026-07-11T15:15:52,chessy,86,72,0,ok,
2026-07-11T15:15:52,serris,67,2,0,ok,
2026-07-11T15:15:52,torcy,219,143,0,ok,
2026-07-11T15:31:27,paris,1000,1000,0,ok,
2026-07-11T15:31:27,meaux,16,16,0,ok,
2026-07-11T15:31:27,chessy,86,72,0,ok,
2026-07-11T15:31:27,serris,67,2,0,ok,
2026-07-11T15:31:27,torcy,219,143,0,ok,
2026-07-11T15:45:58,paris,1000,1000,0,ok,
2026-07-11T15:45:58,meaux,16,16,0,ok,
2026-07-11T15:45:58,chessy,86,72,0,ok,
2026-07-11T15:45:58,serris,67,2,0,ok,
2026-07-11T15:45:58,torcy,219,143,0,ok,
2026-07-11T16:01:31,paris,1000,1000,0,ok,
2026-07-11T16:01:31,meaux,16,16,0,ok,
2026-07-11T16:01:31,chessy,86,72,0,ok,
2026-07-11T16:01:31,serris,67,2,0,ok,
2026-07-11T16:01:31,torcy,219,143,0,ok,
2026-07-11T16:15:51,paris,1000,1000,0,ok,
2026-07-11T16:15:51,meaux,16,16,0,ok,
2026-07-11T16:15:51,chessy,86,72,0,ok,
2026-07-11T16:15:51,serris,67,2,0,ok,
2026-07-11T16:15:51,torcy,219,143,0,ok,
2026-07-11T16:23:37,paris,1000,1000,0,ok,
2026-07-11T16:23:37,meaux,16,16,0,ok,
2026-07-11T16:23:37,chessy,86,72,0,ok,
2026-07-11T16:23:37,serris,67,2,0,ok,
2026-07-11T16:23:37,torcy,219,143,0,ok,
2026-07-11T16:31:22,paris,1000,1000,0,ok,
2026-07-11T16:31:22,meaux,16,16,0,ok,
2026-07-11T16:31:22,chessy,86,72,0,ok,
2026-07-11T16:31:22,serris,67,2,0,ok,
2026-07-11T16:31:22,torcy,219,143,0,ok,
2026-07-11T16:45:53,paris,1000,1000,0,ok,
2026-07-11T16:45:53,meaux,16,16,0,ok,
2026-07-11T16:45:53,chessy,85,71,0,ok,
2026-07-11T16:45:53,serris,67,3,0,ok,
2026-07-11T16:45:53,torcy,219,143,0,ok,
2026-07-11T17:01:35,paris,1000,1000,0,ok,
2026-07-11T17:01:35,meaux,16,16,0,ok,
2026-07-11T17:01:35,chessy,85,71,0,ok,
2026-07-11T17:01:35,serris,66,2,0,ok,
2026-07-11T17:01:35,torcy,218,143,0,ok,
2026-07-11T17:15:53,paris,1000,1000,0,ok,
2026-07-11T17:15:53,meaux,16,16,0,ok,
2026-07-11T17:15:53,chessy,85,71,0,ok,
2026-07-11T17:15:53,serris,66,2,0,ok,
2026-07-11T17:15:53,torcy,218,143,0,ok,
2026-07-11T17:29:01,paris,1000,1000,0,ok,
2026-07-11T17:29:01,meaux,16,16,0,ok,
2026-07-11T17:29:01,chessy,85,71,0,ok,
2026-07-11T17:29:01,serris,66,2,0,ok,
2026-07-11T17:29:01,torcy,218,143,0,ok,
2026-07-11T17:31:29,paris,1000,1000,0,ok,
2026-07-11T17:31:29,meaux,16,16,0,ok,
2026-07-11T17:31:29,chessy,85,71,0,ok,
2026-07-11T17:31:29,serris,66,2,0,ok,
2026-07-11T17:31:29,torcy,218,143,0,ok,
2026-07-11T17:45:53,paris,1000,1000,0,ok,
2026-07-11T17:45:53,meaux,16,16,0,ok,
2026-07-11T17:45:53,chessy,85,71,0,ok,
2026-07-11T17:45:53,serris,66,2,0,ok,
2026-07-11T17:45:53,torcy,218,143,0,ok,
2026-07-11T18:01:30,paris,1000,1000,0,ok,
2026-07-11T18:01:30,meaux,16,16,0,ok,
2026-07-11T18:01:30,chessy,85,71,0,ok,
2026-07-11T18:01:30,serris,66,2,0,ok,
2026-07-11T18:01:30,torcy,218,143,0,ok,
2026-07-11T18:15:53,paris,1000,1000,0,ok,
2026-07-11T18:15:53,meaux,16,16,0,ok,
2026-07-11T18:15:53,chessy,85,71,0,ok,
2026-07-11T18:15:53,serris,66,2,0,ok,
2026-07-11T18:15:53,torcy,218,143,0,ok,
2026-07-11T18:28:08,paris,1000,1000,0,ok,
2026-07-11T18:28:08,meaux,16,16,0,ok,
2026-07-11T18:28:08,chessy,85,71,0,ok,
2026-07-11T18:28:08,serris,66,2,0,ok,
2026-07-11T18:28:08,torcy,218,143,0,ok,
2026-07-11T18:31:26,paris,1000,1000,0,ok,
2026-07-11T18:31:26,meaux,16,16,0,ok,
2026-07-11T18:31:26,chessy,85,71,0,ok,
2026-07-11T18:31:26,serris,66,2,0,ok,
2026-07-11T18:31:26,torcy,218,143,0,ok,
2026-07-11T18:45:56,paris,1000,1000,0,ok,
2026-07-11T18:45:56,meaux,16,16,0,ok,
2026-07-11T18:45:56,chessy,85,71,0,ok,
2026-07-11T18:45:56,serris,66,2,0,ok,
2026-07-11T18:45:56,torcy,218,143,0,ok,
2026-07-11T19:01:33,paris,1000,1000,0,ok,
2026-07-11T19:01:33,meaux,16,16,0,ok,
2026-07-11T19:01:33,chessy,85,71,0,ok,
2026-07-11T19:01:33,serris,66,2,0,ok,
2026-07-11T19:01:33,torcy,218,143,0,ok,
2026-07-11T19:15:51,paris,1000,1000,0,ok,
2026-07-11T19:15:51,meaux,16,16,0,ok,
2026-07-11T19:15:51,chessy,85,71,0,ok,
2026-07-11T19:15:51,serris,66,2,0,ok,
2026-07-11T19:15:51,torcy,218,143,0,ok,
2026-07-11T19:31:24,paris,1000,1000,0,ok,
2026-07-11T19:31:24,meaux,16,16,0,ok,
2026-07-11T19:31:24,chessy,85,71,0,ok,
2026-07-11T19:31:24,serris,66,2,0,ok,
2026-07-11T19:31:24,torcy,218,143,0,ok,
2026-07-11T19:42:22,paris,1000,1000,0,ok,
2026-07-11T19:42:22,meaux,16,16,0,ok,
2026-07-11T19:42:22,chessy,85,71,0,ok,
2026-07-11T19:42:22,serris,66,2,0,ok,
2026-07-11T19:42:22,torcy,218,143,0,ok,
2026-07-11T19:45:53,paris,1000,1000,0,ok,
2026-07-11T19:45:53,meaux,16,16,0,ok,
2026-07-11T19:45:53,chessy,85,71,0,ok,
2026-07-11T19:45:53,serris,66,2,0,ok,
2026-07-11T19:45:53,torcy,218,143,0,ok,
2026-07-11T20:01:33,paris,1000,1000,0,ok,
2026-07-11T20:01:33,meaux,16,16,0,ok,
2026-07-11T20:01:33,chessy,85,71,0,ok,
2026-07-11T20:01:33,serris,66,2,0,ok,
2026-07-11T20:01:33,torcy,218,143,0,ok,
2026-07-11T20:15:54,paris,1000,1000,0,ok,
2026-07-11T20:15:54,meaux,16,16,0,ok,
2026-07-11T20:15:54,chessy,85,71,0,ok,
2026-07-11T20:15:54,serris,66,2,0,ok,
2026-07-11T20:15:54,torcy,218,143,0,ok,
2026-07-11T20:31:24,paris,1000,1000,0,ok,
2026-07-11T20:31:24,meaux,16,16,0,ok,
2026-07-11T20:31:24,chessy,85,71,0,ok,
2026-07-11T20:31:24,serris,66,2,0,ok,
2026-07-11T20:31:24,torcy,218,143,0,ok,
2026-07-11T20:42:06,paris,1000,1000,0,ok,
2026-07-11T20:42:06,meaux,16,16,0,ok,
2026-07-11T20:42:06,chessy,85,71,0,ok,
2026-07-11T20:42:06,serris,66,2,0,ok,
2026-07-11T20:42:06,torcy,218,143,0,ok,
2026-07-11T20:45:56,paris,1000,1000,0,ok,
2026-07-11T20:45:56,meaux,16,16,0,ok,
2026-07-11T20:45:56,chessy,85,71,0,ok,
2026-07-11T20:45:56,serris,66,2,0,ok,
2026-07-11T20:45:56,torcy,218,143,0,ok,
2026-07-11T21:01:30,paris,1000,1000,0,ok,
2026-07-11T21:01:30,meaux,16,16,0,ok,
2026-07-11T21:01:30,chessy,85,71,0,ok,
2026-07-11T21:01:30,serris,66,2,0,ok,
2026-07-11T21:01:30,torcy,218,143,0,ok,
2026-07-11T21:15:51,paris,1000,1000,0,ok,
2026-07-11T21:15:51,meaux,16,16,0,ok,
2026-07-11T21:15:51,chessy,85,71,0,ok,
2026-07-11T21:15:51,serris,66,2,0,ok,
2026-07-11T21:15:51,torcy,218,143,0,ok,
2026-07-11T21:31:27,paris,1000,1000,0,ok,
2026-07-11T21:31:27,meaux,16,16,0,ok,
2026-07-11T21:31:27,chessy,86,72,0,ok,
2026-07-11T21:31:27,serris,67,2,0,ok,
2026-07-11T21:31:27,torcy,219,143,0,ok,
2026-07-11T21:44:03,paris,1000,1000,0,ok,
2026-07-11T21:44:03,meaux,16,16,0,ok,
2026-07-11T21:44:03,chessy,86,72,0,ok,
2026-07-11T21:44:03,serris,67,2,0,ok,
2026-07-11T21:44:03,torcy,219,143,0,ok,
2026-07-11T21:45:55,paris,1000,1000,0,ok,
2026-07-11T21:45:55,meaux,16,16,0,ok,
2026-07-11T21:45:55,chessy,86,72,0,ok,
2026-07-11T21:45:55,serris,67,2,0,ok,
2026-07-11T21:45:55,torcy,219,143,0,ok,
2026-07-11T22:01:31,paris,1000,1000,0,ok,
2026-07-11T22:01:31,meaux,16,16,0,ok,
2026-07-11T22:01:31,chessy,86,72,0,ok,
2026-07-11T22:01:31,serris,67,2,0,ok,
2026-07-11T22:01:31,torcy,219,143,0,ok,
2026-07-11T22:15:54,paris,1000,1000,0,ok,
2026-07-11T22:15:54,meaux,16,16,0,ok,
2026-07-11T22:15:54,chessy,86,72,0,ok,
2026-07-11T22:15:54,serris,67,2,0,ok,
2026-07-11T22:15:54,torcy,219,143,0,ok,
2026-07-11T22:31:24,paris,1000,1000,0,ok,
2026-07-11T22:31:24,meaux,16,16,0,ok,
2026-07-11T22:31:24,chessy,86,72,0,ok,
2026-07-11T22:31:24,serris,67,2,0,ok,
2026-07-11T22:31:24,torcy,219,143,0,ok,
2026-07-11T22:42:02,paris,1000,1000,0,ok,
2026-07-11T22:42:02,meaux,16,16,0,ok,
2026-07-11T22:42:02,chessy,86,72,0,ok,
2026-07-11T22:42:02,serris,67,2,0,ok,
2026-07-11T22:42:02,torcy,219,143,0,ok,
2026-07-11T22:45:50,paris,1000,1000,0,ok,
2026-07-11T22:45:50,meaux,16,16,0,ok,
2026-07-11T22:45:50,chessy,86,72,0,ok,
2026-07-11T22:45:50,serris,67,2,0,ok,
2026-07-11T22:45:50,torcy,219,143,0,ok,
2026-07-11T23:01:33,paris,1000,1000,0,ok,
2026-07-11T23:01:33,meaux,16,16,0,ok,
2026-07-11T23:01:33,chessy,86,72,0,ok,
2026-07-11T23:01:33,serris,67,2,0,ok,
2026-07-11T23:01:33,torcy,219,143,0,ok,
2026-07-11T23:15:52,paris,1000,1000,0,ok,
2026-07-11T23:15:52,meaux,16,16,0,ok,
2026-07-11T23:15:52,chessy,86,72,0,ok,
2026-07-11T23:15:52,serris,67,2,0,ok,
2026-07-11T23:15:52,torcy,219,143,0,ok,
2026-07-11T23:31:29,paris,1000,1000,0,ok,
2026-07-11T23:31:29,meaux,16,16,0,ok,
2026-07-11T23:31:29,chessy,86,72,0,ok,
2026-07-11T23:31:29,serris,67,2,0,ok,
2026-07-11T23:31:29,torcy,219,143,0,ok,
2026-07-11T23:45:52,paris,1000,1000,0,ok,
2026-07-11T23:45:52,meaux,16,16,0,ok,
2026-07-11T23:45:52,chessy,86,72,0,ok,
2026-07-11T23:45:52,serris,67,2,0,ok,
2026-07-11T23:45:52,torcy,219,143,0,ok,
2026-07-11T23:50:46,paris,1000,1000,0,ok,
2026-07-11T23:50:46,meaux,16,16,0,ok,
2026-07-11T23:50:46,chessy,86,72,0,ok,
2026-07-11T23:50:46,serris,67,2,0,ok,
2026-07-11T23:50:46,torcy,219,143,0,ok,
2026-07-12T00:01:48,paris,1000,1000,0,ok,
2026-07-12T00:01:48,meaux,16,16,0,ok,
2026-07-12T00:01:48,chessy,86,72,0,ok,
2026-07-12T00:01:48,serris,67,2,0,ok,
2026-07-12T00:01:48,torcy,219,143,0,ok,
2026-07-12T00:15:55,paris,1000,1000,0,ok,
2026-07-12T00:15:55,meaux,16,16,0,ok,
2026-07-12T00:15:55,chessy,86,72,0,ok,
2026-07-12T00:15:55,serris,67,2,0,ok,
2026-07-12T00:15:55,torcy,219,143,0,ok,
2026-07-12T00:31:18,paris,1000,1000,0,ok,
2026-07-12T00:31:18,meaux,16,16,0,ok,
2026-07-12T00:31:18,chessy,86,72,0,ok,
2026-07-12T00:31:18,serris,67,2,0,ok,
2026-07-12T00:31:18,torcy,219,143,0,ok,
2026-07-12T00:45:53,paris,1000,1000,0,ok,
2026-07-12T00:45:53,meaux,16,16,0,ok,
2026-07-12T00:45:53,chessy,86,72,0,ok,
2026-07-12T00:45:53,serris,67,2,0,ok,
2026-07-12T00:45:53,torcy,219,143,0,ok,
2026-07-12T01:01:26,paris,1000,1000,0,ok,
2026-07-12T01:01:26,meaux,16,16,0,ok,
2026-07-12T01:01:26,chessy,86,72,0,ok,
2026-07-12T01:01:26,serris,67,2,0,ok,
2026-07-12T01:01:26,torcy,219,143,0,ok,
2026-07-12T01:15:53,paris,1000,1000,0,ok,
2026-07-12T01:15:53,meaux,16,16,0,ok,
2026-07-12T01:15:53,chessy,86,72,0,ok,
2026-07-12T01:15:53,serris,67,2,0,ok,
2026-07-12T01:15:53,torcy,219,143,0,ok,
2026-07-12T01:31:20,paris,1000,1000,0,ok,
2026-07-12T01:31:20,meaux,16,16,0,ok,
2026-07-12T01:31:20,chessy,86,72,0,ok,
2026-07-12T01:31:20,serris,67,2,0,ok,
2026-07-12T01:31:20,torcy,219,143,0,ok,
2026-07-12T01:45:54,paris,1000,1000,0,ok,
2026-07-12T01:45:54,meaux,16,16,0,ok,
2026-07-12T01:45:54,chessy,86,72,0,ok,
2026-07-12T01:45:54,serris,67,2,0,ok,
2026-07-12T01:45:54,torcy,219,143,0,ok,
2026-07-12T02:01:26,paris,1000,1000,0,ok,
2026-07-12T02:01:26,meaux,16,16,0,ok,
2026-07-12T02:01:26,chessy,86,72,0,ok,
2026-07-12T02:01:26,serris,67,2,0,ok,
2026-07-12T02:01:26,torcy,219,143,0,ok,
2026-07-12T02:13:19,paris,1000,1000,0,ok,
2026-07-12T02:13:19,meaux,16,16,0,ok,
2026-07-12T02:13:19,chessy,86,72,0,ok,
2026-07-12T02:13:19,serris,67,2,0,ok,
2026-07-12T02:13:19,torcy,219,143,0,ok,
2026-07-12T02:15:53,paris,1000,1000,0,ok,
2026-07-12T02:15:53,meaux,16,16,0,ok,
2026-07-12T02:15:53,chessy,86,72,0,ok,
2026-07-12T02:15:53,serris,67,2,0,ok,
2026-07-12T02:15:53,torcy,219,143,0,ok,
2026-07-12T02:31:21,paris,1000,1000,0,ok,
2026-07-12T02:31:21,meaux,16,16,0,ok,
2026-07-12T02:31:21,chessy,86,72,0,ok,
2026-07-12T02:31:21,serris,67,2,0,ok,
2026-07-12T02:31:21,torcy,219,143,0,ok,
2026-07-12T02:45:53,paris,1000,1000,0,ok,
2026-07-12T02:45:53,meaux,16,16,0,ok,
2026-07-12T02:45:53,chessy,86,72,0,ok,
2026-07-12T02:45:53,serris,67,2,0,ok,
2026-07-12T02:45:53,torcy,219,143,0,ok,
2026-07-12T03:01:29,paris,1000,1000,0,ok,
2026-07-12T03:01:29,meaux,16,16,0,ok,
2026-07-12T03:01:29,chessy,86,72,0,ok,
2026-07-12T03:01:29,serris,67,2,0,ok,
2026-07-12T03:01:29,torcy,219,143,0,ok,
2026-07-12T03:15:54,paris,1000,1000,0,ok,
2026-07-12T03:15:54,meaux,16,16,0,ok,
2026-07-12T03:15:54,chessy,86,72,0,ok,
2026-07-12T03:15:54,serris,67,2,0,ok,
2026-07-12T03:15:54,torcy,219,143,0,ok,
2026-07-12T03:31:23,paris,1000,1000,0,ok,
2026-07-12T03:31:23,meaux,16,16,0,ok,
2026-07-12T03:31:23,chessy,86,72,0,ok,
2026-07-12T03:31:23,serris,67,2,0,ok,
2026-07-12T03:31:23,torcy,219,143,0,ok,
2026-07-12T03:45:58,paris,1000,1000,0,ok,
2026-07-12T03:45:58,meaux,16,16,0,ok,
2026-07-12T03:45:58,chessy,86,72,0,ok,
2026-07-12T03:45:58,serris,67,2,0,ok,
2026-07-12T03:45:58,torcy,219,143,0,ok,
2026-07-12T04:01:38,paris,1000,1000,0,ok,
2026-07-12T04:01:38,meaux,16,16,0,ok,
2026-07-12T04:01:38,chessy,86,72,0,ok,
2026-07-12T04:01:38,serris,67,2,0,ok,
2026-07-12T04:01:38,torcy,219,143,0,ok,
2026-07-12T04:15:57,paris,1000,1000,0,ok,
2026-07-12T04:15:57,meaux,16,16,0,ok,
2026-07-12T04:15:57,chessy,86,72,0,ok,
2026-07-12T04:15:57,serris,67,2,0,ok,
2026-07-12T04:15:57,torcy,219,143,0,ok,
2026-07-12T04:31:21,paris,1000,1000,0,ok,
2026-07-12T04:31:21,meaux,16,16,0,ok,
2026-07-12T04:31:21,chessy,86,72,0,ok,
2026-07-12T04:31:21,serris,67,2,0,ok,
2026-07-12T04:31:21,torcy,219,143,0,ok,
2026-07-12T04:45:59,paris,1000,1000,0,ok,
2026-07-12T04:45:59,meaux,16,16,0,ok,
2026-07-12T04:45:59,chessy,86,72,0,ok,
2026-07-12T04:45:59,serris,67,2,0,ok,
2026-07-12T04:45:59,torcy,219,143,0,ok,
2026-07-12T05:01:33,paris,1000,1000,0,ok,
2026-07-12T05:01:33,meaux,16,16,0,ok,
2026-07-12T05:01:33,chessy,86,72,0,ok,
2026-07-12T05:01:33,serris,67,2,0,ok,
2026-07-12T05:01:33,torcy,219,143,0,ok,
2026-07-12T05:15:59,paris,1000,1000,0,ok,
2026-07-12T05:15:59,meaux,16,16,0,ok,
2026-07-12T05:15:59,chessy,86,72,0,ok,
2026-07-12T05:15:59,serris,67,2,0,ok,
2026-07-12T05:15:59,torcy,219,143,0,ok,
2026-07-12T05:31:24,paris,1000,1000,0,ok,
2026-07-12T05:31:24,meaux,16,16,0,ok,
2026-07-12T05:31:24,chessy,86,72,0,ok,
2026-07-12T05:31:24,serris,67,2,0,ok,
2026-07-12T05:31:24,torcy,219,143,0,ok,
2026-07-12T05:41:34,paris,1000,1000,0,ok,
2026-07-12T05:41:34,meaux,16,16,0,ok,
2026-07-12T05:41:34,chessy,86,72,0,ok,
2026-07-12T05:41:34,serris,67,2,0,ok,
2026-07-12T05:41:34,torcy,219,143,0,ok,
2026-07-12T05:45:55,paris,1000,1000,0,ok,
2026-07-12T05:45:55,meaux,16,16,0,ok,
2026-07-12T05:45:55,chessy,86,72,0,ok,
2026-07-12T05:45:55,serris,67,2,0,ok,
2026-07-12T05:45:55,torcy,219,143,0,ok,
2026-07-12T06:01:35,paris,1000,1000,0,ok,
2026-07-12T06:01:35,meaux,16,16,0,ok,
2026-07-12T06:01:35,chessy,86,72,0,ok,
2026-07-12T06:01:35,serris,67,2,0,ok,
2026-07-12T06:01:35,torcy,219,143,0,ok,
2026-07-12T06:15:55,paris,1000,1000,0,ok,
2026-07-12T06:15:55,meaux,16,16,0,ok,
2026-07-12T06:15:55,chessy,86,72,0,ok,
2026-07-12T06:15:55,serris,67,2,0,ok,
2026-07-12T06:15:55,torcy,219,143,0,ok,
2026-07-12T06:31:22,paris,1000,1000,0,ok,
2026-07-12T06:31:22,meaux,16,16,0,ok,
2026-07-12T06:31:22,chessy,86,72,0,ok,
2026-07-12T06:31:22,serris,67,2,0,ok,
2026-07-12T06:31:22,torcy,219,143,0,ok,
2026-07-12T06:45:56,paris,1000,1000,0,ok,
2026-07-12T06:45:56,meaux,16,16,0,ok,
2026-07-12T06:45:56,chessy,86,72,0,ok,
2026-07-12T06:45:56,serris,67,2,0,ok,
2026-07-12T06:45:56,torcy,219,143,0,ok,
2026-07-12T07:01:32,paris,1000,1000,0,ok,
2026-07-12T07:01:32,meaux,16,16,0,ok,
2026-07-12T07:01:32,chessy,86,72,0,ok,
2026-07-12T07:01:32,serris,67,2,0,ok,
2026-07-12T07:01:32,torcy,219,143,0,ok,
2026-07-12T07:15:58,paris,1000,1000,0,ok,
2026-07-12T07:15:58,meaux,16,16,0,ok,
2026-07-12T07:15:58,chessy,86,72,0,ok,
2026-07-12T07:15:58,serris,67,2,0,ok,
2026-07-12T07:15:58,torcy,219,143,0,ok,
2026-07-12T07:31:22,paris,1000,1000,0,ok,
2026-07-12T07:31:22,meaux,16,16,0,ok,
2026-07-12T07:31:22,chessy,86,72,0,ok,
2026-07-12T07:31:22,serris,67,2,0,ok,
2026-07-12T07:31:22,torcy,219,143,0,ok,
2026-07-12T07:45:58,paris,1000,1000,0,ok,
2026-07-12T07:45:58,meaux,16,16,0,ok,
2026-07-12T07:45:58,chessy,86,72,0,ok,
2026-07-12T07:45:58,serris,67,2,0,ok,
2026-07-12T07:45:58,torcy,219,143,0,ok,
2026-07-12T08:01:34,paris,1000,1000,0,ok,
2026-07-12T08:01:34,meaux,16,16,0,ok,
2026-07-12T08:01:34,chessy,86,72,0,ok,
2026-07-12T08:01:34,serris,67,2,0,ok,
2026-07-12T08:01:34,torcy,219,143,0,ok,
2026-07-12T08:09:12,paris,1000,1000,0,ok,
2026-07-12T08:09:12,meaux,16,16,0,ok,
2026-07-12T08:09:12,chessy,86,72,0,ok,
2026-07-12T08:09:12,serris,67,2,0,ok,
2026-07-12T08:09:12,torcy,219,143,0,ok,
2026-07-12T08:15:58,paris,1000,1000,0,ok,
2026-07-12T08:15:58,meaux,16,16,0,ok,
2026-07-12T08:15:58,chessy,86,72,0,ok,
2026-07-12T08:15:58,serris,67,2,0,ok,
2026-07-12T08:15:58,torcy,219,143,0,ok,
2026-07-12T08:31:28,paris,1000,1000,0,ok,
2026-07-12T08:31:28,meaux,16,16,0,ok,
2026-07-12T08:31:28,chessy,86,72,0,ok,
2026-07-12T08:31:28,serris,67,2,0,ok,
2026-07-12T08:31:28,torcy,219,143,0,ok,
2026-07-12T08:45:56,paris,1000,1000,0,ok,
2026-07-12T08:45:56,meaux,16,16,0,ok,
2026-07-12T08:45:56,chessy,86,72,0,ok,
2026-07-12T08:45:56,serris,67,2,0,ok,
2026-07-12T08:45:56,torcy,219,143,0,ok,
2026-07-12T09:01:32,paris,1000,1000,0,ok,
2026-07-12T09:01:32,meaux,16,16,0,ok,
2026-07-12T09:01:32,chessy,86,72,0,ok,
2026-07-12T09:01:32,serris,67,2,0,ok,
2026-07-12T09:01:32,torcy,219,143,0,ok,
2026-07-12T09:15:55,paris,1000,1000,0,ok,
2026-07-12T09:15:55,meaux,16,16,0,ok,
2026-07-12T09:15:55,chessy,86,72,0,ok,
2026-07-12T09:15:55,serris,67,2,0,ok,
2026-07-12T09:15:55,torcy,219,143,0,ok,
2026-07-12T09:31:25,paris,1000,1000,0,ok,
2026-07-12T09:31:25,meaux,16,16,0,ok,
2026-07-12T09:31:25,chessy,86,72,0,ok,
2026-07-12T09:31:25,serris,67,2,0,ok,
2026-07-12T09:31:25,torcy,219,143,0,ok,
2026-07-12T09:45:55,paris,1000,1000,0,ok,
2026-07-12T09:45:55,meaux,16,16,0,ok,
2026-07-12T09:45:55,chessy,86,72,0,ok,
2026-07-12T09:45:55,serris,67,2,0,ok,
2026-07-12T09:45:55,torcy,219,143,0,ok,
2026-07-12T10:01:33,paris,1000,1000,0,ok,
2026-07-12T10:01:33,meaux,16,16,0,ok,
2026-07-12T10:01:33,chessy,86,72,0,ok,
2026-07-12T10:01:33,serris,67,2,0,ok,
2026-07-12T10:01:33,torcy,219,143,0,ok,
2026-07-12T10:06:33,paris,1000,1000,0,ok,
2026-07-12T10:06:33,meaux,16,16,0,ok,
2026-07-12T10:06:33,chessy,86,72,0,ok,
2026-07-12T10:06:33,serris,67,2,0,ok,
2026-07-12T10:06:33,torcy,219,143,0,ok,
2026-07-12T10:15:58,paris,1000,1000,0,ok,
2026-07-12T10:15:58,meaux,16,16,0,ok,
2026-07-12T10:15:58,chessy,86,72,0,ok,
2026-07-12T10:15:58,serris,67,2,0,ok,
2026-07-12T10:15:58,torcy,219,143,0,ok,
2026-07-12T10:31:24,paris,1000,1000,0,ok,
2026-07-12T10:31:24,meaux,16,16,0,ok,
2026-07-12T10:31:24,chessy,86,72,0,ok,
2026-07-12T10:31:24,serris,67,2,0,ok,
2026-07-12T10:31:24,torcy,219,143,0,ok,
2026-07-12T10:45:56,paris,1000,1000,0,ok,
2026-07-12T10:45:56,meaux,16,16,0,ok,
2026-07-12T10:45:56,chessy,86,72,0,ok,
2026-07-12T10:45:56,serris,67,2,0,ok,
2026-07-12T10:45:56,torcy,219,143,0,ok,
2026-07-12T11:01:33,paris,1000,1000,0,ok,
2026-07-12T11:01:33,meaux,16,16,0,ok,
2026-07-12T11:01:33,chessy,86,72,0,ok,
2026-07-12T11:01:33,serris,67,2,0,ok,
2026-07-12T11:01:33,torcy,219,143,0,ok,
2026-07-12T11:16:00,paris,1000,1000,0,ok,
2026-07-12T11:16:00,meaux,16,16,0,ok,
2026-07-12T11:16:00,chessy,86,72,0,ok,
2026-07-12T11:16:00,serris,67,2,0,ok,
2026-07-12T11:16:00,torcy,219,143,0,ok,
2026-07-12T11:31:29,paris,1000,1000,0,ok,
2026-07-12T11:31:29,meaux,16,16,0,ok,
2026-07-12T11:31:29,chessy,86,72,0,ok,
2026-07-12T11:31:29,serris,67,2,0,ok,
2026-07-12T11:31:29,torcy,219,143,0,ok,
2026-07-12T11:36:21,paris,1000,1000,0,ok,
2026-07-12T11:36:21,meaux,16,16,0,ok,
2026-07-12T11:36:21,chessy,86,72,0,ok,
2026-07-12T11:36:21,serris,67,2,0,ok,
2026-07-12T11:36:21,torcy,219,143,0,ok,
2026-07-12T11:45:56,paris,1000,1000,0,ok,
2026-07-12T11:45:56,meaux,16,16,0,ok,
2026-07-12T11:45:56,chessy,86,72,0,ok,
2026-07-12T11:45:56,serris,67,2,0,ok,
2026-07-12T11:45:56,torcy,219,143,0,ok,
2026-07-12T12:01:40,paris,1000,1000,0,ok,
2026-07-12T12:01:40,meaux,16,16,0,ok,
2026-07-12T12:01:40,chessy,86,72,0,ok,
2026-07-12T12:01:40,serris,67,2,0,ok,
2026-07-12T12:01:40,torcy,219,143,0,ok,
2026-07-12T12:15:55,paris,1000,1000,0,ok,
2026-07-12T12:15:55,meaux,16,16,0,ok,
2026-07-12T12:15:55,chessy,86,72,0,ok,
2026-07-12T12:15:55,serris,67,2,0,ok,
2026-07-12T12:15:55,torcy,219,143,0,ok,
2026-07-12T12:31:27,paris,1000,1000,0,ok,
2026-07-12T12:31:27,meaux,16,16,0,ok,
2026-07-12T12:31:27,chessy,86,72,0,ok,
2026-07-12T12:31:27,serris,67,2,0,ok,
2026-07-12T12:31:27,torcy,219,143,0,ok,
2026-07-12T12:45:55,paris,1000,1000,0,ok,
2026-07-12T12:45:55,meaux,16,16,0,ok,
2026-07-12T12:45:55,chessy,86,72,0,ok,
2026-07-12T12:45:55,serris,67,2,0,ok,
2026-07-12T12:45:55,torcy,219,143,0,ok,
2026-07-12T13:01:38,paris,1000,1000,0,ok,
2026-07-12T13:01:38,meaux,16,16,0,ok,
2026-07-12T13:01:38,chessy,86,72,0,ok,
2026-07-12T13:01:38,serris,67,2,0,ok,
2026-07-12T13:01:38,torcy,219,143,0,ok,
2026-07-12T13:08:55,paris,1000,1000,0,ok,
2026-07-12T13:08:55,meaux,16,16,0,ok,
2026-07-12T13:08:55,chessy,86,72,0,ok,
2026-07-12T13:08:55,serris,67,2,0,ok,
2026-07-12T13:08:55,torcy,219,143,0,ok,
2026-07-12T13:15:56,paris,1000,1000,0,ok,
2026-07-12T13:15:56,meaux,16,16,0,ok,
2026-07-12T13:15:56,chessy,86,72,0,ok,
2026-07-12T13:15:56,serris,67,2,0,ok,
2026-07-12T13:15:56,torcy,219,143,0,ok,
2026-07-12T13:31:30,paris,1000,1000,0,ok,
2026-07-12T13:31:30,meaux,16,16,0,ok,
2026-07-12T13:31:30,chessy,86,72,0,ok,
2026-07-12T13:31:30,serris,67,2,0,ok,
2026-07-12T13:31:30,torcy,219,143,0,ok,
2026-07-12T13:45:58,paris,1000,1000,0,ok,
2026-07-12T13:45:58,meaux,16,16,0,ok,
2026-07-12T13:45:58,chessy,86,72,0,ok,
2026-07-12T13:45:58,serris,67,2,0,ok,
2026-07-12T13:45:58,torcy,219,143,0,ok,
2026-07-12T14:01:36,paris,1000,1000,0,ok,
2026-07-12T14:01:36,meaux,16,16,0,ok,
2026-07-12T14:01:36,chessy,86,72,0,ok,
2026-07-12T14:01:36,serris,67,2,0,ok,
2026-07-12T14:01:36,torcy,219,143,0,ok,
2026-07-12T14:15:59,paris,1000,1000,0,ok,
2026-07-12T14:15:59,meaux,16,16,0,ok,
2026-07-12T14:15:59,chessy,86,72,0,ok,
2026-07-12T14:15:59,serris,67,2,0,ok,
2026-07-12T14:15:59,torcy,219,143,0,ok,
2026-07-12T14:31:28,paris,1000,1000,0,ok,
2026-07-12T14:31:28,meaux,16,16,0,ok,
2026-07-12T14:31:28,chessy,86,72,0,ok,
2026-07-12T14:31:28,serris,67,2,0,ok,
2026-07-12T14:31:28,torcy,219,143,0,ok,
2026-07-12T14:40:27,paris,1000,1000,0,ok,
2026-07-12T14:40:27,meaux,16,16,0,ok,
2026-07-12T14:40:27,chessy,86,72,0,ok,
2026-07-12T14:40:27,serris,67,2,0,ok,
2026-07-12T14:40:27,torcy,219,143,0,ok,
2026-07-12T14:46:00,paris,1000,1000,0,ok,
2026-07-12T14:46:00,meaux,16,16,0,ok,
2026-07-12T14:46:00,chessy,86,72,0,ok,
2026-07-12T14:46:00,serris,67,2,0,ok,
2026-07-12T14:46:00,torcy,219,143,0,ok,
2026-07-12T15:01:38,paris,1000,1000,0,ok,
2026-07-12T15:01:38,meaux,16,16,0,ok,
2026-07-12T15:01:38,chessy,86,72,0,ok,
2026-07-12T15:01:38,serris,67,2,0,ok,
2026-07-12T15:01:38,torcy,219,143,0,ok,
2026-07-12T15:15:54,paris,1000,1000,0,ok,
2026-07-12T15:15:54,meaux,16,16,0,ok,
2026-07-12T15:15:54,chessy,86,72,0,ok,
2026-07-12T15:15:54,serris,67,2,0,ok,
2026-07-12T15:15:54,torcy,219,143,0,ok,
2026-07-12T15:31:30,paris,1000,1000,0,ok,
2026-07-12T15:31:30,meaux,16,16,0,ok,
2026-07-12T15:31:30,chessy,86,72,0,ok,
2026-07-12T15:31:30,serris,67,2,0,ok,
2026-07-12T15:31:30,torcy,219,143,0,ok,
2026-07-12T15:45:56,paris,1000,1000,0,ok,
2026-07-12T15:45:56,meaux,16,16,0,ok,
2026-07-12T15:45:56,chessy,86,72,0,ok,
2026-07-12T15:45:56,serris,67,2,0,ok,
2026-07-12T15:45:56,torcy,219,143,0,ok,
2026-07-12T15:55:25,paris,1000,1000,0,ok,
2026-07-12T15:55:25,meaux,16,16,0,ok,
2026-07-12T15:55:25,chessy,86,72,0,ok,
2026-07-12T15:55:25,serris,67,2,0,ok,
2026-07-12T15:55:25,torcy,219,143,0,ok,
2026-07-12T16:01:41,paris,1000,1000,0,ok,
2026-07-12T16:01:41,meaux,16,16,0,ok,
2026-07-12T16:01:41,chessy,86,72,0,ok,
2026-07-12T16:01:41,serris,67,2,0,ok,
2026-07-12T16:01:41,torcy,219,143,0,ok,
2026-07-12T16:16:02,paris,1000,1000,0,ok,
2026-07-12T16:16:02,meaux,16,16,0,ok,
2026-07-12T16:16:02,chessy,86,72,0,ok,
2026-07-12T16:16:02,serris,67,2,0,ok,
2026-07-12T16:16:02,torcy,219,143,0,ok,
2026-07-12T16:31:31,paris,1000,1000,0,ok,
2026-07-12T16:31:31,meaux,16,16,0,ok,
2026-07-12T16:31:31,chessy,86,72,0,ok,
2026-07-12T16:31:31,serris,67,2,0,ok,
2026-07-12T16:31:31,torcy,219,143,0,ok,
2026-07-12T16:46:00,paris,1000,1000,0,ok,
2026-07-12T16:46:00,meaux,15,15,0,ok,
2026-07-12T16:46:00,chessy,85,72,0,ok,
2026-07-12T16:46:00,serris,66,2,0,ok,
2026-07-12T16:46:00,torcy,218,143,0,ok,
2026-07-12T16:54:48,paris,1000,1000,0,ok,
2026-07-12T16:54:48,meaux,15,15,0,ok,
2026-07-12T16:54:48,chessy,85,72,0,ok,
2026-07-12T16:54:48,serris,66,2,0,ok,
2026-07-12T16:54:48,torcy,218,143,0,ok,
2026-07-12T17:01:35,paris,1000,1000,0,ok,
2026-07-12T17:01:35,meaux,15,15,0,ok,
2026-07-12T17:01:35,chessy,85,72,0,ok,
2026-07-12T17:01:35,serris,66,2,0,ok,
2026-07-12T17:01:35,torcy,218,143,0,ok,
2026-07-12T17:16:01,paris,1000,1000,0,ok,
2026-07-12T17:16:01,meaux,15,15,0,ok,
2026-07-12T17:16:01,chessy,85,72,0,ok,
2026-07-12T17:16:01,serris,66,2,0,ok,
2026-07-12T17:16:01,torcy,218,143,0,ok,
2026-07-12T17:31:28,paris,1000,1000,0,ok,
2026-07-12T17:31:28,meaux,15,15,0,ok,
2026-07-12T17:31:28,chessy,85,72,0,ok,
2026-07-12T17:31:28,serris,66,2,0,ok,
2026-07-12T17:31:28,torcy,218,143,0,ok,
2026-07-12T17:46:00,paris,1000,1000,0,ok,
2026-07-12T17:46:00,meaux,15,15,0,ok,
2026-07-12T17:46:00,chessy,85,72,0,ok,
2026-07-12T17:46:00,serris,66,2,0,ok,
2026-07-12T17:46:00,torcy,218,143,0,ok,
2026-07-12T17:56:36,paris,1000,1000,0,ok,
2026-07-12T17:56:36,meaux,15,15,0,ok,
2026-07-12T17:56:36,chessy,85,72,0,ok,
2026-07-12T17:56:36,serris,66,2,0,ok,
2026-07-12T17:56:36,torcy,218,143,0,ok,
2026-07-12T18:02:01,paris,1000,1000,0,ok,
2026-07-12T18:02:01,meaux,15,15,0,ok,
2026-07-12T18:02:01,chessy,85,72,0,ok,
2026-07-12T18:02:01,serris,66,2,0,ok,
2026-07-12T18:02:01,torcy,218,143,0,ok,
2026-07-12T18:16:01,paris,1000,1000,0,ok,
2026-07-12T18:16:01,meaux,15,15,0,ok,
2026-07-12T18:16:01,chessy,85,72,0,ok,
2026-07-12T18:16:01,serris,66,2,0,ok,
2026-07-12T18:16:01,torcy,218,143,0,ok,
2026-07-12T18:31:33,paris,1000,1000,0,ok,
2026-07-12T18:31:33,meaux,15,15,0,ok,
2026-07-12T18:31:33,chessy,85,72,0,ok,
2026-07-12T18:31:33,serris,66,2,0,ok,
2026-07-12T18:31:33,torcy,218,143,0,ok,
2026-07-12T18:46:02,paris,1000,1000,0,ok,
2026-07-12T18:46:02,meaux,15,15,0,ok,
2026-07-12T18:46:02,chessy,85,72,0,ok,
2026-07-12T18:46:02,serris,66,2,0,ok,
2026-07-12T18:46:02,torcy,218,143,0,ok,
2026-07-12T19:01:40,paris,1000,1000,0,ok,
2026-07-12T19:01:40,meaux,15,15,0,ok,
2026-07-12T19:01:40,chessy,85,72,0,ok,
2026-07-12T19:01:40,serris,66,2,0,ok,
2026-07-12T19:01:40,torcy,218,143,0,ok,
2026-07-12T19:03:00,paris,1000,1000,0,ok,
2026-07-12T19:03:00,meaux,15,15,0,ok,
2026-07-12T19:03:00,chessy,85,72,0,ok,
2026-07-12T19:03:00,serris,66,2,0,ok,
2026-07-12T19:03:00,torcy,218,143,0,ok,
2026-07-12T19:15:58,paris,1000,1000,0,ok,
2026-07-12T19:15:58,meaux,15,15,0,ok,
2026-07-12T19:15:58,chessy,85,72,0,ok,
2026-07-12T19:15:58,serris,66,2,0,ok,
2026-07-12T19:15:58,torcy,218,143,0,ok,
2026-07-12T19:31:38,paris,1000,1000,0,ok,
2026-07-12T19:31:38,meaux,15,15,0,ok,
2026-07-12T19:31:38,chessy,85,72,0,ok,
2026-07-12T19:31:38,serris,66,2,0,ok,
2026-07-12T19:31:38,torcy,218,143,0,ok,
2026-07-12T19:46:07,paris,1000,1000,0,ok,
2026-07-12T19:46:07,meaux,15,15,0,ok,
2026-07-12T19:46:07,chessy,85,72,0,ok,
2026-07-12T19:46:07,serris,66,2,0,ok,
2026-07-12T19:46:07,torcy,218,143,0,ok,
2026-07-12T20:01:36,paris,1000,1000,0,ok,
2026-07-12T20:01:36,meaux,15,15,0,ok,
2026-07-12T20:01:36,chessy,85,72,0,ok,
2026-07-12T20:01:36,serris,66,2,0,ok,
2026-07-12T20:01:36,torcy,218,143,0,ok,
2026-07-12T20:13:09,paris,1000,1000,0,ok,
2026-07-12T20:13:09,meaux,15,15,0,ok,
2026-07-12T20:13:09,chessy,85,72,0,ok,
2026-07-12T20:13:09,serris,66,2,0,ok,
2026-07-12T20:13:09,torcy,218,143,0,ok,
2026-07-12T20:15:58,paris,1000,1000,0,ok,
2026-07-12T20:15:58,meaux,15,15,0,ok,
2026-07-12T20:15:58,chessy,85,72,0,ok,
2026-07-12T20:15:58,serris,66,2,0,ok,
2026-07-12T20:15:58,torcy,218,143,0,ok,
2026-07-12T20:31:42,paris,1000,1000,0,ok,
2026-07-12T20:31:42,meaux,15,15,0,ok,
2026-07-12T20:31:42,chessy,85,72,0,ok,
2026-07-12T20:31:42,serris,66,2,0,ok,
2026-07-12T20:31:42,torcy,218,143,0,ok,
2026-07-12T20:46:05,paris,1000,1000,0,ok,
2026-07-12T20:46:05,meaux,15,15,0,ok,
2026-07-12T20:46:05,chessy,85,72,0,ok,
2026-07-12T20:46:05,serris,66,2,0,ok,
2026-07-12T20:46:05,torcy,218,143,0,ok,
2026-07-12T21:01:43,paris,1000,1000,0,ok,
2026-07-12T21:01:43,meaux,15,15,0,ok,
2026-07-12T21:01:43,chessy,85,72,0,ok,
2026-07-12T21:01:43,serris,66,2,0,ok,
2026-07-12T21:01:43,torcy,218,143,0,ok,
2026-07-12T21:14:42,paris,1000,1000,0,ok,
2026-07-12T21:14:42,meaux,15,15,0,ok,
2026-07-12T21:14:42,chessy,85,72,0,ok,
2026-07-12T21:14:42,serris,66,2,0,ok,
2026-07-12T21:14:42,torcy,218,143,0,ok,
2026-07-12T21:16:00,paris,1000,1000,0,ok,
2026-07-12T21:16:00,meaux,15,15,0,ok,
2026-07-12T21:16:00,chessy,85,72,0,ok,
2026-07-12T21:16:00,serris,66,2,0,ok,
2026-07-12T21:16:00,torcy,218,143,0,ok,
2026-07-12T21:31:33,paris,1000,1000,0,ok,
2026-07-12T21:31:33,meaux,15,15,0,ok,
2026-07-12T21:31:33,chessy,85,72,0,ok,
2026-07-12T21:31:33,serris,66,2,0,ok,
2026-07-12T21:31:33,torcy,218,143,0,ok,
2026-07-12T21:46:01,paris,1000,1000,0,ok,
2026-07-12T21:46:01,meaux,15,15,0,ok,
2026-07-12T21:46:01,chessy,85,72,0,ok,
2026-07-12T21:46:01,serris,66,2,0,ok,
2026-07-12T21:46:01,torcy,218,143,0,ok,
2026-07-12T22:01:41,paris,1000,1000,0,ok,
2026-07-12T22:01:41,meaux,15,15,0,ok,
2026-07-12T22:01:41,chessy,85,72,0,ok,
2026-07-12T22:01:41,serris,66,2,0,ok,
2026-07-12T22:01:41,torcy,218,143,0,ok,
2026-07-12T22:14:26,paris,1000,1000,0,ok,
2026-07-12T22:14:26,meaux,15,15,0,ok,
2026-07-12T22:14:26,chessy,85,72,0,ok,
2026-07-12T22:14:26,serris,66,2,0,ok,
2026-07-12T22:14:26,torcy,218,143,0,ok,
2026-07-12T22:15:58,paris,1000,1000,0,ok,
2026-07-12T22:15:58,meaux,15,15,0,ok,
2026-07-12T22:15:58,chessy,85,72,0,ok,
2026-07-12T22:15:58,serris,66,2,0,ok,
2026-07-12T22:15:58,torcy,218,143,0,ok,
2026-07-12T22:31:30,paris,1000,1000,0,ok,
2026-07-12T22:31:30,meaux,15,15,0,ok,
2026-07-12T22:31:30,chessy,85,72,0,ok,
2026-07-12T22:31:30,serris,66,2,0,ok,
2026-07-12T22:31:30,torcy,218,143,0,ok,
2026-07-12T22:46:00,paris,1000,1000,0,ok,
2026-07-12T22:46:00,meaux,15,15,0,ok,
2026-07-12T22:46:00,chessy,85,72,0,ok,
2026-07-12T22:46:00,serris,66,2,0,ok,
2026-07-12T22:46:00,torcy,218,143,0,ok,
2026-07-12T23:01:37,paris,1000,1000,0,ok,
2026-07-12T23:01:37,meaux,15,15,0,ok,
2026-07-12T23:01:37,chessy,85,72,0,ok,
2026-07-12T23:01:37,serris,66,2,0,ok,
2026-07-12T23:01:37,torcy,218,143,0,ok,
2026-07-12T23:16:04,paris,1000,1000,0,ok,
2026-07-12T23:16:04,meaux,15,15,0,ok,
2026-07-12T23:16:04,chessy,85,72,0,ok,
2026-07-12T23:16:04,serris,66,2,0,ok,
2026-07-12T23:16:04,torcy,218,143,0,ok,
2026-07-12T23:24:38,paris,1000,1000,0,ok,
2026-07-12T23:24:38,meaux,15,15,0,ok,
2026-07-12T23:24:38,chessy,85,72,0,ok,
2026-07-12T23:24:38,serris,66,2,0,ok,
2026-07-12T23:24:38,torcy,218,143,0,ok,
2026-07-12T23:31:25,paris,1000,1000,0,ok,
2026-07-12T23:31:25,meaux,15,15,0,ok,
2026-07-12T23:31:25,chessy,85,72,0,ok,
2026-07-12T23:31:25,serris,66,2,0,ok,
2026-07-12T23:31:25,torcy,218,143,0,ok,
2026-07-12T23:46:02,paris,1000,1000,0,ok,
2026-07-12T23:46:02,meaux,15,15,0,ok,
2026-07-12T23:46:02,chessy,85,72,0,ok,
2026-07-12T23:46:02,serris,66,2,0,ok,
2026-07-12T23:46:02,torcy,218,143,0,ok,
2026-07-13T00:01:39,paris,1000,1000,0,ok,
2026-07-13T00:01:39,meaux,15,15,0,ok,
2026-07-13T00:01:39,chessy,85,72,0,ok,
2026-07-13T00:01:39,serris,66,2,0,ok,
2026-07-13T00:01:39,torcy,218,143,0,ok,
2026-07-13T00:15:59,paris,1000,1000,0,ok,
2026-07-13T00:15:59,meaux,15,15,0,ok,
2026-07-13T00:15:59,chessy,85,72,0,ok,
2026-07-13T00:15:59,serris,66,2,0,ok,
2026-07-13T00:15:59,torcy,218,143,0,ok,
2026-07-13T00:31:28,paris,1000,1000,0,ok,
2026-07-13T00:31:28,meaux,15,15,0,ok,
2026-07-13T00:31:28,chessy,85,72,0,ok,
2026-07-13T00:31:28,serris,66,2,0,ok,
2026-07-13T00:31:28,torcy,218,143,0,ok,
2026-07-13T00:46:01,paris,1000,1000,0,ok,
2026-07-13T00:46:01,meaux,15,15,0,ok,
2026-07-13T00:46:01,chessy,85,72,0,ok,
2026-07-13T00:46:01,serris,66,2,0,ok,
2026-07-13T00:46:01,torcy,218,143,0,ok,
2026-07-13T01:01:33,paris,1000,1000,0,ok,
2026-07-13T01:01:33,meaux,15,15,0,ok,
2026-07-13T01:01:33,chessy,85,72,0,ok,
2026-07-13T01:01:33,serris,66,2,0,ok,
2026-07-13T01:01:33,torcy,218,143,0,ok,
2026-07-13T01:16:06,paris,1000,1000,0,ok,
2026-07-13T01:16:06,meaux,15,15,0,ok,
2026-07-13T01:16:06,chessy,85,72,0,ok,
2026-07-13T01:16:06,serris,66,2,0,ok,
2026-07-13T01:16:06,torcy,218,143,0,ok,
2026-07-13T01:31:22,paris,1000,1000,0,ok,
2026-07-13T01:31:22,meaux,15,15,0,ok,
2026-07-13T01:31:22,chessy,85,72,0,ok,
2026-07-13T01:31:22,serris,66,2,0,ok,
2026-07-13T01:31:22,torcy,218,143,0,ok,
2026-07-13T01:46:02,paris,1000,1000,0,ok,
2026-07-13T01:46:02,meaux,15,15,0,ok,
2026-07-13T01:46:02,chessy,85,72,0,ok,
2026-07-13T01:46:02,serris,66,2,0,ok,
2026-07-13T01:46:02,torcy,218,143,0,ok,
2026-07-13T02:01:34,paris,1000,1000,0,ok,
2026-07-13T02:01:34,meaux,15,15,0,ok,
2026-07-13T02:01:34,chessy,85,72,0,ok,
2026-07-13T02:01:34,serris,66,2,0,ok,
2026-07-13T02:01:34,torcy,218,143,0,ok,
2026-07-13T02:16:02,paris,1000,1000,0,ok,
2026-07-13T02:16:02,meaux,15,15,0,ok,
2026-07-13T02:16:02,chessy,85,72,0,ok,
2026-07-13T02:16:02,serris,66,2,0,ok,
2026-07-13T02:16:02,torcy,218,143,0,ok,
2026-07-13T02:31:28,paris,1000,1000,0,ok,
2026-07-13T02:31:28,meaux,15,15,0,ok,
2026-07-13T02:31:28,chessy,85,72,0,ok,
2026-07-13T02:31:28,serris,66,2,0,ok,
2026-07-13T02:31:28,torcy,218,143,0,ok,
2026-07-13T02:46:02,paris,1000,1000,0,ok,
2026-07-13T02:46:02,meaux,15,15,0,ok,
2026-07-13T02:46:02,chessy,85,72,0,ok,
2026-07-13T02:46:02,serris,66,2,0,ok,
2026-07-13T02:46:02,torcy,218,143,0,ok,
2026-07-13T03:01:32,paris,1000,1000,0,ok,
2026-07-13T03:01:32,meaux,15,15,0,ok,
2026-07-13T03:01:32,chessy,85,72,0,ok,
2026-07-13T03:01:32,serris,66,2,0,ok,
2026-07-13T03:01:32,torcy,218,143,0,ok,
2026-07-13T03:16:02,paris,1000,1000,0,ok,
2026-07-13T03:16:02,meaux,15,15,0,ok,
2026-07-13T03:16:02,chessy,85,72,0,ok,
2026-07-13T03:16:02,serris,66,2,0,ok,
2026-07-13T03:16:02,torcy,218,143,0,ok,
2026-07-13T03:31:25,paris,1000,1000,0,ok,
2026-07-13T03:31:25,meaux,15,15,0,ok,
2026-07-13T03:31:25,chessy,85,72,0,ok,
2026-07-13T03:31:25,serris,66,2,0,ok,
2026-07-13T03:31:25,torcy,218,143,0,ok,
2026-07-13T03:46:00,paris,1000,1000,0,ok,
2026-07-13T03:46:00,meaux,15,15,0,ok,
2026-07-13T03:46:00,chessy,85,72,0,ok,
2026-07-13T03:46:00,serris,66,2,0,ok,
2026-07-13T03:46:00,torcy,218,143,0,ok,
2026-07-13T04:01:37,paris,1000,1000,0,ok,
2026-07-13T04:01:37,meaux,15,15,0,ok,
2026-07-13T04:01:37,chessy,85,72,0,ok,
2026-07-13T04:01:37,serris,66,2,0,ok,
2026-07-13T04:01:37,torcy,218,143,0,ok,
2026-07-13T04:16:00,paris,1000,1000,0,ok,
2026-07-13T04:16:00,meaux,15,15,0,ok,
2026-07-13T04:16:00,chessy,85,72,0,ok,
2026-07-13T04:16:00,serris,66,2,0,ok,
2026-07-13T04:16:00,torcy,218,143,0,ok,
2026-07-13T04:31:27,paris,1000,1000,0,ok,
2026-07-13T04:31:27,meaux,15,15,0,ok,
2026-07-13T04:31:27,chessy,85,72,0,ok,
2026-07-13T04:31:27,serris,66,2,0,ok,
2026-07-13T04:31:27,torcy,218,143,0,ok,
2026-07-13T04:46:01,paris,1000,1000,0,ok,
2026-07-13T04:46:01,meaux,15,15,0,ok,
2026-07-13T04:46:01,chessy,85,72,0,ok,
2026-07-13T04:46:01,serris,66,2,0,ok,
2026-07-13T04:46:01,torcy,218,143,0,ok,
2026-07-13T04:56:54,paris,1000,1000,0,ok,
2026-07-13T04:56:54,meaux,15,15,0,ok,
2026-07-13T04:56:54,chessy,85,72,0,ok,
2026-07-13T04:56:54,serris,66,2,0,ok,
2026-07-13T04:56:54,torcy,218,143,0,ok,
2026-07-13T05:01:38,paris,1000,1000,0,ok,
2026-07-13T05:01:38,meaux,15,15,0,ok,
2026-07-13T05:01:38,chessy,85,72,0,ok,
2026-07-13T05:01:38,serris,66,2,0,ok,
2026-07-13T05:01:38,torcy,218,143,0,ok,
2026-07-13T05:16:00,paris,1000,1000,0,ok,
2026-07-13T05:16:00,meaux,15,15,0,ok,
2026-07-13T05:16:00,chessy,85,72,0,ok,
2026-07-13T05:16:00,serris,66,2,0,ok,
2026-07-13T05:16:00,torcy,218,143,0,ok,
2026-07-13T05:31:33,paris,1000,1000,0,ok,
2026-07-13T05:31:33,meaux,15,15,0,ok,
2026-07-13T05:31:33,chessy,85,72,0,ok,
2026-07-13T05:31:33,serris,66,2,0,ok,
2026-07-13T05:31:33,torcy,218,143,0,ok,
2026-07-13T05:46:02,paris,1000,1000,0,ok,
2026-07-13T05:46:02,meaux,15,15,0,ok,
2026-07-13T05:46:02,chessy,85,72,0,ok,
2026-07-13T05:46:02,serris,66,2,0,ok,
2026-07-13T05:46:02,torcy,218,143,0,ok,
2026-07-13T06:01:39,paris,1000,1000,0,ok,
2026-07-13T06:01:39,meaux,15,15,0,ok,
2026-07-13T06:01:39,chessy,85,72,0,ok,
2026-07-13T06:01:39,serris,66,2,0,ok,
2026-07-13T06:01:39,torcy,218,143,0,ok,
2026-07-13T06:16:03,paris,1000,1000,0,ok,
2026-07-13T06:16:03,meaux,15,15,0,ok,
2026-07-13T06:16:03,chessy,85,72,0,ok,
2026-07-13T06:16:03,serris,66,2,0,ok,
2026-07-13T06:16:03,torcy,218,143,0,ok,
2026-07-13T06:31:32,paris,1000,1000,0,ok,
2026-07-13T06:31:32,meaux,15,15,0,ok,
2026-07-13T06:31:32,chessy,85,72,0,ok,
2026-07-13T06:31:32,serris,66,2,0,ok,
2026-07-13T06:31:32,torcy,218,143,0,ok,
2026-07-13T06:46:04,paris,1000,1000,0,ok,
2026-07-13T06:46:04,meaux,15,15,0,ok,
2026-07-13T06:46:04,chessy,85,72,0,ok,
2026-07-13T06:46:04,serris,66,2,0,ok,
2026-07-13T06:46:04,torcy,218,143,0,ok,
2026-07-13T07:01:42,paris,1000,1000,0,ok,
2026-07-13T07:01:42,meaux,15,15,0,ok,
2026-07-13T07:01:42,chessy,85,72,0,ok,
2026-07-13T07:01:42,serris,66,2,0,ok,
2026-07-13T07:01:42,torcy,218,143,0,ok,
2026-07-13T07:16:03,paris,1000,1000,0,ok,
2026-07-13T07:16:03,meaux,15,15,0,ok,
2026-07-13T07:16:03,chessy,85,72,0,ok,
2026-07-13T07:16:03,serris,66,2,0,ok,
2026-07-13T07:16:03,torcy,219,144,0,ok,
2026-07-13T07:31:37,paris,1000,1000,0,ok,
2026-07-13T07:31:37,meaux,15,15,0,ok,
2026-07-13T07:31:37,chessy,85,72,0,ok,
2026-07-13T07:31:37,serris,66,2,0,ok,
2026-07-13T07:31:37,torcy,219,144,0,ok,
2026-07-13T07:46:04,paris,1000,1000,0,ok,
2026-07-13T07:46:04,meaux,15,15,0,ok,
2026-07-13T07:46:04,chessy,85,72,0,ok,
2026-07-13T07:46:04,serris,66,2,0,ok,
2026-07-13T07:46:04,torcy,219,144,0,ok,
2026-07-13T08:01:51,paris,1000,1000,0,ok,
2026-07-13T08:01:51,meaux,15,15,0,ok,
2026-07-13T08:01:51,chessy,85,72,0,ok,
2026-07-13T08:01:51,serris,66,2,0,ok,
2026-07-13T08:01:51,torcy,219,144,0,ok,
2026-07-13T08:16:02,paris,1000,1000,0,ok,
2026-07-13T08:16:02,meaux,15,15,0,ok,
2026-07-13T08:16:02,chessy,85,72,0,ok,
2026-07-13T08:16:02,serris,66,2,0,ok,
2026-07-13T08:16:02,torcy,219,144,0,ok,
2026-07-13T08:31:32,paris,1000,1000,0,ok,
2026-07-13T08:31:32,meaux,15,15,0,ok,
2026-07-13T08:31:32,chessy,85,72,0,ok,
2026-07-13T08:31:32,serris,66,2,0,ok,
2026-07-13T08:31:32,torcy,219,144,0,ok,
2026-07-13T08:46:06,paris,1000,1000,0,ok,
2026-07-13T08:46:06,meaux,15,15,0,ok,
2026-07-13T08:46:06,chessy,85,72,0,ok,
2026-07-13T08:46:06,serris,66,2,0,ok,
2026-07-13T08:46:06,torcy,219,144,0,ok,
2026-07-13T09:01:40,paris,1000,1000,0,ok,
2026-07-13T09:01:40,meaux,15,15,0,ok,
2026-07-13T09:01:40,chessy,85,72,0,ok,
2026-07-13T09:01:40,serris,66,2,0,ok,
2026-07-13T09:01:40,torcy,219,144,0,ok,
2026-07-13T09:16:04,paris,1000,1000,0,ok,
2026-07-13T09:16:04,meaux,15,15,0,ok,
2026-07-13T09:16:04,chessy,85,72,0,ok,
2026-07-13T09:16:04,serris,66,2,0,ok,
2026-07-13T09:16:04,torcy,219,144,0,ok,
2026-07-13T09:31:33,paris,1000,1000,0,ok,
2026-07-13T09:31:33,meaux,15,15,0,ok,
2026-07-13T09:31:33,chessy,85,72,0,ok,
2026-07-13T09:31:33,serris,66,2,0,ok,
2026-07-13T09:31:33,torcy,219,144,0,ok,
2026-07-13T09:46:08,paris,1000,1000,0,ok,
2026-07-13T09:46:08,meaux,15,15,0,ok,
2026-07-13T09:46:08,chessy,85,72,0,ok,
2026-07-13T09:46:08,serris,66,2,0,ok,
2026-07-13T09:46:08,torcy,220,145,0,ok,
2026-07-13T10:01:42,paris,1000,1000,0,ok,
2026-07-13T10:01:42,meaux,15,15,0,ok,
2026-07-13T10:01:42,chessy,85,72,0,ok,
2026-07-13T10:01:42,serris,66,2,0,ok,
2026-07-13T10:01:42,torcy,220,145,0,ok,
2026-07-13T10:16:07,paris,1000,1000,0,ok,
2026-07-13T10:16:07,meaux,15,15,0,ok,
2026-07-13T10:16:07,chessy,84,71,0,ok,
2026-07-13T10:16:07,serris,66,2,0,ok,
2026-07-13T10:16:07,torcy,220,146,0,ok,
2026-07-13T10:31:33,paris,1000,1000,0,ok,
2026-07-13T10:31:33,meaux,15,15,0,ok,
2026-07-13T10:31:33,chessy,84,71,0,ok,
2026-07-13T10:31:33,serris,66,2,0,ok,
2026-07-13T10:31:33,torcy,219,145,0,ok,
2026-07-13T10:46:06,paris,1000,1000,0,ok,
2026-07-13T10:46:06,meaux,15,15,0,ok,
2026-07-13T10:46:06,chessy,84,71,0,ok,
2026-07-13T10:46:06,serris,66,2,0,ok,
2026-07-13T10:46:06,torcy,219,145,0,ok,
2026-07-13T11:01:41,paris,1000,1000,0,ok,
2026-07-13T11:01:41,meaux,15,15,0,ok,
2026-07-13T11:01:41,chessy,84,71,0,ok,
2026-07-13T11:01:41,serris,66,2,0,ok,
2026-07-13T11:01:41,torcy,219,145,0,ok,
2026-07-13T11:16:05,paris,1000,1000,0,ok,
2026-07-13T11:16:05,meaux,15,15,0,ok,
2026-07-13T11:16:05,chessy,84,71,0,ok,
2026-07-13T11:16:05,serris,66,2,0,ok,
2026-07-13T11:16:05,torcy,219,145,0,ok,
2026-07-13T11:31:32,paris,1000,1000,0,ok,
2026-07-13T11:31:32,meaux,15,15,0,ok,
2026-07-13T11:31:32,chessy,84,71,0,ok,
2026-07-13T11:31:32,serris,66,2,0,ok,
2026-07-13T11:31:32,torcy,219,145,0,ok,
2026-07-13T11:37:21,paris,1000,1000,0,ok,
2026-07-13T11:37:21,meaux,15,15,0,ok,
2026-07-13T11:37:21,chessy,84,71,0,ok,
2026-07-13T11:37:21,serris,66,2,0,ok,
2026-07-13T11:37:21,torcy,219,145,0,ok,
2026-07-13T11:46:04,paris,1000,1000,0,ok,
2026-07-13T11:46:04,meaux,15,15,0,ok,
2026-07-13T11:46:04,chessy,84,71,0,ok,
2026-07-13T11:46:04,serris,66,2,0,ok,
2026-07-13T11:46:04,torcy,219,145,0,ok,
2026-07-13T12:01:43,paris,1000,1000,0,ok,
2026-07-13T12:01:43,meaux,15,15,0,ok,
2026-07-13T12:01:43,chessy,84,71,0,ok,
2026-07-13T12:01:43,serris,66,2,0,ok,
2026-07-13T12:01:43,torcy,219,145,0,ok,
2026-07-13T12:16:06,paris,1000,1000,0,ok,
2026-07-13T12:16:06,meaux,15,15,0,ok,
2026-07-13T12:16:06,chessy,84,71,0,ok,
2026-07-13T12:16:06,serris,66,2,0,ok,
2026-07-13T12:16:06,torcy,218,144,0,ok,
2026-07-13T12:31:33,paris,1000,1000,0,ok,
2026-07-13T12:31:33,meaux,15,15,0,ok,
2026-07-13T12:31:33,chessy,84,71,0,ok,
2026-07-13T12:31:33,serris,66,2,0,ok,
2026-07-13T12:31:33,torcy,218,144,0,ok,
2026-07-13T12:46:03,paris,1000,1000,0,ok,
2026-07-13T12:46:03,meaux,15,15,0,ok,
2026-07-13T12:46:03,chessy,84,71,0,ok,
2026-07-13T12:46:03,serris,66,2,0,ok,
2026-07-13T12:46:03,torcy,218,144,0,ok,
2026-07-13T13:01:47,paris,1000,1000,0,ok,
2026-07-13T13:01:47,meaux,15,15,0,ok,
2026-07-13T13:01:47,chessy,84,71,0,ok,
2026-07-13T13:01:47,serris,66,2,0,ok,
2026-07-13T13:01:47,torcy,219,145,0,ok,
2026-07-13T13:31:35,paris,1000,1000,0,ok,
2026-07-13T13:31:35,meaux,15,15,0,ok,
2026-07-13T13:31:35,chessy,84,71,0,ok,
2026-07-13T13:31:35,serris,66,2,0,ok,
2026-07-13T13:31:35,torcy,219,145,0,ok,
2026-07-13T13:46:10,paris,1000,1000,0,ok,
2026-07-13T13:46:10,meaux,15,15,0,ok,
2026-07-13T13:46:10,chessy,84,71,0,ok,
2026-07-13T13:46:10,serris,66,2,0,ok,
2026-07-13T13:46:10,torcy,219,145,0,ok,
2026-07-13T14:01:47,paris,1000,1000,0,ok,
2026-07-13T14:01:47,meaux,15,15,0,ok,
2026-07-13T14:01:47,chessy,84,71,0,ok,
2026-07-13T14:01:47,serris,66,2,0,ok,
2026-07-13T14:01:47,torcy,219,145,0,ok,
2026-07-13T14:16:07,paris,1000,1000,0,ok,
2026-07-13T14:16:07,meaux,15,15,0,ok,
2026-07-13T14:16:07,chessy,84,71,0,ok,
2026-07-13T14:16:07,serris,66,2,0,ok,
2026-07-13T14:16:07,torcy,219,145,0,ok,
2026-07-13T14:22:53,paris,1000,1000,0,ok,
2026-07-13T14:22:53,meaux,15,15,0,ok,
2026-07-13T14:22:53,chessy,84,71,0,ok,
2026-07-13T14:22:53,serris,66,2,0,ok,
2026-07-13T14:22:53,torcy,219,145,0,ok,
2026-07-13T14:31:37,paris,1000,1000,0,ok,
2026-07-13T14:31:37,meaux,15,15,0,ok,
2026-07-13T14:31:37,chessy,84,71,0,ok,
2026-07-13T14:31:37,serris,66,2,0,ok,
2026-07-13T14:31:37,torcy,219,145,0,ok,
2026-07-13T14:46:04,paris,1000,1000,0,ok,
2026-07-13T14:46:04,meaux,15,15,0,ok,
2026-07-13T14:46:04,chessy,84,71,0,ok,
2026-07-13T14:46:04,serris,66,2,0,ok,
2026-07-13T14:46:04,torcy,219,145,0,ok,
2026-07-13T15:01:47,paris,1000,1000,0,ok,
2026-07-13T15:01:47,meaux,15,15,0,ok,
2026-07-13T15:01:47,chessy,84,71,0,ok,
2026-07-13T15:01:47,serris,66,2,0,ok,
2026-07-13T15:01:47,torcy,219,145,0,ok,
2026-07-13T15:16:20,paris,1000,1000,0,ok,
2026-07-13T15:16:20,meaux,15,15,0,ok,
2026-07-13T15:16:20,chessy,84,71,0,ok,
2026-07-13T15:16:20,serris,66,2,0,ok,
2026-07-13T15:16:20,torcy,219,145,0,ok,
2026-07-13T15:31:41,paris,1000,1000,0,ok,
2026-07-13T15:31:41,meaux,15,15,0,ok,
2026-07-13T15:31:41,chessy,84,71,0,ok,
2026-07-13T15:31:41,serris,66,2,0,ok,
2026-07-13T15:31:41,torcy,219,145,0,ok,
2026-07-13T15:46:05,paris,1000,1000,0,ok,
2026-07-13T15:46:05,meaux,15,15,0,ok,
2026-07-13T15:46:05,chessy,84,71,0,ok,
2026-07-13T15:46:05,serris,66,2,0,ok,
2026-07-13T15:46:05,torcy,219,145,0,ok,
2026-07-13T16:01:58,paris,1000,1000,0,ok,
2026-07-13T16:01:58,meaux,15,15,0,ok,
2026-07-13T16:01:58,chessy,84,71,0,ok,
2026-07-13T16:01:58,serris,66,2,0,ok,
2026-07-13T16:01:58,torcy,219,145,0,ok,
2026-07-13T16:16:08,paris,1000,1000,0,ok,
2026-07-13T16:16:08,meaux,15,15,0,ok,
2026-07-13T16:16:08,chessy,84,71,0,ok,
2026-07-13T16:16:08,serris,66,2,0,ok,
2026-07-13T16:16:08,torcy,219,145,0,ok,
2026-07-13T16:31:36,paris,1000,1000,0,ok,
2026-07-13T16:31:36,meaux,15,15,0,ok,
2026-07-13T16:31:36,chessy,84,71,0,ok,
2026-07-13T16:31:36,serris,66,2,0,ok,
2026-07-13T16:31:36,torcy,219,145,0,ok,
2026-07-13T16:46:20,paris,1000,1000,0,ok,
2026-07-13T16:46:20,meaux,15,15,0,ok,
2026-07-13T16:46:20,chessy,84,71,0,ok,
2026-07-13T16:46:20,serris,66,2,0,ok,
2026-07-13T16:46:20,torcy,219,145,0,ok,
2026-07-13T16:56:03,paris,1000,1000,0,ok,
2026-07-13T16:56:03,meaux,15,15,0,ok,
2026-07-13T16:56:03,chessy,84,71,0,ok,
2026-07-13T16:56:03,serris,66,2,0,ok,
2026-07-13T16:56:03,torcy,219,145,0,ok,
2026-07-13T17:01:53,paris,1000,1000,0,ok,
2026-07-13T17:01:53,meaux,15,15,0,ok,
2026-07-13T17:01:53,chessy,84,71,0,ok,
2026-07-13T17:01:53,serris,66,2,0,ok,
2026-07-13T17:01:53,torcy,219,145,0,ok,
2026-07-13T17:16:11,paris,1000,1000,0,ok,
2026-07-13T17:16:11,meaux,15,15,0,ok,
2026-07-13T17:16:11,chessy,84,71,0,ok,
2026-07-13T17:16:11,serris,66,2,0,ok,
2026-07-13T17:16:11,torcy,219,145,0,ok,
2026-07-13T17:31:37,paris,1000,1000,0,ok,
2026-07-13T17:31:37,meaux,15,15,0,ok,
2026-07-13T17:31:37,chessy,84,71,0,ok,
2026-07-13T17:31:37,serris,66,2,0,ok,
2026-07-13T17:31:37,torcy,219,145,0,ok,
2026-07-13T17:46:11,paris,1000,1000,0,ok,
2026-07-13T17:46:11,meaux,15,15,0,ok,
2026-07-13T17:46:11,chessy,84,71,0,ok,
2026-07-13T17:46:11,serris,66,2,0,ok,
2026-07-13T17:46:11,torcy,219,145,0,ok,
2026-07-13T18:02:32,paris,1000,1000,0,ok,
2026-07-13T18:02:32,meaux,15,15,0,ok,
2026-07-13T18:02:32,chessy,84,71,0,ok,
2026-07-13T18:02:32,serris,66,2,0,ok,
2026-07-13T18:02:32,torcy,219,145,0,ok,
2026-07-13T18:16:14,paris,1000,1000,0,ok,
2026-07-13T18:16:14,meaux,15,15,0,ok,
2026-07-13T18:16:14,chessy,84,71,0,ok,
2026-07-13T18:16:14,serris,66,2,0,ok,
2026-07-13T18:16:14,torcy,219,145,0,ok,
2026-07-13T18:31:45,paris,1000,1000,0,ok,
2026-07-13T18:31:45,meaux,15,15,0,ok,
2026-07-13T18:31:45,chessy,84,71,0,ok,
2026-07-13T18:31:45,serris,66,2,0,ok,
2026-07-13T18:31:45,torcy,219,145,0,ok,
2026-07-13T18:41:49,paris,1000,1000,0,ok,
2026-07-13T18:41:49,meaux,15,15,0,ok,
2026-07-13T18:41:49,chessy,84,71,0,ok,
2026-07-13T18:41:49,serris,66,2,0,ok,
2026-07-13T18:41:49,torcy,219,145,0,ok,
2026-07-13T18:46:12,paris,1000,1000,0,ok,
2026-07-13T18:46:12,meaux,15,15,0,ok,
2026-07-13T18:46:12,chessy,84,71,0,ok,
2026-07-13T18:46:12,serris,66,2,0,ok,
2026-07-13T18:46:12,torcy,219,145,0,ok,
2026-07-13T19:01:48,paris,1000,1000,0,ok,
2026-07-13T19:01:48,meaux,15,15,0,ok,
2026-07-13T19:01:48,chessy,84,71,0,ok,
2026-07-13T19:01:48,serris,66,2,0,ok,
2026-07-13T19:01:48,torcy,219,145,0,ok,
2026-07-13T19:16:10,paris,1000,1000,0,ok,
2026-07-13T19:16:10,meaux,15,15,0,ok,
2026-07-13T19:16:10,chessy,84,71,0,ok,
2026-07-13T19:16:10,serris,66,2,0,ok,
2026-07-13T19:16:10,torcy,219,145,0,ok,
2026-07-13T19:31:42,paris,1000,1000,0,ok,
2026-07-13T19:31:42,meaux,15,15,0,ok,
2026-07-13T19:31:42,chessy,84,71,0,ok,
2026-07-13T19:31:42,serris,66,2,0,ok,
2026-07-13T19:31:42,torcy,219,145,0,ok,
2026-07-13T19:46:08,paris,1000,1000,0,ok,
2026-07-13T19:46:08,meaux,15,15,0,ok,
2026-07-13T19:46:08,chessy,84,71,0,ok,
2026-07-13T19:46:08,serris,66,2,0,ok,
2026-07-13T19:46:08,torcy,219,145,0,ok,
2026-07-13T20:01:54,paris,1000,1000,0,ok,
2026-07-13T20:01:54,meaux,15,15,0,ok,
2026-07-13T20:01:54,chessy,84,71,0,ok,
2026-07-13T20:01:54,serris,66,2,0,ok,
2026-07-13T20:01:54,torcy,219,145,0,ok,
2026-07-13T20:10:39,paris,1000,1000,0,ok,
2026-07-13T20:10:39,meaux,15,15,0,ok,
2026-07-13T20:10:39,chessy,84,71,0,ok,
2026-07-13T20:10:39,serris,66,2,0,ok,
2026-07-13T20:10:39,torcy,219,145,0,ok,
2026-07-13T20:16:08,paris,1000,1000,0,ok,
2026-07-13T20:16:08,meaux,15,15,0,ok,
2026-07-13T20:16:08,chessy,84,71,0,ok,
2026-07-13T20:16:08,serris,66,2,0,ok,
2026-07-13T20:16:08,torcy,219,145,0,ok,
2026-07-13T20:31:47,paris,1000,1000,0,ok,
2026-07-13T20:31:47,meaux,15,15,0,ok,
2026-07-13T20:31:47,chessy,84,71,0,ok,
2026-07-13T20:31:47,serris,66,2,0,ok,
2026-07-13T20:31:47,torcy,219,145,0,ok,
2026-07-13T20:46:14,paris,1000,1000,0,ok,
2026-07-13T20:46:14,meaux,15,15,0,ok,
2026-07-13T20:46:14,chessy,84,71,0,ok,
2026-07-13T20:46:14,serris,66,2,0,ok,
2026-07-13T20:46:14,torcy,219,145,0,ok,
2026-07-13T21:01:45,paris,1000,1000,0,ok,
2026-07-13T21:01:45,meaux,15,15,0,ok,
2026-07-13T21:01:45,chessy,84,71,0,ok,
2026-07-13T21:01:45,serris,66,2,0,ok,
2026-07-13T21:01:45,torcy,219,145,0,ok,
2026-07-13T21:16:08,paris,1000,1000,0,ok,
2026-07-13T21:16:08,meaux,15,15,0,ok,
2026-07-13T21:16:08,chessy,84,71,0,ok,
2026-07-13T21:16:08,serris,66,2,0,ok,
2026-07-13T21:16:08,torcy,219,145,0,ok,
2026-07-13T21:28:12,paris,1000,1000,0,ok,
2026-07-13T21:28:12,meaux,15,15,0,ok,
2026-07-13T21:28:12,chessy,84,71,0,ok,
2026-07-13T21:28:12,serris,66,2,0,ok,
2026-07-13T21:28:12,torcy,219,145,0,ok,
2026-07-13T21:31:38,paris,1000,1000,0,ok,
2026-07-13T21:31:38,meaux,15,15,0,ok,
2026-07-13T21:31:38,chessy,84,71,0,ok,
2026-07-13T21:31:38,serris,66,2,0,ok,
2026-07-13T21:31:38,torcy,219,145,0,ok,
2026-07-13T21:46:08,paris,1000,1000,0,ok,
2026-07-13T21:46:08,meaux,15,15,0,ok,
2026-07-13T21:46:08,chessy,84,71,0,ok,
2026-07-13T21:46:08,serris,66,2,0,ok,
2026-07-13T21:46:08,torcy,219,145,0,ok,
2026-07-13T22:01:44,paris,1000,1000,0,ok,
2026-07-13T22:01:44,meaux,15,15,0,ok,
2026-07-13T22:01:44,chessy,84,71,0,ok,
2026-07-13T22:01:44,serris,66,2,0,ok,
2026-07-13T22:01:44,torcy,219,145,0,ok,
2026-07-13T22:16:06,paris,1000,1000,0,ok,
2026-07-13T22:16:06,meaux,15,15,0,ok,
2026-07-13T22:16:06,chessy,84,71,0,ok,
2026-07-13T22:16:06,serris,66,2,0,ok,
2026-07-13T22:16:06,torcy,219,145,0,ok,
2026-07-13T22:28:39,paris,1000,1000,0,ok,
2026-07-13T22:28:39,meaux,15,15,0,ok,
2026-07-13T22:28:39,chessy,84,71,0,ok,
2026-07-13T22:28:39,serris,66,2,0,ok,
2026-07-13T22:28:39,torcy,219,145,0,ok,
2026-07-13T22:31:39,paris,1000,1000,0,ok,
2026-07-13T22:31:39,meaux,15,15,0,ok,
2026-07-13T22:31:39,chessy,84,71,0,ok,
2026-07-13T22:31:39,serris,66,2,0,ok,
2026-07-13T22:31:39,torcy,219,145,0,ok,
2026-07-13T22:46:05,paris,1000,1000,0,ok,
2026-07-13T22:46:05,meaux,15,15,0,ok,
2026-07-13T22:46:05,chessy,84,71,0,ok,
2026-07-13T22:46:05,serris,66,2,0,ok,
2026-07-13T22:46:05,torcy,219,145,0,ok,
2026-07-13T23:01:41,paris,1000,1000,0,ok,
2026-07-13T23:01:41,meaux,15,15,0,ok,
2026-07-13T23:01:41,chessy,84,71,0,ok,
2026-07-13T23:01:41,serris,66,2,0,ok,
2026-07-13T23:01:41,torcy,219,145,0,ok,
2026-07-13T23:16:08,paris,1000,1000,0,ok,
2026-07-13T23:16:08,meaux,15,15,0,ok,
2026-07-13T23:16:08,chessy,84,71,0,ok,
2026-07-13T23:16:08,serris,66,2,0,ok,
2026-07-13T23:16:08,torcy,219,145,0,ok,
2026-07-13T23:27:27,paris,1000,1000,0,ok,
2026-07-13T23:27:27,meaux,15,15,0,ok,
2026-07-13T23:27:27,chessy,84,71,0,ok,
2026-07-13T23:27:27,serris,66,2,0,ok,
2026-07-13T23:27:27,torcy,219,145,0,ok,
2026-07-13T23:31:34,paris,1000,1000,0,ok,
2026-07-13T23:31:34,meaux,15,15,0,ok,
2026-07-13T23:31:34,chessy,84,71,0,ok,
2026-07-13T23:31:34,serris,66,2,0,ok,
2026-07-13T23:31:34,torcy,219,145,0,ok,
2026-07-13T23:46:07,paris,1000,1000,0,ok,
2026-07-13T23:46:07,meaux,15,15,0,ok,
2026-07-13T23:46:07,chessy,84,71,0,ok,
2026-07-13T23:46:07,serris,66,2,0,ok,
2026-07-13T23:46:07,torcy,219,145,0,ok,
2026-07-14T00:01:42,paris,1000,1000,0,ok,
2026-07-14T00:01:42,meaux,15,15,0,ok,
2026-07-14T00:01:42,chessy,84,71,0,ok,
2026-07-14T00:01:42,serris,66,2,0,ok,
2026-07-14T00:01:42,torcy,219,145,0,ok,
2026-07-14T00:16:08,paris,1000,1000,0,ok,
2026-07-14T00:16:08,meaux,15,15,0,ok,
2026-07-14T00:16:08,chessy,84,71,0,ok,
2026-07-14T00:16:08,serris,66,2,0,ok,
2026-07-14T00:16:08,torcy,219,145,0,ok,
2026-07-14T00:31:34,paris,1000,1000,0,ok,
2026-07-14T00:31:34,meaux,15,15,0,ok,
2026-07-14T00:31:34,chessy,84,71,0,ok,
2026-07-14T00:31:34,serris,66,2,0,ok,
2026-07-14T00:31:34,torcy,219,145,0,ok,
2026-07-14T00:46:07,paris,1000,1000,0,ok,
2026-07-14T00:46:07,meaux,15,15,0,ok,
2026-07-14T00:46:07,chessy,84,71,0,ok,
2026-07-14T00:46:07,serris,66,2,0,ok,
2026-07-14T00:46:07,torcy,219,145,0,ok,
2026-07-14T00:53:13,paris,1000,1000,0,ok,
2026-07-14T00:53:13,meaux,15,15,0,ok,
2026-07-14T00:53:13,chessy,84,71,0,ok,
2026-07-14T00:53:13,serris,66,2,0,ok,
2026-07-14T00:53:13,torcy,219,145,0,ok,
2026-07-14T01:01:42,paris,1000,1000,0,ok,
2026-07-14T01:01:42,meaux,15,15,0,ok,
2026-07-14T01:01:42,chessy,84,71,0,ok,
2026-07-14T01:01:42,serris,66,2,0,ok,
2026-07-14T01:01:42,torcy,219,145,0,ok,
2026-07-14T01:16:04,paris,1000,1000,0,ok,
2026-07-14T01:16:04,meaux,15,15,0,ok,
2026-07-14T01:16:04,chessy,84,71,0,ok,
2026-07-14T01:16:04,serris,66,2,0,ok,
2026-07-14T01:16:04,torcy,219,145,0,ok,
2026-07-14T01:31:31,paris,1000,1000,0,ok,
2026-07-14T01:31:31,meaux,15,15,0,ok,
2026-07-14T01:31:31,chessy,84,71,0,ok,
2026-07-14T01:31:31,serris,66,2,0,ok,
2026-07-14T01:31:31,torcy,219,145,0,ok,
2026-07-14T01:46:03,paris,1000,1000,0,ok,
2026-07-14T01:46:03,meaux,15,15,0,ok,
2026-07-14T01:46:03,chessy,84,71,0,ok,
2026-07-14T01:46:03,serris,66,2,0,ok,
2026-07-14T01:46:03,torcy,219,145,0,ok,
2026-07-14T02:01:37,paris,1000,1000,0,ok,
2026-07-14T02:01:37,meaux,15,15,0,ok,
2026-07-14T02:01:37,chessy,84,71,0,ok,
2026-07-14T02:01:37,serris,66,2,0,ok,
2026-07-14T02:01:37,torcy,219,145,0,ok,
2026-07-14T02:16:08,paris,1000,1000,0,ok,
2026-07-14T02:16:08,meaux,15,15,0,ok,
2026-07-14T02:16:08,chessy,84,71,0,ok,
2026-07-14T02:16:08,serris,66,2,0,ok,
2026-07-14T02:16:08,torcy,219,145,0,ok,
2026-07-14T02:31:32,paris,1000,1000,0,ok,
2026-07-14T02:31:32,meaux,15,15,0,ok,
2026-07-14T02:31:32,chessy,84,71,0,ok,
2026-07-14T02:31:32,serris,66,2,0,ok,
2026-07-14T02:31:32,torcy,219,145,0,ok,
2026-07-14T02:46:06,paris,1000,1000,0,ok,
2026-07-14T02:46:06,meaux,15,15,0,ok,
2026-07-14T02:46:06,chessy,84,71,0,ok,
2026-07-14T02:46:06,serris,66,2,0,ok,
2026-07-14T02:46:06,torcy,219,145,0,ok,
2026-07-14T03:01:41,paris,1000,1000,0,ok,
2026-07-14T03:01:41,meaux,15,15,0,ok,
2026-07-14T03:01:41,chessy,84,71,0,ok,
2026-07-14T03:01:41,serris,66,2,0,ok,
2026-07-14T03:01:41,torcy,219,145,0,ok,
2026-07-14T03:16:05,paris,1000,1000,0,ok,
2026-07-14T03:16:05,meaux,15,15,0,ok,
2026-07-14T03:16:05,chessy,84,71,0,ok,
2026-07-14T03:16:05,serris,66,2,0,ok,
2026-07-14T03:16:05,torcy,219,145,0,ok,
2026-07-14T03:31:35,paris,1000,1000,0,ok,
2026-07-14T03:31:35,meaux,15,15,0,ok,
2026-07-14T03:31:35,chessy,84,71,0,ok,
2026-07-14T03:31:35,serris,66,2,0,ok,
2026-07-14T03:31:35,torcy,219,145,0,ok,
2026-07-14T03:46:05,paris,1000,1000,0,ok,
2026-07-14T03:46:05,meaux,15,15,0,ok,
2026-07-14T03:46:05,chessy,84,71,0,ok,
2026-07-14T03:46:05,serris,66,2,0,ok,
2026-07-14T03:46:05,torcy,219,145,0,ok,
2026-07-14T03:53:55,paris,1000,1000,0,ok,
2026-07-14T03:53:55,meaux,15,15,0,ok,
2026-07-14T03:53:55,chessy,84,71,0,ok,
2026-07-14T03:53:55,serris,66,2,0,ok,
2026-07-14T03:53:55,torcy,219,145,0,ok,
2026-07-14T04:01:43,paris,1000,1000,0,ok,
2026-07-14T04:01:43,meaux,15,15,0,ok,
2026-07-14T04:01:43,chessy,84,71,0,ok,
2026-07-14T04:01:43,serris,66,2,0,ok,
2026-07-14T04:01:43,torcy,219,145,0,ok,
2026-07-14T04:16:09,paris,1000,1000,0,ok,
2026-07-14T04:16:09,meaux,15,15,0,ok,
2026-07-14T04:16:09,chessy,84,71,0,ok,
2026-07-14T04:16:09,serris,66,2,0,ok,
2026-07-14T04:16:09,torcy,219,145,0,ok,
2026-07-14T04:31:35,paris,1000,1000,0,ok,
2026-07-14T04:31:35,meaux,15,15,0,ok,
2026-07-14T04:31:35,chessy,84,71,0,ok,
2026-07-14T04:31:35,serris,66,2,0,ok,
2026-07-14T04:31:35,torcy,219,145,0,ok,
2026-07-14T04:46:08,paris,1000,1000,0,ok,
2026-07-14T04:46:08,meaux,15,15,0,ok,
2026-07-14T04:46:08,chessy,84,71,0,ok,
2026-07-14T04:46:08,serris,66,2,0,ok,
2026-07-14T04:46:08,torcy,219,145,0,ok,
2026-07-14T05:01:41,paris,1000,1000,0,ok,
2026-07-14T05:01:41,meaux,15,15,0,ok,
2026-07-14T05:01:41,chessy,84,71,0,ok,
2026-07-14T05:01:41,serris,66,2,0,ok,
2026-07-14T05:01:41,torcy,219,145,0,ok,
2026-07-14T05:16:09,paris,1000,1000,0,ok,
2026-07-14T05:16:09,meaux,15,15,0,ok,
2026-07-14T05:16:09,chessy,84,71,0,ok,
2026-07-14T05:16:09,serris,66,2,0,ok,
2026-07-14T05:16:09,torcy,219,145,0,ok,
2026-07-14T05:31:36,paris,1000,1000,0,ok,
2026-07-14T05:31:36,meaux,15,15,0,ok,
2026-07-14T05:31:36,chessy,84,71,0,ok,
2026-07-14T05:31:36,serris,66,2,0,ok,
2026-07-14T05:31:36,torcy,219,145,0,ok,
2026-07-14T05:46:04,paris,1000,1000,0,ok,
2026-07-14T05:46:04,meaux,15,15,0,ok,
2026-07-14T05:46:04,chessy,84,71,0,ok,
2026-07-14T05:46:04,serris,66,2,0,ok,
2026-07-14T05:46:04,torcy,219,145,0,ok,
2026-07-14T06:01:45,paris,1000,1000,0,ok,
2026-07-14T06:01:45,meaux,15,15,0,ok,
2026-07-14T06:01:45,chessy,84,71,0,ok,
2026-07-14T06:01:45,serris,66,2,0,ok,
2026-07-14T06:01:45,torcy,219,145,0,ok,
2026-07-14T06:07:01,paris,1000,1000,0,ok,
2026-07-14T06:07:01,meaux,15,15,0,ok,
2026-07-14T06:07:01,chessy,84,71,0,ok,
2026-07-14T06:07:01,serris,66,2,0,ok,
2026-07-14T06:07:01,torcy,219,145,0,ok,
2026-07-14T06:16:20,paris,1000,1000,0,ok,
2026-07-14T06:16:20,meaux,15,15,0,ok,
2026-07-14T06:16:20,chessy,84,71,0,ok,
2026-07-14T06:16:20,serris,66,2,0,ok,
2026-07-14T06:16:20,torcy,219,145,0,ok,
2026-07-14T06:31:43,paris,1000,1000,0,ok,
2026-07-14T06:31:43,meaux,15,15,0,ok,
2026-07-14T06:31:43,chessy,84,71,0,ok,
2026-07-14T06:31:43,serris,66,2,0,ok,
2026-07-14T06:31:43,torcy,219,145,0,ok,
2026-07-14T06:46:10,paris,1000,1000,0,ok,
2026-07-14T06:46:10,meaux,15,15,0,ok,
2026-07-14T06:46:10,chessy,84,71,0,ok,
2026-07-14T06:46:10,serris,66,2,0,ok,
2026-07-14T06:46:10,torcy,219,145,0,ok,
2026-07-14T07:01:50,paris,1000,1000,0,ok,
2026-07-14T07:01:50,meaux,15,15,0,ok,
2026-07-14T07:01:50,chessy,84,71,0,ok,
2026-07-14T07:01:50,serris,66,2,0,ok,
2026-07-14T07:01:50,torcy,219,145,0,ok,
2026-07-14T07:16:08,paris,1000,1000,0,ok,
2026-07-14T07:16:08,meaux,15,15,0,ok,
2026-07-14T07:16:08,chessy,84,71,0,ok,
2026-07-14T07:16:08,serris,66,2,0,ok,
2026-07-14T07:16:08,torcy,219,145,0,ok,
2026-07-14T07:31:42,paris,1000,1000,0,ok,
2026-07-14T07:31:42,meaux,15,15,0,ok,
2026-07-14T07:31:42,chessy,84,71,0,ok,
2026-07-14T07:31:42,serris,66,2,0,ok,
2026-07-14T07:31:42,torcy,219,145,0,ok,
2026-07-14T07:46:08,paris,1000,1000,0,ok,
2026-07-14T07:46:08,meaux,15,15,0,ok,
2026-07-14T07:46:08,chessy,84,71,0,ok,
2026-07-14T07:46:08,serris,66,2,0,ok,
2026-07-14T07:46:08,torcy,219,145,0,ok,
2026-07-14T08:01:54,paris,1000,1000,0,ok,
2026-07-14T08:01:54,meaux,15,15,0,ok,
2026-07-14T08:01:54,chessy,84,71,0,ok,
2026-07-14T08:01:54,serris,66,2,0,ok,
2026-07-14T08:01:54,torcy,219,145,0,ok,
2026-07-14T08:16:09,paris,1000,1000,0,ok,
2026-07-14T08:16:09,meaux,15,15,0,ok,
2026-07-14T08:16:09,chessy,84,71,0,ok,
2026-07-14T08:16:09,serris,66,2,0,ok,
2026-07-14T08:16:09,torcy,219,145,0,ok,
2026-07-14T08:31:42,paris,1000,1000,0,ok,
2026-07-14T08:31:42,meaux,15,15,0,ok,
2026-07-14T08:31:42,chessy,84,71,0,ok,
2026-07-14T08:31:42,serris,66,2,0,ok,
2026-07-14T08:31:42,torcy,219,145,0,ok,
2026-07-14T08:34:31,paris,1000,1000,0,ok,
2026-07-14T08:34:31,meaux,15,15,0,ok,
2026-07-14T08:34:31,chessy,84,71,0,ok,
2026-07-14T08:34:31,serris,66,2,0,ok,
2026-07-14T08:34:31,torcy,219,145,0,ok,
2026-07-14T08:46:14,paris,1000,1000,0,ok,
2026-07-14T08:46:14,meaux,15,15,0,ok,
2026-07-14T08:46:14,chessy,84,71,0,ok,
2026-07-14T08:46:14,serris,66,2,0,ok,
2026-07-14T08:46:14,torcy,219,145,0,ok,
2026-07-14T09:01:50,paris,1000,1000,0,ok,
2026-07-14T09:01:50,meaux,15,15,0,ok,
2026-07-14T09:01:50,chessy,84,71,0,ok,
2026-07-14T09:01:50,serris,66,2,0,ok,
2026-07-14T09:01:50,torcy,219,145,0,ok,
2026-07-14T09:16:11,paris,1000,1000,0,ok,
2026-07-14T09:16:11,meaux,15,15,0,ok,
2026-07-14T09:16:11,chessy,84,71,0,ok,
2026-07-14T09:16:11,serris,66,2,0,ok,
2026-07-14T09:16:11,torcy,219,145,0,ok,
2026-07-14T09:31:44,paris,1000,1000,0,ok,
2026-07-14T09:31:44,meaux,15,15,0,ok,
2026-07-14T09:31:44,chessy,84,71,0,ok,
2026-07-14T09:31:44,serris,66,2,0,ok,
2026-07-14T09:31:44,torcy,219,145,0,ok,
2026-07-14T09:46:09,paris,1000,1000,0,ok,
2026-07-14T09:46:09,meaux,15,15,0,ok,
2026-07-14T09:46:09,chessy,84,71,0,ok,
2026-07-14T09:46:09,serris,66,2,0,ok,
2026-07-14T09:46:09,torcy,219,145,0,ok,
2026-07-14T10:02:02,paris,1000,1000,0,ok,
2026-07-14T10:02:02,meaux,15,15,0,ok,
2026-07-14T10:02:02,chessy,84,71,0,ok,
2026-07-14T10:02:02,serris,66,2,0,ok,
2026-07-14T10:02:02,torcy,219,145,0,ok,
2026-07-14T10:16:13,paris,1000,1000,0,ok,
2026-07-14T10:16:13,meaux,15,15,0,ok,
2026-07-14T10:16:13,chessy,84,71,0,ok,
2026-07-14T10:16:13,serris,66,2,0,ok,
2026-07-14T10:16:13,torcy,219,145,0,ok,
2026-07-14T10:31:43,paris,1000,1000,0,ok,
2026-07-14T10:31:43,meaux,15,15,0,ok,
2026-07-14T10:31:43,chessy,84,71,0,ok,
2026-07-14T10:31:43,serris,66,2,0,ok,
2026-07-14T10:31:43,torcy,219,145,0,ok,
2026-07-14T10:41:59,paris,1000,1000,0,ok,
2026-07-14T10:41:59,meaux,15,15,0,ok,
2026-07-14T10:41:59,chessy,84,71,0,ok,
2026-07-14T10:41:59,serris,66,2,0,ok,
2026-07-14T10:41:59,torcy,219,145,0,ok,
2026-07-14T10:46:13,paris,1000,1000,0,ok,
2026-07-14T10:46:13,meaux,15,15,0,ok,
2026-07-14T10:46:13,chessy,84,71,0,ok,
2026-07-14T10:46:13,serris,66,2,0,ok,
2026-07-14T10:46:13,torcy,219,145,0,ok,
2026-07-14T11:01:55,paris,1000,1000,0,ok,
2026-07-14T11:01:55,meaux,15,15,0,ok,
2026-07-14T11:01:55,chessy,84,71,0,ok,
2026-07-14T11:01:55,serris,66,2,0,ok,
2026-07-14T11:01:55,torcy,219,145,0,ok,
2026-07-14T11:16:10,paris,1000,1000,0,ok,
2026-07-14T11:16:10,meaux,15,15,0,ok,
2026-07-14T11:16:10,chessy,85,72,0,ok,
2026-07-14T11:16:10,serris,67,2,0,ok,
2026-07-14T11:16:10,torcy,220,145,0,ok,
2026-07-14T11:31:41,paris,1000,1000,0,ok,
2026-07-14T11:31:41,meaux,15,15,0,ok,
2026-07-14T11:31:41,chessy,85,72,0,ok,
2026-07-14T11:31:41,serris,67,2,0,ok,
2026-07-14T11:31:41,torcy,220,145,0,ok,
2026-07-14T11:46:10,paris,1000,1000,0,ok,
2026-07-14T11:46:10,meaux,15,15,0,ok,
2026-07-14T11:46:10,chessy,85,72,0,ok,
2026-07-14T11:46:10,serris,67,2,0,ok,
2026-07-14T11:46:10,torcy,220,145,0,ok,
2026-07-14T12:01:56,paris,1000,1000,0,ok,
2026-07-14T12:01:56,meaux,15,15,0,ok,
2026-07-14T12:01:56,chessy,85,72,0,ok,
2026-07-14T12:01:56,serris,67,2,0,ok,
2026-07-14T12:01:56,torcy,219,144,0,ok,
2026-07-14T12:08:03,paris,1000,1000,0,ok,
2026-07-14T12:08:03,meaux,15,15,0,ok,
2026-07-14T12:08:03,chessy,85,72,0,ok,
2026-07-14T12:08:03,serris,67,2,0,ok,
2026-07-14T12:08:03,torcy,219,144,0,ok,
2026-07-14T12:16:09,paris,1000,1000,0,ok,
2026-07-14T12:16:09,meaux,15,15,0,ok,
2026-07-14T12:16:09,chessy,85,72,0,ok,
2026-07-14T12:16:09,serris,67,2,0,ok,
2026-07-14T12:16:09,torcy,219,144,0,ok,
2026-07-14T12:31:43,paris,1000,1000,0,ok,
2026-07-14T12:31:43,meaux,15,15,0,ok,
2026-07-14T12:31:43,chessy,85,72,0,ok,
2026-07-14T12:31:43,serris,67,2,0,ok,
2026-07-14T12:31:43,torcy,219,144,0,ok,
2026-07-14T12:46:14,paris,1000,1000,0,ok,
2026-07-14T12:46:14,meaux,15,15,0,ok,
2026-07-14T12:46:14,chessy,85,72,0,ok,
2026-07-14T12:46:14,serris,67,2,0,ok,
2026-07-14T12:46:14,torcy,219,144,0,ok,
2026-07-14T13:01:58,paris,1000,1000,0,ok,
2026-07-14T13:01:58,meaux,15,15,0,ok,
2026-07-14T13:01:58,chessy,85,72,0,ok,
2026-07-14T13:01:58,serris,67,2,0,ok,
2026-07-14T13:01:58,torcy,219,144,0,ok,
2026-07-14T13:16:13,paris,1000,1000,0,ok,
2026-07-14T13:16:13,meaux,15,15,0,ok,
2026-07-14T13:16:13,chessy,85,72,0,ok,
2026-07-14T13:16:13,serris,67,2,0,ok,
2026-07-14T13:16:13,torcy,219,144,0,ok,
2026-07-14T13:31:41,paris,1000,1000,0,ok,
2026-07-14T13:31:41,meaux,15,15,0,ok,
2026-07-14T13:31:41,chessy,85,72,0,ok,
2026-07-14T13:31:41,serris,67,2,0,ok,
2026-07-14T13:31:41,torcy,219,144,0,ok,
2026-07-14T13:46:19,paris,1000,1000,0,ok,
2026-07-14T13:46:19,meaux,15,15,0,ok,
2026-07-14T13:46:19,chessy,85,72,0,ok,
2026-07-14T13:46:19,serris,67,2,0,ok,
2026-07-14T13:46:19,torcy,219,144,0,ok,
2026-07-14T14:01:53,paris,1000,1000,0,ok,
2026-07-14T14:01:53,meaux,15,15,0,ok,
2026-07-14T14:01:53,chessy,85,72,0,ok,
2026-07-14T14:01:53,serris,67,2,0,ok,
2026-07-14T14:01:53,torcy,219,144,0,ok,
2026-07-14T14:17:10,paris,1000,1000,0,ok,
2026-07-14T14:17:10,meaux,15,15,0,ok,
2026-07-14T14:17:10,chessy,85,72,0,ok,
2026-07-14T14:17:10,serris,67,2,0,ok,
2026-07-14T14:17:10,torcy,219,144,0,ok,
2026-07-14T14:23:21,paris,1000,1000,0,ok,
2026-07-14T14:23:21,meaux,15,15,0,ok,
2026-07-14T14:23:21,chessy,85,72,0,ok,
2026-07-14T14:23:21,serris,67,2,0,ok,
2026-07-14T14:23:21,torcy,219,144,0,ok,
2026-07-14T14:31:49,paris,1000,1000,0,ok,
2026-07-14T14:31:49,meaux,15,15,0,ok,
2026-07-14T14:31:49,chessy,85,72,0,ok,
2026-07-14T14:31:49,serris,67,2,0,ok,
2026-07-14T14:31:49,torcy,219,144,0,ok,
2026-07-14T14:46:18,paris,1000,1000,0,ok,
2026-07-14T14:46:18,meaux,15,15,0,ok,
2026-07-14T14:46:18,chessy,85,72,0,ok,
2026-07-14T14:46:18,serris,67,2,0,ok,
2026-07-14T14:46:18,torcy,219,144,0,ok,
2026-07-14T15:01:58,paris,1000,1000,0,ok,
2026-07-14T15:01:58,meaux,15,15,0,ok,
2026-07-14T15:01:58,chessy,85,72,0,ok,
2026-07-14T15:01:58,serris,67,2,0,ok,
2026-07-14T15:01:58,torcy,219,144,0,ok,
2026-07-14T15:16:16,paris,1000,1000,0,ok,
2026-07-14T15:16:16,meaux,15,15,0,ok,
2026-07-14T15:16:16,chessy,85,72,0,ok,
2026-07-14T15:16:16,serris,67,2,0,ok,
2026-07-14T15:16:16,torcy,219,144,0,ok,
2026-07-14T15:31:47,paris,1000,1000,0,ok,
2026-07-14T15:31:47,meaux,15,15,0,ok,
2026-07-14T15:31:47,chessy,85,72,0,ok,
2026-07-14T15:31:47,serris,67,2,0,ok,
2026-07-14T15:31:47,torcy,219,144,0,ok,
2026-07-14T15:46:13,paris,1000,1000,0,ok,
2026-07-14T15:46:13,meaux,15,15,0,ok,
2026-07-14T15:46:13,chessy,85,72,0,ok,
2026-07-14T15:46:13,serris,67,2,0,ok,
2026-07-14T15:46:13,torcy,219,144,0,ok,
2026-07-14T15:55:56,paris,1000,1000,0,ok,
2026-07-14T15:55:56,meaux,15,15,0,ok,
2026-07-14T15:55:56,chessy,85,72,0,ok,
2026-07-14T15:55:56,serris,67,2,0,ok,
2026-07-14T15:55:56,torcy,219,144,0,ok,
2026-07-14T16:01:54,paris,1000,1000,0,ok,
2026-07-14T16:01:54,meaux,15,15,0,ok,
2026-07-14T16:01:54,chessy,85,72,0,ok,
2026-07-14T16:01:54,serris,67,2,0,ok,
2026-07-14T16:01:54,torcy,219,144,0,ok,
2026-07-14T16:16:21,paris,1000,1000,0,ok,
2026-07-14T16:16:21,meaux,15,15,0,ok,
2026-07-14T16:16:21,chessy,85,72,0,ok,
2026-07-14T16:16:21,serris,67,2,0,ok,
2026-07-14T16:16:21,torcy,219,144,0,ok,
2026-07-14T16:31:45,paris,1000,1000,0,ok,
2026-07-14T16:31:45,meaux,15,15,0,ok,
2026-07-14T16:31:45,chessy,85,72,0,ok,
2026-07-14T16:31:45,serris,67,2,0,ok,
2026-07-14T16:31:45,torcy,219,144,0,ok,
2026-07-14T16:46:18,paris,1000,1000,0,ok,
2026-07-14T16:46:18,meaux,15,15,0,ok,
2026-07-14T16:46:18,chessy,85,72,0,ok,
2026-07-14T16:46:18,serris,67,2,0,ok,
2026-07-14T16:46:18,torcy,219,144,0,ok,
2026-07-14T17:01:53,paris,1000,1000,0,ok,
2026-07-14T17:01:53,meaux,15,15,0,ok,
2026-07-14T17:01:53,chessy,85,72,0,ok,
2026-07-14T17:01:53,serris,67,2,0,ok,
2026-07-14T17:01:53,torcy,219,144,0,ok,
2026-07-14T17:10:40,paris,1000,1000,0,ok,
2026-07-14T17:10:40,meaux,15,15,0,ok,
2026-07-14T17:10:40,chessy,85,72,0,ok,
2026-07-14T17:10:40,serris,67,2,0,ok,
2026-07-14T17:10:40,torcy,219,144,0,ok,
2026-07-14T17:16:24,paris,1000,1000,0,ok,
2026-07-14T17:16:24,meaux,15,15,0,ok,
2026-07-14T17:16:24,chessy,85,72,0,ok,
2026-07-14T17:16:24,serris,67,2,0,ok,
2026-07-14T17:16:24,torcy,219,144,0,ok,
2026-07-14T17:31:45,paris,1000,1000,0,ok,
2026-07-14T17:31:45,meaux,15,15,0,ok,
2026-07-14T17:31:45,chessy,85,72,0,ok,
2026-07-14T17:31:45,serris,67,2,0,ok,
2026-07-14T17:31:45,torcy,219,144,0,ok,
2026-07-14T17:46:14,paris,1000,1000,0,ok,
2026-07-14T17:46:14,meaux,15,15,0,ok,
2026-07-14T17:46:14,chessy,85,72,0,ok,
2026-07-14T17:46:14,serris,67,2,0,ok,
2026-07-14T17:46:14,torcy,219,144,0,ok,
2026-07-14T18:01:56,paris,1000,1000,0,ok,
2026-07-14T18:01:56,meaux,15,15,0,ok,
2026-07-14T18:01:56,chessy,85,72,0,ok,
2026-07-14T18:01:56,serris,67,2,0,ok,
2026-07-14T18:01:56,torcy,219,144,0,ok,
2026-07-14T18:16:15,paris,1000,1000,0,ok,
2026-07-14T18:16:15,meaux,15,15,0,ok,
2026-07-14T18:16:15,chessy,85,72,0,ok,
2026-07-14T18:16:15,serris,67,2,0,ok,
2026-07-14T18:16:15,torcy,219,144,0,ok,
2026-07-14T18:31:47,paris,1000,1000,0,ok,
2026-07-14T18:31:47,meaux,15,15,0,ok,
2026-07-14T18:31:47,chessy,85,72,0,ok,
2026-07-14T18:31:47,serris,67,2,0,ok,
2026-07-14T18:31:47,torcy,219,144,0,ok,
2026-07-14T18:37:23,paris,1000,1000,0,ok,
2026-07-14T18:37:23,meaux,15,15,0,ok,
2026-07-14T18:37:23,chessy,85,72,0,ok,
2026-07-14T18:37:23,serris,67,2,0,ok,
2026-07-14T18:37:23,torcy,219,144,0,ok,
2026-07-14T18:46:19,paris,1000,1000,0,ok,
2026-07-14T18:46:19,meaux,15,15,0,ok,
2026-07-14T18:46:19,chessy,85,72,0,ok,
2026-07-14T18:46:19,serris,67,2,0,ok,
2026-07-14T18:46:19,torcy,219,144,0,ok,
2026-07-14T19:01:49,paris,1000,1000,0,ok,
2026-07-14T19:01:49,meaux,15,15,0,ok,
2026-07-14T19:01:49,chessy,85,72,0,ok,
2026-07-14T19:01:49,serris,67,2,0,ok,
2026-07-14T19:01:49,torcy,219,144,0,ok,
2026-07-14T19:16:12,paris,1000,1000,0,ok,
2026-07-14T19:16:12,meaux,15,15,0,ok,
2026-07-14T19:16:12,chessy,85,72,0,ok,
2026-07-14T19:16:12,serris,67,2,0,ok,
2026-07-14T19:16:12,torcy,219,144,0,ok,
2026-07-14T19:31:43,paris,1000,1000,0,ok,
2026-07-14T19:31:43,meaux,15,15,0,ok,
2026-07-14T19:31:43,chessy,85,72,0,ok,
2026-07-14T19:31:43,serris,67,2,0,ok,
2026-07-14T19:31:43,torcy,219,144,0,ok,
2026-07-14T19:46:45,paris,1000,1000,0,ok,
2026-07-14T19:46:45,meaux,15,15,0,ok,
2026-07-14T19:46:45,chessy,85,72,0,ok,
2026-07-14T19:46:45,serris,67,2,0,ok,
2026-07-14T19:46:45,torcy,219,144,0,ok,
2026-07-14T20:01:56,paris,1000,1000,0,ok,
2026-07-14T20:01:56,meaux,15,15,0,ok,
2026-07-14T20:01:56,chessy,85,72,0,ok,
2026-07-14T20:01:56,serris,67,2,0,ok,
2026-07-14T20:01:56,torcy,219,144,0,ok,
2026-07-14T20:07:34,paris,1000,1000,0,ok,
2026-07-14T20:07:34,meaux,15,15,0,ok,
2026-07-14T20:07:34,chessy,85,72,0,ok,
2026-07-14T20:07:34,serris,67,2,0,ok,
2026-07-14T20:07:34,torcy,219,144,0,ok,
2026-07-14T20:16:19,paris,1000,1000,0,ok,
2026-07-14T20:16:19,meaux,15,15,0,ok,
2026-07-14T20:16:19,chessy,85,72,0,ok,
2026-07-14T20:16:19,serris,67,2,0,ok,
2026-07-14T20:16:19,torcy,219,144,0,ok,
2026-07-14T20:31:48,paris,1000,1000,0,ok,
2026-07-14T20:31:48,meaux,15,15,0,ok,
2026-07-14T20:31:48,chessy,85,72,0,ok,
2026-07-14T20:31:48,serris,67,2,0,ok,
2026-07-14T20:31:48,torcy,219,144,0,ok,
2026-07-14T20:46:31,paris,1000,1000,0,ok,
2026-07-14T20:46:31,meaux,15,15,0,ok,
2026-07-14T20:46:31,chessy,85,72,0,ok,
2026-07-14T20:46:31,serris,67,2,0,ok,
2026-07-14T20:46:31,torcy,219,144,0,ok,
2026-07-14T21:01:52,paris,1000,1000,0,ok,
2026-07-14T21:01:52,meaux,15,15,0,ok,
2026-07-14T21:01:52,chessy,85,72,0,ok,
2026-07-14T21:01:52,serris,67,2,0,ok,
2026-07-14T21:01:52,torcy,219,144,0,ok,
2026-07-14T21:16:10,paris,1000,1000,0,ok,
2026-07-14T21:16:10,meaux,15,15,0,ok,
2026-07-14T21:16:10,chessy,85,72,0,ok,
2026-07-14T21:16:10,serris,67,2,0,ok,
2026-07-14T21:16:10,torcy,219,144,0,ok,
2026-07-14T21:29:59,paris,1000,1000,0,ok,
2026-07-14T21:29:59,meaux,15,15,0,ok,
2026-07-14T21:29:59,chessy,85,72,0,ok,
2026-07-14T21:29:59,serris,67,2,0,ok,
2026-07-14T21:29:59,torcy,219,144,0,ok,
2026-07-14T21:31:41,paris,1000,1000,0,ok,
2026-07-14T21:31:41,meaux,15,15,0,ok,
2026-07-14T21:31:41,chessy,85,72,0,ok,
2026-07-14T21:31:41,serris,67,2,0,ok,
2026-07-14T21:31:41,torcy,219,144,0,ok,
2026-07-14T21:46:09,paris,1000,1000,0,ok,
2026-07-14T21:46:09,meaux,15,15,0,ok,
2026-07-14T21:46:09,chessy,85,72,0,ok,
2026-07-14T21:46:09,serris,67,2,0,ok,
2026-07-14T21:46:09,torcy,219,144,0,ok,
2026-07-14T22:01:50,paris,1000,1000,0,ok,
2026-07-14T22:01:50,meaux,15,15,0,ok,
2026-07-14T22:01:50,chessy,85,72,0,ok,
2026-07-14T22:01:50,serris,67,2,0,ok,
2026-07-14T22:01:50,torcy,219,144,0,ok,
2026-07-14T22:16:11,paris,1000,1000,0,ok,
2026-07-14T22:16:11,meaux,15,15,0,ok,
2026-07-14T22:16:11,chessy,85,72,0,ok,
2026-07-14T22:16:11,serris,67,2,0,ok,
2026-07-14T22:16:11,torcy,219,144,0,ok,
2026-07-14T22:31:47,paris,1000,1000,0,ok,
2026-07-14T22:31:47,meaux,15,15,0,ok,
2026-07-14T22:31:47,chessy,85,72,0,ok,
2026-07-14T22:31:47,serris,67,2,0,ok,
2026-07-14T22:31:47,torcy,219,144,0,ok,
2026-07-14T22:46:13,paris,1000,1000,0,ok,
2026-07-14T22:46:13,meaux,15,15,0,ok,
2026-07-14T22:46:13,chessy,85,72,0,ok,
2026-07-14T22:46:13,serris,67,2,0,ok,
2026-07-14T22:46:13,torcy,219,144,0,ok,
2026-07-14T23:01:50,paris,1000,1000,0,ok,
2026-07-14T23:01:50,meaux,15,15,0,ok,
2026-07-14T23:01:50,chessy,85,72,0,ok,
2026-07-14T23:01:50,serris,67,2,0,ok,
2026-07-14T23:01:50,torcy,219,144,0,ok,
2026-07-14T23:16:12,paris,1000,1000,0,ok,
2026-07-14T23:16:12,meaux,15,15,0,ok,
2026-07-14T23:16:12,chessy,85,72,0,ok,
2026-07-14T23:16:12,serris,67,2,0,ok,
2026-07-14T23:16:12,torcy,219,144,0,ok,
2026-07-14T23:31:45,paris,1000,1000,0,ok,
2026-07-14T23:31:45,meaux,15,15,0,ok,
2026-07-14T23:31:45,chessy,85,72,0,ok,
2026-07-14T23:31:45,serris,67,2,0,ok,
2026-07-14T23:31:45,torcy,219,144,0,ok,
2026-07-14T23:46:13,paris,1000,1000,0,ok,
2026-07-14T23:46:13,meaux,15,15,0,ok,
2026-07-14T23:46:13,chessy,85,72,0,ok,
2026-07-14T23:46:13,serris,67,2,0,ok,
2026-07-14T23:46:13,torcy,219,144,0,ok,
2026-07-14T23:49:12,paris,1000,1000,0,ok,
2026-07-14T23:49:12,meaux,15,15,0,ok,
2026-07-14T23:49:12,chessy,85,72,0,ok,
2026-07-14T23:49:12,serris,67,2,0,ok,
2026-07-14T23:49:12,torcy,219,144,0,ok,
2026-07-15T00:01:55,paris,1000,1000,0,ok,
2026-07-15T00:01:55,meaux,15,15,0,ok,
2026-07-15T00:01:55,chessy,85,72,0,ok,
2026-07-15T00:01:55,serris,67,2,0,ok,
2026-07-15T00:01:55,torcy,219,144,0,ok,
2026-07-15T00:16:13,paris,1000,1000,0,ok,
2026-07-15T00:16:13,meaux,15,15,0,ok,
2026-07-15T00:16:13,chessy,85,72,0,ok,
2026-07-15T00:16:13,serris,67,2,0,ok,
2026-07-15T00:16:13,torcy,219,144,0,ok,
2026-07-15T00:31:42,paris,1000,1000,0,ok,
2026-07-15T00:31:42,meaux,15,15,0,ok,
2026-07-15T00:31:42,chessy,85,72,0,ok,
2026-07-15T00:31:42,serris,67,2,0,ok,
2026-07-15T00:31:42,torcy,219,144,0,ok,
2026-07-15T00:46:10,paris,1000,1000,0,ok,
2026-07-15T00:46:10,meaux,15,15,0,ok,
2026-07-15T00:46:10,chessy,85,72,0,ok,
2026-07-15T00:46:10,serris,67,2,0,ok,
2026-07-15T00:46:10,torcy,219,144,0,ok,
2026-07-15T01:01:44,paris,1000,1000,0,ok,
2026-07-15T01:01:44,meaux,15,15,0,ok,
2026-07-15T01:01:44,chessy,85,72,0,ok,
2026-07-15T01:01:44,serris,67,2,0,ok,
2026-07-15T01:01:44,torcy,219,144,0,ok,
2026-07-15T01:16:09,paris,1000,1000,0,ok,
2026-07-15T01:16:09,meaux,15,15,0,ok,
2026-07-15T01:16:09,chessy,85,72,0,ok,
2026-07-15T01:16:09,serris,67,2,0,ok,
2026-07-15T01:16:09,torcy,219,144,0,ok,
2026-07-15T01:31:39,paris,1000,1000,0,ok,
2026-07-15T01:31:39,meaux,15,15,0,ok,
2026-07-15T01:31:39,chessy,85,72,0,ok,
2026-07-15T01:31:39,serris,67,2,0,ok,
2026-07-15T01:31:39,torcy,219,144,0,ok,
2026-07-15T01:46:12,paris,1000,1000,0,ok,
2026-07-15T01:46:12,meaux,15,15,0,ok,
2026-07-15T01:46:12,chessy,85,72,0,ok,
2026-07-15T01:46:12,serris,67,2,0,ok,
2026-07-15T01:46:12,torcy,219,144,0,ok,
2026-07-15T01:57:31,paris,1000,1000,0,ok,
2026-07-15T01:57:31,meaux,15,15,0,ok,
2026-07-15T01:57:31,chessy,85,72,0,ok,
2026-07-15T01:57:31,serris,67,2,0,ok,
2026-07-15T01:57:31,torcy,219,144,0,ok,
2026-07-15T02:01:46,paris,1000,1000,0,ok,
2026-07-15T02:01:46,meaux,15,15,0,ok,
2026-07-15T02:01:46,chessy,85,72,0,ok,
2026-07-15T02:01:46,serris,67,2,0,ok,
2026-07-15T02:01:46,torcy,219,144,0,ok,
2026-07-15T02:16:11,paris,1000,1000,0,ok,
2026-07-15T02:16:11,meaux,15,15,0,ok,
2026-07-15T02:16:11,chessy,85,72,0,ok,
2026-07-15T02:16:11,serris,67,2,0,ok,
2026-07-15T02:16:11,torcy,219,144,0,ok,
2026-07-15T02:31:38,paris,1000,1000,0,ok,
2026-07-15T02:31:38,meaux,15,15,0,ok,
2026-07-15T02:31:38,chessy,85,72,0,ok,
2026-07-15T02:31:38,serris,67,2,0,ok,
2026-07-15T02:31:38,torcy,219,144,0,ok,
2026-07-15T02:46:13,paris,1000,1000,0,ok,
2026-07-15T02:46:13,meaux,15,15,0,ok,
2026-07-15T02:46:13,chessy,85,72,0,ok,
2026-07-15T02:46:13,serris,67,2,0,ok,
2026-07-15T02:46:13,torcy,219,144,0,ok,
2026-07-15T03:01:54,paris,1000,1000,0,ok,
2026-07-15T03:01:54,meaux,15,15,0,ok,
2026-07-15T03:01:54,chessy,85,72,0,ok,
2026-07-15T03:01:54,serris,67,2,0,ok,
2026-07-15T03:01:54,torcy,219,144,0,ok,
2026-07-15T03:16:12,paris,1000,1000,0,ok,
2026-07-15T03:16:12,meaux,15,15,0,ok,
2026-07-15T03:16:12,chessy,85,72,0,ok,
2026-07-15T03:16:12,serris,67,2,0,ok,
2026-07-15T03:16:12,torcy,219,144,0,ok,
2026-07-15T03:31:44,paris,1000,1000,0,ok,
2026-07-15T03:31:44,meaux,15,15,0,ok,
2026-07-15T03:31:44,chessy,85,72,0,ok,
2026-07-15T03:31:44,serris,67,2,0,ok,
2026-07-15T03:31:44,torcy,219,144,0,ok,
2026-07-15T03:46:12,paris,1000,1000,0,ok,
2026-07-15T03:46:12,meaux,15,15,0,ok,
2026-07-15T03:46:12,chessy,85,72,0,ok,
2026-07-15T03:46:12,serris,67,2,0,ok,
2026-07-15T03:46:12,torcy,219,144,0,ok,
2026-07-15T04:01:55,paris,1000,1000,0,ok,
2026-07-15T04:01:55,meaux,15,15,0,ok,
2026-07-15T04:01:55,chessy,85,72,0,ok,
2026-07-15T04:01:55,serris,67,2,0,ok,
2026-07-15T04:01:55,torcy,219,144,0,ok,
2026-07-15T04:16:11,paris,1000,1000,0,ok,
2026-07-15T04:16:11,meaux,15,15,0,ok,
2026-07-15T04:16:11,chessy,85,72,0,ok,
2026-07-15T04:16:11,serris,67,2,0,ok,
2026-07-15T04:16:11,torcy,219,144,0,ok,
2026-07-15T04:31:42,paris,1000,1000,0,ok,
2026-07-15T04:31:42,meaux,15,15,0,ok,
2026-07-15T04:31:42,chessy,85,72,0,ok,
2026-07-15T04:31:42,serris,67,2,0,ok,
2026-07-15T04:31:42,torcy,219,144,0,ok,
2026-07-15T04:46:18,paris,1000,1000,0,ok,
2026-07-15T04:46:18,meaux,15,15,0,ok,
2026-07-15T04:46:18,chessy,85,72,0,ok,
2026-07-15T04:46:18,serris,67,2,0,ok,
2026-07-15T04:46:18,torcy,219,144,0,ok,
2026-07-15T04:52:31,paris,1000,1000,0,ok,
2026-07-15T04:52:31,meaux,15,15,0,ok,
2026-07-15T04:52:31,chessy,85,72,0,ok,
2026-07-15T04:52:31,serris,67,2,0,ok,
2026-07-15T04:52:31,torcy,219,144,0,ok,
2026-07-15T05:01:55,paris,1000,1000,0,ok,
2026-07-15T05:01:55,meaux,15,15,0,ok,
2026-07-15T05:01:55,chessy,85,72,0,ok,
2026-07-15T05:01:55,serris,67,2,0,ok,
2026-07-15T05:01:55,torcy,219,144,0,ok,
2026-07-15T05:16:15,paris,1000,1000,0,ok,
2026-07-15T05:16:15,meaux,15,15,0,ok,
2026-07-15T05:16:15,chessy,85,72,0,ok,
2026-07-15T05:16:15,serris,67,2,0,ok,
2026-07-15T05:16:15,torcy,219,144,0,ok,
2026-07-15T05:31:45,paris,1000,1000,0,ok,
2026-07-15T05:31:45,meaux,15,15,0,ok,
2026-07-15T05:31:45,chessy,85,72,0,ok,
2026-07-15T05:31:45,serris,67,2,0,ok,
2026-07-15T05:31:45,torcy,219,144,0,ok,
2026-07-15T05:46:14,paris,1000,1000,0,ok,
2026-07-15T05:46:14,meaux,15,15,0,ok,
2026-07-15T05:46:14,chessy,85,72,0,ok,
2026-07-15T05:46:14,serris,67,2,0,ok,
2026-07-15T05:46:14,torcy,219,144,0,ok,
2026-07-15T06:01:49,paris,1000,1000,0,ok,
2026-07-15T06:01:49,meaux,15,15,0,ok,
2026-07-15T06:01:49,chessy,85,72,0,ok,
2026-07-15T06:01:49,serris,67,2,0,ok,
2026-07-15T06:01:49,torcy,219,144,0,ok,
2026-07-15T06:16:17,paris,1000,1000,0,ok,
2026-07-15T06:16:17,meaux,15,15,0,ok,
2026-07-15T06:16:17,chessy,85,72,0,ok,
2026-07-15T06:16:17,serris,67,2,0,ok,
2026-07-15T06:16:17,torcy,219,144,0,ok,
2026-07-15T06:31:48,paris,1000,1000,0,ok,
2026-07-15T06:31:48,meaux,15,15,0,ok,
2026-07-15T06:31:48,chessy,85,72,0,ok,
2026-07-15T06:31:48,serris,67,2,0,ok,
2026-07-15T06:31:48,torcy,219,144,0,ok,
2026-07-15T06:46:14,paris,1000,1000,0,ok,
2026-07-15T06:46:14,meaux,15,15,0,ok,
2026-07-15T06:46:14,chessy,85,72,0,ok,
2026-07-15T06:46:14,serris,67,2,0,ok,
2026-07-15T06:46:14,torcy,219,144,0,ok,
2026-07-15T07:01:51,paris,1000,1000,0,ok,
2026-07-15T07:01:51,meaux,15,15,0,ok,
2026-07-15T07:01:51,chessy,85,72,0,ok,
2026-07-15T07:01:51,serris,67,2,0,ok,
2026-07-15T07:01:51,torcy,219,144,0,ok,
2026-07-15T07:12:25,paris,1000,1000,0,ok,
2026-07-15T07:12:25,meaux,15,15,0,ok,
2026-07-15T07:12:25,chessy,85,72,0,ok,
2026-07-15T07:12:25,serris,67,2,0,ok,
2026-07-15T07:12:25,torcy,219,144,0,ok,
2026-07-15T07:16:18,paris,1000,1000,0,ok,
2026-07-15T07:16:18,meaux,15,15,0,ok,
2026-07-15T07:16:18,chessy,85,72,0,ok,
2026-07-15T07:16:18,serris,67,2,0,ok,
2026-07-15T07:16:18,torcy,219,144,0,ok,
2026-07-15T07:31:45,paris,1000,1000,0,ok,
2026-07-15T07:31:45,meaux,15,15,0,ok,
2026-07-15T07:31:45,chessy,85,72,0,ok,
2026-07-15T07:31:45,serris,67,2,0,ok,
2026-07-15T07:31:45,torcy,219,144,0,ok,
2026-07-15T07:46:17,paris,1000,1000,0,ok,
2026-07-15T07:46:17,meaux,15,15,0,ok,
2026-07-15T07:46:17,chessy,85,72,0,ok,
2026-07-15T07:46:17,serris,67,2,0,ok,
2026-07-15T07:46:17,torcy,219,144,0,ok,
2026-07-15T08:02:00,paris,1000,1000,0,ok,
2026-07-15T08:02:00,meaux,15,15,0,ok,
2026-07-15T08:02:00,chessy,85,72,0,ok,
2026-07-15T08:02:00,serris,67,2,0,ok,
2026-07-15T08:02:00,torcy,219,144,0,ok,
2026-07-15T08:16:15,paris,1000,1000,0,ok,
2026-07-15T08:16:15,meaux,15,15,0,ok,
2026-07-15T08:16:15,chessy,85,72,0,ok,
2026-07-15T08:16:15,serris,67,2,0,ok,
2026-07-15T08:16:15,torcy,219,144,0,ok,
2026-07-15T08:31:49,paris,1000,1000,0,ok,
2026-07-15T08:31:49,meaux,15,15,0,ok,
2026-07-15T08:31:49,chessy,85,72,0,ok,
2026-07-15T08:31:49,serris,67,2,0,ok,
2026-07-15T08:31:49,torcy,219,144,0,ok,
2026-07-15T08:46:23,paris,1000,1000,0,ok,
2026-07-15T08:46:23,meaux,15,15,0,ok,
2026-07-15T08:46:23,chessy,85,72,0,ok,
2026-07-15T08:46:23,serris,67,2,0,ok,
2026-07-15T08:46:23,torcy,219,144,0,ok,
2026-07-15T09:01:57,paris,1000,1000,0,ok,
2026-07-15T09:01:57,meaux,15,15,0,ok,
2026-07-15T09:01:57,chessy,85,72,0,ok,
2026-07-15T09:01:57,serris,67,2,0,ok,
2026-07-15T09:01:57,torcy,219,144,0,ok,
2026-07-15T09:16:23,paris,1000,1000,0,ok,
2026-07-15T09:16:23,meaux,15,15,0,ok,
2026-07-15T09:16:23,chessy,85,72,0,ok,
2026-07-15T09:16:23,serris,67,2,0,ok,
2026-07-15T09:16:23,torcy,219,144,0,ok,
2026-07-15T09:28:21,paris,1000,1000,0,ok,
2026-07-15T09:28:21,meaux,15,15,0,ok,
2026-07-15T09:28:21,chessy,85,72,0,ok,
2026-07-15T09:28:21,serris,67,2,0,ok,
2026-07-15T09:28:21,torcy,219,144,0,ok,
2026-07-15T09:31:46,paris,1000,1000,0,ok,
2026-07-15T09:31:46,meaux,15,15,0,ok,
2026-07-15T09:31:46,chessy,85,72,0,ok,
2026-07-15T09:31:46,serris,67,2,0,ok,
2026-07-15T09:31:46,torcy,219,144,0,ok,
2026-07-15T09:46:22,paris,1000,1000,0,ok,
2026-07-15T09:46:22,meaux,15,15,0,ok,
2026-07-15T09:46:22,chessy,85,72,0,ok,
2026-07-15T09:46:22,serris,67,2,0,ok,
2026-07-15T09:46:22,torcy,219,144,0,ok,
2026-07-15T10:01:56,paris,1000,1000,0,ok,
2026-07-15T10:01:56,meaux,15,15,0,ok,
2026-07-15T10:01:56,chessy,85,72,0,ok,
2026-07-15T10:01:56,serris,67,2,0,ok,
2026-07-15T10:01:56,torcy,219,144,0,ok,
2026-07-15T10:16:21,paris,1000,1000,0,ok,
2026-07-15T10:16:21,meaux,15,15,0,ok,
2026-07-15T10:16:21,chessy,85,72,0,ok,
2026-07-15T10:16:21,serris,67,2,0,ok,
2026-07-15T10:16:21,torcy,219,144,0,ok,
2026-07-15T10:31:48,paris,1000,1000,0,ok,
2026-07-15T10:31:48,meaux,15,15,0,ok,
2026-07-15T10:31:48,chessy,85,72,0,ok,
2026-07-15T10:31:48,serris,67,2,0,ok,
2026-07-15T10:31:48,torcy,219,144,0,ok,
2026-07-15T10:46:21,paris,1000,1000,0,ok,
2026-07-15T10:46:21,meaux,15,15,0,ok,
2026-07-15T10:46:21,chessy,85,72,0,ok,
2026-07-15T10:46:21,serris,67,2,0,ok,
2026-07-15T10:46:21,torcy,219,144,0,ok,
2026-07-15T11:01:58,paris,1000,1000,0,ok,
2026-07-15T11:01:58,meaux,15,15,0,ok,
2026-07-15T11:01:58,chessy,85,72,0,ok,
2026-07-15T11:01:58,serris,67,2,0,ok,
2026-07-15T11:01:58,torcy,219,144,0,ok,
2026-07-15T11:09:53,paris,1000,1000,0,ok,
2026-07-15T11:09:53,meaux,15,15,0,ok,
2026-07-15T11:09:53,chessy,85,72,0,ok,
2026-07-15T11:09:53,serris,67,2,0,ok,
2026-07-15T11:09:53,torcy,219,144,0,ok,
2026-07-15T11:16:17,paris,1000,1000,0,ok,
2026-07-15T11:16:17,meaux,15,15,0,ok,
2026-07-15T11:16:17,chessy,85,72,0,ok,
2026-07-15T11:16:17,serris,67,2,0,ok,
2026-07-15T11:16:17,torcy,219,144,0,ok,
2026-07-15T11:31:49,paris,1000,1000,0,ok,
2026-07-15T11:31:49,meaux,15,15,0,ok,
2026-07-15T11:31:49,chessy,85,72,0,ok,
2026-07-15T11:31:49,serris,67,2,0,ok,
2026-07-15T11:31:49,torcy,219,144,0,ok,
2026-07-15T11:46:21,paris,1000,1000,0,ok,
2026-07-15T11:46:21,meaux,15,15,0,ok,
2026-07-15T11:46:21,chessy,85,72,0,ok,
2026-07-15T11:46:21,serris,67,2,0,ok,
2026-07-15T11:46:21,torcy,219,144,0,ok,
2026-07-15T12:02:01,paris,1000,1000,0,ok,
2026-07-15T12:02:01,meaux,15,15,0,ok,
2026-07-15T12:02:01,chessy,85,72,0,ok,
2026-07-15T12:02:01,serris,67,2,0,ok,
2026-07-15T12:02:01,torcy,219,144,0,ok,
2026-07-15T12:16:25,paris,1000,1000,0,ok,
2026-07-15T12:16:25,meaux,15,15,0,ok,
2026-07-15T12:16:25,chessy,85,72,0,ok,
2026-07-15T12:16:25,serris,67,2,0,ok,
2026-07-15T12:16:25,torcy,219,144,0,ok,
2026-07-15T12:31:52,paris,1000,1000,0,ok,
2026-07-15T12:31:52,meaux,15,15,0,ok,
2026-07-15T12:31:52,chessy,85,72,0,ok,
2026-07-15T12:31:52,serris,67,2,0,ok,
2026-07-15T12:31:52,torcy,219,144,0,ok,
2026-07-15T12:46:22,paris,1000,1000,0,ok,
2026-07-15T12:46:22,meaux,15,15,0,ok,
2026-07-15T12:46:22,chessy,85,72,0,ok,
2026-07-15T12:46:22,serris,67,2,0,ok,
2026-07-15T12:46:22,torcy,219,144,0,ok,
2026-07-15T12:51:01,paris,1000,1000,0,ok,
2026-07-15T12:51:01,meaux,15,15,0,ok,
2026-07-15T12:51:01,chessy,85,72,0,ok,
2026-07-15T12:51:01,serris,67,2,0,ok,
2026-07-15T12:51:01,torcy,219,144,0,ok,
2026-07-15T13:02:01,paris,1000,1000,0,ok,
2026-07-15T13:02:01,meaux,15,15,0,ok,
2026-07-15T13:02:01,chessy,85,72,0,ok,
2026-07-15T13:02:01,serris,67,2,0,ok,
2026-07-15T13:02:01,torcy,219,144,0,ok,
2026-07-15T13:16:22,paris,1000,1000,0,ok,
2026-07-15T13:16:22,meaux,15,15,0,ok,
2026-07-15T13:16:22,chessy,85,72,0,ok,
2026-07-15T13:16:22,serris,67,2,0,ok,
2026-07-15T13:16:22,torcy,219,144,0,ok,
2026-07-15T13:31:55,paris,1000,1000,0,ok,
2026-07-15T13:31:55,meaux,15,15,0,ok,
2026-07-15T13:31:55,chessy,85,72,0,ok,
2026-07-15T13:31:55,serris,67,2,0,ok,
2026-07-15T13:31:55,torcy,219,144,0,ok,
2026-07-15T13:46:27,paris,1000,1000,0,ok,
2026-07-15T13:46:27,meaux,15,15,0,ok,
2026-07-15T13:46:27,chessy,85,72,0,ok,
2026-07-15T13:46:27,serris,67,2,0,ok,
2026-07-15T13:46:27,torcy,219,144,0,ok,
2026-07-15T14:02:01,paris,1000,1000,0,ok,
2026-07-15T14:02:01,meaux,15,15,0,ok,
2026-07-15T14:02:01,chessy,85,72,0,ok,
2026-07-15T14:02:01,serris,67,2,0,ok,
2026-07-15T14:02:01,torcy,219,144,0,ok,
2026-07-15T14:16:27,paris,1000,1000,0,ok,
2026-07-15T14:16:27,meaux,15,15,0,ok,
2026-07-15T14:16:27,chessy,85,72,0,ok,
2026-07-15T14:16:27,serris,67,2,0,ok,
2026-07-15T14:16:27,torcy,219,144,0,ok,
2026-07-15T14:31:46,paris,1000,1000,0,ok,
2026-07-15T14:31:46,meaux,15,15,0,ok,
2026-07-15T14:31:46,chessy,85,72,0,ok,
2026-07-15T14:31:46,serris,67,2,0,ok,
2026-07-15T14:31:46,torcy,219,144,0,ok,
2026-07-15T14:45:23,paris,1000,1000,0,ok,
2026-07-15T14:45:23,meaux,15,15,0,ok,
2026-07-15T14:45:23,chessy,85,72,0,ok,
2026-07-15T14:45:23,serris,67,2,0,ok,
2026-07-15T14:45:23,torcy,219,144,0,ok,
2026-07-15T15:01:58,paris,1000,1000,0,ok,
2026-07-15T15:01:58,meaux,15,15,0,ok,
2026-07-15T15:01:58,chessy,85,72,0,ok,
2026-07-15T15:01:58,serris,67,2,0,ok,
2026-07-15T15:01:58,torcy,219,144,0,ok,
2026-07-15T15:16:22,paris,1000,1000,0,ok,
2026-07-15T15:16:22,meaux,15,15,0,ok,
2026-07-15T15:16:22,chessy,85,72,0,ok,
2026-07-15T15:16:22,serris,67,2,0,ok,
2026-07-15T15:16:22,torcy,219,144,0,ok,
2026-07-15T15:32:03,paris,1000,1000,0,ok,
2026-07-15T15:32:03,meaux,15,15,0,ok,
2026-07-15T15:32:03,chessy,85,72,0,ok,
2026-07-15T15:32:03,serris,67,2,0,ok,
2026-07-15T15:32:03,torcy,219,144,0,ok,
2026-07-15T15:46:29,paris,1000,1000,0,ok,
2026-07-15T15:46:29,meaux,15,15,0,ok,
2026-07-15T15:46:29,chessy,85,72,0,ok,
2026-07-15T15:46:29,serris,67,2,0,ok,
2026-07-15T15:46:29,torcy,219,144,0,ok,
2026-07-15T16:02:10,paris,1000,1000,0,ok,
2026-07-15T16:02:10,meaux,15,15,0,ok,
2026-07-15T16:02:10,chessy,85,72,0,ok,
2026-07-15T16:02:10,serris,67,2,0,ok,
2026-07-15T16:02:10,torcy,219,144,0,ok,
2026-07-15T16:16:22,paris,1000,1000,0,ok,
2026-07-15T16:16:22,meaux,15,15,0,ok,
2026-07-15T16:16:22,chessy,85,72,0,ok,
2026-07-15T16:16:22,serris,67,2,0,ok,
2026-07-15T16:16:22,torcy,219,144,0,ok,
2026-07-15T16:31:52,paris,1000,1000,0,ok,
2026-07-15T16:31:52,meaux,15,15,0,ok,
2026-07-15T16:31:52,chessy,85,72,0,ok,
2026-07-15T16:31:52,serris,67,2,0,ok,
2026-07-15T16:31:52,torcy,219,144,0,ok,
2026-07-15T16:46:15,paris,1000,1000,0,ok,
2026-07-15T16:46:15,meaux,15,15,0,ok,
2026-07-15T16:46:15,chessy,85,72,0,ok,
2026-07-15T16:46:15,serris,67,2,0,ok,
2026-07-15T16:46:15,torcy,219,144,0,ok,
2026-07-15T17:02:05,paris,1000,1000,0,ok,
2026-07-15T17:02:05,meaux,15,15,0,ok,
2026-07-15T17:02:05,chessy,85,72,0,ok,
2026-07-15T17:02:05,serris,67,2,0,ok,
2026-07-15T17:02:05,torcy,219,144,0,ok,
2026-07-15T17:16:27,paris,1000,1000,0,ok,
2026-07-15T17:16:27,meaux,15,15,0,ok,
2026-07-15T17:16:27,chessy,85,72,0,ok,
2026-07-15T17:16:27,serris,67,2,0,ok,
2026-07-15T17:16:27,torcy,219,144,0,ok,
2026-07-15T17:31:56,paris,1000,1000,0,ok,
2026-07-15T17:31:56,meaux,15,15,0,ok,
2026-07-15T17:31:56,chessy,85,72,0,ok,
2026-07-15T17:31:56,serris,67,2,0,ok,
2026-07-15T17:31:56,torcy,219,144,0,ok,
2026-07-15T17:45:59,paris,1000,1000,0,ok,
2026-07-15T17:45:59,meaux,15,15,0,ok,
2026-07-15T17:45:59,chessy,85,72,0,ok,
2026-07-15T17:45:59,serris,67,2,0,ok,
2026-07-15T17:45:59,torcy,219,144,0,ok,
2026-07-15T18:02:05,paris,1000,1000,0,ok,
2026-07-15T18:02:05,meaux,15,15,0,ok,
2026-07-15T18:02:05,chessy,85,72,0,ok,
2026-07-15T18:02:05,serris,67,2,0,ok,
2026-07-15T18:02:05,torcy,219,144,0,ok,
2026-07-15T18:16:19,paris,1000,1000,0,ok,
2026-07-15T18:16:19,meaux,15,15,0,ok,
2026-07-15T18:16:19,chessy,85,72,0,ok,
2026-07-15T18:16:19,serris,67,2,0,ok,
2026-07-15T18:16:19,torcy,219,144,0,ok,
2026-07-15T18:31:50,paris,1000,1000,0,ok,
2026-07-15T18:31:50,meaux,15,15,0,ok,
2026-07-15T18:31:50,chessy,85,72,0,ok,
2026-07-15T18:31:50,serris,67,2,0,ok,
2026-07-15T18:31:50,torcy,219,144,0,ok,
2026-07-15T18:46:19,paris,1000,1000,0,ok,
2026-07-15T18:46:19,meaux,15,15,0,ok,
2026-07-15T18:46:19,chessy,85,72,0,ok,
2026-07-15T18:46:19,serris,67,2,0,ok,
2026-07-15T18:46:19,torcy,219,144,0,ok,
2026-07-15T19:01:59,paris,1000,1000,0,ok,
2026-07-15T19:01:59,meaux,15,15,0,ok,
2026-07-15T19:01:59,chessy,85,72,0,ok,
2026-07-15T19:01:59,serris,67,2,0,ok,
2026-07-15T19:01:59,torcy,219,144,0,ok,
2026-07-15T19:04:05,paris,1000,1000,0,ok,
2026-07-15T19:04:05,meaux,15,15,0,ok,
2026-07-15T19:04:05,chessy,85,72,0,ok,
2026-07-15T19:04:05,serris,67,2,0,ok,
2026-07-15T19:04:05,torcy,219,144,0,ok,
2026-07-15T19:16:20,paris,1000,1000,0,ok,
2026-07-15T19:16:20,meaux,15,15,0,ok,
2026-07-15T19:16:20,chessy,85,72,0,ok,
2026-07-15T19:16:20,serris,67,2,0,ok,
2026-07-15T19:16:20,torcy,219,144,0,ok,
2026-07-15T19:31:50,paris,1000,1000,0,ok,
2026-07-15T19:31:50,meaux,15,15,0,ok,
2026-07-15T19:31:50,chessy,85,72,0,ok,
2026-07-15T19:31:50,serris,67,2,0,ok,
2026-07-15T19:31:50,torcy,219,144,0,ok,
2026-07-15T19:46:20,paris,1000,1000,0,ok,
2026-07-15T19:46:20,meaux,15,15,0,ok,
2026-07-15T19:46:20,chessy,85,72,0,ok,
2026-07-15T19:46:20,serris,67,2,0,ok,
2026-07-15T19:46:20,torcy,219,144,0,ok,
2026-07-15T20:01:49,paris,1000,1000,0,ok,
2026-07-15T20:01:49,meaux,15,15,0,ok,
2026-07-15T20:01:49,chessy,85,72,0,ok,
2026-07-15T20:01:49,serris,67,2,0,ok,
2026-07-15T20:01:49,torcy,219,144,0,ok,
2026-07-15T20:16:23,paris,1000,1000,0,ok,
2026-07-15T20:16:23,meaux,15,15,0,ok,
2026-07-15T20:16:23,chessy,85,72,0,ok,
2026-07-15T20:16:23,serris,67,2,0,ok,
2026-07-15T20:16:23,torcy,219,144,0,ok,
2026-07-15T20:31:50,paris,1000,1000,0,ok,
2026-07-15T20:31:50,meaux,15,15,0,ok,
2026-07-15T20:31:50,chessy,85,72,0,ok,
2026-07-15T20:31:50,serris,67,2,0,ok,
2026-07-15T20:31:50,torcy,219,144,0,ok,
2026-07-15T20:46:24,paris,1000,1000,0,ok,
2026-07-15T20:46:24,meaux,15,15,0,ok,
2026-07-15T20:46:24,chessy,85,72,0,ok,
2026-07-15T20:46:24,serris,67,2,0,ok,
2026-07-15T20:46:24,torcy,219,144,0,ok,
2026-07-15T21:02:00,paris,1000,1000,0,ok,
2026-07-15T21:02:00,meaux,15,15,0,ok,
2026-07-15T21:02:00,chessy,85,72,0,ok,
2026-07-15T21:02:00,serris,67,2,0,ok,
2026-07-15T21:02:00,torcy,219,144,0,ok,
2026-07-15T21:16:24,paris,1000,1000,0,ok,
2026-07-15T21:16:24,meaux,15,15,0,ok,
2026-07-15T21:16:24,chessy,85,72,0,ok,
2026-07-15T21:16:24,serris,67,2,0,ok,
2026-07-15T21:16:24,torcy,219,144,0,ok,
2026-07-15T21:31:46,paris,1000,1000,0,ok,
2026-07-15T21:31:46,meaux,15,15,0,ok,
2026-07-15T21:31:46,chessy,85,72,0,ok,
2026-07-15T21:31:46,serris,67,2,0,ok,
2026-07-15T21:31:46,torcy,219,144,0,ok,
2026-07-15T21:46:23,paris,1000,1000,0,ok,
2026-07-15T21:46:23,meaux,15,15,0,ok,
2026-07-15T21:46:23,chessy,85,72,0,ok,
2026-07-15T21:46:23,serris,67,2,0,ok,
2026-07-15T21:46:23,torcy,219,144,0,ok,
2026-07-15T21:55:25,paris,1000,1000,0,ok,
2026-07-15T21:55:25,meaux,15,15,0,ok,
2026-07-15T21:55:25,chessy,85,72,0,ok,
2026-07-15T21:55:25,serris,67,2,0,ok,
2026-07-15T21:55:25,torcy,219,144,0,ok,
2026-07-15T22:02:00,paris,1000,1000,0,ok,
2026-07-15T22:02:00,meaux,15,15,0,ok,
2026-07-15T22:02:00,chessy,85,72,0,ok,
2026-07-15T22:02:00,serris,67,2,0,ok,
2026-07-15T22:02:00,torcy,219,144,0,ok,
2026-07-15T22:16:31,paris,1000,1000,0,ok,
2026-07-15T22:16:31,meaux,15,15,0,ok,
2026-07-15T22:16:31,chessy,85,72,0,ok,
2026-07-15T22:16:31,serris,67,2,0,ok,
2026-07-15T22:16:31,torcy,219,144,0,ok,
2026-07-15T22:31:49,paris,1000,1000,0,ok,
2026-07-15T22:31:49,meaux,15,15,0,ok,
2026-07-15T22:31:49,chessy,85,72,0,ok,
2026-07-15T22:31:49,serris,67,2,0,ok,
2026-07-15T22:31:49,torcy,219,144,0,ok,
2026-07-15T22:46:14,paris,1000,1000,0,ok,
2026-07-15T22:46:14,meaux,15,15,0,ok,
2026-07-15T22:46:14,chessy,85,72,0,ok,
2026-07-15T22:46:14,serris,67,2,0,ok,
2026-07-15T22:46:14,torcy,219,144,0,ok,
2026-07-15T22:55:37,paris,1000,1000,0,ok,
2026-07-15T22:55:37,meaux,15,15,0,ok,
2026-07-15T22:55:37,chessy,85,72,0,ok,
2026-07-15T22:55:37,serris,67,2,0,ok,
2026-07-15T22:55:37,torcy,219,144,0,ok,
2026-07-15T23:01:56,paris,1000,1000,0,ok,
2026-07-15T23:01:56,meaux,15,15,0,ok,
2026-07-15T23:01:56,chessy,85,72,0,ok,
2026-07-15T23:01:56,serris,67,2,0,ok,
2026-07-15T23:01:56,torcy,219,144,0,ok,
2026-07-15T23:16:26,paris,1000,1000,0,ok,
2026-07-15T23:16:26,meaux,15,15,0,ok,
2026-07-15T23:16:26,chessy,85,72,0,ok,
2026-07-15T23:16:26,serris,67,2,0,ok,
2026-07-15T23:16:26,torcy,219,144,0,ok,
2026-07-15T23:31:53,paris,1000,1000,0,ok,
2026-07-15T23:31:53,meaux,15,15,0,ok,
2026-07-15T23:31:53,chessy,85,72,0,ok,
2026-07-15T23:31:53,serris,67,2,0,ok,
2026-07-15T23:31:53,torcy,219,144,0,ok,
2026-07-15T23:46:21,paris,1000,1000,0,ok,
2026-07-15T23:46:21,meaux,15,15,0,ok,
2026-07-15T23:46:21,chessy,85,72,0,ok,
2026-07-15T23:46:21,serris,67,2,0,ok,
2026-07-15T23:46:21,torcy,219,144,0,ok,
2026-07-15T23:55:59,paris,1000,1000,0,ok,
2026-07-15T23:55:59,meaux,15,15,0,ok,
2026-07-15T23:55:59,chessy,85,72,0,ok,
2026-07-15T23:55:59,serris,67,2,0,ok,
2026-07-15T23:55:59,torcy,219,144,0,ok,
2026-07-16T00:02:03,paris,1000,1000,0,ok,
2026-07-16T00:02:03,meaux,15,15,0,ok,
2026-07-16T00:02:03,chessy,85,72,0,ok,
2026-07-16T00:02:03,serris,67,2,0,ok,
2026-07-16T00:02:03,torcy,219,144,0,ok,
2026-07-16T00:16:22,paris,1000,1000,0,ok,
2026-07-16T00:16:22,meaux,15,15,0,ok,
2026-07-16T00:16:22,chessy,85,72,0,ok,
2026-07-16T00:16:22,serris,67,2,0,ok,
2026-07-16T00:16:22,torcy,219,144,0,ok,
2026-07-16T00:31:54,paris,1000,1000,0,ok,
2026-07-16T00:31:54,meaux,15,15,0,ok,
2026-07-16T00:31:54,chessy,85,72,0,ok,
2026-07-16T00:31:54,serris,67,2,0,ok,
2026-07-16T00:31:54,torcy,219,144,0,ok,
2026-07-16T00:46:17,paris,1000,1000,0,ok,
2026-07-16T00:46:17,meaux,15,15,0,ok,
2026-07-16T00:46:17,chessy,85,72,0,ok,
2026-07-16T00:46:17,serris,67,2,0,ok,
2026-07-16T00:46:17,torcy,219,144,0,ok,
2026-07-16T01:01:56,paris,1000,1000,0,ok,
2026-07-16T01:01:56,meaux,15,15,0,ok,
2026-07-16T01:01:56,chessy,85,72,0,ok,
2026-07-16T01:01:56,serris,67,2,0,ok,
2026-07-16T01:01:56,torcy,219,144,0,ok,
2026-07-16T01:16:18,paris,1000,1000,0,ok,
2026-07-16T01:16:18,meaux,15,15,0,ok,
2026-07-16T01:16:18,chessy,85,72,0,ok,
2026-07-16T01:16:18,serris,67,2,0,ok,
2026-07-16T01:16:18,torcy,219,144,0,ok,
2026-07-16T01:31:57,paris,1000,1000,0,ok,
2026-07-16T01:31:57,meaux,15,15,0,ok,
2026-07-16T01:31:57,chessy,85,72,0,ok,
2026-07-16T01:31:57,serris,67,2,0,ok,
2026-07-16T01:31:57,torcy,219,144,0,ok,
2026-07-16T01:46:18,paris,1000,1000,0,ok,
2026-07-16T01:46:18,meaux,15,15,0,ok,
2026-07-16T01:46:18,chessy,85,72,0,ok,
2026-07-16T01:46:18,serris,67,2,0,ok,
2026-07-16T01:46:18,torcy,219,144,0,ok,
2026-07-16T02:01:54,paris,1000,1000,0,ok,
2026-07-16T02:01:54,meaux,15,15,0,ok,
2026-07-16T02:01:54,chessy,85,72,0,ok,
2026-07-16T02:01:54,serris,67,2,0,ok,
2026-07-16T02:01:54,torcy,219,144,0,ok,
2026-07-16T02:10:04,paris,1000,1000,0,ok,
2026-07-16T02:10:04,meaux,15,15,0,ok,
2026-07-16T02:10:04,chessy,85,72,0,ok,
2026-07-16T02:10:04,serris,67,2,0,ok,
2026-07-16T02:10:04,torcy,219,144,0,ok,
2026-07-16T02:16:16,paris,1000,1000,0,ok,
2026-07-16T02:16:16,meaux,15,15,0,ok,
2026-07-16T02:16:16,chessy,85,72,0,ok,
2026-07-16T02:16:16,serris,67,2,0,ok,
2026-07-16T02:16:16,torcy,219,144,0,ok,
2026-07-16T02:31:46,paris,1000,1000,0,ok,
2026-07-16T02:31:46,meaux,15,15,0,ok,
2026-07-16T02:31:46,chessy,85,72,0,ok,
2026-07-16T02:31:46,serris,67,2,0,ok,
2026-07-16T02:31:46,torcy,219,144,0,ok,
2026-07-16T02:46:23,paris,1000,1000,0,ok,
2026-07-16T02:46:23,meaux,15,15,0,ok,
2026-07-16T02:46:23,chessy,85,72,0,ok,
2026-07-16T02:46:23,serris,67,2,0,ok,
2026-07-16T02:46:23,torcy,219,144,0,ok,
2026-07-16T03:02:00,paris,1000,1000,0,ok,
2026-07-16T03:02:00,meaux,15,15,0,ok,
2026-07-16T03:02:00,chessy,85,72,0,ok,
2026-07-16T03:02:00,serris,67,2,0,ok,
2026-07-16T03:02:00,torcy,219,144,0,ok,
2026-07-16T03:16:22,paris,1000,1000,0,ok,
2026-07-16T03:16:22,meaux,15,15,0,ok,
2026-07-16T03:16:22,chessy,85,72,0,ok,
2026-07-16T03:16:22,serris,67,2,0,ok,
2026-07-16T03:16:22,torcy,219,144,0,ok,
2026-07-16T03:31:50,paris,1000,1000,0,ok,
2026-07-16T03:31:50,meaux,15,15,0,ok,
2026-07-16T03:31:50,chessy,85,72,0,ok,
2026-07-16T03:31:50,serris,67,2,0,ok,
2026-07-16T03:31:50,torcy,219,144,0,ok,
2026-07-16T03:46:22,paris,1000,1000,0,ok,
2026-07-16T03:46:22,meaux,15,15,0,ok,
2026-07-16T03:46:22,chessy,85,72,0,ok,
2026-07-16T03:46:22,serris,67,2,0,ok,
2026-07-16T03:46:22,torcy,219,144,0,ok,
2026-07-16T04:01:55,paris,1000,1000,0,ok,
2026-07-16T04:01:55,meaux,15,15,0,ok,
2026-07-16T04:01:55,chessy,85,72,0,ok,
2026-07-16T04:01:55,serris,67,2,0,ok,
2026-07-16T04:01:55,torcy,219,144,0,ok,
2026-07-16T04:16:28,paris,1000,1000,0,ok,
2026-07-16T04:16:28,meaux,15,15,0,ok,
2026-07-16T04:16:28,chessy,85,72,0,ok,
2026-07-16T04:16:28,serris,67,2,0,ok,
2026-07-16T04:16:28,torcy,219,144,0,ok,
2026-07-16T04:31:55,paris,1000,1000,0,ok,
2026-07-16T04:31:55,meaux,15,15,0,ok,
2026-07-16T04:31:55,chessy,85,72,0,ok,
2026-07-16T04:31:55,serris,67,2,0,ok,
2026-07-16T04:31:55,torcy,219,144,0,ok,
2026-07-16T04:46:20,paris,1000,1000,0,ok,
2026-07-16T04:46:20,meaux,15,15,0,ok,
2026-07-16T04:46:20,chessy,85,72,0,ok,
2026-07-16T04:46:20,serris,67,2,0,ok,
2026-07-16T04:46:20,torcy,219,144,0,ok,
2026-07-16T05:01:57,paris,1000,1000,0,ok,
2026-07-16T05:01:57,meaux,15,15,0,ok,
2026-07-16T05:01:57,chessy,85,72,0,ok,
2026-07-16T05:01:57,serris,67,2,0,ok,
2026-07-16T05:01:57,torcy,219,144,0,ok,
2026-07-16T05:16:23,paris,1000,1000,0,ok,
2026-07-16T05:16:23,meaux,15,15,0,ok,
2026-07-16T05:16:23,chessy,85,72,0,ok,
2026-07-16T05:16:23,serris,67,2,0,ok,
2026-07-16T05:16:23,torcy,219,144,0,ok,
2026-07-16T05:25:07,paris,1000,1000,0,ok,
2026-07-16T05:25:07,meaux,15,15,0,ok,
2026-07-16T05:25:07,chessy,85,72,0,ok,
2026-07-16T05:25:07,serris,67,2,0,ok,
2026-07-16T05:25:07,torcy,219,144,0,ok,
2026-07-16T05:31:49,paris,1000,1000,0,ok,
2026-07-16T05:31:49,meaux,15,15,0,ok,
2026-07-16T05:31:49,chessy,85,72,0,ok,
2026-07-16T05:31:49,serris,67,2,0,ok,
2026-07-16T05:31:49,torcy,219,144,0,ok,
2026-07-16T05:46:23,paris,1000,1000,0,ok,
2026-07-16T05:46:23,meaux,15,15,0,ok,
2026-07-16T05:46:23,chessy,85,72,0,ok,
2026-07-16T05:46:23,serris,67,2,0,ok,
2026-07-16T05:46:23,torcy,219,144,0,ok,
2026-07-16T06:02:08,paris,1000,1000,0,ok,
2026-07-16T06:02:08,meaux,15,15,0,ok,
2026-07-16T06:02:08,chessy,85,72,0,ok,
2026-07-16T06:02:08,serris,67,2,0,ok,
2026-07-16T06:02:08,torcy,219,144,0,ok,
2026-07-16T06:16:25,paris,1000,1000,0,ok,
2026-07-16T06:16:25,meaux,15,15,0,ok,
2026-07-16T06:16:25,chessy,85,72,0,ok,
2026-07-16T06:16:25,serris,67,2,0,ok,
2026-07-16T06:16:25,torcy,219,144,0,ok,
2026-07-16T06:31:56,paris,1000,1000,0,ok,
2026-07-16T06:31:56,meaux,15,15,0,ok,
2026-07-16T06:31:56,chessy,85,72,0,ok,
2026-07-16T06:31:56,serris,67,2,0,ok,
2026-07-16T06:31:56,torcy,219,144,0,ok,
2026-07-16T06:46:24,paris,1000,1000,0,ok,
2026-07-16T06:46:24,meaux,15,15,0,ok,
2026-07-16T06:46:24,chessy,85,72,0,ok,
2026-07-16T06:46:24,serris,67,2,0,ok,
2026-07-16T06:46:24,torcy,219,144,0,ok,
2026-07-16T07:02:08,paris,1000,1000,0,ok,
2026-07-16T07:02:08,meaux,15,15,0,ok,
2026-07-16T07:02:08,chessy,85,72,0,ok,
2026-07-16T07:02:08,serris,67,2,0,ok,
2026-07-16T07:02:08,torcy,218,143,0,ok,
2026-07-16T07:16:27,paris,1000,1000,0,ok,
2026-07-16T07:16:27,meaux,15,15,0,ok,
2026-07-16T07:16:27,chessy,85,72,0,ok,
2026-07-16T07:16:27,serris,67,2,0,ok,
2026-07-16T07:16:27,torcy,218,143,0,ok,
2026-07-16T07:32:23,paris,1000,1000,0,ok,
2026-07-16T07:32:23,meaux,15,15,0,ok,
2026-07-16T07:32:23,chessy,85,72,0,ok,
2026-07-16T07:32:23,serris,67,2,0,ok,
2026-07-16T07:32:23,torcy,218,143,0,ok,
2026-07-16T07:35:53,paris,1000,1000,0,ok,
2026-07-16T07:35:53,meaux,15,15,0,ok,
2026-07-16T07:35:53,chessy,85,72,0,ok,
2026-07-16T07:35:53,serris,67,2,0,ok,
2026-07-16T07:35:53,torcy,218,143,0,ok,
2026-07-16T07:46:26,paris,1000,1000,0,ok,
2026-07-16T07:46:26,meaux,15,15,0,ok,
2026-07-16T07:46:26,chessy,85,72,0,ok,
2026-07-16T07:46:26,serris,67,2,0,ok,
2026-07-16T07:46:26,torcy,218,143,0,ok,
2026-07-16T08:02:06,paris,1000,1000,0,ok,
2026-07-16T08:02:06,meaux,15,15,0,ok,
2026-07-16T08:02:06,chessy,85,72,0,ok,
2026-07-16T08:02:06,serris,67,2,0,ok,
2026-07-16T08:02:06,torcy,218,143,0,ok,
2026-07-16T08:16:25,paris,1000,1000,0,ok,
2026-07-16T08:16:25,meaux,15,15,0,ok,
2026-07-16T08:16:25,chessy,85,72,0,ok,
2026-07-16T08:16:25,serris,67,2,0,ok,
2026-07-16T08:16:25,torcy,218,143,0,ok,
2026-07-16T08:31:52,paris,1000,1000,0,ok,
2026-07-16T08:31:52,meaux,15,15,0,ok,
2026-07-16T08:31:52,chessy,85,72,0,ok,
2026-07-16T08:31:52,serris,67,2,0,ok,
2026-07-16T08:31:52,torcy,218,143,0,ok,
2026-07-16T08:46:21,paris,1000,1000,0,ok,
2026-07-16T08:46:21,meaux,15,15,0,ok,
2026-07-16T08:46:21,chessy,85,72,0,ok,
2026-07-16T08:46:21,serris,67,2,0,ok,
2026-07-16T08:46:21,torcy,218,143,0,ok,
2026-07-16T09:02:05,paris,1000,1000,0,ok,
2026-07-16T09:02:05,meaux,15,15,0,ok,
2026-07-16T09:02:05,chessy,85,72,0,ok,
2026-07-16T09:02:05,serris,67,2,0,ok,
2026-07-16T09:02:05,torcy,218,143,0,ok,
2026-07-16T09:16:29,paris,1000,1000,0,ok,
2026-07-16T09:16:29,meaux,15,15,0,ok,
2026-07-16T09:16:29,chessy,85,72,0,ok,
2026-07-16T09:16:29,serris,67,2,0,ok,
2026-07-16T09:16:29,torcy,218,143,0,ok,
2026-07-16T09:31:59,paris,1000,1000,0,ok,
2026-07-16T09:31:59,meaux,15,15,0,ok,
2026-07-16T09:31:59,chessy,85,72,0,ok,
2026-07-16T09:31:59,serris,67,2,0,ok,
2026-07-16T09:31:59,torcy,218,143,0,ok,
2026-07-16T09:46:29,paris,1000,1000,0,ok,
2026-07-16T09:46:29,meaux,15,15,0,ok,
2026-07-16T09:46:29,chessy,85,72,0,ok,
2026-07-16T09:46:29,serris,67,2,0,ok,
2026-07-16T09:46:29,torcy,218,143,0,ok,
2026-07-16T10:02:04,paris,1000,1000,0,ok,
2026-07-16T10:02:04,meaux,15,15,0,ok,
2026-07-16T10:02:04,chessy,85,72,0,ok,
2026-07-16T10:02:04,serris,67,2,0,ok,
2026-07-16T10:02:04,torcy,218,143,0,ok,
2026-07-16T10:04:14,paris,1000,1000,0,ok,
2026-07-16T10:04:14,meaux,15,15,0,ok,
2026-07-16T10:04:14,chessy,85,72,0,ok,
2026-07-16T10:04:14,serris,67,2,0,ok,
2026-07-16T10:04:14,torcy,218,143,0,ok,
2026-07-16T10:16:33,paris,1000,1000,0,ok,
2026-07-16T10:16:33,meaux,15,15,0,ok,
2026-07-16T10:16:33,chessy,85,72,0,ok,
2026-07-16T10:16:33,serris,67,2,0,ok,
2026-07-16T10:16:33,torcy,218,143,0,ok,
2026-07-16T10:31:55,paris,1000,1000,0,ok,
2026-07-16T10:31:55,meaux,15,15,0,ok,
2026-07-16T10:31:55,chessy,85,72,0,ok,
2026-07-16T10:31:55,serris,67,2,0,ok,
2026-07-16T10:31:55,torcy,218,143,0,ok,
2026-07-16T10:46:27,paris,1000,1000,0,ok,
2026-07-16T10:46:27,meaux,15,15,0,ok,
2026-07-16T10:46:27,chessy,85,72,0,ok,
2026-07-16T10:46:27,serris,67,2,0,ok,
2026-07-16T10:46:27,torcy,218,143,0,ok,
2026-07-16T11:02:12,paris,1000,1000,0,ok,
2026-07-16T11:02:12,meaux,15,15,0,ok,
2026-07-16T11:02:12,chessy,85,72,0,ok,
2026-07-16T11:02:12,serris,67,2,0,ok,
2026-07-16T11:02:12,torcy,218,143,0,ok,
2026-07-16T11:16:25,paris,1000,1000,0,ok,
2026-07-16T11:16:25,meaux,15,15,0,ok,
2026-07-16T11:16:25,chessy,85,72,0,ok,
2026-07-16T11:16:25,serris,67,2,0,ok,
2026-07-16T11:16:25,torcy,218,143,0,ok,
2026-07-16T11:31:56,paris,1000,1000,0,ok,
2026-07-16T11:31:56,meaux,15,15,0,ok,
2026-07-16T11:31:56,chessy,85,72,0,ok,
2026-07-16T11:31:56,serris,67,2,0,ok,
2026-07-16T11:31:56,torcy,218,143,0,ok,
2026-07-16T11:46:27,paris,1000,1000,0,ok,
2026-07-16T11:46:27,meaux,15,15,0,ok,
2026-07-16T11:46:27,chessy,85,72,0,ok,
2026-07-16T11:46:27,serris,67,2,0,ok,
2026-07-16T11:46:27,torcy,218,143,0,ok,
2026-07-16T11:59:37,paris,1000,1000,0,ok,
2026-07-16T11:59:37,meaux,15,15,0,ok,
2026-07-16T11:59:37,chessy,85,72,0,ok,
2026-07-16T11:59:37,serris,67,2,0,ok,
2026-07-16T11:59:37,torcy,218,143,0,ok,
2026-07-16T12:02:00,paris,1000,1000,0,ok,
2026-07-16T12:02:00,meaux,15,15,0,ok,
2026-07-16T12:02:00,chessy,85,72,0,ok,
2026-07-16T12:02:00,serris,67,2,0,ok,
2026-07-16T12:02:00,torcy,218,143,0,ok,
2026-07-16T12:16:31,paris,1000,1000,0,ok,
2026-07-16T12:16:31,meaux,15,15,0,ok,
2026-07-16T12:16:31,chessy,85,72,0,ok,
2026-07-16T12:16:31,serris,67,2,0,ok,
2026-07-16T12:16:31,torcy,218,143,0,ok,
2026-07-16T12:31:59,paris,1000,1000,0,ok,
2026-07-16T12:31:59,meaux,15,15,0,ok,
2026-07-16T12:31:59,chessy,85,72,0,ok,
2026-07-16T12:31:59,serris,67,2,0,ok,
2026-07-16T12:31:59,torcy,218,143,0,ok,
2026-07-16T12:46:29,paris,1000,1000,0,ok,
2026-07-16T12:46:29,meaux,15,15,0,ok,
2026-07-16T12:46:29,chessy,85,72,0,ok,
2026-07-16T12:46:29,serris,67,2,0,ok,
2026-07-16T12:46:29,torcy,218,143,0,ok,
2026-07-16T13:02:07,paris,1000,1000,0,ok,
2026-07-16T13:02:07,meaux,15,15,0,ok,
2026-07-16T13:02:07,chessy,86,73,0,ok,
2026-07-16T13:02:07,serris,68,2,0,ok,
2026-07-16T13:02:07,torcy,219,143,0,ok,
2026-07-16T13:16:37,paris,1000,1000,0,ok,
2026-07-16T13:16:37,meaux,15,15,0,ok,
2026-07-16T13:16:37,chessy,86,73,0,ok,
2026-07-16T13:16:37,serris,68,2,0,ok,
2026-07-16T13:16:37,torcy,219,143,0,ok,
2026-07-16T13:32:00,paris,1000,1000,0,ok,
2026-07-16T13:32:00,meaux,15,15,0,ok,
2026-07-16T13:32:00,chessy,86,73,0,ok,
2026-07-16T13:32:00,serris,68,2,0,ok,
2026-07-16T13:32:00,torcy,219,143,0,ok,
2026-07-16T13:46:31,paris,1000,1000,0,ok,
2026-07-16T13:46:31,meaux,15,15,0,ok,
2026-07-16T13:46:31,chessy,86,73,0,ok,
2026-07-16T13:46:31,serris,68,2,0,ok,
2026-07-16T13:46:31,torcy,219,143,0,ok,
2026-07-16T14:02:12,paris,1000,1000,0,ok,
2026-07-16T14:02:12,meaux,15,15,0,ok,
2026-07-16T14:02:12,chessy,86,73,0,ok,
2026-07-16T14:02:12,serris,68,2,0,ok,
2026-07-16T14:02:12,torcy,219,143,0,ok,
2026-07-16T14:04:58,paris,1000,1000,0,ok,
2026-07-16T14:04:58,meaux,15,15,0,ok,
2026-07-16T14:04:58,chessy,86,73,0,ok,
2026-07-16T14:04:58,serris,68,2,0,ok,
2026-07-16T14:04:58,torcy,219,143,0,ok,
2026-07-16T14:16:28,paris,1000,1000,0,ok,
2026-07-16T14:16:28,meaux,15,15,0,ok,
2026-07-16T14:16:28,chessy,86,73,0,ok,
2026-07-16T14:16:28,serris,68,2,0,ok,
2026-07-16T14:16:28,torcy,219,143,0,ok,
2026-07-16T14:32:04,paris,1000,1000,0,ok,
2026-07-16T14:32:04,meaux,15,15,0,ok,
2026-07-16T14:32:04,chessy,86,73,0,ok,
2026-07-16T14:32:04,serris,68,2,0,ok,
2026-07-16T14:32:04,torcy,219,143,0,ok,
2026-07-16T14:46:32,paris,1000,1000,0,ok,
2026-07-16T14:46:32,meaux,15,15,0,ok,
2026-07-16T14:46:32,chessy,86,73,0,ok,
2026-07-16T14:46:32,serris,68,2,0,ok,
2026-07-16T14:46:32,torcy,219,143,0,ok,
2026-07-16T15:02:02,paris,1000,1000,0,ok,
2026-07-16T15:02:02,meaux,15,15,0,ok,
2026-07-16T15:02:02,chessy,86,73,0,ok,
2026-07-16T15:02:02,serris,68,2,0,ok,
2026-07-16T15:02:02,torcy,219,143,0,ok,
2026-07-16T15:16:32,paris,1000,1000,0,ok,
2026-07-16T15:16:32,meaux,15,15,0,ok,
2026-07-16T15:16:32,chessy,86,73,0,ok,
2026-07-16T15:16:32,serris,68,2,0,ok,
2026-07-16T15:16:32,torcy,219,143,0,ok,
2026-07-16T15:31:56,paris,1000,1000,0,ok,
2026-07-16T15:31:56,meaux,15,15,0,ok,
2026-07-16T15:31:56,chessy,86,73,0,ok,
2026-07-16T15:31:56,serris,68,2,0,ok,
2026-07-16T15:31:56,torcy,219,143,0,ok,
2026-07-16T15:46:32,paris,1000,1000,0,ok,
2026-07-16T15:46:32,meaux,15,15,0,ok,
2026-07-16T15:46:32,chessy,86,73,0,ok,
2026-07-16T15:46:32,serris,68,2,0,ok,
2026-07-16T15:46:32,torcy,219,143,0,ok,
2026-07-16T15:55:07,paris,1000,1000,0,ok,
2026-07-16T15:55:07,meaux,15,15,0,ok,
2026-07-16T15:55:07,chessy,86,73,0,ok,
2026-07-16T15:55:07,serris,68,2,0,ok,
2026-07-16T15:55:07,torcy,219,143,0,ok,
2026-07-16T16:02:08,paris,1000,1000,0,ok,
2026-07-16T16:02:08,meaux,15,15,0,ok,
2026-07-16T16:02:08,chessy,86,73,0,ok,
2026-07-16T16:02:08,serris,68,2,0,ok,
2026-07-16T16:02:08,torcy,219,143,0,ok,
2026-07-16T16:16:29,paris,1000,1000,0,ok,
2026-07-16T16:16:29,meaux,15,15,0,ok,
2026-07-16T16:16:29,chessy,86,73,0,ok,
2026-07-16T16:16:29,serris,68,2,0,ok,
2026-07-16T16:16:29,torcy,219,143,0,ok,
2026-07-16T16:31:49,paris,1000,1000,0,ok,
2026-07-16T16:31:49,meaux,15,15,0,ok,
2026-07-16T16:31:49,chessy,86,73,0,ok,
2026-07-16T16:31:49,serris,68,2,0,ok,
2026-07-16T16:31:49,torcy,219,143,0,ok,
2026-07-16T16:46:34,paris,1000,1000,0,ok,
2026-07-16T16:46:34,meaux,15,15,0,ok,
2026-07-16T16:46:34,chessy,86,73,0,ok,
2026-07-16T16:46:34,serris,68,2,0,ok,
2026-07-16T16:46:34,torcy,219,143,0,ok,
2026-07-16T17:01:58,paris,1000,1000,0,ok,
2026-07-16T17:01:58,meaux,15,15,0,ok,
2026-07-16T17:01:58,chessy,86,73,0,ok,
2026-07-16T17:01:58,serris,68,2,0,ok,
2026-07-16T17:01:58,torcy,219,143,0,ok,
2026-07-16T17:10:42,paris,1000,1000,0,ok,
2026-07-16T17:10:42,meaux,15,15,0,ok,
2026-07-16T17:10:42,chessy,86,73,0,ok,
2026-07-16T17:10:42,serris,68,2,0,ok,
2026-07-16T17:10:42,torcy,219,143,0,ok,
2026-07-16T17:16:43,paris,1000,1000,0,ok,
2026-07-16T17:16:43,meaux,15,15,0,ok,
2026-07-16T17:16:43,chessy,86,73,0,ok,
2026-07-16T17:16:43,serris,68,2,0,ok,
2026-07-16T17:16:43,torcy,219,143,0,ok,
2026-07-16T17:31:52,paris,1000,1000,0,ok,
2026-07-16T17:31:52,meaux,15,15,0,ok,
2026-07-16T17:31:52,chessy,86,73,0,ok,
2026-07-16T17:31:52,serris,68,2,0,ok,
2026-07-16T17:31:52,torcy,219,143,0,ok,
2026-07-16T17:46:29,paris,1000,1000,0,ok,
2026-07-16T17:46:29,meaux,15,15,0,ok,
2026-07-16T17:46:29,chessy,86,73,0,ok,
2026-07-16T17:46:29,serris,68,2,0,ok,
2026-07-16T17:46:29,torcy,219,143,0,ok,
2026-07-16T18:01:53,paris,1000,1000,0,ok,
2026-07-16T18:01:53,meaux,15,15,0,ok,
2026-07-16T18:01:53,chessy,86,73,0,ok,
2026-07-16T18:01:53,serris,68,2,0,ok,
2026-07-16T18:01:53,torcy,219,143,0,ok,
2026-07-16T18:16:36,paris,1000,1000,0,ok,
2026-07-16T18:16:36,meaux,15,15,0,ok,
2026-07-16T18:16:36,chessy,86,73,0,ok,
2026-07-16T18:16:36,serris,68,2,0,ok,
2026-07-16T18:16:36,torcy,219,143,0,ok,
2026-07-16T18:31:50,paris,1000,1000,0,ok,
2026-07-16T18:31:50,meaux,15,15,0,ok,
2026-07-16T18:31:50,chessy,86,73,0,ok,
2026-07-16T18:31:50,serris,68,2,0,ok,
2026-07-16T18:31:50,torcy,219,143,0,ok,
2026-07-16T18:39:34,paris,1000,1000,0,ok,
2026-07-16T18:39:34,meaux,15,15,0,ok,
2026-07-16T18:39:34,chessy,86,73,0,ok,
2026-07-16T18:39:34,serris,68,2,0,ok,
2026-07-16T18:39:34,torcy,219,143,0,ok,
2026-07-16T18:46:34,paris,1000,1000,0,ok,
2026-07-16T18:46:34,meaux,15,15,0,ok,
2026-07-16T18:46:34,chessy,86,73,0,ok,
2026-07-16T18:46:34,serris,68,2,0,ok,
2026-07-16T18:46:34,torcy,219,143,0,ok,
2026-07-16T19:01:54,paris,1000,1000,0,ok,
2026-07-16T19:01:54,meaux,15,15,0,ok,
2026-07-16T19:01:54,chessy,86,73,0,ok,
2026-07-16T19:01:54,serris,68,2,0,ok,
2026-07-16T19:01:54,torcy,219,143,0,ok,
2026-07-16T19:16:28,paris,1000,1000,0,ok,
2026-07-16T19:16:28,meaux,15,15,0,ok,
2026-07-16T19:16:28,chessy,86,73,0,ok,
2026-07-16T19:16:28,serris,68,2,0,ok,
2026-07-16T19:16:28,torcy,219,143,0,ok,
2026-07-16T19:31:46,paris,1000,1000,0,ok,
2026-07-16T19:31:46,meaux,15,15,0,ok,
2026-07-16T19:31:46,chessy,86,73,0,ok,
2026-07-16T19:31:46,serris,68,2,0,ok,
2026-07-16T19:31:46,torcy,219,143,0,ok,
2026-07-16T19:46:38,paris,1000,1000,0,ok,
2026-07-16T19:46:38,meaux,15,15,0,ok,
2026-07-16T19:46:38,chessy,86,73,0,ok,
2026-07-16T19:46:38,serris,68,2,0,ok,
2026-07-16T19:46:38,torcy,219,143,0,ok,
2026-07-16T20:00:03,paris,1000,1000,0,ok,
2026-07-16T20:00:03,meaux,15,15,0,ok,
2026-07-16T20:00:03,chessy,86,73,0,ok,
2026-07-16T20:00:03,serris,68,2,0,ok,
2026-07-16T20:00:03,torcy,219,143,0,ok,
2026-07-16T20:02:04,paris,1000,1000,0,ok,
2026-07-16T20:02:04,meaux,15,15,0,ok,
2026-07-16T20:02:04,chessy,86,73,0,ok,
2026-07-16T20:02:04,serris,68,2,0,ok,
2026-07-16T20:02:04,torcy,219,143,0,ok,
2026-07-16T20:16:34,paris,1000,1000,0,ok,
2026-07-16T20:16:34,meaux,15,15,0,ok,
2026-07-16T20:16:34,chessy,86,73,0,ok,
2026-07-16T20:16:34,serris,68,2,0,ok,
2026-07-16T20:16:34,torcy,219,143,0,ok,
2026-07-16T20:31:44,paris,1000,1000,0,ok,
2026-07-16T20:31:44,meaux,15,15,0,ok,
2026-07-16T20:31:44,chessy,86,73,0,ok,
2026-07-16T20:31:44,serris,68,2,0,ok,
2026-07-16T20:31:44,torcy,219,143,0,ok,
2026-07-16T20:46:34,paris,1000,1000,0,ok,
2026-07-16T20:46:34,meaux,15,15,0,ok,
2026-07-16T20:46:34,chessy,86,73,0,ok,
2026-07-16T20:46:34,serris,68,2,0,ok,
2026-07-16T20:46:34,torcy,220,144,0,ok,
2026-07-16T21:01:56,paris,1000,1000,0,ok,
2026-07-16T21:01:56,meaux,15,15,0,ok,
2026-07-16T21:01:56,chessy,86,73,0,ok,
2026-07-16T21:01:56,serris,68,2,0,ok,
2026-07-16T21:01:56,torcy,220,144,0,ok,
2026-07-16T21:09:22,paris,1000,1000,0,ok,
2026-07-16T21:09:22,meaux,15,15,0,ok,
2026-07-16T21:09:22,chessy,86,73,0,ok,
2026-07-16T21:09:22,serris,68,2,0,ok,
2026-07-16T21:09:22,torcy,220,144,0,ok,
2026-07-16T21:16:33,paris,1000,1000,0,ok,
2026-07-16T21:16:33,meaux,15,15,0,ok,
2026-07-16T21:16:33,chessy,86,73,0,ok,
2026-07-16T21:16:33,serris,68,2,0,ok,
2026-07-16T21:16:33,torcy,219,143,0,ok,
2026-07-16T21:31:48,paris,1000,1000,0,ok,
2026-07-16T21:31:48,meaux,15,15,0,ok,
2026-07-16T21:31:48,chessy,86,73,0,ok,
2026-07-16T21:31:48,serris,68,2,0,ok,
2026-07-16T21:31:48,torcy,219,143,0,ok,
2026-07-16T21:46:24,paris,1000,1000,0,ok,
2026-07-16T21:46:24,meaux,15,15,0,ok,
2026-07-16T21:46:24,chessy,86,73,0,ok,
2026-07-16T21:46:24,serris,68,2,0,ok,
2026-07-16T21:46:24,torcy,219,143,0,ok,
2026-07-16T22:01:55,paris,1000,1000,0,ok,
2026-07-16T22:01:55,meaux,15,15,0,ok,
2026-07-16T22:01:55,chessy,86,73,0,ok,
2026-07-16T22:01:55,serris,68,2,0,ok,
2026-07-16T22:01:55,torcy,219,143,0,ok,
2026-07-16T22:16:28,paris,1000,1000,0,ok,
2026-07-16T22:16:28,meaux,15,15,0,ok,
2026-07-16T22:16:28,chessy,86,73,0,ok,
2026-07-16T22:16:28,serris,68,2,0,ok,
2026-07-16T22:16:28,torcy,219,143,0,ok,
2026-07-16T22:28:28,paris,1000,1000,0,ok,
2026-07-16T22:28:28,meaux,15,15,0,ok,
2026-07-16T22:28:28,chessy,86,73,0,ok,
2026-07-16T22:28:28,serris,68,2,0,ok,
2026-07-16T22:28:28,torcy,219,143,0,ok,
2026-07-16T22:31:47,paris,1000,1000,0,ok,
2026-07-16T22:31:47,meaux,15,15,0,ok,
2026-07-16T22:31:47,chessy,86,73,0,ok,
2026-07-16T22:31:47,serris,68,2,0,ok,
2026-07-16T22:31:47,torcy,219,143,0,ok,
2026-07-16T22:46:26,paris,1000,1000,0,ok,
2026-07-16T22:46:26,meaux,15,15,0,ok,
2026-07-16T22:46:26,chessy,86,73,0,ok,
2026-07-16T22:46:26,serris,68,2,0,ok,
2026-07-16T22:46:26,torcy,219,143,0,ok,
2026-07-16T23:01:55,paris,1000,1000,0,ok,
2026-07-16T23:01:55,meaux,15,15,0,ok,
2026-07-16T23:01:55,chessy,86,73,0,ok,
2026-07-16T23:01:55,serris,68,2,0,ok,
2026-07-16T23:01:55,torcy,219,143,0,ok,
2026-07-16T23:16:28,paris,1000,1000,0,ok,
2026-07-16T23:16:28,meaux,15,15,0,ok,
2026-07-16T23:16:28,chessy,86,73,0,ok,
2026-07-16T23:16:28,serris,68,2,0,ok,
2026-07-16T23:16:28,torcy,219,143,0,ok,
2026-07-16T23:26:30,paris,1000,1000,0,ok,
2026-07-16T23:26:30,meaux,15,15,0,ok,
2026-07-16T23:26:30,chessy,86,73,0,ok,
2026-07-16T23:26:30,serris,68,2,0,ok,
2026-07-16T23:26:30,torcy,219,143,0,ok,
2026-07-16T23:31:44,paris,1000,1000,0,ok,
2026-07-16T23:31:44,meaux,15,15,0,ok,
2026-07-16T23:31:44,chessy,86,73,0,ok,
2026-07-16T23:31:44,serris,68,2,0,ok,
2026-07-16T23:31:44,torcy,219,143,0,ok,
2026-07-16T23:46:25,paris,1000,1000,0,ok,
2026-07-16T23:46:25,meaux,15,15,0,ok,
2026-07-16T23:46:25,chessy,86,73,0,ok,
2026-07-16T23:46:25,serris,68,2,0,ok,
2026-07-16T23:46:25,torcy,219,143,0,ok,
2026-07-17T00:01:50,paris,1000,1000,0,ok,
2026-07-17T00:01:50,meaux,15,15,0,ok,
2026-07-17T00:01:50,chessy,86,73,0,ok,
2026-07-17T00:01:50,serris,68,2,0,ok,
2026-07-17T00:01:50,torcy,219,143,0,ok,
2026-07-17T00:16:28,paris,1000,1000,0,ok,
2026-07-17T00:16:28,meaux,15,15,0,ok,
2026-07-17T00:16:28,chessy,86,73,0,ok,
2026-07-17T00:16:28,serris,68,2,0,ok,
2026-07-17T00:16:28,torcy,219,143,0,ok,
2026-07-17T00:31:48,paris,1000,1000,0,ok,
2026-07-17T00:31:48,meaux,15,15,0,ok,
2026-07-17T00:31:48,chessy,86,73,0,ok,
2026-07-17T00:31:48,serris,68,2,0,ok,
2026-07-17T00:31:48,torcy,219,143,0,ok,
2026-07-17T00:46:29,paris,1000,1000,0,ok,
2026-07-17T00:46:29,meaux,15,15,0,ok,
2026-07-17T00:46:29,chessy,86,73,0,ok,
2026-07-17T00:46:29,serris,68,2,0,ok,
2026-07-17T00:46:29,torcy,219,143,0,ok,
2026-07-17T00:59:48,paris,1000,1000,0,ok,
2026-07-17T00:59:48,meaux,15,15,0,ok,
2026-07-17T00:59:48,chessy,86,73,0,ok,
2026-07-17T00:59:48,serris,68,2,0,ok,
2026-07-17T00:59:48,torcy,219,143,0,ok,
2026-07-17T01:01:51,paris,1000,1000,0,ok,
2026-07-17T01:01:51,meaux,15,15,0,ok,
2026-07-17T01:01:51,chessy,86,73,0,ok,
2026-07-17T01:01:51,serris,68,2,0,ok,
2026-07-17T01:01:51,torcy,219,143,0,ok,
2026-07-17T01:16:29,paris,1000,1000,0,ok,
2026-07-17T01:16:29,meaux,15,15,0,ok,
2026-07-17T01:16:29,chessy,86,73,0,ok,
2026-07-17T01:16:29,serris,68,2,0,ok,
2026-07-17T01:16:29,torcy,219,143,0,ok,
2026-07-17T01:31:49,paris,1000,1000,0,ok,
2026-07-17T01:31:49,meaux,15,15,0,ok,
2026-07-17T01:31:49,chessy,86,73,0,ok,
2026-07-17T01:31:49,serris,68,2,0,ok,
2026-07-17T01:31:49,torcy,219,143,0,ok,
2026-07-17T01:46:31,paris,1000,1000,0,ok,
2026-07-17T01:46:31,meaux,15,15,0,ok,
2026-07-17T01:46:31,chessy,86,73,0,ok,
2026-07-17T01:46:31,serris,68,2,0,ok,
2026-07-17T01:46:31,torcy,219,143,0,ok,
2026-07-17T02:02:02,paris,1000,1000,0,ok,
2026-07-17T02:02:02,meaux,15,15,0,ok,
2026-07-17T02:02:02,chessy,86,73,0,ok,
2026-07-17T02:02:02,serris,68,2,0,ok,
2026-07-17T02:02:02,torcy,219,143,0,ok,
2026-07-17T02:16:26,paris,1000,1000,0,ok,
2026-07-17T02:16:26,meaux,15,15,0,ok,
2026-07-17T02:16:26,chessy,86,73,0,ok,
2026-07-17T02:16:26,serris,68,2,0,ok,
2026-07-17T02:16:26,torcy,219,143,0,ok,
2026-07-17T02:31:40,paris,1000,1000,0,ok,
2026-07-17T02:31:40,meaux,15,15,0,ok,
2026-07-17T02:31:40,chessy,86,73,0,ok,
2026-07-17T02:31:40,serris,68,2,0,ok,
2026-07-17T02:31:40,torcy,219,143,0,ok,
2026-07-17T02:46:29,paris,1000,1000,0,ok,
2026-07-17T02:46:29,meaux,15,15,0,ok,
2026-07-17T02:46:29,chessy,86,73,0,ok,
2026-07-17T02:46:29,serris,68,2,0,ok,
2026-07-17T02:46:29,torcy,219,143,0,ok,
2026-07-17T03:01:59,paris,1000,1000,0,ok,
2026-07-17T03:01:59,meaux,15,15,0,ok,
2026-07-17T03:01:59,chessy,86,73,0,ok,
2026-07-17T03:01:59,serris,68,2,0,ok,
2026-07-17T03:01:59,torcy,219,143,0,ok,
2026-07-17T03:16:28,paris,1000,1000,0,ok,
2026-07-17T03:16:28,meaux,15,15,0,ok,
2026-07-17T03:16:28,chessy,86,73,0,ok,
2026-07-17T03:16:28,serris,68,2,0,ok,
2026-07-17T03:16:28,torcy,219,143,0,ok,
2026-07-17T03:31:47,paris,1000,1000,0,ok,
2026-07-17T03:31:47,meaux,15,15,0,ok,
2026-07-17T03:31:47,chessy,86,73,0,ok,
2026-07-17T03:31:47,serris,68,2,0,ok,
2026-07-17T03:31:47,torcy,219,143,0,ok,
2026-07-17T03:46:34,paris,1000,1000,0,ok,
2026-07-17T03:46:34,meaux,15,15,0,ok,
2026-07-17T03:46:34,chessy,86,73,0,ok,
2026-07-17T03:46:34,serris,68,2,0,ok,
2026-07-17T03:46:34,torcy,219,143,0,ok,
2026-07-17T04:02:01,paris,1000,1000,0,ok,
2026-07-17T04:02:01,meaux,15,15,0,ok,
2026-07-17T04:02:01,chessy,86,73,0,ok,
2026-07-17T04:02:01,serris,68,2,0,ok,
2026-07-17T04:02:01,torcy,219,143,0,ok,
2026-07-17T04:12:10,paris,1000,1000,0,ok,
2026-07-17T04:12:10,meaux,15,15,0,ok,
2026-07-17T04:12:10,chessy,86,73,0,ok,
2026-07-17T04:12:10,serris,68,2,0,ok,
2026-07-17T04:12:10,torcy,219,143,0,ok,
2026-07-17T04:16:25,paris,1000,1000,0,ok,
2026-07-17T04:16:25,meaux,15,15,0,ok,
2026-07-17T04:16:25,chessy,86,73,0,ok,
2026-07-17T04:16:25,serris,68,2,0,ok,
2026-07-17T04:16:25,torcy,219,143,0,ok,
2026-07-17T04:31:44,paris,1000,1000,0,ok,
2026-07-17T04:31:44,meaux,15,15,0,ok,
2026-07-17T04:31:44,chessy,86,73,0,ok,
2026-07-17T04:31:44,serris,68,2,0,ok,
2026-07-17T04:31:44,torcy,219,143,0,ok,
2026-07-17T04:46:31,paris,1000,1000,0,ok,
2026-07-17T04:46:31,meaux,15,15,0,ok,
2026-07-17T04:46:31,chessy,86,73,0,ok,
2026-07-17T04:46:31,serris,68,2,0,ok,
2026-07-17T04:46:31,torcy,219,143,0,ok,
2026-07-17T05:01:54,paris,1000,1000,0,ok,
2026-07-17T05:01:54,meaux,15,15,0,ok,
2026-07-17T05:01:54,chessy,86,73,0,ok,
2026-07-17T05:01:54,serris,68,2,0,ok,
2026-07-17T05:01:54,torcy,219,143,0,ok,
2026-07-17T05:16:29,paris,1000,1000,0,ok,
2026-07-17T05:16:29,meaux,15,15,0,ok,
2026-07-17T05:16:29,chessy,86,73,0,ok,
2026-07-17T05:16:29,serris,68,2,0,ok,
2026-07-17T05:16:29,torcy,219,143,0,ok,
2026-07-17T05:31:53,paris,1000,1000,0,ok,
2026-07-17T05:31:53,meaux,15,15,0,ok,
2026-07-17T05:31:53,chessy,86,73,0,ok,
2026-07-17T05:31:53,serris,68,2,0,ok,
2026-07-17T05:31:53,torcy,219,143,0,ok,
2026-07-17T05:46:30,paris,1000,1000,0,ok,
2026-07-17T05:46:30,meaux,15,15,0,ok,
2026-07-17T05:46:30,chessy,86,73,0,ok,
2026-07-17T05:46:30,serris,68,2,0,ok,
2026-07-17T05:46:30,torcy,219,143,0,ok,
2026-07-17T06:02:06,paris,1000,1000,0,ok,
2026-07-17T06:02:06,meaux,15,15,0,ok,
2026-07-17T06:02:06,chessy,86,73,0,ok,
2026-07-17T06:02:06,serris,68,2,0,ok,
2026-07-17T06:02:06,torcy,219,143,0,ok,
2026-07-17T06:16:32,paris,1000,1000,0,ok,
2026-07-17T06:16:32,meaux,15,15,0,ok,
2026-07-17T06:16:32,chessy,86,73,0,ok,
2026-07-17T06:16:32,serris,68,2,0,ok,
2026-07-17T06:16:32,torcy,219,143,0,ok,
2026-07-17T06:31:51,paris,1000,1000,0,ok,
2026-07-17T06:31:51,meaux,15,15,0,ok,
2026-07-17T06:31:51,chessy,86,73,0,ok,
2026-07-17T06:31:51,serris,68,2,0,ok,
2026-07-17T06:31:51,torcy,219,143,0,ok,
2026-07-17T06:36:51,paris,1000,1000,0,ok,
2026-07-17T06:36:51,meaux,15,15,0,ok,
2026-07-17T06:36:51,chessy,86,73,0,ok,
2026-07-17T06:36:51,serris,68,2,0,ok,
2026-07-17T06:36:51,torcy,220,144,0,ok,
2026-07-17T06:46:34,paris,1000,1000,0,ok,
2026-07-17T06:46:34,meaux,15,15,0,ok,
2026-07-17T06:46:34,chessy,86,73,0,ok,
2026-07-17T06:46:34,serris,68,2,0,ok,
2026-07-17T06:46:34,torcy,220,144,0,ok,
2026-07-17T07:02:01,paris,1000,1000,0,ok,
2026-07-17T07:02:01,meaux,15,15,0,ok,
2026-07-17T07:02:01,chessy,86,73,0,ok,
2026-07-17T07:02:01,serris,68,2,0,ok,
2026-07-17T07:02:01,torcy,220,144,0,ok,
2026-07-17T07:16:32,paris,1000,1000,0,ok,
2026-07-17T07:16:32,meaux,15,15,0,ok,
2026-07-17T07:16:32,chessy,86,73,0,ok,
2026-07-17T07:16:32,serris,68,2,0,ok,
2026-07-17T07:16:32,torcy,220,144,0,ok,
2026-07-17T07:31:45,paris,1000,1000,0,ok,
2026-07-17T07:31:45,meaux,15,15,0,ok,
2026-07-17T07:31:45,chessy,86,73,0,ok,
2026-07-17T07:31:45,serris,68,2,0,ok,
2026-07-17T07:31:45,torcy,220,144,0,ok,
2026-07-17T07:46:36,paris,1000,1000,0,ok,
2026-07-17T07:46:36,meaux,15,15,0,ok,
2026-07-17T07:46:36,chessy,86,73,0,ok,
2026-07-17T07:46:36,serris,68,2,0,ok,
2026-07-17T07:46:36,torcy,220,144,0,ok,
2026-07-17T08:02:00,paris,1000,1000,0,ok,
2026-07-17T08:02:00,meaux,15,15,0,ok,
2026-07-17T08:02:00,chessy,86,73,0,ok,
2026-07-17T08:02:00,serris,68,2,0,ok,
2026-07-17T08:02:00,torcy,220,144,0,ok,
2026-07-17T08:16:32,paris,1000,1000,0,ok,
2026-07-17T08:16:32,meaux,15,15,0,ok,
2026-07-17T08:16:32,chessy,86,73,0,ok,
2026-07-17T08:16:32,serris,68,2,0,ok,
2026-07-17T08:16:32,torcy,220,144,0,ok,
2026-07-17T08:31:49,paris,1000,1000,0,ok,
2026-07-17T08:31:49,meaux,15,15,0,ok,
2026-07-17T08:31:49,chessy,86,73,0,ok,
2026-07-17T08:31:49,serris,68,2,0,ok,
2026-07-17T08:31:49,torcy,221,145,0,ok,
2026-07-17T08:46:30,paris,1000,1000,0,ok,
2026-07-17T08:46:30,meaux,15,15,0,ok,
2026-07-17T08:46:30,chessy,86,73,0,ok,
2026-07-17T08:46:30,serris,68,2,0,ok,
2026-07-17T08:46:30,torcy,221,145,0,ok,
2026-07-17T09:01:57,paris,1000,1000,0,ok,
2026-07-17T09:01:57,meaux,15,15,0,ok,
2026-07-17T09:01:57,chessy,86,73,0,ok,
2026-07-17T09:01:57,serris,68,2,0,ok,
2026-07-17T09:01:57,torcy,221,145,0,ok,
2026-07-17T09:06:52,paris,1000,1000,0,ok,
2026-07-17T09:06:52,meaux,15,15,0,ok,
2026-07-17T09:06:52,chessy,86,73,0,ok,
2026-07-17T09:06:52,serris,68,2,0,ok,
2026-07-17T09:06:52,torcy,221,145,0,ok,
2026-07-17T09:16:45,paris,1000,1000,0,ok,
2026-07-17T09:16:45,meaux,15,15,0,ok,
2026-07-17T09:16:45,chessy,86,73,0,ok,
2026-07-17T09:16:45,serris,68,2,0,ok,
2026-07-17T09:16:45,torcy,221,145,0,ok,
2026-07-17T09:31:53,paris,1000,1000,0,ok,
2026-07-17T09:31:53,meaux,15,15,0,ok,
2026-07-17T09:31:53,chessy,86,73,0,ok,
2026-07-17T09:31:53,serris,68,2,0,ok,
2026-07-17T09:31:53,torcy,221,145,0,ok,
2026-07-17T09:46:35,paris,1000,1000,0,ok,
2026-07-17T09:46:35,meaux,15,15,0,ok,
2026-07-17T09:46:35,chessy,86,73,0,ok,
2026-07-17T09:46:35,serris,68,2,0,ok,
2026-07-17T09:46:35,torcy,221,145,0,ok,
2026-07-17T10:02:01,paris,1000,1000,0,ok,
2026-07-17T10:02:01,meaux,15,15,0,ok,
2026-07-17T10:02:01,chessy,86,73,0,ok,
2026-07-17T10:02:01,serris,68,2,0,ok,
2026-07-17T10:02:01,torcy,221,145,0,ok,
2026-07-17T10:16:40,paris,1000,1000,0,ok,
2026-07-17T10:16:40,meaux,15,15,0,ok,
2026-07-17T10:16:40,chessy,86,73,0,ok,
2026-07-17T10:16:40,serris,68,2,0,ok,
2026-07-17T10:16:40,torcy,220,144,0,ok,
2026-07-17T10:31:49,paris,1000,1000,0,ok,
2026-07-17T10:31:49,meaux,15,15,0,ok,
2026-07-17T10:31:49,chessy,86,73,0,ok,
2026-07-17T10:31:49,serris,68,2,0,ok,
2026-07-17T10:31:49,torcy,220,144,0,ok,
2026-07-17T10:46:36,paris,1000,1000,0,ok,
2026-07-17T10:46:36,meaux,15,15,0,ok,
2026-07-17T10:46:36,chessy,86,73,0,ok,
2026-07-17T10:46:36,serris,68,2,0,ok,
2026-07-17T10:46:36,torcy,220,144,0,ok,
2026-07-17T11:01:58,paris,1000,1000,0,ok,
2026-07-17T11:01:58,meaux,15,15,0,ok,
2026-07-17T11:01:58,chessy,86,73,0,ok,
2026-07-17T11:01:58,serris,68,2,0,ok,
2026-07-17T11:01:58,torcy,220,144,0,ok,
2026-07-17T11:05:21,paris,1000,1000,0,ok,
2026-07-17T11:05:21,meaux,15,15,0,ok,
2026-07-17T11:05:21,chessy,86,73,0,ok,
2026-07-17T11:05:21,serris,68,2,0,ok,
2026-07-17T11:05:21,torcy,220,144,0,ok,
2026-07-17T11:16:39,paris,1000,1000,0,ok,
2026-07-17T11:16:39,meaux,15,15,0,ok,
2026-07-17T11:16:39,chessy,86,73,0,ok,
2026-07-17T11:16:39,serris,68,2,0,ok,
2026-07-17T11:16:39,torcy,220,144,0,ok,
2026-07-17T11:31:51,paris,1000,1000,0,ok,
2026-07-17T11:31:51,meaux,15,15,0,ok,
2026-07-17T11:31:51,chessy,86,73,0,ok,
2026-07-17T11:31:51,serris,68,2,0,ok,
2026-07-17T11:31:51,torcy,220,144,0,ok,
2026-07-17T11:46:35,paris,1000,1000,0,ok,
2026-07-17T11:46:35,meaux,15,15,0,ok,
2026-07-17T11:46:35,chessy,86,73,0,ok,
2026-07-17T11:46:35,serris,68,2,0,ok,
2026-07-17T11:46:35,torcy,220,144,0,ok,
2026-07-17T12:02:00,paris,1000,1000,0,ok,
2026-07-17T12:02:00,meaux,15,15,0,ok,
2026-07-17T12:02:00,chessy,86,73,0,ok,
2026-07-17T12:02:00,serris,68,2,0,ok,
2026-07-17T12:02:00,torcy,220,144,0,ok,
2026-07-17T12:16:37,paris,1000,1000,0,ok,
2026-07-17T12:16:37,meaux,15,15,0,ok,
2026-07-17T12:16:37,chessy,86,73,0,ok,
2026-07-17T12:16:37,serris,67,2,0,ok,
2026-07-17T12:16:37,torcy,219,144,0,ok,
2026-07-17T12:31:50,paris,1000,1000,0,ok,
2026-07-17T12:31:50,meaux,15,15,0,ok,
2026-07-17T12:31:50,chessy,86,73,0,ok,
2026-07-17T12:31:50,serris,67,2,0,ok,
2026-07-17T12:31:50,torcy,219,144,0,ok,
2026-07-17T12:42:38,paris,1000,1000,0,ok,
2026-07-17T12:42:38,meaux,15,15,0,ok,
2026-07-17T12:42:38,chessy,85,72,0,ok,
2026-07-17T12:42:38,serris,67,2,0,ok,
2026-07-17T12:42:38,torcy,219,144,0,ok,
2026-07-17T12:46:36,paris,1000,1000,0,ok,
2026-07-17T12:46:36,meaux,15,15,0,ok,
2026-07-17T12:46:36,chessy,85,72,0,ok,
2026-07-17T12:46:36,serris,67,2,0,ok,
2026-07-17T12:46:36,torcy,219,144,0,ok,
2026-07-17T13:02:05,paris,1000,1000,0,ok,
2026-07-17T13:02:05,meaux,15,15,0,ok,
2026-07-17T13:02:05,chessy,85,72,0,ok,
2026-07-17T13:02:05,serris,67,2,0,ok,
2026-07-17T13:02:05,torcy,219,144,0,ok,
2026-07-17T13:16:39,paris,1000,1000,0,ok,
2026-07-17T13:16:39,meaux,15,15,0,ok,
2026-07-17T13:16:39,chessy,85,72,0,ok,
2026-07-17T13:16:39,serris,67,2,0,ok,
2026-07-17T13:16:39,torcy,219,144,0,ok,
2026-07-17T13:31:56,paris,1000,1000,0,ok,
2026-07-17T13:31:56,meaux,15,15,0,ok,
2026-07-17T13:31:56,chessy,85,72,0,ok,
2026-07-17T13:31:56,serris,67,2,0,ok,
2026-07-17T13:31:56,torcy,219,144,0,ok,
2026-07-17T13:46:33,paris,1000,1000,0,ok,
2026-07-17T13:46:33,meaux,15,15,0,ok,
2026-07-17T13:46:33,chessy,85,72,0,ok,
2026-07-17T13:46:33,serris,67,2,0,ok,
2026-07-17T13:46:33,torcy,219,144,0,ok,
2026-07-17T14:02:08,paris,1000,1000,0,ok,
2026-07-17T14:02:08,meaux,15,15,0,ok,
2026-07-17T14:02:08,chessy,85,72,0,ok,
2026-07-17T14:02:08,serris,67,2,0,ok,
2026-07-17T14:02:08,torcy,220,145,0,ok,
2026-07-17T14:16:41,paris,1000,1000,0,ok,
2026-07-17T14:16:41,meaux,15,15,0,ok,
2026-07-17T14:16:41,chessy,85,72,0,ok,
2026-07-17T14:16:41,serris,67,2,0,ok,
2026-07-17T14:16:41,torcy,220,145,0,ok,
2026-07-17T14:30:10,paris,1000,1000,0,ok,
2026-07-17T14:30:10,meaux,15,15,0,ok,
2026-07-17T14:30:10,chessy,85,72,0,ok,
2026-07-17T14:30:10,serris,67,2,0,ok,
2026-07-17T14:30:10,torcy,220,145,0,ok,
2026-07-17T14:31:54,paris,1000,1000,0,ok,
2026-07-17T14:31:54,meaux,15,15,0,ok,
2026-07-17T14:31:54,chessy,85,72,0,ok,
2026-07-17T14:31:54,serris,67,2,0,ok,
2026-07-17T14:31:54,torcy,220,145,0,ok,
2026-07-17T14:46:38,paris,1000,1000,0,ok,
2026-07-17T14:46:38,meaux,15,15,0,ok,
2026-07-17T14:46:38,chessy,85,72,0,ok,
2026-07-17T14:46:38,serris,67,2,0,ok,
2026-07-17T14:46:38,torcy,221,146,0,ok,
2026-07-17T15:01:58,paris,1000,1000,0,ok,
2026-07-17T15:01:58,meaux,15,15,0,ok,
2026-07-17T15:01:58,chessy,85,72,0,ok,
2026-07-17T15:01:58,serris,67,2,0,ok,
2026-07-17T15:01:58,torcy,221,146,0,ok,
2026-07-17T15:16:36,paris,1000,1000,0,ok,
2026-07-17T15:16:36,meaux,15,15,0,ok,
2026-07-17T15:16:36,chessy,85,72,0,ok,
2026-07-17T15:16:36,serris,67,2,0,ok,
2026-07-17T15:16:36,torcy,221,146,0,ok,
2026-07-17T15:31:49,paris,1000,1000,0,ok,
2026-07-17T15:31:49,meaux,15,15,0,ok,
2026-07-17T15:31:49,chessy,85,72,0,ok,
2026-07-17T15:31:49,serris,67,2,0,ok,
2026-07-17T15:31:49,torcy,221,146,0,ok,
2026-07-17T15:46:42,paris,1000,1000,0,ok,
2026-07-17T15:46:42,meaux,15,15,0,ok,
2026-07-17T15:46:42,chessy,85,72,0,ok,
2026-07-17T15:46:42,serris,67,2,0,ok,
2026-07-17T15:46:42,torcy,221,146,0,ok,
2026-07-17T15:58:14,paris,1000,1000,0,ok,
2026-07-17T15:58:14,meaux,15,15,0,ok,
2026-07-17T15:58:14,chessy,85,72,0,ok,
2026-07-17T15:58:14,serris,67,2,0,ok,
2026-07-17T15:58:14,torcy,221,146,0,ok,
2026-07-17T16:02:04,paris,1000,1000,0,ok,
2026-07-17T16:02:04,meaux,15,15,0,ok,
2026-07-17T16:02:04,chessy,85,72,0,ok,
2026-07-17T16:02:04,serris,67,2,0,ok,
2026-07-17T16:02:04,torcy,221,146,0,ok,
2026-07-17T16:16:30,paris,1000,1000,0,ok,
2026-07-17T16:16:30,meaux,15,15,0,ok,
2026-07-17T16:16:30,chessy,85,72,0,ok,
2026-07-17T16:16:30,serris,67,2,0,ok,
2026-07-17T16:16:30,torcy,221,146,0,ok,
2026-07-17T16:31:55,paris,1000,1000,0,ok,
2026-07-17T16:31:55,meaux,15,15,0,ok,
2026-07-17T16:31:55,chessy,85,72,0,ok,
2026-07-17T16:31:55,serris,67,2,0,ok,
2026-07-17T16:31:55,torcy,221,146,0,ok,
2026-07-17T16:46:34,paris,1000,1000,0,ok,
2026-07-17T16:46:34,meaux,15,15,0,ok,
2026-07-17T16:46:34,chessy,85,72,0,ok,
2026-07-17T16:46:34,serris,67,2,0,ok,
2026-07-17T16:46:34,torcy,221,146,0,ok,
2026-07-17T17:02:09,paris,1000,1000,0,ok,
2026-07-17T17:02:09,meaux,15,15,0,ok,
2026-07-17T17:02:09,chessy,85,72,0,ok,
2026-07-17T17:02:09,serris,67,2,0,ok,
2026-07-17T17:02:09,torcy,221,146,0,ok,
2026-07-17T17:13:24,paris,1000,1000,0,ok,
2026-07-17T17:13:24,meaux,15,15,0,ok,
2026-07-17T17:13:24,chessy,85,72,0,ok,
2026-07-17T17:13:24,serris,67,2,0,ok,
2026-07-17T17:13:24,torcy,221,146,0,ok,
2026-07-17T17:16:42,paris,1000,1000,0,ok,
2026-07-17T17:16:42,meaux,15,15,0,ok,
2026-07-17T17:16:42,chessy,85,72,0,ok,
2026-07-17T17:16:42,serris,67,2,0,ok,
2026-07-17T17:16:42,torcy,221,146,0,ok,
2026-07-17T17:31:50,paris,1000,1000,0,ok,
2026-07-17T17:31:50,meaux,15,15,0,ok,
2026-07-17T17:31:50,chessy,85,72,0,ok,
2026-07-17T17:31:50,serris,67,2,0,ok,
2026-07-17T17:31:50,torcy,221,146,0,ok,
2026-07-17T17:46:33,paris,1000,1000,0,ok,
2026-07-17T17:46:33,meaux,15,15,0,ok,
2026-07-17T17:46:33,chessy,85,72,0,ok,
2026-07-17T17:46:33,serris,67,2,0,ok,
2026-07-17T17:46:33,torcy,221,146,0,ok,
2026-07-17T18:02:01,paris,1000,1000,0,ok,
2026-07-17T18:02:01,meaux,15,15,0,ok,
2026-07-17T18:02:01,chessy,85,72,0,ok,
2026-07-17T18:02:01,serris,67,2,0,ok,
2026-07-17T18:02:01,torcy,221,146,0,ok,
2026-07-17T18:16:41,paris,1000,1000,0,ok,
2026-07-17T18:16:41,meaux,15,15,0,ok,
2026-07-17T18:16:41,chessy,85,72,0,ok,
2026-07-17T18:16:41,serris,67,2,0,ok,
2026-07-17T18:16:41,torcy,221,146,0,ok,
2026-07-17T18:31:49,paris,1000,1000,0,ok,
2026-07-17T18:31:49,meaux,15,15,0,ok,
2026-07-17T18:31:49,chessy,85,72,0,ok,
2026-07-17T18:31:49,serris,67,2,0,ok,
2026-07-17T18:31:49,torcy,221,146,0,ok,
2026-07-17T18:34:01,paris,1000,1000,0,ok,
2026-07-17T18:34:01,meaux,15,15,0,ok,
2026-07-17T18:34:01,chessy,85,72,0,ok,
2026-07-17T18:34:01,serris,67,2,0,ok,
2026-07-17T18:34:01,torcy,221,146,0,ok,
2026-07-17T18:46:39,paris,1000,1000,0,ok,
2026-07-17T18:46:39,meaux,15,15,0,ok,
2026-07-17T18:46:39,chessy,85,72,0,ok,
2026-07-17T18:46:39,serris,67,2,0,ok,
2026-07-17T18:46:39,torcy,221,146,0,ok,
2026-07-17T19:02:00,paris,1000,1000,0,ok,
2026-07-17T19:02:00,meaux,15,15,0,ok,
2026-07-17T19:02:00,chessy,85,72,0,ok,
2026-07-17T19:02:00,serris,67,2,0,ok,
2026-07-17T19:02:00,torcy,221,146,0,ok,
2026-07-17T19:16:29,paris,1000,1000,0,ok,
2026-07-17T19:16:29,meaux,15,15,0,ok,
2026-07-17T19:16:29,chessy,85,72,0,ok,
2026-07-17T19:16:29,serris,67,2,0,ok,
2026-07-17T19:16:29,torcy,221,146,0,ok,
2026-07-17T19:31:50,paris,1000,1000,0,ok,
2026-07-17T19:31:50,meaux,15,15,0,ok,
2026-07-17T19:31:50,chessy,85,72,0,ok,
2026-07-17T19:31:50,serris,67,2,0,ok,
2026-07-17T19:31:50,torcy,221,146,0,ok,
2026-07-17T19:46:42,paris,1000,1000,0,ok,
2026-07-17T19:46:42,meaux,15,15,0,ok,
2026-07-17T19:46:42,chessy,85,72,0,ok,
2026-07-17T19:46:42,serris,67,2,0,ok,
2026-07-17T19:46:42,torcy,221,146,0,ok,
2026-07-17T20:02:02,paris,1000,1000,0,ok,
2026-07-17T20:02:02,meaux,15,15,0,ok,
2026-07-17T20:02:02,chessy,85,72,0,ok,
2026-07-17T20:02:02,serris,67,2,0,ok,
2026-07-17T20:02:02,torcy,221,146,0,ok,
2026-07-17T20:16:32,paris,1000,1000,0,ok,
2026-07-17T20:16:32,meaux,15,15,0,ok,
2026-07-17T20:16:32,chessy,85,72,0,ok,
2026-07-17T20:16:32,serris,67,2,0,ok,
2026-07-17T20:16:32,torcy,221,146,0,ok,
2026-07-17T20:31:51,paris,1000,1000,0,ok,
2026-07-17T20:31:51,meaux,15,15,0,ok,
2026-07-17T20:31:51,chessy,85,72,0,ok,
2026-07-17T20:31:51,serris,67,2,0,ok,
2026-07-17T20:31:51,torcy,221,146,0,ok,
2026-07-17T20:46:36,paris,1000,1000,0,ok,
2026-07-17T20:46:36,meaux,15,15,0,ok,
2026-07-17T20:46:36,chessy,85,72,0,ok,
2026-07-17T20:46:36,serris,67,2,0,ok,
2026-07-17T20:46:36,torcy,221,146,0,ok,
2026-07-17T21:02:10,paris,1000,1000,0,ok,
2026-07-17T21:02:10,meaux,15,15,0,ok,
2026-07-17T21:02:10,chessy,85,72,0,ok,
2026-07-17T21:02:10,serris,67,2,0,ok,
2026-07-17T21:02:10,torcy,221,146,0,ok,
2026-07-17T21:14:52,paris,1000,1000,0,ok,
2026-07-17T21:14:52,meaux,15,15,0,ok,
2026-07-17T21:14:52,chessy,85,72,0,ok,
2026-07-17T21:14:52,serris,67,2,0,ok,
2026-07-17T21:14:52,torcy,221,146,0,ok,
2026-07-17T21:16:43,paris,1000,1000,0,ok,
2026-07-17T21:16:43,meaux,15,15,0,ok,
2026-07-17T21:16:43,chessy,85,72,0,ok,
2026-07-17T21:16:43,serris,67,2,0,ok,
2026-07-17T21:16:43,torcy,221,146,0,ok,
2026-07-17T21:31:51,paris,1000,1000,0,ok,
2026-07-17T21:31:51,meaux,15,15,0,ok,
2026-07-17T21:31:51,chessy,85,72,0,ok,
2026-07-17T21:31:51,serris,67,2,0,ok,
2026-07-17T21:31:51,torcy,221,146,0,ok,
2026-07-17T21:46:35,paris,1000,1000,0,ok,
2026-07-17T21:46:35,meaux,15,15,0,ok,
2026-07-17T21:46:35,chessy,85,72,0,ok,
2026-07-17T21:46:35,serris,67,2,0,ok,
2026-07-17T21:46:35,torcy,221,146,0,ok,
2026-07-17T22:01:57,paris,1000,1000,0,ok,
2026-07-17T22:01:57,meaux,15,15,0,ok,
2026-07-17T22:01:57,chessy,85,72,0,ok,
2026-07-17T22:01:57,serris,67,2,0,ok,
2026-07-17T22:01:57,torcy,221,146,0,ok,
2026-07-17T22:13:52,paris,1000,1000,0,ok,
2026-07-17T22:13:52,meaux,15,15,0,ok,
2026-07-17T22:13:52,chessy,85,72,0,ok,
2026-07-17T22:13:52,serris,67,2,0,ok,
2026-07-17T22:13:52,torcy,221,146,0,ok,
2026-07-17T22:16:40,paris,1000,1000,0,ok,
2026-07-17T22:16:40,meaux,15,15,0,ok,
2026-07-17T22:16:40,chessy,85,72,0,ok,
2026-07-17T22:16:40,serris,67,2,0,ok,
2026-07-17T22:16:40,torcy,221,146,0,ok,
2026-07-17T22:31:58,paris,1000,1000,0,ok,
2026-07-17T22:31:58,meaux,15,15,0,ok,
2026-07-17T22:31:58,chessy,85,72,0,ok,
2026-07-17T22:31:58,serris,67,2,0,ok,
2026-07-17T22:31:58,torcy,221,146,0,ok,
2026-07-17T22:46:42,paris,1000,1000,0,ok,
2026-07-17T22:46:42,meaux,15,15,0,ok,
2026-07-17T22:46:42,chessy,85,72,0,ok,
2026-07-17T22:46:42,serris,67,2,0,ok,
2026-07-17T22:46:42,torcy,221,146,0,ok,
2026-07-17T23:02:12,paris,1000,1000,0,ok,
2026-07-17T23:02:12,meaux,15,15,0,ok,
2026-07-17T23:02:12,chessy,85,72,0,ok,
2026-07-17T23:02:12,serris,67,2,0,ok,
2026-07-17T23:02:12,torcy,221,146,0,ok,
2026-07-17T23:16:38,paris,1000,1000,0,ok,
2026-07-17T23:16:38,meaux,15,15,0,ok,
2026-07-17T23:16:38,chessy,85,72,0,ok,
2026-07-17T23:16:38,serris,67,2,0,ok,
2026-07-17T23:16:38,torcy,221,146,0,ok,
2026-07-17T23:22:53,paris,1000,1000,0,ok,
2026-07-17T23:22:53,meaux,15,15,0,ok,
2026-07-17T23:22:53,chessy,85,72,0,ok,
2026-07-17T23:22:53,serris,67,2,0,ok,
2026-07-17T23:22:53,torcy,221,146,0,ok,
2026-07-17T23:31:54,paris,1000,1000,0,ok,
2026-07-17T23:31:54,meaux,15,15,0,ok,
2026-07-17T23:31:54,chessy,85,72,0,ok,
2026-07-17T23:31:54,serris,67,2,0,ok,
2026-07-17T23:31:54,torcy,221,146,0,ok,
2026-07-17T23:46:33,paris,1000,1000,0,ok,
2026-07-17T23:46:33,meaux,15,15,0,ok,
2026-07-17T23:46:33,chessy,85,72,0,ok,
2026-07-17T23:46:33,serris,67,2,0,ok,
2026-07-17T23:46:33,torcy,221,146,0,ok,
2026-07-18T00:02:05,paris,1000,1000,0,ok,
2026-07-18T00:02:05,meaux,15,15,0,ok,
2026-07-18T00:02:05,chessy,85,72,0,ok,
2026-07-18T00:02:05,serris,67,2,0,ok,
2026-07-18T00:02:05,torcy,221,146,0,ok,
2026-07-18T00:16:38,paris,1000,1000,0,ok,
2026-07-18T00:16:38,meaux,15,15,0,ok,
2026-07-18T00:16:38,chessy,85,72,0,ok,
2026-07-18T00:16:38,serris,67,2,0,ok,
2026-07-18T00:16:38,torcy,221,146,0,ok,
2026-07-18T00:31:48,paris,1000,1000,0,ok,
2026-07-18T00:31:48,meaux,15,15,0,ok,
2026-07-18T00:31:48,chessy,85,72,0,ok,
2026-07-18T00:31:48,serris,67,2,0,ok,
2026-07-18T00:31:48,torcy,221,146,0,ok,
2026-07-18T00:46:32,paris,1000,1000,0,ok,
2026-07-18T00:46:32,meaux,15,15,0,ok,
2026-07-18T00:46:32,chessy,85,72,0,ok,
2026-07-18T00:46:32,serris,67,2,0,ok,
2026-07-18T00:46:32,torcy,221,146,0,ok,
2026-07-18T00:54:06,paris,1000,1000,0,ok,
2026-07-18T00:54:06,meaux,15,15,0,ok,
2026-07-18T00:54:06,chessy,85,72,0,ok,
2026-07-18T00:54:06,serris,67,2,0,ok,
2026-07-18T00:54:06,torcy,221,146,0,ok,
2026-07-18T01:01:54,paris,1000,1000,0,ok,
2026-07-18T01:01:54,meaux,15,15,0,ok,
2026-07-18T01:01:54,chessy,85,72,0,ok,
2026-07-18T01:01:54,serris,67,2,0,ok,
2026-07-18T01:01:54,torcy,221,146,0,ok,
2026-07-18T01:16:30,paris,1000,1000,0,ok,
2026-07-18T01:16:30,meaux,15,15,0,ok,
2026-07-18T01:16:30,chessy,85,72,0,ok,
2026-07-18T01:16:30,serris,67,2,0,ok,
2026-07-18T01:16:30,torcy,221,146,0,ok,
2026-07-18T01:31:53,paris,1000,1000,0,ok,
2026-07-18T01:31:53,meaux,15,15,0,ok,
2026-07-18T01:31:53,chessy,85,72,0,ok,
2026-07-18T01:31:53,serris,67,2,0,ok,
2026-07-18T01:31:53,torcy,221,146,0,ok,
2026-07-18T01:46:36,paris,1000,1000,0,ok,
2026-07-18T01:46:36,meaux,15,15,0,ok,
2026-07-18T01:46:36,chessy,85,72,0,ok,
2026-07-18T01:46:36,serris,67,2,0,ok,
2026-07-18T01:46:36,torcy,221,146,0,ok,
2026-07-18T02:01:57,paris,1000,1000,0,ok,
2026-07-18T02:01:57,meaux,15,15,0,ok,
2026-07-18T02:01:57,chessy,85,72,0,ok,
2026-07-18T02:01:57,serris,67,2,0,ok,
2026-07-18T02:01:57,torcy,221,146,0,ok,
2026-07-18T02:16:39,paris,1000,1000,0,ok,
2026-07-18T02:16:39,meaux,15,15,0,ok,
2026-07-18T02:16:39,chessy,85,72,0,ok,
2026-07-18T02:16:39,serris,67,2,0,ok,
2026-07-18T02:16:39,torcy,221,146,0,ok,
2026-07-18T02:31:44,paris,1000,1000,0,ok,
2026-07-18T02:31:44,meaux,15,15,0,ok,
2026-07-18T02:31:44,chessy,85,72,0,ok,
2026-07-18T02:31:44,serris,67,2,0,ok,
2026-07-18T02:31:44,torcy,221,146,0,ok,
2026-07-18T02:46:36,paris,1000,1000,0,ok,
2026-07-18T02:46:36,meaux,15,15,0,ok,
2026-07-18T02:46:36,chessy,85,72,0,ok,
2026-07-18T02:46:36,serris,67,2,0,ok,
2026-07-18T02:46:36,torcy,221,146,0,ok,
2026-07-18T03:02:06,paris,1000,1000,0,ok,
2026-07-18T03:02:06,meaux,15,15,0,ok,
2026-07-18T03:02:06,chessy,85,72,0,ok,
2026-07-18T03:02:06,serris,67,2,0,ok,
2026-07-18T03:02:06,torcy,221,146,0,ok,
2026-07-18T03:16:33,paris,1000,1000,0,ok,
2026-07-18T03:16:33,meaux,15,15,0,ok,
2026-07-18T03:16:33,chessy,85,72,0,ok,
2026-07-18T03:16:33,serris,67,2,0,ok,
2026-07-18T03:16:33,torcy,221,146,0,ok,
2026-07-18T03:31:44,paris,1000,1000,0,ok,
2026-07-18T03:31:44,meaux,15,15,0,ok,
2026-07-18T03:31:44,chessy,85,72,0,ok,
2026-07-18T03:31:44,serris,67,2,0,ok,
2026-07-18T03:31:44,torcy,221,146,0,ok,
2026-07-18T03:46:32,paris,1000,1000,0,ok,
2026-07-18T03:46:32,meaux,15,15,0,ok,
2026-07-18T03:46:32,chessy,85,72,0,ok,
2026-07-18T03:46:32,serris,67,2,0,ok,
2026-07-18T03:46:32,torcy,221,146,0,ok,
2026-07-18T03:52:24,paris,1000,1000,0,ok,
2026-07-18T03:52:24,meaux,15,15,0,ok,
2026-07-18T03:52:24,chessy,85,72,0,ok,
2026-07-18T03:52:24,serris,67,2,0,ok,
2026-07-18T03:52:24,torcy,221,146,0,ok,
2026-07-18T04:01:59,paris,1000,1000,0,ok,
2026-07-18T04:01:59,meaux,15,15,0,ok,
2026-07-18T04:01:59,chessy,85,72,0,ok,
2026-07-18T04:01:59,serris,67,2,0,ok,
2026-07-18T04:01:59,torcy,221,146,0,ok,
2026-07-18T04:16:32,paris,1000,1000,0,ok,
2026-07-18T04:16:32,meaux,15,15,0,ok,
2026-07-18T04:16:32,chessy,85,72,0,ok,
2026-07-18T04:16:32,serris,67,2,0,ok,
2026-07-18T04:16:32,torcy,221,146,0,ok,
2026-07-18T04:31:49,paris,1000,1000,0,ok,
2026-07-18T04:31:49,meaux,15,15,0,ok,
2026-07-18T04:31:49,chessy,85,72,0,ok,
2026-07-18T04:31:49,serris,67,2,0,ok,
2026-07-18T04:31:49,torcy,221,146,0,ok,
2026-07-18T04:46:37,paris,1000,1000,0,ok,
2026-07-18T04:46:37,meaux,15,15,0,ok,
2026-07-18T04:46:37,chessy,85,72,0,ok,
2026-07-18T04:46:37,serris,67,2,0,ok,
2026-07-18T04:46:37,torcy,221,146,0,ok,
2026-07-18T05:01:55,paris,1000,1000,0,ok,
2026-07-18T05:01:55,meaux,15,15,0,ok,
2026-07-18T05:01:55,chessy,85,72,0,ok,
2026-07-18T05:01:55,serris,67,2,0,ok,
2026-07-18T05:01:55,torcy,221,146,0,ok,
2026-07-18T05:16:40,paris,1000,1000,0,ok,
2026-07-18T05:16:40,meaux,15,15,0,ok,
2026-07-18T05:16:40,chessy,85,72,0,ok,
2026-07-18T05:16:40,serris,67,2,0,ok,
2026-07-18T05:16:40,torcy,221,146,0,ok,
2026-07-18T05:31:47,paris,1000,1000,0,ok,
2026-07-18T05:31:47,meaux,15,15,0,ok,
2026-07-18T05:31:47,chessy,85,72,0,ok,
2026-07-18T05:31:47,serris,67,2,0,ok,
2026-07-18T05:31:47,torcy,221,146,0,ok,
2026-07-18T05:46:38,paris,1000,1000,0,ok,
2026-07-18T05:46:38,meaux,15,15,0,ok,
2026-07-18T05:46:38,chessy,85,72,0,ok,
2026-07-18T05:46:38,serris,67,2,0,ok,
2026-07-18T05:46:38,torcy,221,146,0,ok,
2026-07-18T06:02:10,paris,1000,1000,0,ok,
2026-07-18T06:02:10,meaux,15,15,0,ok,
2026-07-18T06:02:10,chessy,85,72,0,ok,
2026-07-18T06:02:10,serris,67,2,0,ok,
2026-07-18T06:02:10,torcy,221,146,0,ok,
2026-07-18T06:16:30,paris,1000,1000,0,ok,
2026-07-18T06:16:30,meaux,15,15,0,ok,
2026-07-18T06:16:30,chessy,85,72,0,ok,
2026-07-18T06:16:30,serris,67,2,0,ok,
2026-07-18T06:16:30,torcy,221,146,0,ok,
2026-07-18T06:31:47,paris,1000,1000,0,ok,
2026-07-18T06:31:47,meaux,15,15,0,ok,
2026-07-18T06:31:47,chessy,85,72,0,ok,
2026-07-18T06:31:47,serris,67,2,0,ok,
2026-07-18T06:31:47,torcy,221,146,0,ok,
2026-07-18T06:46:36,paris,1000,1000,0,ok,
2026-07-18T06:46:36,meaux,15,15,0,ok,
2026-07-18T06:46:36,chessy,85,72,0,ok,
2026-07-18T06:46:36,serris,67,2,0,ok,
2026-07-18T06:46:36,torcy,221,146,0,ok,
2026-07-18T07:01:57,paris,1000,1000,0,ok,
2026-07-18T07:01:57,meaux,15,15,0,ok,
2026-07-18T07:01:57,chessy,85,72,0,ok,
2026-07-18T07:01:57,serris,67,2,0,ok,
2026-07-18T07:01:57,torcy,221,146,0,ok,
2026-07-18T07:16:38,paris,1000,1000,0,ok,
2026-07-18T07:16:38,meaux,15,15,0,ok,
2026-07-18T07:16:38,chessy,85,72,0,ok,
2026-07-18T07:16:38,serris,67,2,0,ok,
2026-07-18T07:16:38,torcy,221,146,0,ok,
2026-07-18T07:31:46,paris,1000,1000,0,ok,
2026-07-18T07:31:46,meaux,15,15,0,ok,
2026-07-18T07:31:46,chessy,85,72,0,ok,
2026-07-18T07:31:46,serris,67,2,0,ok,
2026-07-18T07:31:46,torcy,221,146,0,ok,
2026-07-18T07:46:37,paris,1000,1000,0,ok,
2026-07-18T07:46:37,meaux,15,15,0,ok,
2026-07-18T07:46:37,chessy,85,72,0,ok,
2026-07-18T07:46:37,serris,67,2,0,ok,
2026-07-18T07:46:37,torcy,221,146,0,ok,
2026-07-18T08:01:53,paris,1000,1000,0,ok,
2026-07-18T08:01:53,meaux,15,15,0,ok,
2026-07-18T08:01:53,chessy,85,72,0,ok,
2026-07-18T08:01:53,serris,67,2,0,ok,
2026-07-18T08:01:53,torcy,221,146,0,ok,
2026-07-18T08:16:34,paris,1000,1000,0,ok,
2026-07-18T08:16:34,meaux,15,15,0,ok,
2026-07-18T08:16:34,chessy,85,72,0,ok,
2026-07-18T08:16:34,serris,67,2,0,ok,
2026-07-18T08:16:34,torcy,221,146,0,ok,
2026-07-18T08:31:46,paris,1000,1000,0,ok,
2026-07-18T08:31:46,meaux,15,15,0,ok,
2026-07-18T08:31:46,chessy,85,72,0,ok,
2026-07-18T08:31:46,serris,67,2,0,ok,
2026-07-18T08:31:46,torcy,221,146,0,ok,
2026-07-18T08:46:40,paris,1000,1000,0,ok,
2026-07-18T08:46:40,meaux,15,15,0,ok,
2026-07-18T08:46:40,chessy,85,72,0,ok,
2026-07-18T08:46:40,serris,67,2,0,ok,
2026-07-18T08:46:40,torcy,221,146,0,ok,
2026-07-18T09:02:00,paris,1000,1000,0,ok,
2026-07-18T09:02:00,meaux,15,15,0,ok,
2026-07-18T09:02:00,chessy,85,72,0,ok,
2026-07-18T09:02:00,serris,67,2,0,ok,
2026-07-18T09:02:00,torcy,221,146,0,ok,
2026-07-18T09:16:40,paris,1000,1000,0,ok,
2026-07-18T09:16:40,meaux,15,15,0,ok,
2026-07-18T09:16:40,chessy,85,72,0,ok,
2026-07-18T09:16:40,serris,67,2,0,ok,
2026-07-18T09:16:40,torcy,221,146,0,ok,
2026-07-18T09:32:26,paris,1000,1000,0,ok,
2026-07-18T09:32:26,meaux,15,15,0,ok,
2026-07-18T09:32:26,chessy,85,72,0,ok,
2026-07-18T09:32:26,serris,67,2,0,ok,
2026-07-18T09:32:26,torcy,221,146,0,ok,
2026-07-18T09:46:35,paris,1000,1000,0,ok,
2026-07-18T09:46:35,meaux,15,15,0,ok,
2026-07-18T09:46:35,chessy,85,72,0,ok,
2026-07-18T09:46:35,serris,67,2,0,ok,
2026-07-18T09:46:35,torcy,221,146,0,ok,
2026-07-18T09:55:01,paris,1000,1000,0,ok,
2026-07-18T09:55:01,meaux,15,15,0,ok,
2026-07-18T09:55:01,chessy,85,72,0,ok,
2026-07-18T09:55:01,serris,67,2,0,ok,
2026-07-18T09:55:01,torcy,221,146,0,ok,
2026-07-18T10:01:52,paris,1000,1000,0,ok,
2026-07-18T10:01:52,meaux,15,15,0,ok,
2026-07-18T10:01:52,chessy,85,72,0,ok,
2026-07-18T10:01:52,serris,67,2,0,ok,
2026-07-18T10:01:52,torcy,221,146,0,ok,
2026-07-18T10:16:41,paris,1000,1000,0,ok,
2026-07-18T10:16:41,meaux,15,15,0,ok,
2026-07-18T10:16:41,chessy,85,72,0,ok,
2026-07-18T10:16:41,serris,67,2,0,ok,
2026-07-18T10:16:41,torcy,221,146,0,ok,
2026-07-18T10:31:46,paris,1000,1000,0,ok,
2026-07-18T10:31:46,meaux,15,15,0,ok,
2026-07-18T10:31:46,chessy,85,72,0,ok,
2026-07-18T10:31:46,serris,67,2,0,ok,
2026-07-18T10:31:46,torcy,221,146,0,ok,
2026-07-18T10:46:39,paris,1000,1000,0,ok,
2026-07-18T10:46:39,meaux,15,15,0,ok,
2026-07-18T10:46:39,chessy,85,72,0,ok,
2026-07-18T10:46:39,serris,67,2,0,ok,
2026-07-18T10:46:39,torcy,221,146,0,ok,
2026-07-18T10:58:58,paris,1000,1000,0,ok,
2026-07-18T10:58:58,meaux,15,15,0,ok,
2026-07-18T10:58:58,chessy,85,72,0,ok,
2026-07-18T10:58:58,serris,67,2,0,ok,
2026-07-18T10:58:58,torcy,221,146,0,ok,
2026-07-18T11:01:59,paris,1000,1000,0,ok,
2026-07-18T11:01:59,meaux,15,15,0,ok,
2026-07-18T11:01:59,chessy,85,72,0,ok,
2026-07-18T11:01:59,serris,67,2,0,ok,
2026-07-18T11:01:59,torcy,221,146,0,ok,
2026-07-18T11:16:35,paris,1000,1000,0,ok,
2026-07-18T11:16:35,meaux,15,15,0,ok,
2026-07-18T11:16:35,chessy,85,72,0,ok,
2026-07-18T11:16:35,serris,67,2,0,ok,
2026-07-18T11:16:35,torcy,221,146,0,ok,
2026-07-18T11:31:47,paris,1000,1000,0,ok,
2026-07-18T11:31:47,meaux,15,15,0,ok,
2026-07-18T11:31:47,chessy,85,72,0,ok,
2026-07-18T11:31:47,serris,67,2,0,ok,
2026-07-18T11:31:47,torcy,221,146,0,ok,
2026-07-18T11:46:38,paris,1000,1000,0,ok,
2026-07-18T11:46:38,meaux,15,15,0,ok,
2026-07-18T11:46:38,chessy,85,72,0,ok,
2026-07-18T11:46:38,serris,67,2,0,ok,
2026-07-18T11:46:38,torcy,221,146,0,ok,
2026-07-18T11:55:21,paris,1000,1000,0,ok,
2026-07-18T11:55:21,meaux,15,15,0,ok,
2026-07-18T11:55:21,chessy,85,72,0,ok,
2026-07-18T11:55:21,serris,67,2,0,ok,
2026-07-18T11:55:21,torcy,221,146,0,ok,
2026-07-18T12:02:02,paris,1000,1000,0,ok,
2026-07-18T12:02:02,meaux,15,15,0,ok,
2026-07-18T12:02:02,chessy,85,72,0,ok,
2026-07-18T12:02:02,serris,67,2,0,ok,
2026-07-18T12:02:02,torcy,221,146,0,ok,
2026-07-18T12:16:39,paris,1000,1000,0,ok,
2026-07-18T12:16:39,meaux,15,15,0,ok,
2026-07-18T12:16:39,chessy,85,72,0,ok,
2026-07-18T12:16:39,serris,67,2,0,ok,
2026-07-18T12:16:39,torcy,221,146,0,ok,
2026-07-18T12:31:50,paris,1000,1000,0,ok,
2026-07-18T12:31:50,meaux,15,15,0,ok,
2026-07-18T12:31:50,chessy,85,72,0,ok,
2026-07-18T12:31:50,serris,67,2,0,ok,
2026-07-18T12:31:50,torcy,221,146,0,ok,
2026-07-18T12:46:37,paris,1000,1000,0,ok,
2026-07-18T12:46:37,meaux,15,15,0,ok,
2026-07-18T12:46:37,chessy,85,72,0,ok,
2026-07-18T12:46:37,serris,67,2,0,ok,
2026-07-18T12:46:37,torcy,221,146,0,ok,
2026-07-18T13:01:56,paris,1000,1000,0,ok,
2026-07-18T13:01:56,meaux,15,15,0,ok,
2026-07-18T13:01:56,chessy,85,72,0,ok,
2026-07-18T13:01:56,serris,67,2,0,ok,
2026-07-18T13:01:56,torcy,221,146,0,ok,
2026-07-18T13:04:11,paris,1000,1000,0,ok,
2026-07-18T13:04:11,meaux,15,15,0,ok,
2026-07-18T13:04:11,chessy,85,72,0,ok,
2026-07-18T13:04:11,serris,67,2,0,ok,
2026-07-18T13:04:11,torcy,221,146,0,ok,
2026-07-18T13:16:43,paris,1000,1000,0,ok,
2026-07-18T13:16:43,meaux,15,15,0,ok,
2026-07-18T13:16:43,chessy,85,72,0,ok,
2026-07-18T13:16:43,serris,67,2,0,ok,
2026-07-18T13:16:43,torcy,221,146,0,ok,
2026-07-18T13:31:54,paris,1000,1000,0,ok,
2026-07-18T13:31:54,meaux,15,15,0,ok,
2026-07-18T13:31:54,chessy,85,72,0,ok,
2026-07-18T13:31:54,serris,67,2,0,ok,
2026-07-18T13:31:54,torcy,221,146,0,ok,
2026-07-18T13:46:39,paris,1000,1000,0,ok,
2026-07-18T13:46:39,meaux,15,15,0,ok,
2026-07-18T13:46:39,chessy,85,72,0,ok,
2026-07-18T13:46:39,serris,67,2,0,ok,
2026-07-18T13:46:39,torcy,221,146,0,ok,
2026-07-18T14:02:09,paris,1000,1000,0,ok,
2026-07-18T14:02:09,meaux,15,15,0,ok,
2026-07-18T14:02:09,chessy,86,73,0,ok,
2026-07-18T14:02:09,serris,68,2,0,ok,
2026-07-18T14:02:09,torcy,222,146,0,ok,
2026-07-18T14:16:32,paris,1000,1000,0,ok,
2026-07-18T14:16:32,meaux,15,15,0,ok,
2026-07-18T14:16:32,chessy,86,73,0,ok,
2026-07-18T14:16:32,serris,68,2,0,ok,
2026-07-18T14:16:32,torcy,222,146,0,ok,
2026-07-18T14:31:52,paris,1000,1000,0,ok,
2026-07-18T14:31:52,meaux,15,15,0,ok,
2026-07-18T14:31:52,chessy,85,72,0,ok,
2026-07-18T14:31:52,serris,68,3,0,ok,
2026-07-18T14:31:52,torcy,222,146,0,ok,
2026-07-18T14:34:46,paris,1000,1000,0,ok,
2026-07-18T14:34:46,meaux,15,15,0,ok,
2026-07-18T14:34:46,chessy,85,72,0,ok,
2026-07-18T14:34:46,serris,67,2,0,ok,
2026-07-18T14:34:46,torcy,221,146,0,ok,
2026-07-18T14:46:39,paris,1000,1000,0,ok,
2026-07-18T14:46:39,meaux,15,15,0,ok,
2026-07-18T14:46:39,chessy,85,72,0,ok,
2026-07-18T14:46:39,serris,67,2,0,ok,
2026-07-18T14:46:39,torcy,221,146,0,ok,
2026-07-18T15:01:57,paris,1000,1000,0,ok,
2026-07-18T15:01:57,meaux,15,15,0,ok,
2026-07-18T15:01:57,chessy,85,72,0,ok,
2026-07-18T15:01:57,serris,67,2,0,ok,
2026-07-18T15:01:57,torcy,221,146,0,ok,
2026-07-18T15:16:41,paris,1000,1000,0,ok,
2026-07-18T15:16:41,meaux,15,15,0,ok,
2026-07-18T15:16:41,chessy,85,72,0,ok,
2026-07-18T15:16:41,serris,67,2,0,ok,
2026-07-18T15:16:41,torcy,221,146,0,ok,
2026-07-18T15:31:51,paris,1000,1000,0,ok,
2026-07-18T15:31:51,meaux,15,15,0,ok,
2026-07-18T15:31:51,chessy,85,72,0,ok,
2026-07-18T15:31:51,serris,67,2,0,ok,
2026-07-18T15:31:51,torcy,221,146,0,ok,
2026-07-18T15:46:41,paris,1000,1000,0,ok,
2026-07-18T15:46:41,meaux,15,15,0,ok,
2026-07-18T15:46:41,chessy,85,72,0,ok,
2026-07-18T15:46:41,serris,67,2,0,ok,
2026-07-18T15:46:41,torcy,221,146,0,ok,
2026-07-18T15:52:34,paris,1000,1000,0,ok,
2026-07-18T15:52:34,meaux,15,15,0,ok,
2026-07-18T15:52:34,chessy,85,72,0,ok,
2026-07-18T15:52:34,serris,67,2,0,ok,
2026-07-18T15:52:34,torcy,221,146,0,ok,
2026-07-18T16:01:57,paris,1000,1000,0,ok,
2026-07-18T16:01:57,meaux,15,15,0,ok,
2026-07-18T16:01:57,chessy,85,72,0,ok,
2026-07-18T16:01:57,serris,67,2,0,ok,
2026-07-18T16:01:57,torcy,221,146,0,ok,
2026-07-18T16:16:38,paris,1000,1000,0,ok,
2026-07-18T16:16:38,meaux,15,15,0,ok,
2026-07-18T16:16:38,chessy,85,72,0,ok,
2026-07-18T16:16:38,serris,67,2,0,ok,
2026-07-18T16:16:38,torcy,221,146,0,ok,
2026-07-18T16:31:51,paris,1000,1000,0,ok,
2026-07-18T16:31:51,meaux,15,15,0,ok,
2026-07-18T16:31:51,chessy,85,72,0,ok,
2026-07-18T16:31:51,serris,67,2,0,ok,
2026-07-18T16:31:51,torcy,221,146,0,ok,
2026-07-18T16:46:36,paris,1000,1000,0,ok,
2026-07-18T16:46:36,meaux,15,15,0,ok,
2026-07-18T16:46:36,chessy,85,72,0,ok,
2026-07-18T16:46:36,serris,67,2,0,ok,
2026-07-18T16:46:36,torcy,221,146,0,ok,
2026-07-18T16:52:53,paris,1000,1000,0,ok,
2026-07-18T16:52:53,meaux,15,15,0,ok,
2026-07-18T16:52:53,chessy,85,72,0,ok,
2026-07-18T16:52:53,serris,67,2,0,ok,
2026-07-18T16:52:53,torcy,221,146,0,ok,
2026-07-18T17:02:01,paris,1000,1000,0,ok,
2026-07-18T17:02:01,meaux,15,15,0,ok,
2026-07-18T17:02:01,chessy,85,72,0,ok,
2026-07-18T17:02:01,serris,67,2,0,ok,
2026-07-18T17:02:01,torcy,221,146,0,ok,
2026-07-18T17:16:38,paris,1000,1000,0,ok,
2026-07-18T17:16:38,meaux,15,15,0,ok,
2026-07-18T17:16:38,chessy,85,72,0,ok,
2026-07-18T17:16:38,serris,67,2,0,ok,
2026-07-18T17:16:38,torcy,221,146,0,ok,
2026-07-18T17:31:46,paris,1000,1000,0,ok,
2026-07-18T17:31:46,meaux,15,15,0,ok,
2026-07-18T17:31:46,chessy,85,72,0,ok,
2026-07-18T17:31:46,serris,67,2,0,ok,
2026-07-18T17:31:46,torcy,221,146,0,ok,
2026-07-18T17:46:43,paris,1000,1000,0,ok,
2026-07-18T17:46:43,meaux,15,15,0,ok,
2026-07-18T17:46:43,chessy,85,72,0,ok,
2026-07-18T17:46:43,serris,67,2,0,ok,
2026-07-18T17:46:43,torcy,221,146,0,ok,
2026-07-18T17:53:51,paris,1000,1000,0,ok,
2026-07-18T17:53:51,meaux,15,15,0,ok,
2026-07-18T17:53:51,chessy,85,72,0,ok,
2026-07-18T17:53:51,serris,67,2,0,ok,
2026-07-18T17:53:51,torcy,221,146,0,ok,
2026-07-18T18:02:17,paris,1000,1000,0,ok,
2026-07-18T18:02:17,meaux,15,15,0,ok,
2026-07-18T18:02:17,chessy,85,72,0,ok,
2026-07-18T18:02:17,serris,67,2,0,ok,
2026-07-18T18:02:17,torcy,221,146,0,ok,
2026-07-18T18:16:39,paris,1000,1000,0,ok,
2026-07-18T18:16:39,meaux,15,15,0,ok,
2026-07-18T18:16:39,chessy,85,72,0,ok,
2026-07-18T18:16:39,serris,67,2,0,ok,
2026-07-18T18:16:39,torcy,221,146,0,ok,
2026-07-18T18:31:46,paris,1000,1000,0,ok,
2026-07-18T18:31:46,meaux,15,15,0,ok,
2026-07-18T18:31:46,chessy,85,72,0,ok,
2026-07-18T18:31:46,serris,67,2,0,ok,
2026-07-18T18:31:46,torcy,221,146,0,ok,
2026-07-18T18:46:43,paris,1000,1000,0,ok,
2026-07-18T18:46:43,meaux,15,15,0,ok,
2026-07-18T18:46:43,chessy,85,72,0,ok,
2026-07-18T18:46:43,serris,67,2,0,ok,
2026-07-18T18:46:43,torcy,221,146,0,ok,
2026-07-18T18:57:03,paris,1000,1000,0,ok,
2026-07-18T18:57:03,meaux,15,15,0,ok,
2026-07-18T18:57:03,chessy,85,72,0,ok,
2026-07-18T18:57:03,serris,67,2,0,ok,
2026-07-18T18:57:03,torcy,221,146,0,ok,
2026-07-18T19:01:55,paris,1000,1000,0,ok,
2026-07-18T19:01:55,meaux,15,15,0,ok,
2026-07-18T19:01:55,chessy,85,72,0,ok,
2026-07-18T19:01:55,serris,67,2,0,ok,
2026-07-18T19:01:55,torcy,221,146,0,ok,
2026-07-18T19:16:42,paris,1000,1000,0,ok,
2026-07-18T19:16:42,meaux,15,15,0,ok,
2026-07-18T19:16:42,chessy,85,72,0,ok,
2026-07-18T19:16:42,serris,67,2,0,ok,
2026-07-18T19:16:42,torcy,221,146,0,ok,
2026-07-18T19:31:54,paris,1000,1000,0,ok,
2026-07-18T19:31:54,meaux,15,15,0,ok,
2026-07-18T19:31:54,chessy,85,72,0,ok,
2026-07-18T19:31:54,serris,67,2,0,ok,
2026-07-18T19:31:54,torcy,221,146,0,ok,
2026-07-18T19:46:44,paris,1000,1000,0,ok,
2026-07-18T19:46:44,meaux,15,15,0,ok,
2026-07-18T19:46:44,chessy,85,72,0,ok,
2026-07-18T19:46:44,serris,67,2,0,ok,
2026-07-18T19:46:44,torcy,221,146,0,ok,
2026-07-18T20:02:03,paris,1000,1000,0,ok,
2026-07-18T20:02:03,meaux,15,15,0,ok,
2026-07-18T20:02:03,chessy,85,72,0,ok,
2026-07-18T20:02:03,serris,67,2,0,ok,
2026-07-18T20:02:03,torcy,221,146,0,ok,
2026-07-18T20:16:37,paris,1000,1000,0,ok,
2026-07-18T20:16:37,meaux,15,15,0,ok,
2026-07-18T20:16:37,chessy,85,72,0,ok,
2026-07-18T20:16:37,serris,67,2,0,ok,
2026-07-18T20:16:37,torcy,221,146,0,ok,
2026-07-18T20:31:46,paris,1000,1000,0,ok,
2026-07-18T20:31:46,meaux,15,15,0,ok,
2026-07-18T20:31:46,chessy,85,72,0,ok,
2026-07-18T20:31:46,serris,67,2,0,ok,
2026-07-18T20:31:46,torcy,221,146,0,ok,
2026-07-18T20:46:40,paris,1000,1000,0,ok,
2026-07-18T20:46:40,meaux,15,15,0,ok,
2026-07-18T20:46:40,chessy,85,72,0,ok,
2026-07-18T20:46:40,serris,67,2,0,ok,
2026-07-18T20:46:40,torcy,221,146,0,ok,
2026-07-18T21:02:02,paris,1000,1000,0,ok,
2026-07-18T21:02:02,meaux,15,15,0,ok,
2026-07-18T21:02:02,chessy,85,72,0,ok,
2026-07-18T21:02:02,serris,67,2,0,ok,
2026-07-18T21:02:02,torcy,221,146,0,ok,
2026-07-18T21:13:47,paris,1000,1000,0,ok,
2026-07-18T21:13:47,meaux,15,15,0,ok,
2026-07-18T21:13:47,chessy,85,72,0,ok,
2026-07-18T21:13:47,serris,67,2,0,ok,
2026-07-18T21:13:47,torcy,221,146,0,ok,
2026-07-18T21:16:39,paris,1000,1000,0,ok,
2026-07-18T21:16:39,meaux,15,15,0,ok,
2026-07-18T21:16:39,chessy,85,72,0,ok,
2026-07-18T21:16:39,serris,67,2,0,ok,
2026-07-18T21:16:39,torcy,221,146,0,ok,
2026-07-18T21:31:54,paris,1000,1000,0,ok,
2026-07-18T21:31:54,meaux,15,15,0,ok,
2026-07-18T21:31:54,chessy,85,72,0,ok,
2026-07-18T21:31:54,serris,67,2,0,ok,
2026-07-18T21:31:54,torcy,221,146,0,ok,
2026-07-18T21:46:35,paris,1000,1000,0,ok,
2026-07-18T21:46:35,meaux,15,15,0,ok,
2026-07-18T21:46:35,chessy,85,72,0,ok,
2026-07-18T21:46:35,serris,67,2,0,ok,
2026-07-18T21:46:35,torcy,221,146,0,ok,
2026-07-18T22:02:01,paris,1000,1000,0,ok,
2026-07-18T22:02:01,meaux,15,15,0,ok,
2026-07-18T22:02:01,chessy,85,72,0,ok,
2026-07-18T22:02:01,serris,67,2,0,ok,
2026-07-18T22:02:01,torcy,221,146,0,ok,
2026-07-18T22:14:11,paris,1000,1000,0,ok,
2026-07-18T22:14:11,meaux,15,15,0,ok,
2026-07-18T22:14:11,chessy,85,72,0,ok,
2026-07-18T22:14:11,serris,67,2,0,ok,
2026-07-18T22:14:11,torcy,221,146,0,ok,
2026-07-18T22:16:43,paris,1000,1000,0,ok,
2026-07-18T22:16:43,meaux,15,15,0,ok,
2026-07-18T22:16:43,chessy,85,72,0,ok,
2026-07-18T22:16:43,serris,67,2,0,ok,
2026-07-18T22:16:43,torcy,221,146,0,ok,
2026-07-18T22:31:51,paris,1000,1000,0,ok,
2026-07-18T22:31:51,meaux,15,15,0,ok,
2026-07-18T22:31:51,chessy,85,72,0,ok,
2026-07-18T22:31:51,serris,67,2,0,ok,
2026-07-18T22:31:51,torcy,221,146,0,ok,
2026-07-18T22:46:42,paris,1000,1000,0,ok,
2026-07-18T22:46:42,meaux,15,15,0,ok,
2026-07-18T22:46:42,chessy,85,72,0,ok,
2026-07-18T22:46:42,serris,67,2,0,ok,
2026-07-18T22:46:42,torcy,221,146,0,ok,
2026-07-18T23:02:01,paris,1000,1000,0,ok,
2026-07-18T23:02:01,meaux,15,15,0,ok,
2026-07-18T23:02:01,chessy,85,72,0,ok,
2026-07-18T23:02:01,serris,67,2,0,ok,
2026-07-18T23:02:01,torcy,221,146,0,ok,
2026-07-18T23:16:38,paris,1000,1000,0,ok,
2026-07-18T23:16:38,meaux,15,15,0,ok,
2026-07-18T23:16:38,chessy,85,72,0,ok,
2026-07-18T23:16:38,serris,67,2,0,ok,
2026-07-18T23:16:38,torcy,221,146,0,ok,
2026-07-18T23:25:12,paris,1000,1000,0,ok,
2026-07-18T23:25:12,meaux,15,15,0,ok,
2026-07-18T23:25:12,chessy,85,72,0,ok,
2026-07-18T23:25:12,serris,67,2,0,ok,
2026-07-18T23:25:12,torcy,221,146,0,ok,
2026-07-18T23:31:54,paris,1000,1000,0,ok,
2026-07-18T23:31:54,meaux,15,15,0,ok,
2026-07-18T23:31:54,chessy,85,72,0,ok,
2026-07-18T23:31:54,serris,67,2,0,ok,
2026-07-18T23:31:54,torcy,221,146,0,ok,
2026-07-18T23:46:42,paris,1000,1000,0,ok,
2026-07-18T23:46:42,meaux,15,15,0,ok,
2026-07-18T23:46:42,chessy,85,72,0,ok,
2026-07-18T23:46:42,serris,67,2,0,ok,
2026-07-18T23:46:42,torcy,221,146,0,ok,
2026-07-19T00:02:04,paris,1000,1000,0,ok,
2026-07-19T00:02:04,meaux,15,15,0,ok,
2026-07-19T00:02:04,chessy,85,72,0,ok,
2026-07-19T00:02:04,serris,67,2,0,ok,
2026-07-19T00:02:04,torcy,221,146,0,ok,
2026-07-19T00:16:43,paris,1000,1000,0,ok,
2026-07-19T00:16:43,meaux,15,15,0,ok,
2026-07-19T00:16:43,chessy,85,72,0,ok,
2026-07-19T00:16:43,serris,67,2,0,ok,
2026-07-19T00:16:43,torcy,221,146,0,ok,
2026-07-19T00:32:06,paris,1000,1000,0,ok,
2026-07-19T00:32:06,meaux,15,15,0,ok,
2026-07-19T00:32:06,chessy,85,72,0,ok,
2026-07-19T00:32:06,serris,67,2,0,ok,
2026-07-19T00:32:06,torcy,221,146,0,ok,
2026-07-19T00:46:43,paris,1000,1000,0,ok,
2026-07-19T00:46:43,meaux,15,15,0,ok,
2026-07-19T00:46:43,chessy,85,72,0,ok,
2026-07-19T00:46:43,serris,67,2,0,ok,
2026-07-19T00:46:43,torcy,221,146,0,ok,
2026-07-19T00:59:42,paris,1000,1000,0,ok,
2026-07-19T00:59:42,meaux,15,15,0,ok,
2026-07-19T00:59:42,chessy,85,72,0,ok,
2026-07-19T00:59:42,serris,67,2,0,ok,
2026-07-19T00:59:42,torcy,221,146,0,ok,
2026-07-19T01:01:59,paris,1000,1000,0,ok,
2026-07-19T01:01:59,meaux,15,15,0,ok,
2026-07-19T01:01:59,chessy,85,72,0,ok,
2026-07-19T01:01:59,serris,67,2,0,ok,
2026-07-19T01:01:59,torcy,221,146,0,ok,
2026-07-19T01:16:40,paris,1000,1000,0,ok,
2026-07-19T01:16:40,meaux,15,15,0,ok,
2026-07-19T01:16:40,chessy,85,72,0,ok,
2026-07-19T01:16:40,serris,67,2,0,ok,
2026-07-19T01:16:40,torcy,221,146,0,ok,
2026-07-19T01:31:48,paris,1000,1000,0,ok,
2026-07-19T01:31:48,meaux,15,15,0,ok,
2026-07-19T01:31:48,chessy,85,72,0,ok,
2026-07-19T01:31:48,serris,67,2,0,ok,
2026-07-19T01:31:48,torcy,221,146,0,ok,
2026-07-19T01:46:43,paris,1000,1000,0,ok,
2026-07-19T01:46:43,meaux,15,15,0,ok,
2026-07-19T01:46:43,chessy,85,72,0,ok,
2026-07-19T01:46:43,serris,67,2,0,ok,
2026-07-19T01:46:43,torcy,221,146,0,ok,
2026-07-19T02:01:54,paris,1000,1000,0,ok,
2026-07-19T02:01:54,meaux,15,15,0,ok,
2026-07-19T02:01:54,chessy,85,72,0,ok,
2026-07-19T02:01:54,serris,67,2,0,ok,
2026-07-19T02:01:54,torcy,221,146,0,ok,
2026-07-19T02:16:37,paris,1000,1000,0,ok,
2026-07-19T02:16:37,meaux,15,15,0,ok,
2026-07-19T02:16:37,chessy,85,72,0,ok,
2026-07-19T02:16:37,serris,67,2,0,ok,
2026-07-19T02:16:37,torcy,221,146,0,ok,
2026-07-19T02:31:54,paris,1000,1000,0,ok,
2026-07-19T02:31:54,meaux,15,15,0,ok,
2026-07-19T02:31:54,chessy,85,72,0,ok,
2026-07-19T02:31:54,serris,67,2,0,ok,
2026-07-19T02:31:54,torcy,221,146,0,ok,
2026-07-19T02:46:42,paris,1000,1000,0,ok,
2026-07-19T02:46:42,meaux,15,15,0,ok,
2026-07-19T02:46:42,chessy,85,72,0,ok,
2026-07-19T02:46:42,serris,67,2,0,ok,
2026-07-19T02:46:42,torcy,221,146,0,ok,
2026-07-19T03:02:00,paris,1000,1000,0,ok,
2026-07-19T03:02:00,meaux,15,15,0,ok,
2026-07-19T03:02:00,chessy,85,72,0,ok,
2026-07-19T03:02:00,serris,67,2,0,ok,
2026-07-19T03:02:00,torcy,221,146,0,ok,
2026-07-19T03:16:42,paris,1000,1000,0,ok,
2026-07-19T03:16:42,meaux,15,15,0,ok,
2026-07-19T03:16:42,chessy,85,72,0,ok,
2026-07-19T03:16:42,serris,67,2,0,ok,
2026-07-19T03:16:42,torcy,221,146,0,ok,
2026-07-19T03:31:52,paris,1000,1000,0,ok,
2026-07-19T03:31:52,meaux,15,15,0,ok,
2026-07-19T03:31:52,chessy,85,72,0,ok,
2026-07-19T03:31:52,serris,67,2,0,ok,
2026-07-19T03:31:52,torcy,221,146,0,ok,
2026-07-19T03:46:48,paris,1000,1000,0,ok,
2026-07-19T03:46:48,meaux,15,15,0,ok,
2026-07-19T03:46:48,chessy,85,72,0,ok,
2026-07-19T03:46:48,serris,67,2,0,ok,
2026-07-19T03:46:48,torcy,221,146,0,ok,
2026-07-19T04:02:11,paris,1000,1000,0,ok,
2026-07-19T04:02:11,meaux,15,15,0,ok,
2026-07-19T04:02:11,chessy,85,72,0,ok,
2026-07-19T04:02:11,serris,67,2,0,ok,
2026-07-19T04:02:11,torcy,221,146,0,ok,
2026-07-19T04:16:41,paris,1000,1000,0,ok,
2026-07-19T04:16:41,meaux,15,15,0,ok,
2026-07-19T04:16:41,chessy,85,72,0,ok,
2026-07-19T04:16:41,serris,67,2,0,ok,
2026-07-19T04:16:41,torcy,221,146,0,ok,
2026-07-19T04:24:27,paris,1000,1000,0,ok,
2026-07-19T04:24:27,meaux,15,15,0,ok,
2026-07-19T04:24:27,chessy,85,72,0,ok,
2026-07-19T04:24:27,serris,67,2,0,ok,
2026-07-19T04:24:27,torcy,221,146,0,ok,
2026-07-19T04:32:06,paris,1000,1000,0,ok,
2026-07-19T04:32:06,meaux,15,15,0,ok,
2026-07-19T04:32:06,chessy,85,72,0,ok,
2026-07-19T04:32:06,serris,67,2,0,ok,
2026-07-19T04:32:06,torcy,221,146,0,ok,
2026-07-19T04:46:42,paris,1000,1000,0,ok,
2026-07-19T04:46:42,meaux,15,15,0,ok,
2026-07-19T04:46:42,chessy,85,72,0,ok,
2026-07-19T04:46:42,serris,67,2,0,ok,
2026-07-19T04:46:42,torcy,221,146,0,ok,
2026-07-19T05:02:07,paris,1000,1000,0,ok,
2026-07-19T05:02:07,meaux,15,15,0,ok,
2026-07-19T05:02:07,chessy,85,72,0,ok,
2026-07-19T05:02:07,serris,67,2,0,ok,
2026-07-19T05:02:07,torcy,221,146,0,ok,
2026-07-19T05:16:40,paris,1000,1000,0,ok,
2026-07-19T05:16:40,meaux,15,15,0,ok,
2026-07-19T05:16:40,chessy,85,72,0,ok,
2026-07-19T05:16:40,serris,67,2,0,ok,
2026-07-19T05:16:40,torcy,221,146,0,ok,
2026-07-19T05:31:48,paris,1000,1000,0,ok,
2026-07-19T05:31:48,meaux,15,15,0,ok,
2026-07-19T05:31:48,chessy,85,72,0,ok,
2026-07-19T05:31:48,serris,67,2,0,ok,
2026-07-19T05:31:48,torcy,221,146,0,ok,
2026-07-19T05:46:44,paris,1000,1000,0,ok,
2026-07-19T05:46:44,meaux,15,15,0,ok,
2026-07-19T05:46:44,chessy,85,72,0,ok,
2026-07-19T05:46:44,serris,67,2,0,ok,
2026-07-19T05:46:44,torcy,221,146,0,ok,
2026-07-19T06:02:09,paris,1000,1000,0,ok,
2026-07-19T06:02:09,meaux,15,15,0,ok,
2026-07-19T06:02:09,chessy,85,72,0,ok,
2026-07-19T06:02:09,serris,67,2,0,ok,
2026-07-19T06:02:09,torcy,221,146,0,ok,
2026-07-19T06:16:42,paris,1000,1000,0,ok,
2026-07-19T06:16:42,meaux,15,15,0,ok,
2026-07-19T06:16:42,chessy,85,72,0,ok,
2026-07-19T06:16:42,serris,67,2,0,ok,
2026-07-19T06:16:42,torcy,221,146,0,ok,
2026-07-19T06:31:55,paris,1000,1000,0,ok,
2026-07-19T06:31:55,meaux,15,15,0,ok,
2026-07-19T06:31:55,chessy,85,72,0,ok,
2026-07-19T06:31:55,serris,67,2,0,ok,
2026-07-19T06:31:55,torcy,220,145,0,ok,
2026-07-19T06:46:41,paris,1000,1000,0,ok,
2026-07-19T06:46:41,meaux,15,15,0,ok,
2026-07-19T06:46:41,chessy,85,72,0,ok,
2026-07-19T06:46:41,serris,67,2,0,ok,
2026-07-19T06:46:41,torcy,220,145,0,ok,
2026-07-19T07:02:01,paris,1000,1000,0,ok,
2026-07-19T07:02:01,meaux,15,15,0,ok,
2026-07-19T07:02:01,chessy,85,72,0,ok,
2026-07-19T07:02:01,serris,67,2,0,ok,
2026-07-19T07:02:01,torcy,220,145,0,ok,
2026-07-19T07:04:37,paris,1000,1000,0,ok,
2026-07-19T07:04:37,meaux,15,15,0,ok,
2026-07-19T07:04:37,chessy,85,72,0,ok,
2026-07-19T07:04:37,serris,67,2,0,ok,
2026-07-19T07:04:37,torcy,220,145,0,ok,
2026-07-19T07:16:46,paris,1000,1000,0,ok,
2026-07-19T07:16:46,meaux,15,15,0,ok,
2026-07-19T07:16:46,chessy,85,72,0,ok,
2026-07-19T07:16:46,serris,67,2,0,ok,
2026-07-19T07:16:46,torcy,220,145,0,ok,
2026-07-19T07:31:54,paris,1000,1000,0,ok,
2026-07-19T07:31:54,meaux,15,15,0,ok,
2026-07-19T07:31:54,chessy,85,72,0,ok,
2026-07-19T07:31:54,serris,67,2,0,ok,
2026-07-19T07:31:54,torcy,220,145,0,ok,
2026-07-19T07:46:47,paris,1000,1000,0,ok,
2026-07-19T07:46:47,meaux,15,15,0,ok,
2026-07-19T07:46:47,chessy,85,72,0,ok,
2026-07-19T07:46:47,serris,67,2,0,ok,
2026-07-19T07:46:47,torcy,220,145,0,ok,
2026-07-19T08:02:06,paris,1000,1000,0,ok,
2026-07-19T08:02:06,meaux,15,15,0,ok,
2026-07-19T08:02:06,chessy,85,72,0,ok,
2026-07-19T08:02:06,serris,67,2,0,ok,
2026-07-19T08:02:06,torcy,220,145,0,ok,
2026-07-19T08:16:48,paris,1000,1000,0,ok,
2026-07-19T08:16:48,meaux,15,15,0,ok,
2026-07-19T08:16:48,chessy,85,72,0,ok,
2026-07-19T08:16:48,serris,67,2,0,ok,
2026-07-19T08:16:48,torcy,220,145,0,ok,
2026-07-19T08:31:57,paris,1000,1000,0,ok,
2026-07-19T08:31:57,meaux,15,15,0,ok,
2026-07-19T08:31:57,chessy,85,72,0,ok,
2026-07-19T08:31:57,serris,67,2,0,ok,
2026-07-19T08:31:57,torcy,220,145,0,ok,
2026-07-19T08:46:44,paris,1000,1000,0,ok,
2026-07-19T08:46:44,meaux,15,15,0,ok,
2026-07-19T08:46:44,chessy,85,72,0,ok,
2026-07-19T08:46:44,serris,67,2,0,ok,
2026-07-19T08:46:44,torcy,220,145,0,ok,
2026-07-19T09:01:58,paris,1000,1000,0,ok,
2026-07-19T09:01:58,meaux,15,15,0,ok,
2026-07-19T09:01:58,chessy,85,72,0,ok,
2026-07-19T09:01:58,serris,67,2,0,ok,
2026-07-19T09:01:58,torcy,220,145,0,ok,
2026-07-19T09:16:41,paris,1000,1000,0,ok,
2026-07-19T09:16:41,meaux,15,15,0,ok,
2026-07-19T09:16:41,chessy,85,72,0,ok,
2026-07-19T09:16:41,serris,67,2,0,ok,
2026-07-19T09:16:41,torcy,220,145,0,ok,
2026-07-19T09:26:38,paris,1000,1000,0,ok,
2026-07-19T09:26:38,meaux,15,15,0,ok,
2026-07-19T09:26:38,chessy,85,72,0,ok,
2026-07-19T09:26:38,serris,67,2,0,ok,
2026-07-19T09:26:38,torcy,220,145,0,ok,
2026-07-19T09:31:58,paris,1000,1000,0,ok,
2026-07-19T09:31:58,meaux,15,15,0,ok,
2026-07-19T09:31:58,chessy,85,72,0,ok,
2026-07-19T09:31:58,serris,67,2,0,ok,
2026-07-19T09:31:58,torcy,220,145,0,ok,
2026-07-19T09:46:40,paris,1000,1000,0,ok,
2026-07-19T09:46:40,meaux,15,15,0,ok,
2026-07-19T09:46:40,chessy,85,72,0,ok,
2026-07-19T09:46:40,serris,67,2,0,ok,
2026-07-19T09:46:40,torcy,220,145,0,ok,
2026-07-19T10:02:00,paris,1000,1000,0,ok,
2026-07-19T10:02:00,meaux,15,15,0,ok,
2026-07-19T10:02:00,chessy,85,72,0,ok,
2026-07-19T10:02:00,serris,67,2,0,ok,
2026-07-19T10:02:00,torcy,220,145,0,ok,
2026-07-19T10:16:42,paris,1000,1000,0,ok,
2026-07-19T10:16:42,meaux,15,15,0,ok,
2026-07-19T10:16:42,chessy,85,72,0,ok,
2026-07-19T10:16:42,serris,67,2,0,ok,
2026-07-19T10:16:42,torcy,220,145,0,ok,
2026-07-19T10:32:21,paris,1000,1000,0,ok,
2026-07-19T10:32:21,meaux,15,15,0,ok,
2026-07-19T10:32:21,chessy,85,72,0,ok,
2026-07-19T10:32:21,serris,67,2,0,ok,
2026-07-19T10:32:21,torcy,220,145,0,ok,
2026-07-19T10:47:01,paris,1000,1000,0,ok,
2026-07-19T10:47:01,meaux,15,15,0,ok,
2026-07-19T10:47:01,chessy,85,72,0,ok,
2026-07-19T10:47:01,serris,67,2,0,ok,
2026-07-19T10:47:01,torcy,220,145,0,ok,
2026-07-19T10:52:51,paris,1000,1000,0,ok,
2026-07-19T10:52:51,meaux,15,15,0,ok,
2026-07-19T10:52:51,chessy,85,72,0,ok,
2026-07-19T10:52:51,serris,67,2,0,ok,
2026-07-19T10:52:51,torcy,220,145,0,ok,
2026-07-19T11:02:09,paris,1000,1000,0,ok,
2026-07-19T11:02:09,meaux,15,15,0,ok,
2026-07-19T11:02:09,chessy,85,72,0,ok,
2026-07-19T11:02:09,serris,67,2,0,ok,
2026-07-19T11:02:09,torcy,220,145,0,ok,
2026-07-19T11:16:42,paris,1000,1000,0,ok,
2026-07-19T11:16:42,meaux,15,15,0,ok,
2026-07-19T11:16:42,chessy,85,72,0,ok,
2026-07-19T11:16:42,serris,67,2,0,ok,
2026-07-19T11:16:42,torcy,220,145,0,ok,
2026-07-19T11:31:57,paris,1000,1000,0,ok,
2026-07-19T11:31:57,meaux,15,15,0,ok,
2026-07-19T11:31:57,chessy,85,72,0,ok,
2026-07-19T11:31:57,serris,67,2,0,ok,
2026-07-19T11:31:57,torcy,220,145,0,ok,
2026-07-19T11:46:54,paris,1000,1000,0,ok,
2026-07-19T11:46:54,meaux,15,15,0,ok,
2026-07-19T11:46:54,chessy,85,72,0,ok,
2026-07-19T11:46:54,serris,67,2,0,ok,
2026-07-19T11:46:54,torcy,220,145,0,ok,
2026-07-19T11:53:50,paris,1000,1000,0,ok,
2026-07-19T11:53:50,meaux,15,15,0,ok,
2026-07-19T11:53:50,chessy,85,72,0,ok,
2026-07-19T11:53:50,serris,67,2,0,ok,
2026-07-19T11:53:50,torcy,220,145,0,ok,
2026-07-19T12:02:06,paris,1000,1000,0,ok,
2026-07-19T12:02:06,meaux,15,15,0,ok,
2026-07-19T12:02:06,chessy,85,72,0,ok,
2026-07-19T12:02:06,serris,67,2,0,ok,
2026-07-19T12:02:06,torcy,220,145,0,ok,
2026-07-19T12:16:50,paris,1000,1000,0,ok,
2026-07-19T12:16:50,meaux,15,15,0,ok,
2026-07-19T12:16:50,chessy,85,72,0,ok,
2026-07-19T12:16:50,serris,67,2,0,ok,
2026-07-19T12:16:50,torcy,220,145,0,ok,
2026-07-19T12:31:58,paris,1000,1000,0,ok,
2026-07-19T12:31:58,meaux,15,15,0,ok,
2026-07-19T12:31:58,chessy,85,72,0,ok,
2026-07-19T12:31:58,serris,67,2,0,ok,
2026-07-19T12:31:58,torcy,220,145,0,ok,
2026-07-19T12:46:48,paris,1000,1000,0,ok,
2026-07-19T12:46:48,meaux,15,15,0,ok,
2026-07-19T12:46:48,chessy,85,72,0,ok,
2026-07-19T12:46:48,serris,67,2,0,ok,
2026-07-19T12:46:48,torcy,220,145,0,ok,
2026-07-19T13:02:15,paris,1000,1000,0,ok,
2026-07-19T13:02:15,meaux,15,15,0,ok,
2026-07-19T13:02:15,chessy,85,72,0,ok,
2026-07-19T13:02:15,serris,67,2,0,ok,
2026-07-19T13:02:15,torcy,220,145,0,ok,
2026-07-19T13:06:42,paris,1000,1000,0,ok,
2026-07-19T13:06:42,meaux,15,15,0,ok,
2026-07-19T13:06:42,chessy,85,72,0,ok,
2026-07-19T13:06:42,serris,67,2,0,ok,
2026-07-19T13:06:42,torcy,220,145,0,ok,
2026-07-19T13:16:48,paris,1000,1000,0,ok,
2026-07-19T13:16:48,meaux,15,15,0,ok,
2026-07-19T13:16:48,chessy,85,72,0,ok,
2026-07-19T13:16:48,serris,67,2,0,ok,
2026-07-19T13:16:48,torcy,220,145,0,ok,
2026-07-19T13:31:57,paris,1000,1000,0,ok,
2026-07-19T13:31:57,meaux,15,15,0,ok,
2026-07-19T13:31:57,chessy,85,72,0,ok,
2026-07-19T13:31:57,serris,67,2,0,ok,
2026-07-19T13:31:57,torcy,220,145,0,ok,
2026-07-19T13:46:40,paris,1000,1000,0,ok,
2026-07-19T13:46:40,meaux,15,15,0,ok,
2026-07-19T13:46:40,chessy,85,72,0,ok,
2026-07-19T13:46:40,serris,67,2,0,ok,
2026-07-19T13:46:40,torcy,220,145,0,ok,
2026-07-19T14:02:02,paris,1000,1000,0,ok,
2026-07-19T14:02:02,meaux,15,15,0,ok,
2026-07-19T14:02:02,chessy,85,72,0,ok,
2026-07-19T14:02:02,serris,67,2,0,ok,
2026-07-19T14:02:02,torcy,220,145,0,ok,
2026-07-19T14:16:47,paris,1000,1000,0,ok,
2026-07-19T14:16:47,meaux,15,15,0,ok,
2026-07-19T14:16:47,chessy,85,72,0,ok,
2026-07-19T14:16:47,serris,67,2,0,ok,
2026-07-19T14:16:47,torcy,220,145,0,ok,
2026-07-19T14:31:58,paris,1000,1000,0,ok,
2026-07-19T14:31:58,meaux,15,15,0,ok,
2026-07-19T14:31:58,chessy,85,72,0,ok,
2026-07-19T14:31:58,serris,67,2,0,ok,
2026-07-19T14:31:58,torcy,220,145,0,ok,
2026-07-19T14:38:19,paris,1000,1000,0,ok,
2026-07-19T14:38:19,meaux,15,15,0,ok,
2026-07-19T14:38:19,chessy,85,72,0,ok,
2026-07-19T14:38:19,serris,67,2,0,ok,
2026-07-19T14:38:19,torcy,220,145,0,ok,
2026-07-19T14:46:46,paris,1000,1000,0,ok,
2026-07-19T14:46:46,meaux,15,15,0,ok,
2026-07-19T14:46:46,chessy,85,72,0,ok,
2026-07-19T14:46:46,serris,67,2,0,ok,
2026-07-19T14:46:46,torcy,220,145,0,ok,
2026-07-19T15:02:05,paris,1000,1000,0,ok,
2026-07-19T15:02:05,meaux,15,15,0,ok,
2026-07-19T15:02:05,chessy,85,72,0,ok,
2026-07-19T15:02:05,serris,67,2,0,ok,
2026-07-19T15:02:05,torcy,220,145,0,ok,
2026-07-19T15:16:42,paris,1000,1000,0,ok,
2026-07-19T15:16:42,meaux,15,15,0,ok,
2026-07-19T15:16:42,chessy,85,72,0,ok,
2026-07-19T15:16:42,serris,67,2,0,ok,
2026-07-19T15:16:42,torcy,220,145,0,ok,
2026-07-19T15:31:56,paris,1000,1000,0,ok,
2026-07-19T15:31:56,meaux,15,15,0,ok,
2026-07-19T15:31:56,chessy,85,72,0,ok,
2026-07-19T15:31:56,serris,67,2,0,ok,
2026-07-19T15:31:56,torcy,220,145,0,ok,
2026-07-19T15:46:48,paris,1000,1000,0,ok,
2026-07-19T15:46:48,meaux,15,15,0,ok,
2026-07-19T15:46:48,chessy,85,72,0,ok,
2026-07-19T15:46:48,serris,67,2,0,ok,
2026-07-19T15:46:48,torcy,220,145,0,ok,
2026-07-19T15:54:06,paris,1000,1000,0,ok,
2026-07-19T15:54:06,meaux,15,15,0,ok,
2026-07-19T15:54:06,chessy,85,72,0,ok,
2026-07-19T15:54:06,serris,67,2,0,ok,
2026-07-19T15:54:06,torcy,220,145,0,ok,
2026-07-19T16:02:04,paris,1000,1000,0,ok,
2026-07-19T16:02:04,meaux,15,15,0,ok,
2026-07-19T16:02:04,chessy,85,72,0,ok,
2026-07-19T16:02:04,serris,67,2,0,ok,
2026-07-19T16:02:04,torcy,220,145,0,ok,
2026-07-19T16:16:53,paris,1000,1000,0,ok,
2026-07-19T16:16:53,meaux,15,15,0,ok,
2026-07-19T16:16:53,chessy,85,72,0,ok,
2026-07-19T16:16:53,serris,67,2,0,ok,
2026-07-19T16:16:53,torcy,220,145,0,ok,
2026-07-19T16:31:55,paris,1000,1000,0,ok,
2026-07-19T16:31:55,meaux,15,15,0,ok,
2026-07-19T16:31:55,chessy,85,72,0,ok,
2026-07-19T16:31:55,serris,67,2,0,ok,
2026-07-19T16:31:55,torcy,220,145,0,ok,
2026-07-19T16:46:47,paris,1000,1000,0,ok,
2026-07-19T16:46:47,meaux,15,15,0,ok,
2026-07-19T16:46:47,chessy,85,72,0,ok,
2026-07-19T16:46:47,serris,67,2,0,ok,
2026-07-19T16:46:47,torcy,220,145,0,ok,
2026-07-19T16:53:42,paris,1000,1000,0,ok,
2026-07-19T16:53:42,meaux,15,15,0,ok,
2026-07-19T16:53:42,chessy,85,72,0,ok,
2026-07-19T16:53:42,serris,67,2,0,ok,
2026-07-19T16:53:42,torcy,220,145,0,ok,
2026-07-19T17:02:01,paris,1000,1000,0,ok,
2026-07-19T17:02:01,meaux,15,15,0,ok,
2026-07-19T17:02:01,chessy,85,72,0,ok,
2026-07-19T17:02:01,serris,67,2,0,ok,
2026-07-19T17:02:01,torcy,220,145,0,ok,
2026-07-19T17:16:46,paris,1000,1000,0,ok,
2026-07-19T17:16:46,meaux,15,15,0,ok,
2026-07-19T17:16:46,chessy,85,72,0,ok,
2026-07-19T17:16:46,serris,67,2,0,ok,
2026-07-19T17:16:46,torcy,221,146,0,ok,
2026-07-19T17:32:05,paris,1000,1000,0,ok,
2026-07-19T17:32:05,meaux,15,15,0,ok,
2026-07-19T17:32:05,chessy,86,73,0,ok,
2026-07-19T17:32:05,serris,68,2,0,ok,
2026-07-19T17:32:05,torcy,221,145,0,ok,
2026-07-19T17:46:47,paris,1000,1000,0,ok,
2026-07-19T17:46:47,meaux,15,15,0,ok,
2026-07-19T17:46:47,chessy,87,74,0,ok,
2026-07-19T17:46:47,serris,69,2,0,ok,
2026-07-19T17:46:47,torcy,221,145,0,ok,
2026-07-19T17:56:00,paris,1000,1000,0,ok,
2026-07-19T17:56:00,meaux,15,15,0,ok,
2026-07-19T17:56:00,chessy,87,74,0,ok,
2026-07-19T17:56:00,serris,69,2,0,ok,
2026-07-19T17:56:00,torcy,221,145,0,ok,
2026-07-19T18:02:07,paris,1000,1000,0,ok,
2026-07-19T18:02:07,meaux,15,15,0,ok,
2026-07-19T18:02:07,chessy,87,74,0,ok,
2026-07-19T18:02:07,serris,69,2,0,ok,
2026-07-19T18:02:07,torcy,221,145,0,ok,
2026-07-19T18:31:59,paris,1000,1000,0,ok,
2026-07-19T18:31:59,meaux,15,15,0,ok,
2026-07-19T18:31:59,chessy,87,74,0,ok,
2026-07-19T18:31:59,serris,69,2,0,ok,
2026-07-19T18:31:59,torcy,221,145,0,ok,
2026-07-19T18:46:47,paris,1000,1000,0,ok,
2026-07-19T18:46:47,meaux,15,15,0,ok,
2026-07-19T18:46:47,chessy,87,74,0,ok,
2026-07-19T18:46:47,serris,69,2,0,ok,
2026-07-19T18:46:47,torcy,221,145,0,ok,
2026-07-19T19:00:05,paris,1000,1000,0,ok,
2026-07-19T19:00:05,meaux,15,15,0,ok,
2026-07-19T19:00:05,chessy,87,74,0,ok,
2026-07-19T19:00:05,serris,69,2,0,ok,
2026-07-19T19:00:05,torcy,221,145,0,ok,
2026-07-19T19:02:02,paris,1000,1000,0,ok,
2026-07-19T19:02:02,meaux,15,15,0,ok,
2026-07-19T19:02:02,chessy,87,74,0,ok,
2026-07-19T19:02:02,serris,69,2,0,ok,
2026-07-19T19:02:02,torcy,221,145,0,ok,
2026-07-19T19:16:45,paris,1000,1000,0,ok,
2026-07-19T19:16:45,meaux,15,15,0,ok,
2026-07-19T19:16:45,chessy,87,74,0,ok,
2026-07-19T19:16:45,serris,69,2,0,ok,
2026-07-19T19:16:45,torcy,221,145,0,ok,
2026-07-19T19:32:02,paris,1000,1000,0,ok,
2026-07-19T19:32:02,meaux,15,15,0,ok,
2026-07-19T19:32:02,chessy,87,74,0,ok,
2026-07-19T19:32:02,serris,69,2,0,ok,
2026-07-19T19:32:02,torcy,221,145,0,ok,
2026-07-19T19:46:45,paris,1000,1000,0,ok,
2026-07-19T19:46:45,meaux,15,15,0,ok,
2026-07-19T19:46:45,chessy,87,74,0,ok,
2026-07-19T19:46:45,serris,69,2,0,ok,
2026-07-19T19:46:45,torcy,221,145,0,ok,
2026-07-19T20:02:03,paris,1000,1000,0,ok,
2026-07-19T20:02:03,meaux,15,15,0,ok,
2026-07-19T20:02:03,chessy,87,74,0,ok,
2026-07-19T20:02:03,serris,69,2,0,ok,
2026-07-19T20:02:03,torcy,221,145,0,ok,
2026-07-19T20:10:02,paris,1000,1000,0,ok,
2026-07-19T20:10:02,meaux,15,15,0,ok,
2026-07-19T20:10:02,chessy,87,74,0,ok,
2026-07-19T20:10:02,serris,69,2,0,ok,
2026-07-19T20:10:02,torcy,221,145,0,ok,
2026-07-19T20:16:46,paris,1000,1000,0,ok,
2026-07-19T20:16:46,meaux,15,15,0,ok,
2026-07-19T20:16:46,chessy,87,74,0,ok,
2026-07-19T20:16:46,serris,69,2,0,ok,
2026-07-19T20:16:46,torcy,221,145,0,ok,
2026-07-19T20:31:52,paris,1000,1000,0,ok,
2026-07-19T20:31:52,meaux,15,15,0,ok,
2026-07-19T20:31:52,chessy,87,74,0,ok,
2026-07-19T20:31:52,serris,69,2,0,ok,
2026-07-19T20:31:52,torcy,221,145,0,ok,
2026-07-19T20:46:44,paris,1000,1000,0,ok,
2026-07-19T20:46:44,meaux,15,15,0,ok,
2026-07-19T20:46:44,chessy,87,74,0,ok,
2026-07-19T20:46:44,serris,69,2,0,ok,
2026-07-19T20:46:44,torcy,221,145,0,ok,
2026-07-19T21:02:09,paris,1000,1000,0,ok,
2026-07-19T21:02:09,meaux,15,15,0,ok,
2026-07-19T21:02:09,chessy,87,74,0,ok,
2026-07-19T21:02:09,serris,69,2,0,ok,
2026-07-19T21:02:09,torcy,221,145,0,ok,
2026-07-19T21:15:43,paris,1000,1000,0,ok,
2026-07-19T21:15:43,meaux,15,15,0,ok,
2026-07-19T21:15:43,chessy,87,74,0,ok,
2026-07-19T21:15:43,serris,69,2,0,ok,
2026-07-19T21:15:43,torcy,221,145,0,ok,
2026-07-19T21:31:56,paris,1000,1000,0,ok,
2026-07-19T21:31:56,meaux,15,15,0,ok,
2026-07-19T21:31:56,chessy,87,74,0,ok,
2026-07-19T21:31:56,serris,69,2,0,ok,
2026-07-19T21:31:56,torcy,221,145,0,ok,
2026-07-19T21:46:39,paris,1000,1000,0,ok,
2026-07-19T21:46:39,meaux,15,15,0,ok,
2026-07-19T21:46:39,chessy,87,74,0,ok,
2026-07-19T21:46:39,serris,69,2,0,ok,
2026-07-19T21:46:39,torcy,221,145,0,ok,
2026-07-19T22:02:03,paris,1000,1000,0,ok,
2026-07-19T22:02:03,meaux,15,15,0,ok,
2026-07-19T22:02:03,chessy,87,74,0,ok,
2026-07-19T22:02:03,serris,69,2,0,ok,
2026-07-19T22:02:03,torcy,221,145,0,ok,
2026-07-19T22:16:45,paris,1000,1000,0,ok,
2026-07-19T22:16:45,meaux,15,15,0,ok,
2026-07-19T22:16:45,chessy,87,74,0,ok,
2026-07-19T22:16:45,serris,69,2,0,ok,
2026-07-19T22:16:45,torcy,221,145,0,ok,
2026-07-19T22:24:57,paris,1000,1000,0,ok,
2026-07-19T22:24:57,meaux,15,15,0,ok,
2026-07-19T22:24:57,chessy,87,74,0,ok,
2026-07-19T22:24:57,serris,69,2,0,ok,
2026-07-19T22:24:57,torcy,221,145,0,ok,
2026-07-19T22:32:02,paris,1000,1000,0,ok,
2026-07-19T22:32:02,meaux,15,15,0,ok,
2026-07-19T22:32:02,chessy,87,74,0,ok,
2026-07-19T22:32:02,serris,69,2,0,ok,
2026-07-19T22:32:02,torcy,221,145,0,ok,
2026-07-19T22:46:43,paris,1000,1000,0,ok,
2026-07-19T22:46:43,meaux,15,15,0,ok,
2026-07-19T22:46:43,chessy,87,74,0,ok,
2026-07-19T22:46:43,serris,69,2,0,ok,
2026-07-19T22:46:43,torcy,221,145,0,ok,
2026-07-19T23:02:04,paris,1000,1000,0,ok,
2026-07-19T23:02:04,meaux,15,15,0,ok,
2026-07-19T23:02:04,chessy,87,74,0,ok,
2026-07-19T23:02:04,serris,69,2,0,ok,
2026-07-19T23:02:04,torcy,221,145,0,ok,
2026-07-19T23:16:47,paris,1000,1000,0,ok,
2026-07-19T23:16:47,meaux,15,15,0,ok,
2026-07-19T23:16:47,chessy,87,74,0,ok,
2026-07-19T23:16:47,serris,69,2,0,ok,
2026-07-19T23:16:47,torcy,221,145,0,ok,
2026-07-19T23:28:20,paris,1000,1000,0,ok,
2026-07-19T23:28:20,meaux,15,15,0,ok,
2026-07-19T23:28:20,chessy,87,74,0,ok,
2026-07-19T23:28:20,serris,69,2,0,ok,
2026-07-19T23:28:20,torcy,221,145,0,ok,
2026-07-19T23:32:21,paris,1000,1000,0,ok,
2026-07-19T23:32:21,meaux,15,15,0,ok,
2026-07-19T23:32:21,chessy,87,74,0,ok,
2026-07-19T23:32:21,serris,69,2,0,ok,
2026-07-19T23:32:21,torcy,221,145,0,ok,
2026-07-19T23:46:47,paris,1000,1000,0,ok,
2026-07-19T23:46:47,meaux,15,15,0,ok,
2026-07-19T23:46:47,chessy,87,74,0,ok,
2026-07-19T23:46:47,serris,69,2,0,ok,
2026-07-19T23:46:47,torcy,221,145,0,ok,
2026-07-20T00:02:13,paris,1000,1000,0,ok,
2026-07-20T00:02:13,meaux,15,15,0,ok,
2026-07-20T00:02:13,chessy,87,74,0,ok,
2026-07-20T00:02:13,serris,69,2,0,ok,
2026-07-20T00:02:13,torcy,221,145,0,ok,
2026-07-20T00:16:45,paris,1000,1000,0,ok,
2026-07-20T00:16:45,meaux,15,15,0,ok,
2026-07-20T00:16:45,chessy,87,74,0,ok,
2026-07-20T00:16:45,serris,69,2,0,ok,
2026-07-20T00:16:45,torcy,221,145,0,ok,
2026-07-20T00:31:53,paris,1000,1000,0,ok,
2026-07-20T00:31:53,meaux,15,15,0,ok,
2026-07-20T00:31:53,chessy,87,74,0,ok,
2026-07-20T00:31:53,serris,69,2,0,ok,
2026-07-20T00:31:53,torcy,221,145,0,ok,
2026-07-20T00:46:44,paris,1000,1000,0,ok,
2026-07-20T00:46:44,meaux,15,15,0,ok,
2026-07-20T00:46:44,chessy,87,74,0,ok,
2026-07-20T00:46:44,serris,69,2,0,ok,
2026-07-20T00:46:44,torcy,221,145,0,ok,
2026-07-20T01:06:05,paris,1000,1000,0,ok,
2026-07-20T01:06:05,meaux,15,15,0,ok,
2026-07-20T01:06:05,chessy,87,74,0,ok,
2026-07-20T01:06:05,serris,69,2,0,ok,
2026-07-20T01:06:05,torcy,221,145,0,ok,
2026-07-20T01:32:00,paris,1000,1000,0,ok,
2026-07-20T01:32:00,meaux,15,15,0,ok,
2026-07-20T01:32:00,chessy,87,74,0,ok,
2026-07-20T01:32:00,serris,69,2,0,ok,
2026-07-20T01:32:00,torcy,221,145,0,ok,
2026-07-20T01:46:53,paris,1000,1000,0,ok,
2026-07-20T01:46:53,meaux,15,15,0,ok,
2026-07-20T01:46:53,chessy,87,74,0,ok,
2026-07-20T01:46:53,serris,69,2,0,ok,
2026-07-20T01:46:53,torcy,221,145,0,ok,
2026-07-20T02:02:08,paris,1000,1000,0,ok,
2026-07-20T02:02:08,meaux,15,15,0,ok,
2026-07-20T02:02:08,chessy,87,74,0,ok,
2026-07-20T02:02:08,serris,69,2,0,ok,
2026-07-20T02:02:08,torcy,221,145,0,ok,
2026-07-20T02:16:55,paris,1000,1000,0,ok,
2026-07-20T02:16:55,meaux,15,15,0,ok,
2026-07-20T02:16:55,chessy,87,74,0,ok,
2026-07-20T02:16:55,serris,69,2,0,ok,
2026-07-20T02:16:55,torcy,221,145,0,ok,
2026-07-20T02:31:56,paris,1000,1000,0,ok,
2026-07-20T02:31:56,meaux,15,15,0,ok,
2026-07-20T02:31:56,chessy,87,74,0,ok,
2026-07-20T02:31:56,serris,69,2,0,ok,
2026-07-20T02:31:56,torcy,221,145,0,ok,
2026-07-20T02:46:55,paris,1000,1000,0,ok,
2026-07-20T02:46:55,meaux,15,15,0,ok,
2026-07-20T02:46:55,chessy,87,74,0,ok,
2026-07-20T02:46:55,serris,69,2,0,ok,
2026-07-20T02:46:55,torcy,221,145,0,ok,
2026-07-20T03:02:10,paris,1000,1000,0,ok,
2026-07-20T03:02:10,meaux,15,15,0,ok,
2026-07-20T03:02:10,chessy,87,74,0,ok,
2026-07-20T03:02:10,serris,69,2,0,ok,
2026-07-20T03:02:10,torcy,221,145,0,ok,
2026-07-20T03:16:51,paris,1000,1000,0,ok,
2026-07-20T03:16:51,meaux,15,15,0,ok,
2026-07-20T03:16:51,chessy,87,74,0,ok,
2026-07-20T03:16:51,serris,69,2,0,ok,
2026-07-20T03:16:51,torcy,221,145,0,ok,
2026-07-20T03:32:05,paris,1000,1000,0,ok,
2026-07-20T03:32:05,meaux,15,15,0,ok,
2026-07-20T03:32:05,chessy,87,74,0,ok,
2026-07-20T03:32:05,serris,69,2,0,ok,
2026-07-20T03:32:05,torcy,221,145,0,ok,
2026-07-20T03:46:50,paris,1000,1000,0,ok,
2026-07-20T03:46:50,meaux,15,15,0,ok,
2026-07-20T03:46:50,chessy,87,74,0,ok,
2026-07-20T03:46:50,serris,69,2,0,ok,
2026-07-20T03:46:50,torcy,221,145,0,ok,
2026-07-20T04:02:10,paris,1000,1000,0,ok,
2026-07-20T04:02:10,meaux,15,15,0,ok,
2026-07-20T04:02:10,chessy,87,74,0,ok,
2026-07-20T04:02:10,serris,69,2,0,ok,
2026-07-20T04:02:10,torcy,221,145,0,ok,
2026-07-20T04:16:53,paris,1000,1000,0,ok,
2026-07-20T04:16:53,meaux,15,15,0,ok,
2026-07-20T04:16:53,chessy,87,74,0,ok,
2026-07-20T04:16:53,serris,69,2,0,ok,
2026-07-20T04:16:53,torcy,221,145,0,ok,
2026-07-20T04:32:04,paris,1000,1000,0,ok,
2026-07-20T04:32:04,meaux,15,15,0,ok,
2026-07-20T04:32:04,chessy,87,74,0,ok,
2026-07-20T04:32:04,serris,69,2,0,ok,
2026-07-20T04:32:04,torcy,221,145,0,ok,
2026-07-20T04:46:53,paris,1000,1000,0,ok,
2026-07-20T04:46:53,meaux,15,15,0,ok,
2026-07-20T04:46:53,chessy,87,74,0,ok,
2026-07-20T04:46:53,serris,69,2,0,ok,
2026-07-20T04:46:53,torcy,221,145,0,ok,
2026-07-20T05:02:15,paris,1000,1000,0,ok,
2026-07-20T05:02:15,meaux,15,15,0,ok,
2026-07-20T05:02:15,chessy,87,74,0,ok,
2026-07-20T05:02:15,serris,69,2,0,ok,
2026-07-20T05:02:15,torcy,221,145,0,ok,
2026-07-20T05:16:49,paris,1000,1000,0,ok,
2026-07-20T05:16:49,meaux,15,15,0,ok,
2026-07-20T05:16:49,chessy,87,74,0,ok,
2026-07-20T05:16:49,serris,69,2,0,ok,
2026-07-20T05:16:49,torcy,221,145,0,ok,
2026-07-20T05:32:08,paris,1000,1000,0,ok,
2026-07-20T05:32:08,meaux,15,15,0,ok,
2026-07-20T05:32:08,chessy,87,74,0,ok,
2026-07-20T05:32:08,serris,69,2,0,ok,
2026-07-20T05:32:08,torcy,221,145,0,ok,
2026-07-20T05:46:53,paris,1000,1000,0,ok,
2026-07-20T05:46:53,meaux,15,15,0,ok,
2026-07-20T05:46:53,chessy,87,74,0,ok,
2026-07-20T05:46:53,serris,69,2,0,ok,
2026-07-20T05:46:53,torcy,221,145,0,ok,
2026-07-20T06:02:09,paris,1000,1000,0,ok,
2026-07-20T06:02:09,meaux,15,15,0,ok,
2026-07-20T06:02:09,chessy,87,74,0,ok,
2026-07-20T06:02:09,serris,69,2,0,ok,
2026-07-20T06:02:09,torcy,221,145,0,ok,
2026-07-20T06:16:58,paris,1000,1000,0,ok,
2026-07-20T06:16:58,meaux,15,15,0,ok,
2026-07-20T06:16:58,chessy,87,74,0,ok,
2026-07-20T06:16:58,serris,69,2,0,ok,
2026-07-20T06:16:58,torcy,221,145,0,ok,
2026-07-20T06:32:04,paris,1000,1000,0,ok,
2026-07-20T06:32:04,meaux,15,15,0,ok,
2026-07-20T06:32:04,chessy,87,74,0,ok,
2026-07-20T06:32:04,serris,69,2,0,ok,
2026-07-20T06:32:04,torcy,221,145,0,ok,
2026-07-20T06:46:54,paris,1000,1000,0,ok,
2026-07-20T06:46:54,meaux,15,15,0,ok,
2026-07-20T06:46:54,chessy,87,74,0,ok,
2026-07-20T06:46:54,serris,69,2,0,ok,
2026-07-20T06:46:54,torcy,221,145,0,ok,
2026-07-20T07:02:20,paris,1000,1000,0,ok,
2026-07-20T07:02:20,meaux,15,15,0,ok,
2026-07-20T07:02:20,chessy,87,74,0,ok,
2026-07-20T07:02:20,serris,69,2,0,ok,
2026-07-20T07:02:20,torcy,221,145,0,ok,
2026-07-20T07:16:55,paris,1000,1000,0,ok,
2026-07-20T07:16:55,meaux,15,15,0,ok,
2026-07-20T07:16:55,chessy,87,74,0,ok,
2026-07-20T07:16:55,serris,69,2,0,ok,
2026-07-20T07:16:55,torcy,221,145,0,ok,
2026-07-20T07:32:07,paris,1000,1000,0,ok,
2026-07-20T07:32:07,meaux,15,15,0,ok,
2026-07-20T07:32:07,chessy,87,74,0,ok,
2026-07-20T07:32:07,serris,69,2,0,ok,
2026-07-20T07:32:07,torcy,221,145,0,ok,
2026-07-20T07:46:55,paris,1000,1000,0,ok,
2026-07-20T07:46:55,meaux,15,15,0,ok,
2026-07-20T07:46:55,chessy,87,74,0,ok,
2026-07-20T07:46:55,serris,69,2,0,ok,
2026-07-20T07:46:55,torcy,221,145,0,ok,
2026-07-20T08:02:31,paris,1000,1000,0,ok,
2026-07-20T08:02:31,meaux,15,15,0,ok,
2026-07-20T08:02:31,chessy,87,74,0,ok,
2026-07-20T08:02:31,serris,69,2,0,ok,
2026-07-20T08:02:31,torcy,221,145,0,ok,
2026-07-20T08:16:58,paris,1000,1000,0,ok,
2026-07-20T08:16:58,meaux,14,14,0,ok,
2026-07-20T08:16:58,chessy,87,75,0,ok,
2026-07-20T08:16:58,serris,69,2,0,ok,
2026-07-20T08:16:58,torcy,221,145,0,ok,
2026-07-20T08:24:03,paris,1000,1000,0,ok,
2026-07-20T08:24:03,meaux,14,14,0,ok,
2026-07-20T08:24:03,chessy,87,75,0,ok,
2026-07-20T08:24:03,serris,69,2,0,ok,
2026-07-20T08:24:03,torcy,221,145,0,ok,
2026-07-20T08:32:08,paris,1000,1000,0,ok,
2026-07-20T08:32:08,meaux,14,14,0,ok,
2026-07-20T08:32:08,chessy,87,75,0,ok,
2026-07-20T08:32:08,serris,69,2,0,ok,
2026-07-20T08:32:08,torcy,221,145,0,ok,
2026-07-20T08:47:04,paris,1000,1000,0,ok,
2026-07-20T08:47:04,meaux,14,14,0,ok,
2026-07-20T08:47:04,chessy,84,72,0,ok,
2026-07-20T08:47:04,serris,67,2,0,ok,
2026-07-20T08:47:04,torcy,219,145,0,ok,
2026-07-20T09:02:47,paris,1000,1000,0,ok,
2026-07-20T09:02:47,meaux,14,14,0,ok,
2026-07-20T09:02:47,chessy,84,72,0,ok,
2026-07-20T09:02:47,serris,67,2,0,ok,
2026-07-20T09:02:47,torcy,219,145,0,ok,
2026-07-20T09:17:06,paris,1000,1000,0,ok,
2026-07-20T09:17:06,meaux,14,14,0,ok,
2026-07-20T09:17:06,chessy,84,72,0,ok,
2026-07-20T09:17:06,serris,67,2,0,ok,
2026-07-20T09:17:06,torcy,219,145,0,ok,
2026-07-20T09:32:07,paris,1000,1000,0,ok,
2026-07-20T09:32:07,meaux,14,14,0,ok,
2026-07-20T09:32:07,chessy,84,72,0,ok,
2026-07-20T09:32:07,serris,67,2,0,ok,
2026-07-20T09:32:07,torcy,219,145,0,ok,
2026-07-20T09:46:54,paris,1000,1000,0,ok,
2026-07-20T09:46:54,meaux,14,14,0,ok,
2026-07-20T09:46:54,chessy,84,72,0,ok,
2026-07-20T09:46:54,serris,67,2,0,ok,
2026-07-20T09:46:54,torcy,219,145,0,ok,
2026-07-20T10:02:23,paris,1000,1000,0,ok,
2026-07-20T10:02:23,meaux,14,14,0,ok,
2026-07-20T10:02:23,chessy,85,73,0,ok,
2026-07-20T10:02:23,serris,68,2,0,ok,
2026-07-20T10:02:23,torcy,220,145,0,ok,
2026-07-20T10:17:10,paris,1000,1000,0,ok,
2026-07-20T10:17:10,meaux,14,14,0,ok,
2026-07-20T10:17:10,chessy,85,73,0,ok,
2026-07-20T10:17:10,serris,68,2,0,ok,
2026-07-20T10:17:10,torcy,220,145,0,ok,
2026-07-20T10:32:07,paris,1000,1000,0,ok,
2026-07-20T10:32:07,meaux,14,14,0,ok,
2026-07-20T10:32:07,chessy,85,73,0,ok,
2026-07-20T10:32:07,serris,68,2,0,ok,
2026-07-20T10:32:07,torcy,220,145,0,ok,
2026-07-20T10:47:08,paris,1000,1000,0,ok,
2026-07-20T10:47:08,meaux,14,14,0,ok,
2026-07-20T10:47:08,chessy,85,73,0,ok,
2026-07-20T10:47:08,serris,68,2,0,ok,
2026-07-20T10:47:08,torcy,220,145,0,ok,
2026-07-20T11:02:20,paris,1000,1000,0,ok,
2026-07-20T11:02:20,meaux,14,14,0,ok,
2026-07-20T11:02:20,chessy,85,73,0,ok,
2026-07-20T11:02:20,serris,68,2,0,ok,
2026-07-20T11:02:20,torcy,220,145,0,ok,
2026-07-20T11:17:03,paris,1000,1000,0,ok,
2026-07-20T11:17:03,meaux,14,14,0,ok,
2026-07-20T11:17:03,chessy,85,73,0,ok,
2026-07-20T11:17:03,serris,68,2,0,ok,
2026-07-20T11:17:03,torcy,220,145,0,ok,
2026-07-20T11:22:04,paris,1000,1000,0,ok,
2026-07-20T11:22:04,meaux,14,14,0,ok,
2026-07-20T11:22:04,chessy,85,73,0,ok,
2026-07-20T11:22:04,serris,68,2,0,ok,
2026-07-20T11:22:04,torcy,220,145,0,ok,
2026-07-20T11:32:06,paris,1000,1000,0,ok,
2026-07-20T11:32:06,meaux,14,14,0,ok,
2026-07-20T11:32:06,chessy,85,73,0,ok,
2026-07-20T11:32:06,serris,68,2,0,ok,
2026-07-20T11:32:06,torcy,220,145,0,ok,
2026-07-20T11:46:55,paris,1000,1000,0,ok,
2026-07-20T11:46:55,meaux,14,14,0,ok,
2026-07-20T11:46:55,chessy,85,73,0,ok,
2026-07-20T11:46:55,serris,68,2,0,ok,
2026-07-20T11:46:55,torcy,220,145,0,ok,
2026-07-20T12:02:24,paris,1000,1000,0,ok,
2026-07-20T12:02:24,meaux,14,14,0,ok,
2026-07-20T12:02:24,chessy,85,73,0,ok,
2026-07-20T12:02:24,serris,68,2,0,ok,
2026-07-20T12:02:24,torcy,220,145,0,ok,
2026-07-20T12:17:04,paris,1000,1000,0,ok,
2026-07-20T12:17:04,meaux,14,14,0,ok,
2026-07-20T12:17:04,chessy,85,73,0,ok,
2026-07-20T12:17:04,serris,68,2,0,ok,
2026-07-20T12:17:04,torcy,220,145,0,ok,
2026-07-20T12:32:10,paris,1000,1000,0,ok,
2026-07-20T12:32:10,meaux,14,14,0,ok,
2026-07-20T12:32:10,chessy,85,73,0,ok,
2026-07-20T12:32:10,serris,68,2,0,ok,
2026-07-20T12:32:10,torcy,220,145,0,ok,
2026-07-20T12:47:09,paris,1000,1000,0,ok,
2026-07-20T12:47:09,meaux,14,14,0,ok,
2026-07-20T12:47:09,chessy,85,73,0,ok,
2026-07-20T12:47:09,serris,68,2,0,ok,
2026-07-20T12:47:09,torcy,220,145,0,ok,
2026-07-20T13:02:31,paris,1000,1000,0,ok,
2026-07-20T13:02:31,meaux,14,14,0,ok,
2026-07-20T13:02:31,chessy,85,73,0,ok,
2026-07-20T13:02:31,serris,68,2,0,ok,
2026-07-20T13:02:31,torcy,220,145,0,ok,
2026-07-20T13:17:15,paris,1000,1000,0,ok,
2026-07-20T13:17:15,meaux,14,14,0,ok,
2026-07-20T13:17:15,chessy,85,73,0,ok,
2026-07-20T13:17:15,serris,68,2,0,ok,
2026-07-20T13:17:15,torcy,220,145,0,ok,
2026-07-20T13:25:46,paris,1000,1000,0,ok,
2026-07-20T13:25:46,meaux,14,14,0,ok,
2026-07-20T13:25:46,chessy,85,73,0,ok,
2026-07-20T13:25:46,serris,68,2,0,ok,
2026-07-20T13:25:46,torcy,220,145,0,ok,
2026-07-20T13:32:16,paris,1000,1000,0,ok,
2026-07-20T13:32:16,meaux,14,14,0,ok,
2026-07-20T13:32:16,chessy,85,73,0,ok,
2026-07-20T13:32:16,serris,68,2,0,ok,
2026-07-20T13:32:16,torcy,220,145,0,ok,
2026-07-20T13:47:03,paris,1000,1000,0,ok,
2026-07-20T13:47:03,meaux,14,14,0,ok,
2026-07-20T13:47:03,chessy,85,73,0,ok,
2026-07-20T13:47:03,serris,68,2,0,ok,
2026-07-20T13:47:03,torcy,220,145,0,ok,
2026-07-20T14:02:33,paris,1000,1000,0,ok,
2026-07-20T14:02:33,meaux,14,14,0,ok,
2026-07-20T14:02:33,chessy,85,73,0,ok,
2026-07-20T14:02:33,serris,68,2,0,ok,
2026-07-20T14:02:33,torcy,220,145,0,ok,
2026-07-20T14:17:01,paris,1000,1000,0,ok,
2026-07-20T14:17:01,meaux,14,14,0,ok,
2026-07-20T14:17:01,chessy,85,73,0,ok,
2026-07-20T14:17:01,serris,68,2,0,ok,
2026-07-20T14:17:01,torcy,220,145,0,ok,
2026-07-20T14:32:24,paris,1000,1000,0,ok,
2026-07-20T14:32:24,meaux,14,14,0,ok,
2026-07-20T14:32:24,chessy,85,73,0,ok,
2026-07-20T14:32:24,serris,68,2,0,ok,
2026-07-20T14:32:24,torcy,220,145,0,ok,
2026-07-20T14:47:10,paris,1000,1000,0,ok,
2026-07-20T14:47:10,meaux,14,14,0,ok,
2026-07-20T14:47:10,chessy,85,73,0,ok,
2026-07-20T14:47:10,serris,68,2,0,ok,
2026-07-20T14:47:10,torcy,220,145,0,ok,
2026-07-20T15:02:35,paris,1000,1000,0,ok,
2026-07-20T15:02:35,meaux,14,14,0,ok,
2026-07-20T15:02:35,chessy,85,73,0,ok,
2026-07-20T15:02:35,serris,68,2,0,ok,
2026-07-20T15:02:35,torcy,220,145,0,ok,
2026-07-20T15:17:05,paris,1000,1000,0,ok,
2026-07-20T15:17:05,meaux,14,14,0,ok,
2026-07-20T15:17:05,chessy,85,73,0,ok,
2026-07-20T15:17:05,serris,68,2,0,ok,
2026-07-20T15:17:05,torcy,220,145,0,ok,
2026-07-20T15:28:41,paris,1000,1000,0,ok,
2026-07-20T15:28:41,meaux,14,14,0,ok,
2026-07-20T15:28:41,chessy,85,73,0,ok,
2026-07-20T15:28:41,serris,68,2,0,ok,
2026-07-20T15:28:41,torcy,222,147,0,ok,
2026-07-20T15:32:19,paris,1000,1000,0,ok,
2026-07-20T15:32:19,meaux,14,14,0,ok,
2026-07-20T15:32:19,chessy,85,73,0,ok,
2026-07-20T15:32:19,serris,68,2,0,ok,
2026-07-20T15:32:19,torcy,222,147,0,ok,
2026-07-20T15:47:05,paris,1000,1000,0,ok,
2026-07-20T15:47:05,meaux,14,14,0,ok,
2026-07-20T15:47:05,chessy,85,73,0,ok,
2026-07-20T15:47:05,serris,68,2,0,ok,
2026-07-20T15:47:05,torcy,222,147,0,ok,
2026-07-20T16:02:33,paris,1000,1000,0,ok,
2026-07-20T16:02:33,meaux,14,14,0,ok,
2026-07-20T16:02:33,chessy,85,73,0,ok,
2026-07-20T16:02:33,serris,68,2,0,ok,
2026-07-20T16:02:33,torcy,222,147,0,ok,
2026-07-20T16:17:02,paris,1000,1000,0,ok,
2026-07-20T16:17:02,meaux,14,14,0,ok,
2026-07-20T16:17:02,chessy,85,73,0,ok,
2026-07-20T16:17:02,serris,68,2,0,ok,
2026-07-20T16:17:02,torcy,222,147,0,ok,
2026-07-20T16:32:11,paris,1000,1000,0,ok,
2026-07-20T16:32:11,meaux,14,14,0,ok,
2026-07-20T16:32:11,chessy,85,73,0,ok,
2026-07-20T16:32:11,serris,68,2,0,ok,
2026-07-20T16:32:11,torcy,222,147,0,ok,
2026-07-20T16:49:03,paris,1000,1000,0,ok,
2026-07-20T16:49:03,meaux,14,14,0,ok,
2026-07-20T16:49:03,chessy,85,73,0,ok,
2026-07-20T16:49:03,serris,68,2,0,ok,
2026-07-20T16:49:03,torcy,222,147,0,ok,
2026-07-20T16:57:02,paris,1000,1000,0,ok,
2026-07-20T16:57:02,meaux,14,14,0,ok,
2026-07-20T16:57:02,chessy,85,73,0,ok,
2026-07-20T16:57:02,serris,68,2,0,ok,
2026-07-20T16:57:02,torcy,222,147,0,ok,
2026-07-20T17:02:23,paris,1000,1000,0,ok,
2026-07-20T17:02:23,meaux,14,14,0,ok,
2026-07-20T17:02:23,chessy,85,73,0,ok,
2026-07-20T17:02:23,serris,68,2,0,ok,
2026-07-20T17:02:23,torcy,222,147,0,ok,
2026-07-20T17:17:06,paris,1000,1000,0,ok,
2026-07-20T17:17:06,meaux,14,14,0,ok,
2026-07-20T17:17:06,chessy,85,73,0,ok,
2026-07-20T17:17:06,serris,68,2,0,ok,
2026-07-20T17:17:06,torcy,222,147,0,ok,
2026-07-20T17:32:21,paris,1000,1000,0,ok,
2026-07-20T17:32:21,meaux,14,14,0,ok,
2026-07-20T17:32:21,chessy,85,73,0,ok,
2026-07-20T17:32:21,serris,68,2,0,ok,
2026-07-20T17:32:21,torcy,222,147,0,ok,
2026-07-20T17:47:08,paris,1000,1000,0,ok,
2026-07-20T17:47:08,meaux,14,14,0,ok,
2026-07-20T17:47:08,chessy,85,73,0,ok,
2026-07-20T17:47:08,serris,68,2,0,ok,
2026-07-20T17:47:08,torcy,222,147,0,ok,
2026-07-20T18:02:31,paris,1000,1000,0,ok,
2026-07-20T18:02:31,meaux,14,14,0,ok,
2026-07-20T18:02:31,chessy,85,73,0,ok,
2026-07-20T18:02:31,serris,68,2,0,ok,
2026-07-20T18:02:31,torcy,222,147,0,ok,
2026-07-20T18:17:10,paris,1000,1000,0,ok,
2026-07-20T18:17:10,meaux,14,14,0,ok,
2026-07-20T18:17:10,chessy,85,73,0,ok,
2026-07-20T18:17:10,serris,68,2,0,ok,
2026-07-20T18:17:10,torcy,222,147,0,ok,
2026-07-20T18:32:30,paris,1000,1000,0,ok,
2026-07-20T18:32:30,meaux,14,14,0,ok,
2026-07-20T18:32:30,chessy,85,73,0,ok,
2026-07-20T18:32:30,serris,68,2,0,ok,
2026-07-20T18:32:30,torcy,222,147,0,ok,
2026-07-20T18:47:09,paris,1000,1000,0,ok,
2026-07-20T18:47:09,meaux,14,14,0,ok,
2026-07-20T18:47:09,chessy,85,73,0,ok,
2026-07-20T18:47:09,serris,68,2,0,ok,
2026-07-20T18:47:09,torcy,222,147,0,ok,
2026-07-20T18:52:13,paris,1000,1000,0,ok,
2026-07-20T18:52:13,meaux,14,14,0,ok,
2026-07-20T18:52:13,chessy,85,73,0,ok,
2026-07-20T18:52:13,serris,68,2,0,ok,
2026-07-20T18:52:13,torcy,222,147,0,ok,
2026-07-20T19:02:50,paris,1000,1000,0,ok,
2026-07-20T19:02:50,meaux,14,14,0,ok,
2026-07-20T19:02:50,chessy,85,73,0,ok,
2026-07-20T19:02:50,serris,68,2,0,ok,
2026-07-20T19:02:50,torcy,222,147,0,ok,
2026-07-20T19:17:09,paris,1000,1000,0,ok,
2026-07-20T19:17:09,meaux,14,14,0,ok,
2026-07-20T19:17:09,chessy,85,73,0,ok,
2026-07-20T19:17:09,serris,68,2,0,ok,
2026-07-20T19:17:09,torcy,222,147,0,ok,
2026-07-20T19:32:20,paris,1000,1000,0,ok,
2026-07-20T19:32:20,meaux,14,14,0,ok,
2026-07-20T19:32:20,chessy,85,73,0,ok,
2026-07-20T19:32:20,serris,68,2,0,ok,
2026-07-20T19:32:20,torcy,222,147,0,ok,
2026-07-20T19:47:05,paris,1000,1000,0,ok,
2026-07-20T19:47:05,meaux,14,14,0,ok,
2026-07-20T19:47:05,chessy,85,73,0,ok,
2026-07-20T19:47:05,serris,68,2,0,ok,
2026-07-20T19:47:05,torcy,222,147,0,ok,
2026-07-20T20:02:32,paris,1000,1000,0,ok,
2026-07-20T20:02:32,meaux,14,14,0,ok,
2026-07-20T20:02:32,chessy,85,73,0,ok,
2026-07-20T20:02:32,serris,68,2,0,ok,
2026-07-20T20:02:32,torcy,222,147,0,ok,
2026-07-20T20:17:07,paris,1000,1000,0,ok,
2026-07-20T20:17:07,meaux,14,14,0,ok,
2026-07-20T20:17:07,chessy,85,73,0,ok,
2026-07-20T20:17:07,serris,68,2,0,ok,
2026-07-20T20:17:07,torcy,222,147,0,ok,
2026-07-20T20:32:14,paris,1000,1000,0,ok,
2026-07-20T20:32:14,meaux,14,14,0,ok,
2026-07-20T20:32:14,chessy,85,73,0,ok,
2026-07-20T20:32:14,serris,68,2,0,ok,
2026-07-20T20:32:14,torcy,222,147,0,ok,
2026-07-20T20:47:05,paris,1000,1000,0,ok,
2026-07-20T20:47:05,meaux,14,14,0,ok,
2026-07-20T20:47:05,chessy,85,73,0,ok,
2026-07-20T20:47:05,serris,68,2,0,ok,
2026-07-20T20:47:05,torcy,222,147,0,ok,
2026-07-20T21:02:33,paris,1000,1000,0,ok,
2026-07-20T21:02:33,meaux,14,14,0,ok,
2026-07-20T21:02:33,chessy,85,73,0,ok,
2026-07-20T21:02:33,serris,68,2,0,ok,
2026-07-20T21:02:33,torcy,222,147,0,ok,
2026-07-20T21:17:05,paris,1000,1000,0,ok,
2026-07-20T21:17:05,meaux,14,14,0,ok,
2026-07-20T21:17:05,chessy,85,73,0,ok,
2026-07-20T21:17:05,serris,68,2,0,ok,
2026-07-20T21:17:05,torcy,222,147,0,ok,
2026-07-20T21:32:29,paris,1000,1000,0,ok,
2026-07-20T21:32:29,meaux,14,14,0,ok,
2026-07-20T21:32:29,chessy,85,73,0,ok,
2026-07-20T21:32:29,serris,68,2,0,ok,
2026-07-20T21:32:29,torcy,222,147,0,ok,
2026-07-20T21:41:39,paris,1000,1000,0,ok,
2026-07-20T21:41:39,meaux,14,14,0,ok,
2026-07-20T21:41:39,chessy,85,73,0,ok,
2026-07-20T21:41:39,serris,68,2,0,ok,
2026-07-20T21:41:39,torcy,222,147,0,ok,
2026-07-20T21:47:04,paris,1000,1000,0,ok,
2026-07-20T21:47:04,meaux,14,14,0,ok,
2026-07-20T21:47:04,chessy,85,73,0,ok,
2026-07-20T21:47:04,serris,68,2,0,ok,
2026-07-20T21:47:04,torcy,222,147,0,ok,
2026-07-20T22:02:23,paris,1000,1000,0,ok,
2026-07-20T22:02:23,meaux,14,14,0,ok,
2026-07-20T22:02:23,chessy,85,73,0,ok,
2026-07-20T22:02:23,serris,68,2,0,ok,
2026-07-20T22:02:23,torcy,222,147,0,ok,
2026-07-20T22:17:24,paris,1000,1000,0,ok,
2026-07-20T22:17:24,meaux,14,14,0,ok,
2026-07-20T22:17:24,chessy,85,73,0,ok,
2026-07-20T22:17:24,serris,68,2,0,ok,
2026-07-20T22:17:24,torcy,222,147,0,ok,
2026-07-20T22:32:10,paris,1000,1000,0,ok,
2026-07-20T22:32:10,meaux,14,14,0,ok,
2026-07-20T22:32:10,chessy,85,73,0,ok,
2026-07-20T22:32:10,serris,68,2,0,ok,
2026-07-20T22:32:10,torcy,222,147,0,ok,
2026-07-20T22:46:59,paris,1000,1000,0,ok,
2026-07-20T22:46:59,meaux,14,14,0,ok,
2026-07-20T22:46:59,chessy,85,73,0,ok,
2026-07-20T22:46:59,serris,68,2,0,ok,
2026-07-20T22:46:59,torcy,222,147,0,ok,
2026-07-20T22:56:11,paris,1000,1000,0,ok,
2026-07-20T22:56:11,meaux,14,14,0,ok,
2026-07-20T22:56:11,chessy,85,73,0,ok,
2026-07-20T22:56:11,serris,68,2,0,ok,
2026-07-20T22:56:11,torcy,222,147,0,ok,
2026-07-20T23:02:21,paris,1000,1000,0,ok,
2026-07-20T23:02:21,meaux,14,14,0,ok,
2026-07-20T23:02:21,chessy,85,73,0,ok,
2026-07-20T23:02:21,serris,68,2,0,ok,
2026-07-20T23:02:21,torcy,222,147,0,ok,
2026-07-20T23:16:58,paris,1000,1000,0,ok,
2026-07-20T23:16:58,meaux,14,14,0,ok,
2026-07-20T23:16:58,chessy,85,73,0,ok,
2026-07-20T23:16:58,serris,68,2,0,ok,
2026-07-20T23:16:58,torcy,223,148,0,ok,
2026-07-20T23:32:15,paris,1000,1000,0,ok,
2026-07-20T23:32:15,meaux,14,14,0,ok,
2026-07-20T23:32:15,chessy,85,73,0,ok,
2026-07-20T23:32:15,serris,68,2,0,ok,
2026-07-20T23:32:15,torcy,223,148,0,ok,
2026-07-20T23:47:05,paris,1000,1000,0,ok,
2026-07-20T23:47:05,meaux,14,14,0,ok,
2026-07-20T23:47:05,chessy,85,73,0,ok,
2026-07-20T23:47:05,serris,68,2,0,ok,
2026-07-20T23:47:05,torcy,223,148,0,ok,
2026-07-20T23:54:58,paris,1000,1000,0,ok,
2026-07-20T23:54:58,meaux,14,14,0,ok,
2026-07-20T23:54:58,chessy,85,73,0,ok,
2026-07-20T23:54:58,serris,68,2,0,ok,
2026-07-20T23:54:58,torcy,223,148,0,ok,
2026-07-21T00:02:23,paris,1000,1000,0,ok,
2026-07-21T00:02:23,meaux,14,14,0,ok,
2026-07-21T00:02:23,chessy,85,73,0,ok,
2026-07-21T00:02:23,serris,68,2,0,ok,
2026-07-21T00:02:23,torcy,223,148,0,ok,
2026-07-21T00:17:02,paris,1000,1000,0,ok,
2026-07-21T00:17:02,meaux,14,14,0,ok,
2026-07-21T00:17:02,chessy,85,73,0,ok,
2026-07-21T00:17:02,serris,68,2,0,ok,
2026-07-21T00:17:02,torcy,223,148,0,ok,
2026-07-21T00:32:13,paris,1000,1000,0,ok,
2026-07-21T00:32:13,meaux,14,14,0,ok,
2026-07-21T00:32:13,chessy,85,73,0,ok,
2026-07-21T00:32:13,serris,68,2,0,ok,
2026-07-21T00:32:13,torcy,223,148,0,ok,
2026-07-21T00:47:08,paris,1000,1000,0,ok,
2026-07-21T00:47:08,meaux,14,14,0,ok,
2026-07-21T00:47:08,chessy,85,73,0,ok,
2026-07-21T00:47:08,serris,68,2,0,ok,
2026-07-21T00:47:08,torcy,223,148,0,ok,
2026-07-21T01:02:25,paris,1000,1000,0,ok,
2026-07-21T01:02:25,meaux,14,14,0,ok,
2026-07-21T01:02:25,chessy,85,73,0,ok,
2026-07-21T01:02:25,serris,68,2,0,ok,
2026-07-21T01:02:25,torcy,223,148,0,ok,
2026-07-21T01:17:51,paris,1000,1000,0,ok,
2026-07-21T01:17:51,meaux,14,14,0,ok,
2026-07-21T01:17:51,chessy,85,73,0,ok,
2026-07-21T01:17:51,serris,68,2,0,ok,
2026-07-21T01:17:51,torcy,223,148,0,ok,
2026-07-21T01:32:26,paris,1000,1000,0,ok,
2026-07-21T01:32:26,meaux,14,14,0,ok,
2026-07-21T01:32:26,chessy,85,73,0,ok,
2026-07-21T01:32:26,serris,68,2,0,ok,
2026-07-21T01:32:26,torcy,223,148,0,ok,
2026-07-21T01:47:04,paris,1000,1000,0,ok,
2026-07-21T01:47:04,meaux,14,14,0,ok,
2026-07-21T01:47:04,chessy,85,73,0,ok,
2026-07-21T01:47:04,serris,68,2,0,ok,
2026-07-21T01:47:04,torcy,223,148,0,ok,
2026-07-21T02:02:27,paris,1000,1000,0,ok,
2026-07-21T02:02:27,meaux,14,14,0,ok,
2026-07-21T02:02:27,chessy,85,73,0,ok,
2026-07-21T02:02:27,serris,68,2,0,ok,
2026-07-21T02:02:27,torcy,223,148,0,ok,
2026-07-21T02:11:21,paris,1000,1000,0,ok,
2026-07-21T02:11:21,meaux,14,14,0,ok,
2026-07-21T02:11:21,chessy,85,73,0,ok,
2026-07-21T02:11:21,serris,68,2,0,ok,
2026-07-21T02:11:21,torcy,223,148,0,ok,
2026-07-21T02:17:01,paris,1000,1000,0,ok,
2026-07-21T02:17:01,meaux,14,14,0,ok,
2026-07-21T02:17:01,chessy,85,73,0,ok,
2026-07-21T02:17:01,serris,68,2,0,ok,
2026-07-21T02:17:01,torcy,223,148,0,ok,
2026-07-21T02:32:19,paris,1000,1000,0,ok,
2026-07-21T02:32:19,meaux,14,14,0,ok,
2026-07-21T02:32:19,chessy,85,73,0,ok,
2026-07-21T02:32:19,serris,68,2,0,ok,
2026-07-21T02:32:19,torcy,223,148,0,ok,
2026-07-21T02:47:01,paris,1000,1000,0,ok,
2026-07-21T02:47:01,meaux,14,14,0,ok,
2026-07-21T02:47:01,chessy,85,73,0,ok,
2026-07-21T02:47:01,serris,68,2,0,ok,
2026-07-21T02:47:01,torcy,223,148,0,ok,
2026-07-21T03:02:28,paris,1000,1000,0,ok,
2026-07-21T03:02:28,meaux,14,14,0,ok,
2026-07-21T03:02:28,chessy,85,73,0,ok,
2026-07-21T03:02:28,serris,68,2,0,ok,
2026-07-21T03:02:28,torcy,223,148,0,ok,
2026-07-21T03:17:07,paris,1000,1000,0,ok,
2026-07-21T03:17:07,meaux,14,14,0,ok,
2026-07-21T03:17:07,chessy,85,73,0,ok,
2026-07-21T03:17:07,serris,68,2,0,ok,
2026-07-21T03:17:07,torcy,223,148,0,ok,
2026-07-21T03:32:20,paris,1000,1000,0,ok,
2026-07-21T03:32:20,meaux,14,14,0,ok,
2026-07-21T03:32:20,chessy,85,73,0,ok,
2026-07-21T03:32:20,serris,68,2,0,ok,
2026-07-21T03:32:20,torcy,223,148,0,ok,
2026-07-21T03:47:08,paris,1000,1000,0,ok,
2026-07-21T03:47:08,meaux,14,14,0,ok,
2026-07-21T03:47:08,chessy,85,73,0,ok,
2026-07-21T03:47:08,serris,68,2,0,ok,
2026-07-21T03:47:08,torcy,223,148,0,ok,
2026-07-21T04:02:29,paris,1000,1000,0,ok,
2026-07-21T04:02:29,meaux,14,14,0,ok,
2026-07-21T04:02:29,chessy,85,73,0,ok,
2026-07-21T04:02:29,serris,68,2,0,ok,
2026-07-21T04:02:29,torcy,223,148,0,ok,
2026-07-21T04:17:09,paris,1000,1000,0,ok,
2026-07-21T04:17:09,meaux,14,14,0,ok,
2026-07-21T04:17:09,chessy,85,73,0,ok,
2026-07-21T04:17:09,serris,68,2,0,ok,
2026-07-21T04:17:09,torcy,223,148,0,ok,
2026-07-21T04:32:18,paris,1000,1000,0,ok,
2026-07-21T04:32:18,meaux,14,14,0,ok,
2026-07-21T04:32:18,chessy,85,73,0,ok,
2026-07-21T04:32:18,serris,68,2,0,ok,
2026-07-21T04:32:18,torcy,223,148,0,ok,
2026-07-21T04:47:09,paris,1000,1000,0,ok,
2026-07-21T04:47:09,meaux,14,14,0,ok,
2026-07-21T04:47:09,chessy,85,73,0,ok,
2026-07-21T04:47:09,serris,68,2,0,ok,
2026-07-21T04:47:09,torcy,223,148,0,ok,
2026-07-21T05:02:25,paris,1000,1000,0,ok,
2026-07-21T05:02:25,meaux,14,14,0,ok,
2026-07-21T05:02:25,chessy,85,73,0,ok,
2026-07-21T05:02:25,serris,68,2,0,ok,
2026-07-21T05:02:25,torcy,223,148,0,ok,
2026-07-21T05:17:08,paris,1000,1000,0,ok,
2026-07-21T05:17:08,meaux,14,14,0,ok,
2026-07-21T05:17:08,chessy,85,73,0,ok,
2026-07-21T05:17:08,serris,68,2,0,ok,
2026-07-21T05:17:08,torcy,223,148,0,ok,
2026-07-21T05:32:21,paris,1000,1000,0,ok,
2026-07-21T05:32:21,meaux,14,14,0,ok,
2026-07-21T05:32:21,chessy,85,73,0,ok,
2026-07-21T05:32:21,serris,68,2,0,ok,
2026-07-21T05:32:21,torcy,223,148,0,ok,
2026-07-21T05:36:05,paris,1000,1000,0,ok,
2026-07-21T05:36:05,meaux,14,14,0,ok,
2026-07-21T05:36:05,chessy,85,73,0,ok,
2026-07-21T05:36:05,serris,68,2,0,ok,
2026-07-21T05:36:05,torcy,223,148,0,ok,
2026-07-21T05:47:09,paris,1000,1000,0,ok,
2026-07-21T05:47:09,meaux,14,14,0,ok,
2026-07-21T05:47:09,chessy,85,73,0,ok,
2026-07-21T05:47:09,serris,68,2,0,ok,
2026-07-21T05:47:09,torcy,223,148,0,ok,
2026-07-21T06:02:32,paris,1000,1000,0,ok,
2026-07-21T06:02:32,meaux,14,14,0,ok,
2026-07-21T06:02:32,chessy,85,73,0,ok,
2026-07-21T06:02:32,serris,68,2,0,ok,
2026-07-21T06:02:32,torcy,223,148,0,ok,
2026-07-21T06:17:16,paris,1000,1000,0,ok,
2026-07-21T06:17:16,meaux,14,14,0,ok,
2026-07-21T06:17:16,chessy,85,73,0,ok,
2026-07-21T06:17:16,serris,68,2,0,ok,
2026-07-21T06:17:16,torcy,223,148,0,ok,
2026-07-21T06:32:28,paris,1000,1000,0,ok,
2026-07-21T06:32:28,meaux,14,14,0,ok,
2026-07-21T06:32:28,chessy,85,73,0,ok,
2026-07-21T06:32:28,serris,68,2,0,ok,
2026-07-21T06:32:28,torcy,223,148,0,ok,
2026-07-21T06:47:57,paris,1000,1000,0,ok,
2026-07-21T06:47:57,meaux,14,14,0,ok,
2026-07-21T06:47:57,chessy,85,73,0,ok,
2026-07-21T06:47:57,serris,68,2,0,ok,
2026-07-21T06:47:57,torcy,223,148,0,ok,
2026-07-21T07:02:39,paris,1000,1000,0,ok,
2026-07-21T07:02:39,meaux,14,14,0,ok,
2026-07-21T07:02:39,chessy,85,73,0,ok,
2026-07-21T07:02:39,serris,68,2,0,ok,
2026-07-21T07:02:39,torcy,223,148,0,ok,
2026-07-21T07:17:13,paris,1000,1000,0,ok,
2026-07-21T07:17:13,meaux,14,14,0,ok,
2026-07-21T07:17:13,chessy,85,73,0,ok,
2026-07-21T07:17:13,serris,68,2,0,ok,
2026-07-21T07:17:13,torcy,223,148,0,ok,
2026-07-21T08:17:14,paris,1000,1000,0,ok,
2026-07-21T08:17:14,meaux,14,14,0,ok,
2026-07-21T08:17:14,chessy,85,73,0,ok,
2026-07-21T08:17:14,serris,68,2,0,ok,
2026-07-21T08:17:14,torcy,223,148,0,ok,
2026-07-21T08:20:07,paris,1000,1000,0,ok,
2026-07-21T08:20:07,meaux,14,14,0,ok,
2026-07-21T08:20:07,chessy,85,73,0,ok,
2026-07-21T08:20:07,serris,68,2,0,ok,
2026-07-21T08:20:07,torcy,223,148,0,ok,
2026-07-21T08:32:25,paris,1000,1000,0,ok,
2026-07-21T08:32:25,meaux,14,14,0,ok,
2026-07-21T08:32:25,chessy,85,73,0,ok,
2026-07-21T08:32:25,serris,68,2,0,ok,
2026-07-21T08:32:25,torcy,223,148,0,ok,
2026-07-21T08:47:13,paris,1000,1000,0,ok,
2026-07-21T08:47:13,meaux,14,14,0,ok,
2026-07-21T08:47:13,chessy,85,73,0,ok,
2026-07-21T08:47:13,serris,68,2,0,ok,
2026-07-21T08:47:13,torcy,223,148,0,ok,
2026-07-21T09:02:48,paris,1000,1000,0,ok,
2026-07-21T09:02:48,meaux,14,14,0,ok,
2026-07-21T09:02:48,chessy,85,73,0,ok,
2026-07-21T09:02:48,serris,68,2,0,ok,
2026-07-21T09:02:48,torcy,223,148,0,ok,
2026-07-21T09:17:15,paris,1000,1000,0,ok,
2026-07-21T09:17:15,meaux,14,14,0,ok,
2026-07-21T09:17:15,chessy,85,73,0,ok,
2026-07-21T09:17:15,serris,68,2,0,ok,
2026-07-21T09:17:15,torcy,223,148,0,ok,
2026-07-21T09:32:11,paris,1000,1000,0,ok,
2026-07-21T09:32:11,meaux,14,14,0,ok,
2026-07-21T09:32:11,chessy,85,73,0,ok,
2026-07-21T09:32:11,serris,68,2,0,ok,
2026-07-21T09:32:11,torcy,223,148,0,ok,
2026-07-21T09:47:10,paris,1000,1000,0,ok,
2026-07-21T09:47:10,meaux,14,14,0,ok,
2026-07-21T09:47:10,chessy,85,73,0,ok,
2026-07-21T09:47:10,serris,68,2,0,ok,
2026-07-21T09:47:10,torcy,223,148,0,ok,
2026-07-21T10:02:35,paris,1000,1000,0,ok,
2026-07-21T10:02:35,meaux,14,14,0,ok,
2026-07-21T10:02:35,chessy,85,73,0,ok,
2026-07-21T10:02:35,serris,68,2,0,ok,
2026-07-21T10:02:35,torcy,223,148,0,ok,
2026-07-21T10:17:12,paris,1000,1000,0,ok,
2026-07-21T10:17:12,meaux,14,14,0,ok,
2026-07-21T10:17:12,chessy,85,73,0,ok,
2026-07-21T10:17:12,serris,68,2,0,ok,
2026-07-21T10:17:12,torcy,223,148,0,ok,
2026-07-21T10:32:20,paris,1000,1000,0,ok,
2026-07-21T10:32:20,meaux,14,14,0,ok,
2026-07-21T10:32:20,chessy,85,73,0,ok,
2026-07-21T10:32:20,serris,68,2,0,ok,
2026-07-21T10:32:20,torcy,223,148,0,ok,
2026-07-21T10:38:56,paris,1000,1000,0,ok,
2026-07-21T10:38:56,meaux,14,14,0,ok,
2026-07-21T10:38:56,chessy,85,73,0,ok,
2026-07-21T10:38:56,serris,68,2,0,ok,
2026-07-21T10:38:56,torcy,223,148,0,ok,
2026-07-21T10:47:13,paris,1000,1000,0,ok,
2026-07-21T10:47:13,meaux,14,14,0,ok,
2026-07-21T10:47:13,chessy,85,73,0,ok,
2026-07-21T10:47:13,serris,68,2,0,ok,
2026-07-21T10:47:13,torcy,223,148,0,ok,
2026-07-21T11:02:37,paris,1000,1000,0,ok,
2026-07-21T11:02:37,meaux,14,14,0,ok,
2026-07-21T11:02:37,chessy,85,73,0,ok,
2026-07-21T11:02:37,serris,68,2,0,ok,
2026-07-21T11:02:37,torcy,223,148,0,ok,
2026-07-21T11:17:16,paris,1000,1000,0,ok,
2026-07-21T11:17:16,meaux,14,14,0,ok,
2026-07-21T11:17:16,chessy,85,73,0,ok,
2026-07-21T11:17:16,serris,68,2,0,ok,
2026-07-21T11:17:16,torcy,223,148,0,ok,
2026-07-21T11:32:23,paris,1000,1000,0,ok,
2026-07-21T11:32:23,meaux,14,14,0,ok,
2026-07-21T11:32:23,chessy,85,73,0,ok,
2026-07-21T11:32:23,serris,68,2,0,ok,
2026-07-21T11:32:23,torcy,223,148,0,ok,
2026-07-21T11:47:08,paris,1000,1000,0,ok,
2026-07-21T11:47:08,meaux,14,14,0,ok,
2026-07-21T11:47:08,chessy,85,73,0,ok,
2026-07-21T11:47:08,serris,68,2,0,ok,
2026-07-21T11:47:08,torcy,223,148,0,ok,
2026-07-21T12:02:51,paris,1000,1000,0,ok,
2026-07-21T12:02:51,meaux,14,14,0,ok,
2026-07-21T12:02:51,chessy,85,73,0,ok,
2026-07-21T12:02:51,serris,68,2,0,ok,
2026-07-21T12:02:51,torcy,223,148,0,ok,
2026-07-21T12:17:20,paris,1000,1000,0,ok,
2026-07-21T12:17:20,meaux,14,14,0,ok,
2026-07-21T12:17:20,chessy,85,73,0,ok,
2026-07-21T12:17:20,serris,68,2,0,ok,
2026-07-21T12:17:20,torcy,223,148,0,ok,
2026-07-21T12:23:11,paris,1000,1000,0,ok,
2026-07-21T12:23:11,meaux,14,14,0,ok,
2026-07-21T12:23:11,chessy,85,73,0,ok,
2026-07-21T12:23:11,serris,68,2,0,ok,
2026-07-21T12:23:11,torcy,223,148,0,ok,
2026-07-21T12:32:27,paris,1000,1000,0,ok,
2026-07-21T12:32:27,meaux,14,14,0,ok,
2026-07-21T12:32:27,chessy,85,73,0,ok,
2026-07-21T12:32:27,serris,68,2,0,ok,
2026-07-21T12:32:27,torcy,223,148,0,ok,
2026-07-21T12:47:18,paris,1000,1000,0,ok,
2026-07-21T12:47:18,meaux,14,14,0,ok,
2026-07-21T12:47:18,chessy,85,73,0,ok,
2026-07-21T12:47:18,serris,68,2,0,ok,
2026-07-21T12:47:18,torcy,223,148,0,ok,
2026-07-21T13:02:39,paris,1000,1000,0,ok,
2026-07-21T13:02:39,meaux,14,14,0,ok,
2026-07-21T13:02:39,chessy,85,73,0,ok,
2026-07-21T13:02:39,serris,68,2,0,ok,
2026-07-21T13:02:39,torcy,223,148,0,ok,
2026-07-21T13:17:19,paris,1000,1000,0,ok,
2026-07-21T13:17:19,meaux,14,14,0,ok,
2026-07-21T13:17:19,chessy,85,73,0,ok,
2026-07-21T13:17:19,serris,68,2,0,ok,
2026-07-21T13:17:19,torcy,223,148,0,ok,
2026-07-21T13:32:42,paris,1000,1000,0,ok,
2026-07-21T13:32:42,meaux,14,14,0,ok,
2026-07-21T13:32:42,chessy,85,73,0,ok,
2026-07-21T13:32:42,serris,68,2,0,ok,
2026-07-21T13:32:42,torcy,223,148,0,ok,
2026-07-21T13:47:16,paris,1000,1000,0,ok,
2026-07-21T13:47:16,meaux,14,14,0,ok,
2026-07-21T13:47:16,chessy,85,73,0,ok,
2026-07-21T13:47:16,serris,68,2,0,ok,
2026-07-21T13:47:16,torcy,223,148,0,ok,
2026-07-21T14:02:43,paris,1000,1000,0,ok,
2026-07-21T14:02:43,meaux,14,14,0,ok,
2026-07-21T14:02:43,chessy,85,73,0,ok,
2026-07-21T14:02:43,serris,68,2,0,ok,
2026-07-21T14:02:43,torcy,223,148,0,ok,
2026-07-21T14:17:13,paris,1000,1000,0,ok,
2026-07-21T14:17:13,meaux,14,14,0,ok,
2026-07-21T14:17:13,chessy,85,73,0,ok,
2026-07-21T14:17:13,serris,68,2,0,ok,
2026-07-21T14:17:13,torcy,223,148,0,ok,
2026-07-21T14:32:35,paris,1000,1000,0,ok,
2026-07-21T14:32:35,meaux,14,14,0,ok,
2026-07-21T14:32:35,chessy,85,73,0,ok,
2026-07-21T14:32:35,serris,68,2,0,ok,
2026-07-21T14:32:35,torcy,223,148,0,ok,
2026-07-21T14:47:23,paris,1000,1000,0,ok,
2026-07-21T14:47:23,meaux,14,14,0,ok,
2026-07-21T14:47:23,chessy,85,73,0,ok,
2026-07-21T14:47:23,serris,68,2,0,ok,
2026-07-21T14:47:23,torcy,223,148,0,ok,
2026-07-21T15:02:42,paris,1000,1000,0,ok,
2026-07-21T15:02:42,meaux,14,14,0,ok,
2026-07-21T15:02:42,chessy,85,73,0,ok,
2026-07-21T15:02:42,serris,68,2,0,ok,
2026-07-21T15:02:42,torcy,223,148,0,ok,
2026-07-21T15:18:21,paris,1000,1000,0,ok,
2026-07-21T15:18:21,meaux,14,14,0,ok,
2026-07-21T15:18:21,chessy,85,73,0,ok,
2026-07-21T15:18:21,serris,68,2,0,ok,
2026-07-21T15:18:21,torcy,223,148,0,ok,
2026-07-21T15:32:36,paris,1000,1000,0,ok,
2026-07-21T15:32:36,meaux,14,14,0,ok,
2026-07-21T15:32:36,chessy,85,73,0,ok,
2026-07-21T15:32:36,serris,68,2,0,ok,
2026-07-21T15:32:36,torcy,223,148,0,ok,
2026-07-21T15:47:15,paris,1000,1000,0,ok,
2026-07-21T15:47:15,meaux,14,14,0,ok,
2026-07-21T15:47:15,chessy,85,73,0,ok,
2026-07-21T15:47:15,serris,68,2,0,ok,
2026-07-21T15:47:15,torcy,223,148,0,ok,
2026-07-21T16:02:38,paris,1000,1000,0,ok,
2026-07-21T16:02:38,meaux,14,14,0,ok,
2026-07-21T16:02:38,chessy,85,73,0,ok,
2026-07-21T16:02:38,serris,68,2,0,ok,
2026-07-21T16:02:38,torcy,223,148,0,ok,
2026-07-21T16:17:30,paris,1000,1000,0,ok,
2026-07-21T16:17:30,meaux,14,14,0,ok,
2026-07-21T16:17:30,chessy,85,73,0,ok,
2026-07-21T16:17:30,serris,68,2,0,ok,
2026-07-21T16:17:30,torcy,223,148,0,ok,
2026-07-21T16:21:36,paris,1000,1000,0,ok,
2026-07-21T16:21:36,meaux,14,14,0,ok,
2026-07-21T16:21:36,chessy,85,73,0,ok,
2026-07-21T16:21:36,serris,68,2,0,ok,
2026-07-21T16:21:36,torcy,223,148,0,ok,
2026-07-21T16:32:25,paris,1000,1000,0,ok,
2026-07-21T16:32:25,meaux,14,14,0,ok,
2026-07-21T16:32:25,chessy,85,73,0,ok,
2026-07-21T16:32:25,serris,68,2,0,ok,
2026-07-21T16:32:25,torcy,223,148,0,ok,
2026-07-21T16:48:27,paris,1000,1000,0,ok,
2026-07-21T16:48:27,meaux,14,14,0,ok,
2026-07-21T16:48:27,chessy,85,73,0,ok,
2026-07-21T16:48:27,serris,68,2,0,ok,
2026-07-21T16:48:27,torcy,222,147,0,ok,
2026-07-21T17:02:45,paris,1000,1000,0,ok,
2026-07-21T17:02:45,meaux,14,14,0,ok,
2026-07-21T17:02:45,chessy,85,73,0,ok,
2026-07-21T17:02:45,serris,68,2,0,ok,
2026-07-21T17:02:45,torcy,222,147,0,ok,
2026-07-21T17:17:16,paris,1000,1000,0,ok,
2026-07-21T17:17:16,meaux,14,14,0,ok,
2026-07-21T17:17:16,chessy,85,73,0,ok,
2026-07-21T17:17:16,serris,68,2,0,ok,
2026-07-21T17:17:16,torcy,222,147,0,ok,
2026-07-21T17:32:38,paris,1000,1000,0,ok,
2026-07-21T17:32:38,meaux,14,14,0,ok,
2026-07-21T17:32:38,chessy,85,73,0,ok,
2026-07-21T17:32:38,serris,68,2,0,ok,
2026-07-21T17:32:38,torcy,222,147,0,ok,
2026-07-21T17:47:19,paris,1000,1000,0,ok,
2026-07-21T17:47:19,meaux,14,14,0,ok,
2026-07-21T17:47:19,chessy,85,73,0,ok,
2026-07-21T17:47:19,serris,68,2,0,ok,
2026-07-21T17:47:19,torcy,222,147,0,ok,
2026-07-21T17:54:03,paris,1000,1000,0,ok,
2026-07-21T17:54:03,meaux,14,14,0,ok,
2026-07-21T17:54:03,chessy,85,73,0,ok,
2026-07-21T17:54:03,serris,68,2,0,ok,
2026-07-21T17:54:03,torcy,222,147,0,ok,
2026-07-21T18:02:40,paris,1000,1000,0,ok,
2026-07-21T18:02:40,meaux,14,14,0,ok,
2026-07-21T18:02:40,chessy,85,73,0,ok,
2026-07-21T18:02:40,serris,68,2,0,ok,
2026-07-21T18:02:40,torcy,222,147,0,ok,
2026-07-21T18:17:10,paris,1000,1000,0,ok,
2026-07-21T18:17:10,meaux,14,14,0,ok,
2026-07-21T18:17:10,chessy,85,73,0,ok,
2026-07-21T18:17:10,serris,68,2,0,ok,
2026-07-21T18:17:10,torcy,222,147,0,ok,
2026-07-21T18:32:22,paris,1000,1000,0,ok,
2026-07-21T18:32:22,meaux,14,14,0,ok,
2026-07-21T18:32:22,chessy,85,73,0,ok,
2026-07-21T18:32:22,serris,68,2,0,ok,
2026-07-21T18:32:22,torcy,222,147,0,ok,
2026-07-21T18:47:12,paris,1000,1000,0,ok,
2026-07-21T18:47:12,meaux,14,14,0,ok,
2026-07-21T18:47:12,chessy,85,73,0,ok,
2026-07-21T18:47:12,serris,68,2,0,ok,
2026-07-21T18:47:12,torcy,222,147,0,ok,
2026-07-21T19:02:27,paris,1000,1000,0,ok,
2026-07-21T19:02:27,meaux,14,14,0,ok,
2026-07-21T19:02:27,chessy,85,73,0,ok,
2026-07-21T19:02:27,serris,68,2,0,ok,
2026-07-21T19:02:27,torcy,222,147,0,ok,
2026-07-21T19:14:30,paris,1000,1000,0,ok,
2026-07-21T19:14:30,meaux,14,14,0,ok,
2026-07-21T19:14:30,chessy,85,73,0,ok,
2026-07-21T19:14:30,serris,68,2,0,ok,
2026-07-21T19:14:30,torcy,222,147,0,ok,
2026-07-21T19:17:08,paris,1000,1000,0,ok,
2026-07-21T19:17:08,meaux,14,14,0,ok,
2026-07-21T19:17:08,chessy,85,73,0,ok,
2026-07-21T19:17:08,serris,68,2,0,ok,
2026-07-21T19:17:08,torcy,222,147,0,ok,
2026-07-21T19:32:30,paris,1000,1000,0,ok,
2026-07-21T19:32:30,meaux,14,14,0,ok,
2026-07-21T19:32:30,chessy,85,73,0,ok,
2026-07-21T19:32:30,serris,68,2,0,ok,
2026-07-21T19:32:30,torcy,222,147,0,ok,
2026-07-21T19:47:17,paris,1000,1000,0,ok,
2026-07-21T19:47:17,meaux,14,14,0,ok,
2026-07-21T19:47:17,chessy,85,73,0,ok,
2026-07-21T19:47:17,serris,68,2,0,ok,
2026-07-21T19:47:17,torcy,222,147,0,ok,
2026-07-21T20:02:41,paris,1000,1000,0,ok,
2026-07-21T20:02:41,meaux,14,14,0,ok,
2026-07-21T20:02:41,chessy,85,73,0,ok,
2026-07-21T20:02:41,serris,68,2,0,ok,
2026-07-21T20:02:41,torcy,222,147,0,ok,
2026-07-21T20:17:25,paris,1000,1000,0,ok,
2026-07-21T20:17:25,meaux,14,14,0,ok,
2026-07-21T20:17:25,chessy,85,73,0,ok,
2026-07-21T20:17:25,serris,68,2,0,ok,
2026-07-21T20:17:25,torcy,222,147,0,ok,
2026-07-21T20:32:24,paris,1000,1000,0,ok,
2026-07-21T20:32:24,meaux,14,14,0,ok,
2026-07-21T20:32:24,chessy,85,73,0,ok,
2026-07-21T20:32:24,serris,68,2,0,ok,
2026-07-21T20:32:24,torcy,222,147,0,ok,
2026-07-21T20:44:13,paris,1000,1000,0,ok,
2026-07-21T20:44:13,meaux,14,14,0,ok,
2026-07-21T20:44:13,chessy,85,73,0,ok,
2026-07-21T20:44:13,serris,68,2,0,ok,
2026-07-21T20:44:13,torcy,221,146,0,ok,
2026-07-21T20:47:42,paris,1000,1000,0,ok,
2026-07-21T20:47:42,meaux,14,14,0,ok,
2026-07-21T20:47:42,chessy,85,73,0,ok,
2026-07-21T20:47:42,serris,68,2,0,ok,
2026-07-21T20:47:42,torcy,221,146,0,ok,
2026-07-21T21:02:35,paris,1000,1000,0,ok,
2026-07-21T21:02:35,meaux,14,14,0,ok,
2026-07-21T21:02:35,chessy,85,73,0,ok,
2026-07-21T21:02:35,serris,68,2,0,ok,
2026-07-21T21:02:35,torcy,221,146,0,ok,
2026-07-21T21:17:15,paris,1000,1000,0,ok,
2026-07-21T21:17:15,meaux,14,14,0,ok,
2026-07-21T21:17:15,chessy,85,73,0,ok,
2026-07-21T21:17:15,serris,68,2,0,ok,
2026-07-21T21:17:15,torcy,221,146,0,ok,
2026-07-21T21:32:21,paris,1000,1000,0,ok,
2026-07-21T21:32:21,meaux,14,14,0,ok,
2026-07-21T21:32:21,chessy,85,73,0,ok,
2026-07-21T21:32:21,serris,68,2,0,ok,
2026-07-21T21:32:21,torcy,221,146,0,ok,
2026-07-21T21:47:09,paris,1000,1000,0,ok,
2026-07-21T21:47:09,meaux,14,14,0,ok,
2026-07-21T21:47:09,chessy,85,73,0,ok,
2026-07-21T21:47:09,serris,68,2,0,ok,
2026-07-21T21:47:09,torcy,221,146,0,ok,
2026-07-21T22:02:13,paris,1000,1000,0,ok,
2026-07-21T22:02:13,meaux,14,14,0,ok,
2026-07-21T22:02:13,chessy,85,73,0,ok,
2026-07-21T22:02:13,serris,68,2,0,ok,
2026-07-21T22:02:13,torcy,221,146,0,ok,
2026-07-21T22:17:12,paris,1000,1000,0,ok,
2026-07-21T22:17:12,meaux,14,14,0,ok,
2026-07-21T22:17:12,chessy,85,73,0,ok,
2026-07-21T22:17:12,serris,68,2,0,ok,
2026-07-21T22:17:12,torcy,221,146,0,ok,
2026-07-21T22:32:26,paris,1000,1000,0,ok,
2026-07-21T22:32:26,meaux,14,14,0,ok,
2026-07-21T22:32:26,chessy,85,73,0,ok,
2026-07-21T22:32:26,serris,68,2,0,ok,
2026-07-21T22:32:26,torcy,221,146,0,ok,
2026-07-21T22:47:15,paris,1000,1000,0,ok,
2026-07-21T22:47:15,meaux,14,14,0,ok,
2026-07-21T22:47:15,chessy,85,73,0,ok,
2026-07-21T22:47:15,serris,68,2,0,ok,
2026-07-21T22:47:15,torcy,221,146,0,ok,
2026-07-21T23:02:34,paris,1000,1000,0,ok,
2026-07-21T23:02:34,meaux,14,14,0,ok,
2026-07-21T23:02:34,chessy,85,73,0,ok,
2026-07-21T23:02:34,serris,68,2,0,ok,
2026-07-21T23:02:34,torcy,221,146,0,ok,
2026-07-21T23:17:12,paris,1000,1000,0,ok,
2026-07-21T23:17:12,meaux,14,14,0,ok,
2026-07-21T23:17:12,chessy,85,73,0,ok,
2026-07-21T23:17:12,serris,68,2,0,ok,
2026-07-21T23:17:12,torcy,221,146,0,ok,
2026-07-21T23:29:08,paris,1000,1000,0,ok,
2026-07-21T23:29:08,meaux,14,14,0,ok,
2026-07-21T23:29:08,chessy,85,73,0,ok,
2026-07-21T23:29:08,serris,68,2,0,ok,
2026-07-21T23:29:08,torcy,221,146,0,ok,
2026-07-21T23:32:14,paris,1000,1000,0,ok,
2026-07-21T23:32:14,meaux,14,14,0,ok,
2026-07-21T23:32:14,chessy,85,73,0,ok,
2026-07-21T23:32:14,serris,68,2,0,ok,
2026-07-21T23:32:14,torcy,221,146,0,ok,
2026-07-21T23:47:16,paris,1000,1000,0,ok,
2026-07-21T23:47:16,meaux,14,14,0,ok,
2026-07-21T23:47:16,chessy,85,73,0,ok,
2026-07-21T23:47:16,serris,68,2,0,ok,
2026-07-21T23:47:16,torcy,221,146,0,ok,
2026-07-22T00:02:40,paris,1000,1000,0,ok,
2026-07-22T00:02:40,meaux,14,14,0,ok,
2026-07-22T00:02:40,chessy,85,73,0,ok,
2026-07-22T00:02:40,serris,68,2,0,ok,
2026-07-22T00:02:40,torcy,221,146,0,ok,
2026-07-22T00:17:13,paris,1000,1000,0,ok,
2026-07-22T00:17:13,meaux,14,14,0,ok,
2026-07-22T00:17:13,chessy,85,73,0,ok,
2026-07-22T00:17:13,serris,68,2,0,ok,
2026-07-22T00:17:13,torcy,221,146,0,ok,
2026-07-22T00:32:22,paris,1000,1000,0,ok,
2026-07-22T00:32:22,meaux,14,14,0,ok,
2026-07-22T00:32:22,chessy,85,73,0,ok,
2026-07-22T00:32:22,serris,68,2,0,ok,
2026-07-22T00:32:22,torcy,221,146,0,ok,
2026-07-22T00:47:09,paris,1000,1000,0,ok,
2026-07-22T00:47:09,meaux,14,14,0,ok,
2026-07-22T00:47:09,chessy,85,73,0,ok,
2026-07-22T00:47:09,serris,68,2,0,ok,
2026-07-22T00:47:09,torcy,221,146,0,ok,
2026-07-22T00:57:21,paris,1000,1000,0,ok,
2026-07-22T00:57:21,meaux,14,14,0,ok,
2026-07-22T00:57:21,chessy,85,73,0,ok,
2026-07-22T00:57:21,serris,68,2,0,ok,
2026-07-22T00:57:21,torcy,221,146,0,ok,
2026-07-22T01:02:34,paris,1000,1000,0,ok,
2026-07-22T01:02:34,meaux,14,14,0,ok,
2026-07-22T01:02:34,chessy,85,73,0,ok,
2026-07-22T01:02:34,serris,68,2,0,ok,
2026-07-22T01:02:34,torcy,221,146,0,ok,
2026-07-22T01:17:09,paris,1000,1000,0,ok,
2026-07-22T01:17:09,meaux,14,14,0,ok,
2026-07-22T01:17:09,chessy,85,73,0,ok,
2026-07-22T01:17:09,serris,68,2,0,ok,
2026-07-22T01:17:09,torcy,221,146,0,ok,
2026-07-22T01:32:13,paris,1000,1000,0,ok,
2026-07-22T01:32:13,meaux,14,14,0,ok,
2026-07-22T01:32:13,chessy,85,73,0,ok,
2026-07-22T01:32:13,serris,68,2,0,ok,
2026-07-22T01:32:13,torcy,221,146,0,ok,
2026-07-22T01:47:16,paris,1000,1000,0,ok,
2026-07-22T01:47:16,meaux,14,14,0,ok,
2026-07-22T01:47:16,chessy,85,73,0,ok,
2026-07-22T01:47:16,serris,68,2,0,ok,
2026-07-22T01:47:16,torcy,221,146,0,ok,
2026-07-22T02:02:28,paris,1000,1000,0,ok,
2026-07-22T02:02:28,meaux,14,14,0,ok,
2026-07-22T02:02:28,chessy,85,73,0,ok,
2026-07-22T02:02:28,serris,68,2,0,ok,
2026-07-22T02:02:28,torcy,221,146,0,ok,
2026-07-22T02:17:10,paris,1000,1000,0,ok,
2026-07-22T02:17:10,meaux,14,14,0,ok,
2026-07-22T02:17:10,chessy,85,73,0,ok,
2026-07-22T02:17:10,serris,68,2,0,ok,
2026-07-22T02:17:10,torcy,221,146,0,ok,
2026-07-22T02:32:21,paris,1000,1000,0,ok,
2026-07-22T02:32:21,meaux,14,14,0,ok,
2026-07-22T02:32:21,chessy,85,73,0,ok,
2026-07-22T02:32:21,serris,68,2,0,ok,
2026-07-22T02:32:21,torcy,221,146,0,ok,
2026-07-22T02:47:15,paris,1000,1000,0,ok,
2026-07-22T02:47:15,meaux,14,14,0,ok,
2026-07-22T02:47:15,chessy,85,73,0,ok,
2026-07-22T02:47:15,serris,68,2,0,ok,
2026-07-22T02:47:15,torcy,221,146,0,ok,
2026-07-22T03:02:44,paris,1000,1000,0,ok,
2026-07-22T03:02:44,meaux,14,14,0,ok,
2026-07-22T03:02:44,chessy,85,73,0,ok,
2026-07-22T03:02:44,serris,68,2,0,ok,
2026-07-22T03:02:44,torcy,221,146,0,ok,
2026-07-22T03:17:16,paris,1000,1000,0,ok,
2026-07-22T03:17:16,meaux,14,14,0,ok,
2026-07-22T03:17:16,chessy,85,73,0,ok,
2026-07-22T03:17:16,serris,68,2,0,ok,
2026-07-22T03:17:16,torcy,221,146,0,ok,
2026-07-22T03:32:54,paris,1000,1000,0,ok,
2026-07-22T03:32:54,meaux,14,14,0,ok,
2026-07-22T03:32:54,chessy,85,73,0,ok,
2026-07-22T03:32:54,serris,68,2,0,ok,
2026-07-22T03:32:54,torcy,221,146,0,ok,
2026-07-22T03:47:17,paris,1000,1000,0,ok,
2026-07-22T03:47:17,meaux,14,14,0,ok,
2026-07-22T03:47:17,chessy,85,73,0,ok,
2026-07-22T03:47:17,serris,68,2,0,ok,
2026-07-22T03:47:17,torcy,221,146,0,ok,
2026-07-22T04:02:36,paris,1000,1000,0,ok,
2026-07-22T04:02:36,meaux,14,14,0,ok,
2026-07-22T04:02:36,chessy,85,73,0,ok,
2026-07-22T04:02:36,serris,68,2,0,ok,
2026-07-22T04:02:36,torcy,221,146,0,ok,
2026-07-22T04:15:54,paris,1000,1000,0,ok,
2026-07-22T04:15:54,meaux,14,14,0,ok,
2026-07-22T04:15:54,chessy,85,73,0,ok,
2026-07-22T04:15:54,serris,68,2,0,ok,
2026-07-22T04:15:54,torcy,221,146,0,ok,
2026-07-22T04:32:26,paris,1000,1000,0,ok,
2026-07-22T04:32:26,meaux,14,14,0,ok,
2026-07-22T04:32:26,chessy,85,73,0,ok,
2026-07-22T04:32:26,serris,68,2,0,ok,
2026-07-22T04:32:26,torcy,221,146,0,ok,
2026-07-22T04:47:09,paris,1000,1000,0,ok,
2026-07-22T04:47:09,meaux,14,14,0,ok,
2026-07-22T04:47:09,chessy,85,73,0,ok,
2026-07-22T04:47:09,serris,68,2,0,ok,
2026-07-22T04:47:09,torcy,221,146,0,ok,
2026-07-22T05:02:36,paris,1000,1000,0,ok,
2026-07-22T05:02:36,meaux,14,14,0,ok,
2026-07-22T05:02:36,chessy,85,73,0,ok,
2026-07-22T05:02:36,serris,68,2,0,ok,
2026-07-22T05:02:36,torcy,221,146,0,ok,
2026-07-22T05:17:15,paris,1000,1000,0,ok,
2026-07-22T05:17:15,meaux,14,14,0,ok,
2026-07-22T05:17:15,chessy,85,73,0,ok,
2026-07-22T05:17:15,serris,68,2,0,ok,
2026-07-22T05:17:15,torcy,221,146,0,ok,
2026-07-22T05:32:24,paris,1000,1000,0,ok,
2026-07-22T05:32:24,meaux,14,14,0,ok,
2026-07-22T05:32:24,chessy,85,73,0,ok,
2026-07-22T05:32:24,serris,68,2,0,ok,
2026-07-22T05:32:24,torcy,221,146,0,ok,
2026-07-22T05:47:12,paris,1000,1000,0,ok,
2026-07-22T05:47:12,meaux,14,14,0,ok,
2026-07-22T05:47:12,chessy,85,73,0,ok,
2026-07-22T05:47:12,serris,68,2,0,ok,
2026-07-22T05:47:12,torcy,221,146,0,ok,
2026-07-22T06:02:42,paris,1000,1000,0,ok,
2026-07-22T06:02:42,meaux,14,14,0,ok,
2026-07-22T06:02:42,chessy,85,73,0,ok,
2026-07-22T06:02:42,serris,68,2,0,ok,
2026-07-22T06:02:42,torcy,221,146,0,ok,
2026-07-22T06:17:17,paris,1000,1000,0,ok,
2026-07-22T06:17:17,meaux,14,14,0,ok,
2026-07-22T06:17:17,chessy,85,73,0,ok,
2026-07-22T06:17:17,serris,68,2,0,ok,
2026-07-22T06:17:17,torcy,221,146,0,ok,
2026-07-22T06:32:26,paris,1000,1000,0,ok,
2026-07-22T06:32:26,meaux,14,14,0,ok,
2026-07-22T06:32:26,chessy,85,73,0,ok,
2026-07-22T06:32:26,serris,68,2,0,ok,
2026-07-22T06:32:26,torcy,221,146,0,ok,
2026-07-22T06:47:20,paris,1000,1000,0,ok,
2026-07-22T06:47:20,meaux,14,14,0,ok,
2026-07-22T06:47:20,chessy,85,73,0,ok,
2026-07-22T06:47:20,serris,68,2,0,ok,
2026-07-22T06:47:20,torcy,221,146,0,ok,
2026-07-22T07:02:44,paris,1000,1000,0,ok,
2026-07-22T07:02:44,meaux,14,14,0,ok,
2026-07-22T07:02:44,chessy,85,73,0,ok,
2026-07-22T07:02:44,serris,68,2,0,ok,
2026-07-22T07:02:44,torcy,221,146,0,ok,
2026-07-22T07:08:54,paris,1000,1000,0,ok,
2026-07-22T07:08:54,meaux,14,14,0,ok,
2026-07-22T07:08:54,chessy,85,73,0,ok,
2026-07-22T07:08:54,serris,68,2,0,ok,
2026-07-22T07:08:54,torcy,221,146,0,ok,
2026-07-22T07:17:21,paris,1000,1000,0,ok,
2026-07-22T07:17:21,meaux,14,14,0,ok,
2026-07-22T07:17:21,chessy,85,73,0,ok,
2026-07-22T07:17:21,serris,68,2,0,ok,
2026-07-22T07:17:21,torcy,221,146,0,ok,
2026-07-22T07:32:26,paris,1000,1000,0,ok,
2026-07-22T07:32:26,meaux,14,14,0,ok,
2026-07-22T07:32:26,chessy,85,73,0,ok,
2026-07-22T07:32:26,serris,68,2,0,ok,
2026-07-22T07:32:26,torcy,221,146,0,ok,
2026-07-22T07:47:20,paris,1000,1000,0,ok,
2026-07-22T07:47:20,meaux,14,14,0,ok,
2026-07-22T07:47:20,chessy,85,73,0,ok,
2026-07-22T07:47:20,serris,68,2,0,ok,
2026-07-22T07:47:20,torcy,221,146,0,ok,
2026-07-22T08:02:47,paris,1000,1000,0,ok,
2026-07-22T08:02:47,meaux,14,14,0,ok,
2026-07-22T08:02:47,chessy,85,73,0,ok,
2026-07-22T08:02:47,serris,68,2,0,ok,
2026-07-22T08:02:47,torcy,221,146,0,ok,
2026-07-22T08:17:15,paris,1000,1000,0,ok,
2026-07-22T08:17:15,meaux,14,14,0,ok,
2026-07-22T08:17:15,chessy,85,73,0,ok,
2026-07-22T08:17:15,serris,68,2,0,ok,
2026-07-22T08:17:15,torcy,221,146,0,ok,
2026-07-22T08:32:38,paris,1000,1000,0,ok,
2026-07-22T08:32:38,meaux,14,14,0,ok,
2026-07-22T08:32:38,chessy,85,73,0,ok,
2026-07-22T08:32:38,serris,68,2,0,ok,
2026-07-22T08:32:38,torcy,221,146,0,ok,
2026-07-22T08:47:20,paris,1000,1000,0,ok,
2026-07-22T08:47:20,meaux,14,14,0,ok,
2026-07-22T08:47:20,chessy,85,73,0,ok,
2026-07-22T08:47:20,serris,68,2,0,ok,
2026-07-22T08:47:20,torcy,221,146,0,ok,
2026-07-22T09:02:42,paris,1000,1000,0,ok,
2026-07-22T09:02:42,meaux,14,14,0,ok,
2026-07-22T09:02:42,chessy,85,73,0,ok,
2026-07-22T09:02:42,serris,68,2,0,ok,
2026-07-22T09:02:42,torcy,221,146,0,ok,
2026-07-22T09:17:22,paris,1000,1000,0,ok,
2026-07-22T09:17:22,meaux,14,14,0,ok,
2026-07-22T09:17:22,chessy,85,73,0,ok,
2026-07-22T09:17:22,serris,68,2,0,ok,
2026-07-22T09:17:22,torcy,222,147,0,ok,
2026-07-22T09:33:54,paris,1000,1000,0,ok,
2026-07-22T09:33:54,meaux,14,14,0,ok,
2026-07-22T09:33:54,chessy,85,73,0,ok,
2026-07-22T09:33:54,serris,68,2,0,ok,
2026-07-22T09:33:54,torcy,222,147,0,ok,
2026-07-22T09:47:29,paris,1000,1000,0,ok,
2026-07-22T09:47:29,meaux,14,14,0,ok,
2026-07-22T09:47:29,chessy,85,73,0,ok,
2026-07-22T09:47:29,serris,68,2,0,ok,
2026-07-22T09:47:29,torcy,222,147,0,ok,
2026-07-22T09:58:11,paris,1000,1000,0,ok,
2026-07-22T09:58:11,meaux,14,14,0,ok,
2026-07-22T09:58:11,chessy,85,73,0,ok,
2026-07-22T09:58:11,serris,68,2,0,ok,
2026-07-22T09:58:11,torcy,222,147,0,ok,
2026-07-22T10:02:57,paris,1000,1000,0,ok,
2026-07-22T10:02:57,meaux,14,14,0,ok,
2026-07-22T10:02:57,chessy,85,73,0,ok,
2026-07-22T10:02:57,serris,68,2,0,ok,
2026-07-22T10:02:57,torcy,222,147,0,ok,
2026-07-22T10:17:20,paris,1000,1000,0,ok,
2026-07-22T10:17:20,meaux,14,14,0,ok,
2026-07-22T10:17:20,chessy,85,73,0,ok,
2026-07-22T10:17:20,serris,68,2,0,ok,
2026-07-22T10:17:20,torcy,222,147,0,ok,
2026-07-22T10:32:32,paris,1000,1000,0,ok,
2026-07-22T10:32:32,meaux,14,14,0,ok,
2026-07-22T10:32:32,chessy,85,73,0,ok,
2026-07-22T10:32:32,serris,68,2,0,ok,
2026-07-22T10:32:32,torcy,222,147,0,ok,
2026-07-22T10:47:19,paris,1000,1000,0,ok,
2026-07-22T10:47:19,meaux,14,14,0,ok,
2026-07-22T10:47:19,chessy,85,73,0,ok,
2026-07-22T10:47:19,serris,68,2,0,ok,
2026-07-22T10:47:19,torcy,222,147,0,ok,
2026-07-22T11:02:43,paris,1000,1000,0,ok,
2026-07-22T11:02:43,meaux,14,14,0,ok,
2026-07-22T11:02:43,chessy,85,73,0,ok,
2026-07-22T11:02:43,serris,68,2,0,ok,
2026-07-22T11:02:43,torcy,222,147,0,ok,
2026-07-22T11:17:22,paris,1000,1000,0,ok,
2026-07-22T11:17:22,meaux,14,14,0,ok,
2026-07-22T11:17:22,chessy,85,73,0,ok,
2026-07-22T11:17:22,serris,68,2,0,ok,
2026-07-22T11:17:22,torcy,222,147,0,ok,
2026-07-22T11:32:29,paris,1000,1000,0,ok,
2026-07-22T11:32:29,meaux,14,14,0,ok,
2026-07-22T11:32:29,chessy,85,73,0,ok,
2026-07-22T11:32:29,serris,68,2,0,ok,
2026-07-22T11:32:29,torcy,222,147,0,ok,
2026-07-22T11:47:19,paris,1000,1000,0,ok,
2026-07-22T11:47:19,meaux,14,14,0,ok,
2026-07-22T11:47:19,chessy,85,73,0,ok,
2026-07-22T11:47:19,serris,68,2,0,ok,
2026-07-22T11:47:19,torcy,222,147,0,ok,
2026-07-22T12:03:53,paris,1000,1000,0,ok,
2026-07-22T12:03:53,meaux,14,14,0,ok,
2026-07-22T12:03:53,chessy,85,73,0,ok,
2026-07-22T12:03:53,serris,68,2,0,ok,
2026-07-22T12:03:53,torcy,222,147,0,ok,
2026-07-22T12:17:25,paris,1000,1000,0,ok,
2026-07-22T12:17:25,meaux,14,14,0,ok,
2026-07-22T12:17:25,chessy,85,73,0,ok,
2026-07-22T12:17:25,serris,68,2,0,ok,
2026-07-22T12:17:25,torcy,222,147,0,ok,
2026-07-22T12:32:37,paris,1000,1000,0,ok,
2026-07-22T12:32:37,meaux,14,14,0,ok,
2026-07-22T12:32:37,chessy,85,73,0,ok,
2026-07-22T12:32:37,serris,68,2,0,ok,
2026-07-22T12:32:37,torcy,222,147,0,ok,
2026-07-22T12:47:47,paris,1000,1000,0,ok,
2026-07-22T12:47:47,meaux,14,14,0,ok,
2026-07-22T12:47:47,chessy,85,73,0,ok,
2026-07-22T12:47:47,serris,68,2,0,ok,
2026-07-22T12:47:47,torcy,222,147,0,ok,
2026-07-22T13:03:04,paris,1000,1000,0,ok,
2026-07-22T13:03:04,meaux,14,14,0,ok,
2026-07-22T13:03:04,chessy,85,73,0,ok,
2026-07-22T13:03:04,serris,68,2,0,ok,
2026-07-22T13:03:04,torcy,222,147,0,ok,
2026-07-22T13:17:28,paris,1000,1000,0,ok,
2026-07-22T13:17:28,meaux,14,14,0,ok,
2026-07-22T13:17:28,chessy,85,73,0,ok,
2026-07-22T13:17:28,serris,68,2,0,ok,
2026-07-22T13:17:28,torcy,222,147,0,ok,
2026-07-22T13:32:45,paris,1000,1000,0,ok,
2026-07-22T13:32:45,meaux,14,14,0,ok,
2026-07-22T13:32:45,chessy,85,73,0,ok,
2026-07-22T13:32:45,serris,68,2,0,ok,
2026-07-22T13:32:45,torcy,222,147,0,ok,
2026-07-22T13:41:41,paris,1000,1000,0,ok,
2026-07-22T13:41:41,meaux,14,14,0,ok,
2026-07-22T13:41:41,chessy,85,73,0,ok,
2026-07-22T13:41:41,serris,68,2,0,ok,
2026-07-22T13:41:41,torcy,222,147,0,ok,
2026-07-22T13:47:29,paris,1000,1000,0,ok,
2026-07-22T13:47:29,meaux,14,14,0,ok,
2026-07-22T13:47:29,chessy,85,73,0,ok,
2026-07-22T13:47:29,serris,68,2,0,ok,
2026-07-22T13:47:29,torcy,222,147,0,ok,
2026-07-22T14:02:58,paris,1000,1000,0,ok,
2026-07-22T14:02:58,meaux,14,14,0,ok,
2026-07-22T14:02:58,chessy,85,73,0,ok,
2026-07-22T14:02:58,serris,68,2,0,ok,
2026-07-22T14:02:58,torcy,222,147,0,ok,
2026-07-22T14:17:26,paris,1000,1000,0,ok,
2026-07-22T14:17:26,meaux,14,14,0,ok,
2026-07-22T14:17:26,chessy,85,73,0,ok,
2026-07-22T14:17:26,serris,68,2,0,ok,
2026-07-22T14:17:26,torcy,222,147,0,ok,
2026-07-22T14:32:43,paris,1000,1000,0,ok,
2026-07-22T14:32:43,meaux,14,14,0,ok,
2026-07-22T14:32:43,chessy,85,73,0,ok,
2026-07-22T14:32:43,serris,68,2,0,ok,
2026-07-22T14:32:43,torcy,222,147,0,ok,
2026-07-22T14:47:28,paris,1000,1000,0,ok,
2026-07-22T14:47:28,meaux,14,14,0,ok,
2026-07-22T14:47:28,chessy,85,73,0,ok,
2026-07-22T14:47:28,serris,68,2,0,ok,
2026-07-22T14:47:28,torcy,222,147,0,ok,
2026-07-22T15:02:58,paris,1000,1000,0,ok,
2026-07-22T15:02:58,meaux,14,14,0,ok,
2026-07-22T15:02:58,chessy,85,73,0,ok,
2026-07-22T15:02:58,serris,68,2,0,ok,
2026-07-22T15:02:58,torcy,222,147,0,ok,
2026-07-22T15:17:30,paris,1000,1000,0,ok,
2026-07-22T15:17:30,meaux,14,14,0,ok,
2026-07-22T15:17:30,chessy,85,73,0,ok,
2026-07-22T15:17:30,serris,68,2,0,ok,
2026-07-22T15:17:30,torcy,222,147,0,ok,
2026-07-22T15:30:44,paris,1000,1000,0,ok,
2026-07-22T15:30:44,meaux,14,14,0,ok,
2026-07-22T15:30:44,chessy,85,73,0,ok,
2026-07-22T15:30:44,serris,68,2,0,ok,
2026-07-22T15:30:44,torcy,222,147,0,ok,
2026-07-22T15:47:43,paris,1000,1000,0,ok,
2026-07-22T15:47:43,meaux,14,14,0,ok,
2026-07-22T15:47:43,chessy,85,73,0,ok,
2026-07-22T15:47:43,serris,68,2,0,ok,
2026-07-22T15:47:43,torcy,222,147,0,ok,
2026-07-22T16:03:01,paris,1000,1000,0,ok,
2026-07-22T16:03:01,meaux,14,14,0,ok,
2026-07-22T16:03:01,chessy,85,73,0,ok,
2026-07-22T16:03:01,serris,68,2,0,ok,
2026-07-22T16:03:01,torcy,222,147,0,ok,
2026-07-22T16:17:30,paris,1000,1000,0,ok,
2026-07-22T16:17:30,meaux,14,14,0,ok,
2026-07-22T16:17:30,chessy,85,73,0,ok,
2026-07-22T16:17:30,serris,68,2,0,ok,
2026-07-22T16:17:30,torcy,222,147,0,ok,
2026-07-22T16:32:40,paris,1000,1000,0,ok,
2026-07-22T16:32:40,meaux,14,14,0,ok,
2026-07-22T16:32:40,chessy,85,73,0,ok,
2026-07-22T16:32:40,serris,68,2,0,ok,
2026-07-22T16:32:40,torcy,222,147,0,ok,
2026-07-22T16:47:28,paris,1000,1000,0,ok,
2026-07-22T16:47:28,meaux,14,14,0,ok,
2026-07-22T16:47:28,chessy,85,73,0,ok,
2026-07-22T16:47:28,serris,68,2,0,ok,
2026-07-22T16:47:28,torcy,222,147,0,ok,
2026-07-22T16:58:46,paris,1000,1000,0,ok,
2026-07-22T16:58:46,meaux,14,14,0,ok,
2026-07-22T16:58:46,chessy,85,73,0,ok,
2026-07-22T16:58:46,serris,68,2,0,ok,
2026-07-22T16:58:46,torcy,222,147,0,ok,
2026-07-22T17:02:46,paris,1000,1000,0,ok,
2026-07-22T17:02:46,meaux,14,14,0,ok,
2026-07-22T17:02:46,chessy,86,74,0,ok,
2026-07-22T17:02:46,serris,69,2,0,ok,
2026-07-22T17:02:46,torcy,223,147,0,ok,
2026-07-22T17:17:25,paris,1000,1000,0,ok,
2026-07-22T17:17:25,meaux,14,14,0,ok,
2026-07-22T17:17:25,chessy,86,74,0,ok,
2026-07-22T17:17:25,serris,69,2,0,ok,
2026-07-22T17:17:25,torcy,223,147,0,ok,
2026-07-22T17:32:34,paris,1000,1000,0,ok,
2026-07-22T17:32:34,meaux,14,14,0,ok,
2026-07-22T17:32:34,chessy,86,74,0,ok,
2026-07-22T17:32:34,serris,69,2,0,ok,
2026-07-22T17:32:34,torcy,223,147,0,ok,
2026-07-22T17:47:23,paris,1000,1000,0,ok,
2026-07-22T17:47:23,meaux,14,14,0,ok,
2026-07-22T17:47:23,chessy,85,73,0,ok,
2026-07-22T17:47:23,serris,68,2,0,ok,
2026-07-22T17:47:23,torcy,222,147,0,ok,
2026-07-22T18:02:55,paris,1000,1000,0,ok,
2026-07-22T18:02:55,meaux,14,14,0,ok,
2026-07-22T18:02:55,chessy,85,73,0,ok,
2026-07-22T18:02:55,serris,68,2,0,ok,
2026-07-22T18:02:55,torcy,222,147,0,ok,
2026-07-22T18:09:05,paris,1000,1000,0,ok,
2026-07-22T18:09:05,meaux,14,14,0,ok,
2026-07-22T18:09:05,chessy,85,73,0,ok,
2026-07-22T18:09:05,serris,68,2,0,ok,
2026-07-22T18:09:05,torcy,222,147,0,ok,
2026-07-22T18:17:26,paris,1000,1000,0,ok,
2026-07-22T18:17:26,meaux,14,14,0,ok,
2026-07-22T18:17:26,chessy,85,73,0,ok,
2026-07-22T18:17:26,serris,68,2,0,ok,
2026-07-22T18:17:26,torcy,222,147,0,ok,
2026-07-22T18:33:36,paris,1000,1000,0,ok,
2026-07-22T18:33:36,meaux,14,14,0,ok,
2026-07-22T18:33:36,chessy,85,73,0,ok,
2026-07-22T18:33:36,serris,68,2,0,ok,
2026-07-22T18:33:36,torcy,222,147,0,ok,
2026-07-22T18:47:31,paris,1000,1000,0,ok,
2026-07-22T18:47:31,meaux,14,14,0,ok,
2026-07-22T18:47:31,chessy,85,73,0,ok,
2026-07-22T18:47:31,serris,68,2,0,ok,
2026-07-22T18:47:31,torcy,222,147,0,ok,
2026-07-22T19:02:59,paris,1000,1000,0,ok,
2026-07-22T19:02:59,meaux,14,14,0,ok,
2026-07-22T19:02:59,chessy,85,73,0,ok,
2026-07-22T19:02:59,serris,68,2,0,ok,
2026-07-22T19:02:59,torcy,222,147,0,ok,
2026-07-22T19:17:36,paris,1000,1000,0,ok,
2026-07-22T19:17:36,meaux,14,14,0,ok,
2026-07-22T19:17:36,chessy,85,73,0,ok,
2026-07-22T19:17:36,serris,68,2,0,ok,
2026-07-22T19:17:36,torcy,222,147,0,ok,
2026-07-22T19:32:28,paris,1000,1000,0,ok,
2026-07-22T19:32:28,meaux,14,14,0,ok,
2026-07-22T19:32:28,chessy,85,73,0,ok,
2026-07-22T19:32:28,serris,68,2,0,ok,
2026-07-22T19:32:28,torcy,222,147,0,ok,
2026-07-22T19:47:28,paris,1000,1000,0,ok,
2026-07-22T19:47:28,meaux,14,14,0,ok,
2026-07-22T19:47:28,chessy,85,73,0,ok,
2026-07-22T19:47:28,serris,68,2,0,ok,
2026-07-22T19:47:28,torcy,222,147,0,ok,
2026-07-22T19:53:46,paris,1000,1000,0,ok,
2026-07-22T19:53:46,meaux,14,14,0,ok,
2026-07-22T19:53:46,chessy,85,73,0,ok,
2026-07-22T19:53:46,serris,68,2,0,ok,
2026-07-22T19:53:46,torcy,222,147,0,ok,
2026-07-22T20:02:40,paris,1000,1000,0,ok,
2026-07-22T20:02:40,meaux,14,14,0,ok,
2026-07-22T20:02:40,chessy,85,73,0,ok,
2026-07-22T20:02:40,serris,68,2,0,ok,
2026-07-22T20:02:40,torcy,222,147,0,ok,
2026-07-22T20:17:26,paris,1000,1000,0,ok,
2026-07-22T20:17:26,meaux,14,14,0,ok,
2026-07-22T20:17:26,chessy,85,73,0,ok,
2026-07-22T20:17:26,serris,68,2,0,ok,
2026-07-22T20:17:26,torcy,222,147,0,ok,
2026-07-22T20:32:28,paris,1000,1000,0,ok,
2026-07-22T20:32:28,meaux,14,14,0,ok,
2026-07-22T20:32:28,chessy,85,73,0,ok,
2026-07-22T20:32:28,serris,68,2,0,ok,
2026-07-22T20:32:28,torcy,222,147,0,ok,
2026-07-22T20:47:18,paris,1000,1000,0,ok,
2026-07-22T20:47:18,meaux,14,14,0,ok,
2026-07-22T20:47:18,chessy,85,73,0,ok,
2026-07-22T20:47:18,serris,68,2,0,ok,
2026-07-22T20:47:18,torcy,222,147,0,ok,
2026-07-22T21:02:15,paris,1000,1000,0,ok,
2026-07-22T21:02:15,meaux,14,14,0,ok,
2026-07-22T21:02:15,chessy,85,73,0,ok,
2026-07-22T21:02:15,serris,68,2,0,ok,
2026-07-22T21:02:15,torcy,221,146,0,ok,
2026-07-22T21:18:26,paris,1000,1000,0,ok,
2026-07-22T21:18:26,meaux,14,14,0,ok,
2026-07-22T21:18:26,chessy,85,73,0,ok,
2026-07-22T21:18:26,serris,68,2,0,ok,
2026-07-22T21:18:26,torcy,221,146,0,ok,
2026-07-22T21:32:36,paris,1000,1000,0,ok,
2026-07-22T21:32:36,meaux,14,14,0,ok,
2026-07-22T21:32:36,chessy,85,73,0,ok,
2026-07-22T21:32:36,serris,68,2,0,ok,
2026-07-22T21:32:36,torcy,222,147,0,ok,
2026-07-22T21:53:49,paris,1000,1000,0,ok,
2026-07-22T21:53:49,meaux,14,14,0,ok,
2026-07-22T21:53:49,chessy,85,73,0,ok,
2026-07-22T21:53:49,serris,68,2,0,ok,
2026-07-22T21:53:49,torcy,222,147,0,ok,
2026-07-22T22:02:49,paris,1000,1000,0,ok,
2026-07-22T22:02:49,meaux,14,14,0,ok,
2026-07-22T22:02:49,chessy,85,73,0,ok,
2026-07-22T22:02:49,serris,68,2,0,ok,
2026-07-22T22:02:49,torcy,222,147,0,ok,
2026-07-22T22:17:28,paris,1000,1000,0,ok,
2026-07-22T22:17:28,meaux,14,14,0,ok,
2026-07-22T22:17:28,chessy,85,73,0,ok,
2026-07-22T22:17:28,serris,68,2,0,ok,
2026-07-22T22:17:28,torcy,222,147,0,ok,
2026-07-22T22:32:24,paris,1000,1000,0,ok,
2026-07-22T22:32:24,meaux,14,14,0,ok,
2026-07-22T22:32:24,chessy,85,73,0,ok,
2026-07-22T22:32:24,serris,68,2,0,ok,
2026-07-22T22:32:24,torcy,222,147,0,ok,
2026-07-22T22:47:31,paris,1000,1000,0,ok,
2026-07-22T22:47:31,meaux,14,14,0,ok,
2026-07-22T22:47:31,chessy,85,73,0,ok,
2026-07-22T22:47:31,serris,68,2,0,ok,
2026-07-22T22:47:31,torcy,222,147,0,ok,
2026-07-22T23:02:33,paris,1000,1000,0,ok,
2026-07-22T23:02:33,meaux,14,14,0,ok,
2026-07-22T23:02:33,chessy,85,73,0,ok,
2026-07-22T23:02:33,serris,68,2,0,ok,
2026-07-22T23:02:33,torcy,222,147,0,ok,
2026-07-22T23:17:20,paris,1000,1000,0,ok,
2026-07-22T23:17:20,meaux,14,14,0,ok,
2026-07-22T23:17:20,chessy,85,73,0,ok,
2026-07-22T23:17:20,serris,68,2,0,ok,
2026-07-22T23:17:20,torcy,222,147,0,ok,
2026-07-22T23:32:37,paris,1000,1000,0,ok,
2026-07-22T23:32:37,meaux,14,14,0,ok,
2026-07-22T23:32:37,chessy,85,73,0,ok,
2026-07-22T23:32:37,serris,68,2,0,ok,
2026-07-22T23:32:37,torcy,222,147,0,ok,
2026-07-22T23:47:19,paris,1000,1000,0,ok,
2026-07-22T23:47:19,meaux,14,14,0,ok,
2026-07-22T23:47:19,chessy,85,73,0,ok,
2026-07-22T23:47:19,serris,68,2,0,ok,
2026-07-22T23:47:19,torcy,222,147,0,ok,
2026-07-23T00:00:09,paris,1000,1000,0,ok,
2026-07-23T00:00:09,meaux,14,14,0,ok,
2026-07-23T00:00:09,chessy,85,73,0,ok,
2026-07-23T00:00:09,serris,68,2,0,ok,
2026-07-23T00:00:09,torcy,222,147,0,ok,
2026-07-23T00:02:37,paris,1000,1000,0,ok,
2026-07-23T00:02:37,meaux,14,14,0,ok,
2026-07-23T00:02:37,chessy,85,73,0,ok,
2026-07-23T00:02:37,serris,68,2,0,ok,
2026-07-23T00:02:37,torcy,222,147,0,ok,
2026-07-23T00:17:21,paris,1000,1000,0,ok,
2026-07-23T00:17:21,meaux,14,14,0,ok,
2026-07-23T00:17:21,chessy,85,73,0,ok,
2026-07-23T00:17:21,serris,68,2,0,ok,
2026-07-23T00:17:21,torcy,222,147,0,ok,
2026-07-23T00:32:27,paris,1000,1000,0,ok,
2026-07-23T00:32:27,meaux,14,14,0,ok,
2026-07-23T00:32:27,chessy,85,73,0,ok,
2026-07-23T00:32:27,serris,68,2,0,ok,
2026-07-23T00:32:27,torcy,222,147,0,ok,
2026-07-23T00:47:22,paris,1000,1000,0,ok,
2026-07-23T00:47:22,meaux,14,14,0,ok,
2026-07-23T00:47:22,chessy,85,73,0,ok,
2026-07-23T00:47:22,serris,68,2,0,ok,
2026-07-23T00:47:22,torcy,222,147,0,ok,
2026-07-23T01:02:38,paris,1000,1000,0,ok,
2026-07-23T01:02:38,meaux,14,14,0,ok,
2026-07-23T01:02:38,chessy,85,73,0,ok,
2026-07-23T01:02:38,serris,68,2,0,ok,
2026-07-23T01:02:38,torcy,222,147,0,ok,
2026-07-23T01:17:16,paris,1000,1000,0,ok,
2026-07-23T01:17:16,meaux,14,14,0,ok,
2026-07-23T01:17:16,chessy,85,73,0,ok,
2026-07-23T01:17:16,serris,68,2,0,ok,
2026-07-23T01:17:16,torcy,222,147,0,ok,
2026-07-23T01:33:03,paris,1000,1000,0,ok,
2026-07-23T01:33:03,meaux,14,14,0,ok,
2026-07-23T01:33:03,chessy,85,73,0,ok,
2026-07-23T01:33:03,serris,68,2,0,ok,
2026-07-23T01:33:03,torcy,222,147,0,ok,
2026-07-23T01:47:17,paris,1000,1000,0,ok,
2026-07-23T01:47:17,meaux,14,14,0,ok,
2026-07-23T01:47:17,chessy,85,73,0,ok,
2026-07-23T01:47:17,serris,68,2,0,ok,
2026-07-23T01:47:17,torcy,222,147,0,ok,
2026-07-23T02:02:32,paris,1000,1000,0,ok,
2026-07-23T02:02:32,meaux,14,14,0,ok,
2026-07-23T02:02:32,chessy,85,73,0,ok,
2026-07-23T02:02:32,serris,68,2,0,ok,
2026-07-23T02:02:32,torcy,222,147,0,ok,
2026-07-23T02:17:19,paris,1000,1000,0,ok,
2026-07-23T02:17:19,meaux,14,14,0,ok,
2026-07-23T02:17:19,chessy,85,73,0,ok,
2026-07-23T02:17:19,serris,68,2,0,ok,
2026-07-23T02:17:19,torcy,222,147,0,ok,
2026-07-23T02:32:28,paris,1000,1000,0,ok,
2026-07-23T02:32:28,meaux,14,14,0,ok,
2026-07-23T02:32:28,chessy,85,73,0,ok,
2026-07-23T02:32:28,serris,68,2,0,ok,
2026-07-23T02:32:28,torcy,222,147,0,ok,
2026-07-23T02:47:17,paris,1000,1000,0,ok,
2026-07-23T02:47:17,meaux,14,14,0,ok,
2026-07-23T02:47:17,chessy,85,73,0,ok,
2026-07-23T02:47:17,serris,68,2,0,ok,
2026-07-23T02:47:17,torcy,222,147,0,ok,
2026-07-23T03:02:40,paris,1000,1000,0,ok,
2026-07-23T03:02:40,meaux,14,14,0,ok,
2026-07-23T03:02:40,chessy,85,73,0,ok,
2026-07-23T03:02:40,serris,68,2,0,ok,
2026-07-23T03:02:40,torcy,222,147,0,ok,
2026-07-23T03:17:23,paris,1000,1000,0,ok,
2026-07-23T03:17:23,meaux,14,14,0,ok,
2026-07-23T03:17:23,chessy,85,73,0,ok,
2026-07-23T03:17:23,serris,68,2,0,ok,
2026-07-23T03:17:23,torcy,222,147,0,ok,
2026-07-23T03:32:28,paris,1000,1000,0,ok,
2026-07-23T03:32:28,meaux,14,14,0,ok,
2026-07-23T03:32:28,chessy,85,73,0,ok,
2026-07-23T03:32:28,serris,68,2,0,ok,
2026-07-23T03:32:28,torcy,222,147,0,ok,
2026-07-23T03:47:22,paris,1000,1000,0,ok,
2026-07-23T03:47:22,meaux,14,14,0,ok,
2026-07-23T03:47:22,chessy,85,73,0,ok,
2026-07-23T03:47:22,serris,68,2,0,ok,
2026-07-23T03:47:22,torcy,222,147,0,ok,
2026-07-23T04:02:42,paris,1000,1000,0,ok,
2026-07-23T04:02:42,meaux,14,14,0,ok,
2026-07-23T04:02:42,chessy,85,73,0,ok,
2026-07-23T04:02:42,serris,68,2,0,ok,
2026-07-23T04:02:42,torcy,222,147,0,ok,
2026-07-23T04:17:15,paris,1000,1000,0,ok,
2026-07-23T04:17:15,meaux,14,14,0,ok,
2026-07-23T04:17:15,chessy,85,73,0,ok,
2026-07-23T04:17:15,serris,68,2,0,ok,
2026-07-23T04:17:15,torcy,222,147,0,ok,
2026-07-23T04:32:28,paris,1000,1000,0,ok,
2026-07-23T04:32:28,meaux,14,14,0,ok,
2026-07-23T04:32:28,chessy,85,73,0,ok,
2026-07-23T04:32:28,serris,68,2,0,ok,
2026-07-23T04:32:28,torcy,222,147,0,ok,
2026-07-23T04:47:25,paris,1000,1000,0,ok,
2026-07-23T04:47:25,meaux,14,14,0,ok,
2026-07-23T04:47:25,chessy,85,73,0,ok,
2026-07-23T04:47:25,serris,68,2,0,ok,
2026-07-23T04:47:25,torcy,222,147,0,ok,
2026-07-23T05:02:35,paris,1000,1000,0,ok,
2026-07-23T05:02:35,meaux,14,14,0,ok,
2026-07-23T05:02:35,chessy,85,73,0,ok,
2026-07-23T05:02:35,serris,68,2,0,ok,
2026-07-23T05:02:35,torcy,222,147,0,ok,
2026-07-23T05:17:24,paris,1000,1000,0,ok,
2026-07-23T05:17:24,meaux,14,14,0,ok,
2026-07-23T05:17:24,chessy,85,73,0,ok,
2026-07-23T05:17:24,serris,68,2,0,ok,
2026-07-23T05:17:24,torcy,222,147,0,ok,
2026-07-23T05:32:37,paris,1000,1000,0,ok,
2026-07-23T05:32:37,meaux,14,14,0,ok,
2026-07-23T05:32:37,chessy,85,73,0,ok,
2026-07-23T05:32:37,serris,68,2,0,ok,
2026-07-23T05:32:37,torcy,222,147,0,ok,
2026-07-23T05:47:22,paris,1000,1000,0,ok,
2026-07-23T05:47:22,meaux,14,14,0,ok,
2026-07-23T05:47:22,chessy,85,73,0,ok,
2026-07-23T05:47:22,serris,68,2,0,ok,
2026-07-23T05:47:22,torcy,222,147,0,ok,
2026-07-23T06:02:53,paris,1000,1000,0,ok,
2026-07-23T06:02:53,meaux,14,14,0,ok,
2026-07-23T06:02:53,chessy,85,73,0,ok,
2026-07-23T06:02:53,serris,68,2,0,ok,
2026-07-23T06:02:53,torcy,222,147,0,ok,
2026-07-23T06:16:36,paris,1000,1000,0,ok,
2026-07-23T06:16:36,meaux,14,14,0,ok,
2026-07-23T06:16:36,chessy,85,73,0,ok,
2026-07-23T06:16:36,serris,68,2,0,ok,
2026-07-23T06:16:36,torcy,222,147,0,ok,
2026-07-23T06:32:42,paris,1000,1000,0,ok,
2026-07-23T06:32:42,meaux,14,14,0,ok,
2026-07-23T06:32:42,chessy,85,73,0,ok,
2026-07-23T06:32:42,serris,68,2,0,ok,
2026-07-23T06:32:42,torcy,222,147,0,ok,
2026-07-23T06:47:30,paris,1000,1000,0,ok,
2026-07-23T06:47:30,meaux,14,14,0,ok,
2026-07-23T06:47:30,chessy,85,73,0,ok,
2026-07-23T06:47:30,serris,68,2,0,ok,
2026-07-23T06:47:30,torcy,222,147,0,ok,
2026-07-23T07:02:58,paris,1000,1000,0,ok,
2026-07-23T07:02:58,meaux,14,14,0,ok,
2026-07-23T07:02:58,chessy,85,73,0,ok,
2026-07-23T07:02:58,serris,68,2,0,ok,
2026-07-23T07:02:58,torcy,222,147,0,ok,
2026-07-23T07:17:22,paris,1000,1000,0,ok,
2026-07-23T07:17:22,meaux,14,14,0,ok,
2026-07-23T07:17:22,chessy,85,73,0,ok,
2026-07-23T07:17:22,serris,68,2,0,ok,
2026-07-23T07:17:22,torcy,222,147,0,ok,
2026-07-23T07:32:40,paris,1000,1000,0,ok,
2026-07-23T07:32:40,meaux,14,14,0,ok,
2026-07-23T07:32:40,chessy,85,73,0,ok,
2026-07-23T07:32:40,serris,68,2,0,ok,
2026-07-23T07:32:40,torcy,222,147,0,ok,
2026-07-23T07:47:19,paris,1000,1000,0,ok,
2026-07-23T07:47:19,meaux,14,14,0,ok,
2026-07-23T07:47:19,chessy,85,73,0,ok,
2026-07-23T07:47:19,serris,68,2,0,ok,
2026-07-23T07:47:19,torcy,222,147,0,ok,
2026-07-23T08:02:49,paris,1000,1000,0,ok,
2026-07-23T08:02:49,meaux,14,14,0,ok,
2026-07-23T08:02:49,chessy,85,73,0,ok,
2026-07-23T08:02:49,serris,68,2,0,ok,
2026-07-23T08:02:49,torcy,222,147,0,ok,
2026-07-23T08:17:18,paris,1000,1000,0,ok,
2026-07-23T08:17:18,meaux,14,14,0,ok,
2026-07-23T08:17:18,chessy,85,73,0,ok,
2026-07-23T08:17:18,serris,68,2,0,ok,
2026-07-23T08:17:18,torcy,222,147,0,ok,
2026-07-23T08:32:35,paris,1000,1000,0,ok,
2026-07-23T08:32:35,meaux,14,14,0,ok,
2026-07-23T08:32:35,chessy,85,73,0,ok,
2026-07-23T08:32:35,serris,68,2,0,ok,
2026-07-23T08:32:35,torcy,222,147,0,ok,
2026-07-23T08:50:21,paris,1000,1000,0,ok,
2026-07-23T08:50:21,meaux,14,14,0,ok,
2026-07-23T08:50:21,chessy,85,73,0,ok,
2026-07-23T08:50:21,serris,68,2,0,ok,
2026-07-23T08:50:21,torcy,222,147,0,ok,
2026-07-23T09:03:02,paris,1000,1000,0,ok,
2026-07-23T09:03:02,meaux,14,14,0,ok,
2026-07-23T09:03:02,chessy,85,73,0,ok,
2026-07-23T09:03:02,serris,68,2,0,ok,
2026-07-23T09:03:02,torcy,222,147,0,ok,
2026-07-23T09:07:53,paris,1000,1000,0,ok,
2026-07-23T09:07:53,meaux,14,14,0,ok,
2026-07-23T09:07:53,chessy,85,73,0,ok,
2026-07-23T09:07:53,serris,68,2,0,ok,
2026-07-23T09:07:53,torcy,222,147,0,ok,
2026-07-23T09:17:37,paris,1000,1000,0,ok,
2026-07-23T09:17:37,meaux,14,14,0,ok,
2026-07-23T09:17:37,chessy,85,73,0,ok,
2026-07-23T09:17:37,serris,68,2,0,ok,
2026-07-23T09:17:37,torcy,223,148,0,ok,
2026-07-23T09:33:01,paris,1000,1000,0,ok,
2026-07-23T09:33:01,meaux,14,14,0,ok,
2026-07-23T09:33:01,chessy,85,73,0,ok,
2026-07-23T09:33:01,serris,68,2,0,ok,
2026-07-23T09:33:01,torcy,223,148,0,ok,
2026-07-23T09:47:30,paris,1000,1000,0,ok,
2026-07-23T09:47:30,meaux,14,14,0,ok,
2026-07-23T09:47:30,chessy,85,73,0,ok,
2026-07-23T09:47:30,serris,68,2,0,ok,
2026-07-23T09:47:30,torcy,223,148,0,ok,
2026-07-23T10:03:00,paris,1000,1000,0,ok,
2026-07-23T10:03:00,meaux,14,14,0,ok,
2026-07-23T10:03:00,chessy,85,73,0,ok,
2026-07-23T10:03:00,serris,68,2,0,ok,
2026-07-23T10:03:00,torcy,223,148,0,ok,
2026-07-23T10:17:37,paris,1000,1000,0,ok,
2026-07-23T10:17:37,meaux,14,14,0,ok,
2026-07-23T10:17:37,chessy,85,73,0,ok,
2026-07-23T10:17:37,serris,68,2,0,ok,
2026-07-23T10:17:37,torcy,223,148,0,ok,
2026-07-23T10:32:41,paris,1000,1000,0,ok,
2026-07-23T10:32:41,meaux,14,14,0,ok,
2026-07-23T10:32:41,chessy,85,73,0,ok,
2026-07-23T10:32:41,serris,68,2,0,ok,
2026-07-23T10:32:41,torcy,223,148,0,ok,
2026-07-23T10:48:22,paris,1000,1000,0,ok,
2026-07-23T10:48:22,meaux,14,14,0,ok,
2026-07-23T10:48:22,chessy,85,73,0,ok,
2026-07-23T10:48:22,serris,68,2,0,ok,
2026-07-23T10:48:22,torcy,223,148,0,ok,
2026-07-23T11:03:02,paris,1000,1000,0,ok,
2026-07-23T11:03:02,meaux,14,14,0,ok,
2026-07-23T11:03:02,chessy,85,73,0,ok,
2026-07-23T11:03:02,serris,68,2,0,ok,
2026-07-23T11:03:02,torcy,223,148,0,ok,
2026-07-23T11:17:35,paris,1000,1000,0,ok,
2026-07-23T11:17:35,meaux,14,14,0,ok,
2026-07-23T11:17:35,chessy,85,73,0,ok,
2026-07-23T11:17:35,serris,68,2,0,ok,
2026-07-23T11:17:35,torcy,223,148,0,ok,
2026-07-23T11:25:47,paris,1000,1000,0,ok,
2026-07-23T11:25:47,meaux,14,14,0,ok,
2026-07-23T11:25:47,chessy,85,73,0,ok,
2026-07-23T11:25:47,serris,68,2,0,ok,
2026-07-23T11:25:47,torcy,223,148,0,ok,
2026-07-23T11:32:45,paris,1000,1000,0,ok,
2026-07-23T11:32:45,meaux,14,14,0,ok,
2026-07-23T11:32:45,chessy,85,73,0,ok,
2026-07-23T11:32:45,serris,68,2,0,ok,
2026-07-23T11:32:45,torcy,223,148,0,ok,
2026-07-23T11:47:31,paris,1000,1000,0,ok,
2026-07-23T11:47:31,meaux,14,14,0,ok,
2026-07-23T11:47:31,chessy,85,73,0,ok,
2026-07-23T11:47:31,serris,68,2,0,ok,
2026-07-23T11:47:31,torcy,223,148,0,ok,
2026-07-23T12:03:02,paris,1000,1000,0,ok,
2026-07-23T12:03:02,meaux,14,14,0,ok,
2026-07-23T12:03:02,chessy,85,73,0,ok,
2026-07-23T12:03:02,serris,68,2,0,ok,
2026-07-23T12:03:02,torcy,223,148,0,ok,
2026-07-23T12:17:35,paris,1000,1000,0,ok,
2026-07-23T12:17:35,meaux,14,14,0,ok,
2026-07-23T12:17:35,chessy,85,73,0,ok,
2026-07-23T12:17:35,serris,68,2,0,ok,
2026-07-23T12:17:35,torcy,223,148,0,ok,
2026-07-23T12:32:49,paris,1000,1000,0,ok,
2026-07-23T12:32:49,meaux,14,14,0,ok,
2026-07-23T12:32:49,chessy,85,73,0,ok,
2026-07-23T12:32:49,serris,68,2,0,ok,
2026-07-23T12:32:49,torcy,223,148,0,ok,
2026-07-23T12:47:32,paris,1000,1000,0,ok,
2026-07-23T12:47:32,meaux,14,14,0,ok,
2026-07-23T12:47:32,chessy,85,73,0,ok,
2026-07-23T12:47:32,serris,68,2,0,ok,
2026-07-23T12:47:32,torcy,223,148,0,ok,
2026-07-23T12:58:32,paris,1000,1000,0,ok,
2026-07-23T12:58:32,meaux,14,14,0,ok,
2026-07-23T12:58:32,chessy,85,73,0,ok,
2026-07-23T12:58:32,serris,68,2,0,ok,
2026-07-23T12:58:32,torcy,223,148,0,ok,
2026-07-23T13:03:03,paris,1000,1000,0,ok,
2026-07-23T13:03:03,meaux,14,14,0,ok,
2026-07-23T13:03:03,chessy,85,73,0,ok,
2026-07-23T13:03:03,serris,68,2,0,ok,
2026-07-23T13:03:03,torcy,223,148,0,ok,
2026-07-23T13:17:39,paris,1000,1000,0,ok,
2026-07-23T13:17:39,meaux,14,14,0,ok,
2026-07-23T13:17:39,chessy,85,73,0,ok,
2026-07-23T13:17:39,serris,68,2,0,ok,
2026-07-23T13:17:39,torcy,223,148,0,ok,
2026-07-23T13:32:53,paris,1000,1000,0,ok,
2026-07-23T13:32:53,meaux,14,14,0,ok,
2026-07-23T13:32:53,chessy,85,73,0,ok,
2026-07-23T13:32:53,serris,68,2,0,ok,
2026-07-23T13:32:53,torcy,223,148,0,ok,
2026-07-23T13:47:39,paris,1000,1000,0,ok,
2026-07-23T13:47:39,meaux,14,14,0,ok,
2026-07-23T13:47:39,chessy,85,73,0,ok,
2026-07-23T13:47:39,serris,68,2,0,ok,
2026-07-23T13:47:39,torcy,223,148,0,ok,
2026-07-23T14:03:18,paris,1000,1000,0,ok,
2026-07-23T14:03:18,meaux,14,14,0,ok,
2026-07-23T14:03:18,chessy,85,73,0,ok,
2026-07-23T14:03:18,serris,68,2,0,ok,
2026-07-23T14:03:18,torcy,223,148,0,ok,
2026-07-23T14:17:39,paris,1000,1000,0,ok,
2026-07-23T14:17:39,meaux,14,14,0,ok,
2026-07-23T14:17:39,chessy,85,73,0,ok,
2026-07-23T14:17:39,serris,68,2,0,ok,
2026-07-23T14:17:39,torcy,223,148,0,ok,
2026-07-23T14:32:40,paris,1000,1000,0,ok,
2026-07-23T14:32:40,meaux,14,14,0,ok,
2026-07-23T14:32:40,chessy,85,73,0,ok,
2026-07-23T14:32:40,serris,68,2,0,ok,
2026-07-23T14:32:40,torcy,223,148,0,ok,
2026-07-23T14:47:37,paris,1000,1000,0,ok,
2026-07-23T14:47:37,meaux,14,14,0,ok,
2026-07-23T14:47:37,chessy,85,73,0,ok,
2026-07-23T14:47:37,serris,68,2,0,ok,
2026-07-23T14:47:37,torcy,223,148,0,ok,
2026-07-23T15:03:08,paris,1000,1000,0,ok,
2026-07-23T15:03:08,meaux,14,14,0,ok,
2026-07-23T15:03:08,chessy,85,73,0,ok,
2026-07-23T15:03:08,serris,68,2,0,ok,
2026-07-23T15:03:08,torcy,223,148,0,ok,
2026-07-23T15:10:32,paris,1000,1000,0,ok,
2026-07-23T15:10:32,meaux,14,14,0,ok,
2026-07-23T15:10:32,chessy,85,73,0,ok,
2026-07-23T15:10:32,serris,68,2,0,ok,
2026-07-23T15:10:32,torcy,223,148,0,ok,
2026-07-23T15:17:35,paris,1000,1000,0,ok,
2026-07-23T15:17:35,meaux,14,14,0,ok,
2026-07-23T15:17:35,chessy,85,73,0,ok,
2026-07-23T15:17:35,serris,68,2,0,ok,
2026-07-23T15:17:35,torcy,223,148,0,ok,
2026-07-23T15:32:56,paris,1000,1000,0,ok,
2026-07-23T15:32:56,meaux,14,14,0,ok,
2026-07-23T15:32:56,chessy,85,73,0,ok,
2026-07-23T15:32:56,serris,68,2,0,ok,
2026-07-23T15:32:56,torcy,223,148,0,ok,
2026-07-23T15:47:35,paris,1000,1000,0,ok,
2026-07-23T15:47:35,meaux,14,14,0,ok,
2026-07-23T15:47:35,chessy,85,73,0,ok,
2026-07-23T15:47:35,serris,68,2,0,ok,
2026-07-23T15:47:35,torcy,223,148,0,ok,
2026-07-23T16:03:09,paris,1000,1000,0,ok,
2026-07-23T16:03:09,meaux,14,14,0,ok,
2026-07-23T16:03:09,chessy,85,73,0,ok,
2026-07-23T16:03:09,serris,68,2,0,ok,
2026-07-23T16:03:09,torcy,223,148,0,ok,
2026-07-23T16:17:43,paris,1000,1000,0,ok,
2026-07-23T16:17:43,meaux,14,14,0,ok,
2026-07-23T16:17:43,chessy,85,73,0,ok,
2026-07-23T16:17:43,serris,68,2,0,ok,
2026-07-23T16:17:43,torcy,223,148,0,ok,
2026-07-23T16:32:45,paris,1000,1000,0,ok,
2026-07-23T16:32:45,meaux,14,14,0,ok,
2026-07-23T16:32:45,chessy,85,73,0,ok,
2026-07-23T16:32:45,serris,68,2,0,ok,
2026-07-23T16:32:45,torcy,223,148,0,ok,
2026-07-23T16:47:39,paris,1000,1000,0,ok,
2026-07-23T16:47:39,meaux,14,14,0,ok,
2026-07-23T16:47:39,chessy,85,73,0,ok,
2026-07-23T16:47:39,serris,68,2,0,ok,
2026-07-23T16:47:39,torcy,223,148,0,ok,
2026-07-23T16:57:07,paris,1000,1000,0,ok,
2026-07-23T16:57:07,meaux,14,14,0,ok,
2026-07-23T16:57:07,chessy,85,73,0,ok,
2026-07-23T16:57:07,serris,68,2,0,ok,
2026-07-23T16:57:07,torcy,223,148,0,ok,
2026-07-23T17:03:01,paris,1000,1000,0,ok,
2026-07-23T17:03:01,meaux,14,14,0,ok,
2026-07-23T17:03:01,chessy,85,73,0,ok,
2026-07-23T17:03:01,serris,68,2,0,ok,
2026-07-23T17:03:01,torcy,223,148,0,ok,
2026-07-23T17:17:39,paris,1000,1000,0,ok,
2026-07-23T17:17:39,meaux,14,14,0,ok,
2026-07-23T17:17:39,chessy,85,73,0,ok,
2026-07-23T17:17:39,serris,68,2,0,ok,
2026-07-23T17:17:39,torcy,223,148,0,ok,
2026-07-23T17:32:56,paris,1000,1000,0,ok,
2026-07-23T17:32:56,meaux,14,14,0,ok,
2026-07-23T17:32:56,chessy,85,73,0,ok,
2026-07-23T17:32:56,serris,68,2,0,ok,
2026-07-23T17:32:56,torcy,223,148,0,ok,
2026-07-23T17:47:34,paris,1000,1000,0,ok,
2026-07-23T17:47:34,meaux,14,14,0,ok,
2026-07-23T17:47:34,chessy,85,73,0,ok,
2026-07-23T17:47:34,serris,68,2,0,ok,
2026-07-23T17:47:34,torcy,223,148,0,ok,
2026-07-23T18:03:09,paris,1000,1000,0,ok,
2026-07-23T18:03:09,meaux,14,14,0,ok,
2026-07-23T18:03:09,chessy,85,73,0,ok,
2026-07-23T18:03:09,serris,68,2,0,ok,
2026-07-23T18:03:09,torcy,223,148,0,ok,
2026-07-23T18:11:30,paris,1000,1000,0,ok,
2026-07-23T18:11:30,meaux,14,14,0,ok,
2026-07-23T18:11:30,chessy,85,73,0,ok,
2026-07-23T18:11:30,serris,68,2,0,ok,
2026-07-23T18:11:30,torcy,223,148,0,ok,
2026-07-23T18:17:40,paris,1000,1000,0,ok,
2026-07-23T18:17:40,meaux,14,14,0,ok,
2026-07-23T18:17:40,chessy,85,73,0,ok,
2026-07-23T18:17:40,serris,68,2,0,ok,
2026-07-23T18:17:40,torcy,223,148,0,ok,
2026-07-23T18:32:55,paris,1000,1000,0,ok,
2026-07-23T18:32:55,meaux,14,14,0,ok,
2026-07-23T18:32:55,chessy,85,73,0,ok,
2026-07-23T18:32:55,serris,68,2,0,ok,
2026-07-23T18:32:55,torcy,223,148,0,ok,
2026-07-23T18:47:39,paris,1000,1000,0,ok,
2026-07-23T18:47:39,meaux,14,14,0,ok,
2026-07-23T18:47:39,chessy,85,73,0,ok,
2026-07-23T18:47:39,serris,68,2,0,ok,
2026-07-23T18:47:39,torcy,223,148,0,ok,
2026-07-23T19:02:44,paris,1000,1000,0,ok,
2026-07-23T19:02:44,meaux,14,14,0,ok,
2026-07-23T19:02:44,chessy,85,73,0,ok,
2026-07-23T19:02:44,serris,68,2,0,ok,
2026-07-23T19:02:44,torcy,223,148,0,ok,
2026-07-23T19:17:34,paris,1000,1000,0,ok,
2026-07-23T19:17:34,meaux,14,14,0,ok,
2026-07-23T19:17:34,chessy,85,73,0,ok,
2026-07-23T19:17:34,serris,68,2,0,ok,
2026-07-23T19:17:34,torcy,223,148,0,ok,
2026-07-23T19:32:50,paris,1000,1000,0,ok,
2026-07-23T19:32:50,meaux,14,14,0,ok,
2026-07-23T19:32:50,chessy,85,73,0,ok,
2026-07-23T19:32:50,serris,68,2,0,ok,
2026-07-23T19:32:50,torcy,223,148,0,ok,
2026-07-23T19:47:34,paris,1000,1000,0,ok,
2026-07-23T19:47:34,meaux,14,14,0,ok,
2026-07-23T19:47:34,chessy,85,73,0,ok,
2026-07-23T19:47:34,serris,68,2,0,ok,
2026-07-23T19:47:34,torcy,223,148,0,ok,
2026-07-23T19:56:08,paris,1000,1000,0,ok,
2026-07-23T19:56:08,meaux,14,14,0,ok,
2026-07-23T19:56:08,chessy,85,73,0,ok,
2026-07-23T19:56:08,serris,68,2,0,ok,
2026-07-23T19:56:08,torcy,223,148,0,ok,
2026-07-23T20:03:02,paris,1000,1000,0,ok,
2026-07-23T20:03:02,meaux,14,14,0,ok,
2026-07-23T20:03:02,chessy,86,74,0,ok,
2026-07-23T20:03:02,serris,69,2,0,ok,
2026-07-23T20:03:02,torcy,224,148,0,ok,
2026-07-23T20:17:39,paris,1000,1000,0,ok,
2026-07-23T20:17:39,meaux,14,14,0,ok,
2026-07-23T20:17:39,chessy,86,74,0,ok,
2026-07-23T20:17:39,serris,69,2,0,ok,
2026-07-23T20:17:39,torcy,224,148,0,ok,
2026-07-23T20:32:35,paris,1000,1000,0,ok,
2026-07-23T20:32:35,meaux,14,14,0,ok,
2026-07-23T20:32:35,chessy,86,74,0,ok,
2026-07-23T20:32:35,serris,69,2,0,ok,
2026-07-23T20:32:35,torcy,224,148,0,ok,
2026-07-23T20:47:40,paris,1000,1000,0,ok,
2026-07-23T20:47:40,meaux,14,14,0,ok,
2026-07-23T20:47:40,chessy,86,74,0,ok,
2026-07-23T20:47:40,serris,69,2,0,ok,
2026-07-23T20:47:40,torcy,224,148,0,ok,
2026-07-23T20:59:37,paris,1000,1000,0,ok,
2026-07-23T20:59:37,meaux,14,14,0,ok,
2026-07-23T20:59:37,chessy,86,74,0,ok,
2026-07-23T20:59:37,serris,69,2,0,ok,
2026-07-23T20:59:37,torcy,224,148,0,ok,
2026-07-23T21:03:00,paris,1000,1000,0,ok,
2026-07-23T21:03:00,meaux,14,14,0,ok,
2026-07-23T21:03:00,chessy,86,74,0,ok,
2026-07-23T21:03:00,serris,69,2,0,ok,
2026-07-23T21:03:00,torcy,224,148,0,ok,
2026-07-23T21:17:33,paris,1000,1000,0,ok,
2026-07-23T21:17:33,meaux,14,14,0,ok,
2026-07-23T21:17:33,chessy,86,74,0,ok,
2026-07-23T21:17:33,serris,69,2,0,ok,
2026-07-23T21:17:33,torcy,224,148,0,ok,
2026-07-23T21:32:45,paris,1000,1000,0,ok,
2026-07-23T21:32:45,meaux,14,14,0,ok,
2026-07-23T21:32:45,chessy,86,74,0,ok,
2026-07-23T21:32:45,serris,69,2,0,ok,
2026-07-23T21:32:45,torcy,224,148,0,ok,
2026-07-23T21:47:30,paris,1000,1000,0,ok,
2026-07-23T21:47:30,meaux,14,14,0,ok,
2026-07-23T21:47:30,chessy,86,74,0,ok,
2026-07-23T21:47:30,serris,69,2,0,ok,
2026-07-23T21:47:30,torcy,224,148,0,ok,
2026-07-23T22:02:49,paris,1000,1000,0,ok,
2026-07-23T22:02:49,meaux,14,14,0,ok,
2026-07-23T22:02:49,chessy,86,74,0,ok,
2026-07-23T22:02:49,serris,69,2,0,ok,
2026-07-23T22:02:49,torcy,224,148,0,ok,
2026-07-23T22:07:25,paris,1000,1000,0,ok,
2026-07-23T22:07:25,meaux,14,14,0,ok,
2026-07-23T22:07:25,chessy,86,74,0,ok,
2026-07-23T22:07:25,serris,69,2,0,ok,
2026-07-23T22:07:25,torcy,224,148,0,ok,
2026-07-23T22:17:28,paris,1000,1000,0,ok,
2026-07-23T22:17:28,meaux,14,14,0,ok,
2026-07-23T22:17:28,chessy,86,74,0,ok,
2026-07-23T22:17:28,serris,69,2,0,ok,
2026-07-23T22:17:28,torcy,224,148,0,ok,
2026-07-23T22:32:53,paris,1000,1000,0,ok,
2026-07-23T22:32:53,meaux,14,14,0,ok,
2026-07-23T22:32:53,chessy,86,74,0,ok,
2026-07-23T22:32:53,serris,69,2,0,ok,
2026-07-23T22:32:53,torcy,224,148,0,ok,
2026-07-23T22:47:34,paris,1000,1000,0,ok,
2026-07-23T22:47:34,meaux,14,14,0,ok,
2026-07-23T22:47:34,chessy,86,74,0,ok,
2026-07-23T22:47:34,serris,69,2,0,ok,
2026-07-23T22:47:34,torcy,224,148,0,ok,
2026-07-23T23:02:59,paris,1000,1000,0,ok,
2026-07-23T23:02:59,meaux,14,14,0,ok,
2026-07-23T23:02:59,chessy,86,74,0,ok,
2026-07-23T23:02:59,serris,69,2,0,ok,
2026-07-23T23:02:59,torcy,224,148,0,ok,
2026-07-23T23:17:25,paris,1000,1000,0,ok,
2026-07-23T23:17:25,meaux,14,14,0,ok,
2026-07-23T23:17:25,chessy,86,74,0,ok,
2026-07-23T23:17:25,serris,69,2,0,ok,
2026-07-23T23:17:25,torcy,224,148,0,ok,
2026-07-23T23:28:16,paris,1000,1000,0,ok,
2026-07-23T23:28:16,meaux,14,14,0,ok,
2026-07-23T23:28:16,chessy,86,74,0,ok,
2026-07-23T23:28:16,serris,69,2,0,ok,
2026-07-23T23:28:16,torcy,224,148,0,ok,
2026-07-23T23:32:27,paris,1000,1000,0,ok,
2026-07-23T23:32:27,meaux,14,14,0,ok,
2026-07-23T23:32:27,chessy,86,74,0,ok,
2026-07-23T23:32:27,serris,69,2,0,ok,
2026-07-23T23:32:27,torcy,224,148,0,ok,
2026-07-23T23:47:25,paris,1000,1000,0,ok,
2026-07-23T23:47:25,meaux,14,14,0,ok,
2026-07-23T23:47:25,chessy,86,74,0,ok,
2026-07-23T23:47:25,serris,69,2,0,ok,
2026-07-23T23:47:25,torcy,224,148,0,ok,
2026-07-24T00:02:54,paris,1000,1000,0,ok,
2026-07-24T00:02:54,meaux,14,14,0,ok,
2026-07-24T00:02:54,chessy,86,74,0,ok,
2026-07-24T00:02:54,serris,69,2,0,ok,
2026-07-24T00:02:54,torcy,224,148,0,ok,
2026-07-24T00:17:32,paris,1000,1000,0,ok,
2026-07-24T00:17:32,meaux,14,14,0,ok,
2026-07-24T00:17:32,chessy,86,74,0,ok,
2026-07-24T00:17:32,serris,69,2,0,ok,
2026-07-24T00:17:32,torcy,224,148,0,ok,
2026-07-24T00:33:26,paris,1000,1000,0,ok,
2026-07-24T00:33:26,meaux,14,14,0,ok,
2026-07-24T00:33:26,chessy,86,74,0,ok,
2026-07-24T00:33:26,serris,69,2,0,ok,
2026-07-24T00:33:26,torcy,224,148,0,ok,
2026-07-24T00:47:28,paris,1000,1000,0,ok,
2026-07-24T00:47:28,meaux,14,14,0,ok,
2026-07-24T00:47:28,chessy,86,74,0,ok,
2026-07-24T00:47:28,serris,69,2,0,ok,
2026-07-24T00:47:28,torcy,224,148,0,ok,
2026-07-24T00:57:16,paris,1000,1000,0,ok,
2026-07-24T00:57:16,meaux,14,14,0,ok,
2026-07-24T00:57:16,chessy,86,74,0,ok,
2026-07-24T00:57:16,serris,69,2,0,ok,
2026-07-24T00:57:16,torcy,224,148,0,ok,
2026-07-24T01:02:43,paris,1000,1000,0,ok,
2026-07-24T01:02:43,meaux,14,14,0,ok,
2026-07-24T01:02:43,chessy,86,74,0,ok,
2026-07-24T01:02:43,serris,69,2,0,ok,
2026-07-24T01:02:43,torcy,224,148,0,ok,
2026-07-24T01:17:26,paris,1000,1000,0,ok,
2026-07-24T01:17:26,meaux,14,14,0,ok,
2026-07-24T01:17:26,chessy,86,74,0,ok,
2026-07-24T01:17:26,serris,69,2,0,ok,
2026-07-24T01:17:26,torcy,224,148,0,ok,
2026-07-24T01:32:36,paris,1000,1000,0,ok,
2026-07-24T01:32:36,meaux,14,14,0,ok,
2026-07-24T01:32:36,chessy,86,74,0,ok,
2026-07-24T01:32:36,serris,69,2,0,ok,
2026-07-24T01:32:36,torcy,224,148,0,ok,
2026-07-24T01:47:21,paris,1000,1000,0,ok,
2026-07-24T01:47:21,meaux,14,14,0,ok,
2026-07-24T01:47:21,chessy,86,74,0,ok,
2026-07-24T01:47:21,serris,69,2,0,ok,
2026-07-24T01:47:21,torcy,224,148,0,ok,
2026-07-24T02:02:48,paris,1000,1000,0,ok,
2026-07-24T02:02:48,meaux,14,14,0,ok,
2026-07-24T02:02:48,chessy,86,74,0,ok,
2026-07-24T02:02:48,serris,69,2,0,ok,
2026-07-24T02:02:48,torcy,224,148,0,ok,
2026-07-24T02:17:27,paris,1000,1000,0,ok,
2026-07-24T02:17:27,meaux,14,14,0,ok,
2026-07-24T02:17:27,chessy,86,74,0,ok,
2026-07-24T02:17:27,serris,69,2,0,ok,
2026-07-24T02:17:27,torcy,224,148,0,ok,
2026-07-24T02:32:33,paris,1000,1000,0,ok,
2026-07-24T02:32:33,meaux,14,14,0,ok,
2026-07-24T02:32:33,chessy,86,74,0,ok,
2026-07-24T02:32:33,serris,69,2,0,ok,
2026-07-24T02:32:33,torcy,224,148,0,ok,
2026-07-24T02:47:29,paris,1000,1000,0,ok,
2026-07-24T02:47:29,meaux,14,14,0,ok,
2026-07-24T02:47:29,chessy,86,74,0,ok,
2026-07-24T02:47:29,serris,69,2,0,ok,
2026-07-24T02:47:29,torcy,224,148,0,ok,
2026-07-24T03:02:48,paris,1000,1000,0,ok,
2026-07-24T03:02:48,meaux,14,14,0,ok,
2026-07-24T03:02:48,chessy,86,74,0,ok,
2026-07-24T03:02:48,serris,69,2,0,ok,
2026-07-24T03:02:48,torcy,224,148,0,ok,
2026-07-24T03:17:20,paris,1000,1000,0,ok,
2026-07-24T03:17:20,meaux,14,14,0,ok,
2026-07-24T03:17:20,chessy,86,74,0,ok,
2026-07-24T03:17:20,serris,69,2,0,ok,
2026-07-24T03:17:20,torcy,224,148,0,ok,
2026-07-24T03:32:36,paris,1000,1000,0,ok,
2026-07-24T03:32:36,meaux,14,14,0,ok,
2026-07-24T03:32:36,chessy,86,74,0,ok,
2026-07-24T03:32:36,serris,69,2,0,ok,
2026-07-24T03:32:36,torcy,224,148,0,ok,
2026-07-24T03:47:27,paris,1000,1000,0,ok,
2026-07-24T03:47:27,meaux,14,14,0,ok,
2026-07-24T03:47:27,chessy,86,74,0,ok,
2026-07-24T03:47:27,serris,69,2,0,ok,
2026-07-24T03:47:27,torcy,224,148,0,ok,
2026-07-24T04:02:45,paris,1000,1000,0,ok,
2026-07-24T04:02:45,meaux,14,14,0,ok,
2026-07-24T04:02:45,chessy,86,74,0,ok,
2026-07-24T04:02:45,serris,69,2,0,ok,
2026-07-24T04:02:45,torcy,224,148,0,ok,
2026-07-24T04:12:51,paris,1000,1000,0,ok,
2026-07-24T04:12:51,meaux,14,14,0,ok,
2026-07-24T04:12:51,chessy,86,74,0,ok,
2026-07-24T04:12:51,serris,69,2,0,ok,
2026-07-24T04:12:51,torcy,224,148,0,ok,
2026-07-24T04:17:27,paris,1000,1000,0,ok,
2026-07-24T04:17:27,meaux,14,14,0,ok,
2026-07-24T04:17:27,chessy,86,74,0,ok,
2026-07-24T04:17:27,serris,69,2,0,ok,
2026-07-24T04:17:27,torcy,224,148,0,ok,
2026-07-24T04:32:34,paris,1000,1000,0,ok,
2026-07-24T04:32:34,meaux,14,14,0,ok,
2026-07-24T04:32:34,chessy,86,74,0,ok,
2026-07-24T04:32:34,serris,69,2,0,ok,
2026-07-24T04:32:34,torcy,224,148,0,ok,
2026-07-24T04:47:29,paris,1000,1000,0,ok,
2026-07-24T04:47:29,meaux,14,14,0,ok,
2026-07-24T04:47:29,chessy,86,74,0,ok,
2026-07-24T04:47:29,serris,69,2,0,ok,
2026-07-24T04:47:29,torcy,224,148,0,ok,
2026-07-24T05:02:50,paris,1000,1000,0,ok,
2026-07-24T05:02:50,meaux,14,14,0,ok,
2026-07-24T05:02:50,chessy,86,74,0,ok,
2026-07-24T05:02:50,serris,69,2,0,ok,
2026-07-24T05:02:50,torcy,224,148,0,ok,
2026-07-24T05:17:25,paris,1000,1000,0,ok,
2026-07-24T05:17:25,meaux,14,14,0,ok,
2026-07-24T05:17:25,chessy,86,74,0,ok,
2026-07-24T05:17:25,serris,69,2,0,ok,
2026-07-24T05:17:25,torcy,224,148,0,ok,
2026-07-24T05:32:45,paris,1000,1000,0,ok,
2026-07-24T05:32:45,meaux,14,14,0,ok,
2026-07-24T05:32:45,chessy,86,74,0,ok,
2026-07-24T05:32:45,serris,69,2,0,ok,
2026-07-24T05:32:45,torcy,224,148,0,ok,
2026-07-24T05:47:30,paris,1000,1000,0,ok,
2026-07-24T05:47:30,meaux,14,14,0,ok,
2026-07-24T05:47:30,chessy,86,74,0,ok,
2026-07-24T05:47:30,serris,69,2,0,ok,
2026-07-24T05:47:30,torcy,224,148,0,ok,
2026-07-24T06:03:12,paris,1000,1000,0,ok,
2026-07-24T06:03:12,meaux,14,14,0,ok,
2026-07-24T06:03:12,chessy,86,74,0,ok,
2026-07-24T06:03:12,serris,69,2,0,ok,
2026-07-24T06:03:12,torcy,224,148,0,ok,
2026-07-24T06:17:41,paris,1000,1000,0,ok,
2026-07-24T06:17:41,meaux,14,14,0,ok,
2026-07-24T06:17:41,chessy,86,74,0,ok,
2026-07-24T06:17:41,serris,69,2,0,ok,
2026-07-24T06:17:41,torcy,224,148,0,ok,
2026-07-24T06:32:38,paris,1000,1000,0,ok,
2026-07-24T06:32:38,meaux,14,14,0,ok,
2026-07-24T06:32:38,chessy,86,74,0,ok,
2026-07-24T06:32:38,serris,69,2,0,ok,
2026-07-24T06:32:38,torcy,224,148,0,ok,
2026-07-24T06:47:28,paris,1000,1000,0,ok,
2026-07-24T06:47:28,meaux,14,14,0,ok,
2026-07-24T06:47:28,chessy,86,74,0,ok,
2026-07-24T06:47:28,serris,69,2,0,ok,
2026-07-24T06:47:28,torcy,223,147,0,ok,
2026-07-24T07:03:05,paris,1000,1000,0,ok,
2026-07-24T07:03:05,meaux,14,14,0,ok,
2026-07-24T07:03:05,chessy,86,74,0,ok,
2026-07-24T07:03:05,serris,69,2,0,ok,
2026-07-24T07:03:05,torcy,223,147,0,ok,
2026-07-24T07:06:40,paris,1000,1000,0,ok,
2026-07-24T07:06:40,meaux,14,14,0,ok,
2026-07-24T07:06:40,chessy,86,74,0,ok,
2026-07-24T07:06:40,serris,69,2,0,ok,
2026-07-24T07:06:40,torcy,223,147,0,ok,
2026-07-24T07:17:32,paris,1000,1000,0,ok,
2026-07-24T07:17:32,meaux,14,14,0,ok,
2026-07-24T07:17:32,chessy,86,74,0,ok,
2026-07-24T07:17:32,serris,69,2,0,ok,
2026-07-24T07:17:32,torcy,223,147,0,ok,
2026-07-24T07:32:45,paris,1000,1000,0,ok,
2026-07-24T07:32:45,meaux,14,14,0,ok,
2026-07-24T07:32:45,chessy,86,74,0,ok,
2026-07-24T07:32:45,serris,69,2,0,ok,
2026-07-24T07:32:45,torcy,223,147,0,ok,
2026-07-24T07:47:41,paris,1000,1000,0,ok,
2026-07-24T07:47:41,meaux,14,14,0,ok,
2026-07-24T07:47:41,chessy,86,74,0,ok,
2026-07-24T07:47:41,serris,69,2,0,ok,
2026-07-24T07:47:41,torcy,223,147,0,ok,
2026-07-24T08:03:05,paris,1000,1000,0,ok,
2026-07-24T08:03:05,meaux,14,14,0,ok,
2026-07-24T08:03:05,chessy,86,74,0,ok,
2026-07-24T08:03:05,serris,69,2,0,ok,
2026-07-24T08:03:05,torcy,223,147,0,ok,
2026-07-24T08:17:41,paris,1000,1000,0,ok,
2026-07-24T08:17:41,meaux,15,15,0,ok,
2026-07-24T08:17:41,chessy,86,73,0,ok,
2026-07-24T08:17:41,serris,69,2,0,ok,
2026-07-24T08:17:41,torcy,223,147,0,ok,
2026-07-24T08:32:56,paris,1000,1000,0,ok,
2026-07-24T08:32:56,meaux,15,15,0,ok,
2026-07-24T08:32:56,chessy,86,73,0,ok,
2026-07-24T08:32:56,serris,69,2,0,ok,
2026-07-24T08:32:56,torcy,223,147,0,ok,
2026-07-24T08:49:17,paris,1000,1000,0,ok,
2026-07-24T08:49:17,meaux,15,15,0,ok,
2026-07-24T08:49:17,chessy,86,73,0,ok,
2026-07-24T08:49:17,serris,69,2,0,ok,
2026-07-24T08:49:17,torcy,223,147,0,ok,
2026-07-24T09:03:17,paris,1000,1000,0,ok,
2026-07-24T09:03:17,meaux,15,15,0,ok,
2026-07-24T09:03:17,chessy,86,73,0,ok,
2026-07-24T09:03:17,serris,69,2,0,ok,
2026-07-24T09:03:17,torcy,223,147,0,ok,
2026-07-24T09:17:37,paris,1000,1000,0,ok,
2026-07-24T09:17:37,meaux,15,15,0,ok,
2026-07-24T09:17:37,chessy,86,73,0,ok,
2026-07-24T09:17:37,serris,69,2,0,ok,
2026-07-24T09:17:37,torcy,223,147,0,ok,
2026-07-24T09:32:54,paris,1000,1000,0,ok,
2026-07-24T09:32:54,meaux,15,15,0,ok,
2026-07-24T09:32:54,chessy,86,73,0,ok,
2026-07-24T09:32:54,serris,69,2,0,ok,
2026-07-24T09:32:54,torcy,223,147,0,ok,
2026-07-24T09:44:18,paris,1000,1000,0,ok,
2026-07-24T09:44:18,meaux,15,15,0,ok,
2026-07-24T09:44:18,chessy,86,73,0,ok,
2026-07-24T09:44:18,serris,69,2,0,ok,
2026-07-24T09:44:18,torcy,223,147,0,ok,
2026-07-24T09:47:40,paris,1000,1000,0,ok,
2026-07-24T09:47:40,meaux,15,15,0,ok,
2026-07-24T09:47:40,chessy,86,73,0,ok,
2026-07-24T09:47:40,serris,69,2,0,ok,
2026-07-24T09:47:40,torcy,223,147,0,ok,
2026-07-24T10:03:09,paris,1000,1000,0,ok,
2026-07-24T10:03:09,meaux,15,15,0,ok,
2026-07-24T10:03:09,chessy,86,73,0,ok,
2026-07-24T10:03:09,serris,69,2,0,ok,
2026-07-24T10:03:09,torcy,223,147,0,ok,
2026-07-24T10:17:35,paris,1000,1000,0,ok,
2026-07-24T10:17:35,meaux,15,15,0,ok,
2026-07-24T10:17:35,chessy,86,73,0,ok,
2026-07-24T10:17:35,serris,69,2,0,ok,
2026-07-24T10:17:35,torcy,223,147,0,ok,
2026-07-24T10:32:59,paris,1000,1000,0,ok,
2026-07-24T10:32:59,meaux,15,15,0,ok,
2026-07-24T10:32:59,chessy,86,73,0,ok,
2026-07-24T10:32:59,serris,69,2,0,ok,
2026-07-24T10:32:59,torcy,223,147,0,ok,
2026-07-24T10:47:45,paris,1000,1000,0,ok,
2026-07-24T10:47:45,meaux,15,15,0,ok,
2026-07-24T10:47:45,chessy,86,73,0,ok,
2026-07-24T10:47:45,serris,69,2,0,ok,
2026-07-24T10:47:45,torcy,223,147,0,ok,
2026-07-24T11:03:21,paris,1000,1000,0,ok,
2026-07-24T11:03:21,meaux,15,15,0,ok,
2026-07-24T11:03:21,chessy,86,73,0,ok,
2026-07-24T11:03:21,serris,69,2,0,ok,
2026-07-24T11:03:21,torcy,223,147,0,ok,
2026-07-24T11:17:47,paris,1000,1000,0,ok,
2026-07-24T11:17:47,meaux,15,15,0,ok,
2026-07-24T11:17:47,chessy,86,73,0,ok,
2026-07-24T11:17:47,serris,69,2,0,ok,
2026-07-24T11:17:47,torcy,223,147,0,ok,
2026-07-24T11:32:44,paris,1000,1000,0,ok,
2026-07-24T11:32:44,meaux,15,15,0,ok,
2026-07-24T11:32:44,chessy,86,73,0,ok,
2026-07-24T11:32:44,serris,69,2,0,ok,
2026-07-24T11:32:44,torcy,223,147,0,ok,
2026-07-24T11:40:30,paris,1000,1000,0,ok,
2026-07-24T11:40:30,meaux,15,15,0,ok,
2026-07-24T11:40:30,chessy,86,73,0,ok,
2026-07-24T11:40:30,serris,69,2,0,ok,
2026-07-24T11:40:30,torcy,223,147,0,ok,
2026-07-24T11:47:43,paris,1000,1000,0,ok,
2026-07-24T11:47:43,meaux,15,15,0,ok,
2026-07-24T11:47:43,chessy,86,73,0,ok,
2026-07-24T11:47:43,serris,69,2,0,ok,
2026-07-24T11:47:43,torcy,223,147,0,ok,
2026-07-24T12:03:04,paris,1000,1000,0,ok,
2026-07-24T12:03:04,meaux,15,15,0,ok,
2026-07-24T12:03:04,chessy,86,73,0,ok,
2026-07-24T12:03:04,serris,69,2,0,ok,
2026-07-24T12:03:04,torcy,224,148,0,ok,
2026-07-24T12:17:37,paris,1000,1000,0,ok,
2026-07-24T12:17:37,meaux,15,15,0,ok,
2026-07-24T12:17:37,chessy,86,73,0,ok,
2026-07-24T12:17:37,serris,69,2,0,ok,
2026-07-24T12:17:37,torcy,224,148,0,ok,
2026-07-24T12:33:03,paris,1000,1000,0,ok,
2026-07-24T12:33:03,meaux,15,15,0,ok,
2026-07-24T12:33:03,chessy,87,74,0,ok,
2026-07-24T12:33:03,serris,69,2,0,ok,
2026-07-24T12:33:03,torcy,225,148,0,ok,
2026-07-24T12:47:35,paris,1000,1000,0,ok,
2026-07-24T12:47:35,meaux,15,15,0,ok,
2026-07-24T12:47:35,chessy,87,74,0,ok,
2026-07-24T12:47:35,serris,69,2,0,ok,
2026-07-24T12:47:35,torcy,225,148,0,ok,
2026-07-24T13:03:14,paris,1000,1000,0,ok,
2026-07-24T13:03:14,meaux,15,15,0,ok,
2026-07-24T13:03:14,chessy,87,74,0,ok,
2026-07-24T13:03:14,serris,69,2,0,ok,
2026-07-24T13:03:14,torcy,225,148,0,ok,
2026-07-24T13:17:40,paris,1000,1000,0,ok,
2026-07-24T13:17:40,meaux,15,15,0,ok,
2026-07-24T13:17:40,chessy,87,74,0,ok,
2026-07-24T13:17:40,serris,69,2,0,ok,
2026-07-24T13:17:40,torcy,225,148,0,ok,
2026-07-24T13:28:05,paris,1000,1000,0,ok,
2026-07-24T13:28:05,meaux,15,15,0,ok,
2026-07-24T13:28:05,chessy,87,74,0,ok,
2026-07-24T13:28:05,serris,69,2,0,ok,
2026-07-24T13:28:05,torcy,225,148,0,ok,
2026-07-24T13:32:56,paris,1000,1000,0,ok,
2026-07-24T13:32:56,meaux,15,15,0,ok,
2026-07-24T13:32:56,chessy,87,74,0,ok,
2026-07-24T13:32:56,serris,69,2,0,ok,
2026-07-24T13:32:56,torcy,225,148,0,ok,
2026-07-24T13:47:37,paris,1000,1000,0,ok,
2026-07-24T13:47:37,meaux,15,15,0,ok,
2026-07-24T13:47:37,chessy,87,74,0,ok,
2026-07-24T13:47:37,serris,69,2,0,ok,
2026-07-24T13:47:37,torcy,225,148,0,ok,
2026-07-24T14:03:11,paris,1000,1000,0,ok,
2026-07-24T14:03:11,meaux,15,15,0,ok,
2026-07-24T14:03:11,chessy,87,74,0,ok,
2026-07-24T14:03:11,serris,69,2,0,ok,
2026-07-24T14:03:11,torcy,225,148,0,ok,
2026-07-24T14:19:40,paris,1000,1000,0,ok,
2026-07-24T14:19:40,meaux,15,15,0,ok,
2026-07-24T14:19:40,chessy,87,74,0,ok,
2026-07-24T14:19:40,serris,69,2,0,ok,
2026-07-24T14:19:40,torcy,225,148,0,ok,
2026-07-24T14:32:48,paris,1000,1000,0,ok,
2026-07-24T14:32:48,meaux,15,15,0,ok,
2026-07-24T14:32:48,chessy,87,74,0,ok,
2026-07-24T14:32:48,serris,69,2,0,ok,
2026-07-24T14:32:48,torcy,225,148,0,ok,
2026-07-24T14:47:44,paris,1000,1000,0,ok,
2026-07-24T14:47:44,meaux,15,15,0,ok,
2026-07-24T14:47:44,chessy,87,74,0,ok,
2026-07-24T14:47:44,serris,69,2,0,ok,
2026-07-24T14:47:44,torcy,225,148,0,ok,
2026-07-24T15:03:10,paris,1000,1000,0,ok,
2026-07-24T15:03:10,meaux,15,15,0,ok,
2026-07-24T15:03:10,chessy,87,74,0,ok,
2026-07-24T15:03:10,serris,69,2,0,ok,
2026-07-24T15:03:10,torcy,225,148,0,ok,
2026-07-24T15:14:36,paris,1000,1000,0,ok,
2026-07-24T15:14:36,meaux,15,15,0,ok,
2026-07-24T15:14:36,chessy,87,74,0,ok,
2026-07-24T15:14:36,serris,69,2,0,ok,
2026-07-24T15:14:36,torcy,225,148,0,ok,
2026-07-24T15:17:48,paris,1000,1000,0,ok,
2026-07-24T15:17:48,meaux,15,15,0,ok,
2026-07-24T15:17:48,chessy,87,74,0,ok,
2026-07-24T15:17:48,serris,69,2,0,ok,
2026-07-24T15:17:48,torcy,225,148,0,ok,
2026-07-24T15:32:50,paris,1000,1000,0,ok,
2026-07-24T15:32:50,meaux,15,15,0,ok,
2026-07-24T15:32:50,chessy,87,74,0,ok,
2026-07-24T15:32:50,serris,69,2,0,ok,
2026-07-24T15:32:50,torcy,225,148,0,ok,
2026-07-24T15:47:42,paris,1000,1000,0,ok,
2026-07-24T15:47:42,meaux,15,15,0,ok,
2026-07-24T15:47:42,chessy,87,74,0,ok,
2026-07-24T15:47:42,serris,69,2,0,ok,
2026-07-24T15:47:42,torcy,225,148,0,ok,
2026-07-24T16:03:40,paris,1000,1000,0,ok,
2026-07-24T16:03:40,meaux,15,15,0,ok,
2026-07-24T16:03:40,chessy,87,74,0,ok,
2026-07-24T16:03:40,serris,69,2,0,ok,
2026-07-24T16:03:40,torcy,225,148,0,ok,
2026-07-24T16:17:46,paris,1000,1000,0,ok,
2026-07-24T16:17:46,meaux,15,15,0,ok,
2026-07-24T16:17:46,chessy,87,74,0,ok,
2026-07-24T16:17:46,serris,69,2,0,ok,
2026-07-24T16:17:46,torcy,225,148,0,ok,
2026-07-24T16:32:54,paris,1000,1000,0,ok,
2026-07-24T16:32:54,meaux,15,15,0,ok,
2026-07-24T16:32:54,chessy,87,74,0,ok,
2026-07-24T16:32:54,serris,69,2,0,ok,
2026-07-24T16:32:54,torcy,225,148,0,ok,
2026-07-24T16:49:13,paris,1000,1000,0,ok,
2026-07-24T16:49:13,meaux,15,15,0,ok,
2026-07-24T16:49:13,chessy,87,74,0,ok,
2026-07-24T16:49:13,serris,69,2,0,ok,
2026-07-24T16:49:13,torcy,225,148,0,ok,
2026-07-24T17:03:52,paris,1000,1000,0,ok,
2026-07-24T17:03:52,meaux,15,15,0,ok,
2026-07-24T17:03:52,chessy,87,74,0,ok,
2026-07-24T17:03:52,serris,69,2,0,ok,
2026-07-24T17:03:52,torcy,225,148,0,ok,
2026-07-24T17:17:48,paris,1000,1000,0,ok,
2026-07-24T17:17:48,meaux,15,15,0,ok,
2026-07-24T17:17:48,chessy,87,74,0,ok,
2026-07-24T17:17:48,serris,69,2,0,ok,
2026-07-24T17:17:48,torcy,225,148,0,ok,
2026-07-24T17:32:50,paris,1000,1000,0,ok,
2026-07-24T17:32:50,meaux,15,15,0,ok,
2026-07-24T17:32:50,chessy,87,74,0,ok,
2026-07-24T17:32:50,serris,69,2,0,ok,
2026-07-24T17:32:50,torcy,225,148,0,ok,
2026-07-24T17:47:31,paris,1000,1000,0,ok,
2026-07-24T17:47:31,meaux,15,15,0,ok,
2026-07-24T17:47:31,chessy,87,74,0,ok,
2026-07-24T17:47:31,serris,69,2,0,ok,
2026-07-24T17:47:31,torcy,225,148,0,ok,
2026-07-24T18:03:01,paris,1000,1000,0,ok,
2026-07-24T18:03:01,meaux,15,15,0,ok,
2026-07-24T18:03:01,chessy,87,74,0,ok,
2026-07-24T18:03:01,serris,69,2,0,ok,
2026-07-24T18:03:01,torcy,225,148,0,ok,
2026-07-24T18:17:53,paris,1000,1000,0,ok,
2026-07-24T18:17:53,meaux,15,15,0,ok,
2026-07-24T18:17:53,chessy,87,74,0,ok,
2026-07-24T18:17:53,serris,69,2,0,ok,
2026-07-24T18:17:53,torcy,225,148,0,ok,
2026-07-24T18:34:03,paris,1000,1000,0,ok,
2026-07-24T18:34:03,meaux,15,15,0,ok,
2026-07-24T18:34:03,chessy,87,74,0,ok,
2026-07-24T18:34:03,serris,69,2,0,ok,
2026-07-24T18:34:03,torcy,225,148,0,ok,
2026-07-24T18:47:37,paris,1000,1000,0,ok,
2026-07-24T18:47:37,meaux,15,15,0,ok,
2026-07-24T18:47:37,chessy,87,74,0,ok,
2026-07-24T18:47:37,serris,69,2,0,ok,
2026-07-24T18:47:37,torcy,225,148,0,ok,
2026-07-24T18:58:14,paris,1000,1000,0,ok,
2026-07-24T18:58:14,meaux,15,15,0,ok,
2026-07-24T18:58:14,chessy,87,74,0,ok,
2026-07-24T18:58:14,serris,69,2,0,ok,
2026-07-24T18:58:14,torcy,225,148,0,ok,
2026-07-24T19:03:02,paris,1000,1000,0,ok,
2026-07-24T19:03:02,meaux,15,15,0,ok,
2026-07-24T19:03:02,chessy,87,74,0,ok,
2026-07-24T19:03:02,serris,69,2,0,ok,
2026-07-24T19:03:02,torcy,225,148,0,ok,
2026-07-24T19:17:35,paris,1000,1000,0,ok,
2026-07-24T19:17:35,meaux,15,15,0,ok,
2026-07-24T19:17:35,chessy,87,74,0,ok,
2026-07-24T19:17:35,serris,69,2,0,ok,
2026-07-24T19:17:35,torcy,225,148,0,ok,
2026-07-24T19:32:44,paris,1000,1000,0,ok,
2026-07-24T19:32:44,meaux,15,15,0,ok,
2026-07-24T19:32:44,chessy,87,74,0,ok,
2026-07-24T19:32:44,serris,69,2,0,ok,
2026-07-24T19:32:44,torcy,225,148,0,ok,
2026-07-24T19:47:41,paris,1000,1000,0,ok,
2026-07-24T19:47:41,meaux,15,15,0,ok,
2026-07-24T19:47:41,chessy,87,74,0,ok,
2026-07-24T19:47:41,serris,69,2,0,ok,
2026-07-24T19:47:41,torcy,225,148,0,ok,
2026-07-24T20:02:54,paris,1000,1000,0,ok,
2026-07-24T20:02:54,meaux,15,15,0,ok,
2026-07-24T20:02:54,chessy,87,74,0,ok,
2026-07-24T20:02:54,serris,69,2,0,ok,
2026-07-24T20:02:54,torcy,225,148,0,ok,
2026-07-24T20:17:49,paris,1000,1000,0,ok,
2026-07-24T20:17:49,meaux,15,15,0,ok,
2026-07-24T20:17:49,chessy,87,74,0,ok,
2026-07-24T20:17:49,serris,69,2,0,ok,
2026-07-24T20:17:49,torcy,225,148,0,ok,
2026-07-24T20:32:36,paris,1000,1000,0,ok,
2026-07-24T20:32:36,meaux,15,15,0,ok,
2026-07-24T20:32:36,chessy,87,74,0,ok,
2026-07-24T20:32:36,serris,69,2,0,ok,
2026-07-24T20:32:36,torcy,225,148,0,ok,
2026-07-24T20:47:38,paris,1000,1000,0,ok,
2026-07-24T20:47:38,meaux,15,15,0,ok,
2026-07-24T20:47:38,chessy,87,74,0,ok,
2026-07-24T20:47:38,serris,69,2,0,ok,
2026-07-24T20:47:38,torcy,225,148,0,ok,
2026-07-24T21:02:54,paris,1000,1000,0,ok,
2026-07-24T21:02:54,meaux,15,15,0,ok,
2026-07-24T21:02:54,chessy,87,74,0,ok,
2026-07-24T21:02:54,serris,69,2,0,ok,
2026-07-24T21:02:54,torcy,225,148,0,ok,
2026-07-24T21:17:28,paris,1000,1000,0,ok,
2026-07-24T21:17:28,meaux,15,15,0,ok,
2026-07-24T21:17:28,chessy,87,74,0,ok,
2026-07-24T21:17:28,serris,69,2,0,ok,
2026-07-24T21:17:28,torcy,225,148,0,ok,
2026-07-24T21:32:44,paris,1000,1000,0,ok,
2026-07-24T21:32:44,meaux,15,15,0,ok,
2026-07-24T21:32:44,chessy,87,74,0,ok,
2026-07-24T21:32:44,serris,69,2,0,ok,
2026-07-24T21:32:44,torcy,225,148,0,ok,
2026-07-24T21:37:35,paris,1000,1000,0,ok,
2026-07-24T21:37:35,meaux,15,15,0,ok,
2026-07-24T21:37:35,chessy,87,74,0,ok,
2026-07-24T21:37:35,serris,69,2,0,ok,
2026-07-24T21:37:35,torcy,225,148,0,ok,
2026-07-24T21:47:38,paris,1000,1000,0,ok,
2026-07-24T21:47:38,meaux,15,15,0,ok,
2026-07-24T21:47:38,chessy,87,74,0,ok,
2026-07-24T21:47:38,serris,69,2,0,ok,
2026-07-24T21:47:38,torcy,225,148,0,ok,
2026-07-24T22:02:54,paris,1000,1000,0,ok,
2026-07-24T22:02:54,meaux,15,15,0,ok,
2026-07-24T22:02:54,chessy,87,74,0,ok,
2026-07-24T22:02:54,serris,69,2,0,ok,
2026-07-24T22:02:54,torcy,225,148,0,ok,
2026-07-24T22:17:38,paris,1000,1000,0,ok,
2026-07-24T22:17:38,meaux,15,15,0,ok,
2026-07-24T22:17:38,chessy,87,74,0,ok,
2026-07-24T22:17:38,serris,69,2,0,ok,
2026-07-24T22:17:38,torcy,225,148,0,ok,
2026-07-24T22:32:44,paris,1000,1000,0,ok,
2026-07-24T22:32:44,meaux,15,15,0,ok,
2026-07-24T22:32:44,chessy,87,74,0,ok,
2026-07-24T22:32:44,serris,69,2,0,ok,
2026-07-24T22:32:44,torcy,225,148,0,ok,
2026-07-24T22:47:33,paris,1000,1000,0,ok,
2026-07-24T22:47:33,meaux,15,15,0,ok,
2026-07-24T22:47:33,chessy,87,74,0,ok,
2026-07-24T22:47:33,serris,69,2,0,ok,
2026-07-24T22:47:33,torcy,225,148,0,ok,
2026-07-24T22:59:19,paris,1000,1000,0,ok,
2026-07-24T22:59:19,meaux,15,15,0,ok,
2026-07-24T22:59:19,chessy,87,74,0,ok,
2026-07-24T22:59:19,serris,69,2,0,ok,
2026-07-24T22:59:19,torcy,225,148,0,ok,
2026-07-24T23:02:52,paris,1000,1000,0,ok,
2026-07-24T23:02:52,meaux,15,15,0,ok,
2026-07-24T23:02:52,chessy,87,74,0,ok,
2026-07-24T23:02:52,serris,69,2,0,ok,
2026-07-24T23:02:52,torcy,225,148,0,ok,
2026-07-24T23:17:34,paris,1000,1000,0,ok,
2026-07-24T23:17:34,meaux,15,15,0,ok,
2026-07-24T23:17:34,chessy,87,74,0,ok,
2026-07-24T23:17:34,serris,69,2,0,ok,
2026-07-24T23:17:34,torcy,225,148,0,ok,
2026-07-24T23:32:33,paris,1000,1000,0,ok,
2026-07-24T23:32:33,meaux,15,15,0,ok,
2026-07-24T23:32:33,chessy,87,74,0,ok,
2026-07-24T23:32:33,serris,69,2,0,ok,
2026-07-24T23:32:33,torcy,225,148,0,ok,
2026-07-24T23:47:28,paris,1000,1000,0,ok,
2026-07-24T23:47:28,meaux,15,15,0,ok,
2026-07-24T23:47:28,chessy,87,74,0,ok,
2026-07-24T23:47:28,serris,69,2,0,ok,
2026-07-24T23:47:28,torcy,225,148,0,ok,
2026-07-25T00:02:51,paris,1000,1000,0,ok,
2026-07-25T00:02:51,meaux,15,15,0,ok,
2026-07-25T00:02:51,chessy,87,74,0,ok,
2026-07-25T00:02:51,serris,69,2,0,ok,
2026-07-25T00:02:51,torcy,225,148,0,ok,
2026-07-25T00:06:07,paris,1000,1000,0,ok,
2026-07-25T00:06:07,meaux,15,15,0,ok,
2026-07-25T00:06:07,chessy,87,74,0,ok,
2026-07-25T00:06:07,serris,69,2,0,ok,
2026-07-25T00:06:07,torcy,225,148,0,ok,
2026-07-25T00:17:32,paris,1000,1000,0,ok,
2026-07-25T00:17:32,meaux,15,15,0,ok,
2026-07-25T00:17:32,chessy,87,74,0,ok,
2026-07-25T00:17:32,serris,69,2,0,ok,
2026-07-25T00:17:32,torcy,225,148,0,ok,
2026-07-25T00:32:51,paris,1000,1000,0,ok,
2026-07-25T00:32:51,meaux,15,15,0,ok,
2026-07-25T00:32:51,chessy,87,74,0,ok,
2026-07-25T00:32:51,serris,69,2,0,ok,
2026-07-25T00:32:51,torcy,225,148,0,ok,
2026-07-25T00:47:36,paris,1000,1000,0,ok,
2026-07-25T00:47:36,meaux,15,15,0,ok,
2026-07-25T00:47:36,chessy,87,74,0,ok,
2026-07-25T00:47:36,serris,69,2,0,ok,
2026-07-25T00:47:36,torcy,225,148,0,ok,
2026-07-25T01:02:41,paris,1000,1000,0,ok,
2026-07-25T01:02:41,meaux,15,15,0,ok,
2026-07-25T01:02:41,chessy,87,74,0,ok,
2026-07-25T01:02:41,serris,69,2,0,ok,
2026-07-25T01:02:41,torcy,225,148,0,ok,
2026-07-25T01:17:28,paris,1000,1000,0,ok,
2026-07-25T01:17:28,meaux,15,15,0,ok,
2026-07-25T01:17:28,chessy,87,74,0,ok,
2026-07-25T01:17:28,serris,69,2,0,ok,
2026-07-25T01:17:28,torcy,225,148,0,ok,
2026-07-25T01:32:32,paris,1000,1000,0,ok,
2026-07-25T01:32:32,meaux,15,15,0,ok,
2026-07-25T01:32:32,chessy,87,74,0,ok,
2026-07-25T01:32:32,serris,69,2,0,ok,
2026-07-25T01:32:32,torcy,225,148,0,ok,
2026-07-25T01:47:32,paris,1000,1000,0,ok,
2026-07-25T01:47:32,meaux,15,15,0,ok,
2026-07-25T01:47:32,chessy,87,74,0,ok,
2026-07-25T01:47:32,serris,69,2,0,ok,
2026-07-25T01:47:32,torcy,225,148,0,ok,
2026-07-25T02:02:48,paris,1000,1000,0,ok,
2026-07-25T02:02:48,meaux,15,15,0,ok,
2026-07-25T02:02:48,chessy,87,74,0,ok,
2026-07-25T02:02:48,serris,69,2,0,ok,
2026-07-25T02:02:48,torcy,225,148,0,ok,
2026-07-25T02:17:54,paris,1000,1000,0,ok,
2026-07-25T02:17:54,meaux,15,15,0,ok,
2026-07-25T02:17:54,chessy,87,74,0,ok,
2026-07-25T02:17:54,serris,69,2,0,ok,
2026-07-25T02:17:54,torcy,225,148,0,ok,
2026-07-25T02:32:36,paris,1000,1000,0,ok,
2026-07-25T02:32:36,meaux,15,15,0,ok,
2026-07-25T02:32:36,chessy,87,74,0,ok,
2026-07-25T02:32:36,serris,69,2,0,ok,
2026-07-25T02:32:36,torcy,225,148,0,ok,
2026-07-25T02:47:28,paris,1000,1000,0,ok,
2026-07-25T02:47:28,meaux,15,15,0,ok,
2026-07-25T02:47:28,chessy,87,74,0,ok,
2026-07-25T02:47:28,serris,69,2,0,ok,
2026-07-25T02:47:28,torcy,225,148,0,ok,
2026-07-25T03:02:56,paris,1000,1000,0,ok,
2026-07-25T03:02:56,meaux,15,15,0,ok,
2026-07-25T03:02:56,chessy,87,74,0,ok,
2026-07-25T03:02:56,serris,69,2,0,ok,
2026-07-25T03:02:56,torcy,225,148,0,ok,
2026-07-25T03:17:33,paris,1000,1000,0,ok,
2026-07-25T03:17:33,meaux,15,15,0,ok,
2026-07-25T03:17:33,chessy,87,74,0,ok,
2026-07-25T03:17:33,serris,69,2,0,ok,
2026-07-25T03:17:33,torcy,225,148,0,ok,
2026-07-25T03:32:37,paris,1000,1000,0,ok,
2026-07-25T03:32:37,meaux,15,15,0,ok,
2026-07-25T03:32:37,chessy,87,74,0,ok,
2026-07-25T03:32:37,serris,69,2,0,ok,
2026-07-25T03:32:37,torcy,225,148,0,ok,
2026-07-25T03:47:30,paris,1000,1000,0,ok,
2026-07-25T03:47:30,meaux,15,15,0,ok,
2026-07-25T03:47:30,chessy,87,74,0,ok,
2026-07-25T03:47:30,serris,69,2,0,ok,
2026-07-25T03:47:30,torcy,225,148,0,ok,
2026-07-25T04:02:53,paris,1000,1000,0,ok,
2026-07-25T04:02:53,meaux,15,15,0,ok,
2026-07-25T04:02:53,chessy,87,74,0,ok,
2026-07-25T04:02:53,serris,69,2,0,ok,
2026-07-25T04:02:53,torcy,225,148,0,ok,
2026-07-25T04:17:32,paris,1000,1000,0,ok,
2026-07-25T04:17:32,meaux,15,15,0,ok,
2026-07-25T04:17:32,chessy,87,74,0,ok,
2026-07-25T04:17:32,serris,69,2,0,ok,
2026-07-25T04:17:32,torcy,225,148,0,ok,
2026-07-25T04:32:39,paris,1000,1000,0,ok,
2026-07-25T04:32:39,meaux,15,15,0,ok,
2026-07-25T04:32:39,chessy,87,74,0,ok,
2026-07-25T04:32:39,serris,69,2,0,ok,
2026-07-25T04:32:39,torcy,225,148,0,ok,
2026-07-25T04:47:38,paris,1000,1000,0,ok,
2026-07-25T04:47:38,meaux,15,15,0,ok,
2026-07-25T04:47:38,chessy,87,74,0,ok,
2026-07-25T04:47:38,serris,69,2,0,ok,
2026-07-25T04:47:38,torcy,225,148,0,ok,
2026-07-25T05:02:52,paris,1000,1000,0,ok,
2026-07-25T05:02:52,meaux,15,15,0,ok,
2026-07-25T05:02:52,chessy,87,74,0,ok,
2026-07-25T05:02:52,serris,69,2,0,ok,
2026-07-25T05:02:52,torcy,225,148,0,ok,
2026-07-25T05:17:38,paris,1000,1000,0,ok,
2026-07-25T05:17:38,meaux,15,15,0,ok,
2026-07-25T05:17:38,chessy,87,74,0,ok,
2026-07-25T05:17:38,serris,69,2,0,ok,
2026-07-25T05:17:38,torcy,225,148,0,ok,
2026-07-25T05:32:34,paris,1000,1000,0,ok,
2026-07-25T05:32:34,meaux,15,15,0,ok,
2026-07-25T05:32:34,chessy,87,74,0,ok,
2026-07-25T05:32:34,serris,69,2,0,ok,
2026-07-25T05:32:34,torcy,225,148,0,ok,
2026-07-25T05:48:23,paris,1000,1000,0,ok,
2026-07-25T05:48:23,meaux,15,15,0,ok,
2026-07-25T05:48:23,chessy,87,74,0,ok,
2026-07-25T05:48:23,serris,69,2,0,ok,
2026-07-25T05:48:23,torcy,225,148,0,ok,
2026-07-25T06:03:47,paris,1000,1000,0,ok,
2026-07-25T06:03:47,meaux,15,15,0,ok,
2026-07-25T06:03:47,chessy,87,74,0,ok,
2026-07-25T06:03:47,serris,69,2,0,ok,
2026-07-25T06:03:47,torcy,225,148,0,ok,
2026-07-25T06:13:59,paris,1000,1000,0,ok,
2026-07-25T06:13:59,meaux,15,15,0,ok,
2026-07-25T06:13:59,chessy,87,74,0,ok,
2026-07-25T06:13:59,serris,69,2,0,ok,
2026-07-25T06:13:59,torcy,225,148,0,ok,
2026-07-25T06:17:33,paris,1000,1000,0,ok,
2026-07-25T06:17:33,meaux,15,15,0,ok,
2026-07-25T06:17:33,chessy,87,74,0,ok,
2026-07-25T06:17:33,serris,69,2,0,ok,
2026-07-25T06:17:33,torcy,225,148,0,ok,
2026-07-25T06:32:40,paris,1000,1000,0,ok,
2026-07-25T06:32:40,meaux,15,15,0,ok,
2026-07-25T06:32:40,chessy,87,74,0,ok,
2026-07-25T06:32:40,serris,69,2,0,ok,
2026-07-25T06:32:40,torcy,225,148,0,ok,
2026-07-25T06:47:35,paris,1000,1000,0,ok,
2026-07-25T06:47:35,meaux,15,15,0,ok,
2026-07-25T06:47:35,chessy,87,74,0,ok,
2026-07-25T06:47:35,serris,69,2,0,ok,
2026-07-25T06:47:35,torcy,225,148,0,ok,
2026-07-25T07:03:05,paris,1000,1000,0,ok,
2026-07-25T07:03:05,meaux,15,15,0,ok,
2026-07-25T07:03:05,chessy,87,74,0,ok,
2026-07-25T07:03:05,serris,69,2,0,ok,
2026-07-25T07:03:05,torcy,225,148,0,ok,
2026-07-25T07:17:35,paris,1000,1000,0,ok,
2026-07-25T07:17:35,meaux,15,15,0,ok,
2026-07-25T07:17:35,chessy,87,74,0,ok,
2026-07-25T07:17:35,serris,69,2,0,ok,
2026-07-25T07:17:35,torcy,225,148,0,ok,
2026-07-25T07:33:53,paris,1000,1000,0,ok,
2026-07-25T07:33:53,meaux,15,15,0,ok,
2026-07-25T07:33:53,chessy,87,74,0,ok,
2026-07-25T07:33:53,serris,69,2,0,ok,
2026-07-25T07:33:53,torcy,225,148,0,ok,
2026-07-25T07:47:34,paris,1000,1000,0,ok,
2026-07-25T07:47:34,meaux,15,15,0,ok,
2026-07-25T07:47:34,chessy,87,74,0,ok,
2026-07-25T07:47:34,serris,69,2,0,ok,
2026-07-25T07:47:34,torcy,225,148,0,ok,
2026-07-25T08:02:52,paris,1000,1000,0,ok,
2026-07-25T08:02:52,meaux,15,15,0,ok,
2026-07-25T08:02:52,chessy,87,74,0,ok,
2026-07-25T08:02:52,serris,69,2,0,ok,
2026-07-25T08:02:52,torcy,225,148,0,ok,
2026-07-25T08:17:29,paris,1000,1000,0,ok,
2026-07-25T08:17:29,meaux,15,15,0,ok,
2026-07-25T08:17:29,chessy,87,74,0,ok,
2026-07-25T08:17:29,serris,69,2,0,ok,
2026-07-25T08:17:29,torcy,225,148,0,ok,
2026-07-25T08:30:42,paris,1000,1000,0,ok,
2026-07-25T08:30:42,meaux,15,15,0,ok,
2026-07-25T08:30:42,chessy,87,74,0,ok,
2026-07-25T08:30:42,serris,69,2,0,ok,
2026-07-25T08:30:42,torcy,225,148,0,ok,
2026-07-25T08:47:33,paris,1000,1000,0,ok,
2026-07-25T08:47:33,meaux,15,15,0,ok,
2026-07-25T08:47:33,chessy,87,74,0,ok,
2026-07-25T08:47:33,serris,69,2,0,ok,
2026-07-25T08:47:33,torcy,224,147,0,ok,
2026-07-25T09:02:51,paris,1000,1000,0,ok,
2026-07-25T09:02:51,meaux,15,15,0,ok,
2026-07-25T09:02:51,chessy,87,74,0,ok,
2026-07-25T09:02:51,serris,69,2,0,ok,
2026-07-25T09:02:51,torcy,224,147,0,ok,
2026-07-25T09:17:32,paris,1000,1000,0,ok,
2026-07-25T09:17:32,meaux,15,15,0,ok,
2026-07-25T09:17:32,chessy,87,74,0,ok,
2026-07-25T09:17:32,serris,69,2,0,ok,
2026-07-25T09:17:32,torcy,224,147,0,ok,
2026-07-25T09:32:36,paris,1000,1000,0,ok,
2026-07-25T09:32:36,meaux,15,15,0,ok,
2026-07-25T09:32:36,chessy,87,74,0,ok,
2026-07-25T09:32:36,serris,69,2,0,ok,
2026-07-25T09:32:36,torcy,224,147,0,ok,
2026-07-25T09:47:29,paris,1000,1000,0,ok,
2026-07-25T09:47:29,meaux,15,15,0,ok,
2026-07-25T09:47:29,chessy,87,74,0,ok,
2026-07-25T09:47:29,serris,69,2,0,ok,
2026-07-25T09:47:29,torcy,224,147,0,ok,
2026-07-25T10:02:49,paris,1000,1000,0,ok,
2026-07-25T10:02:49,meaux,15,15,0,ok,
2026-07-25T10:02:49,chessy,87,74,0,ok,
2026-07-25T10:02:49,serris,69,2,0,ok,
2026-07-25T10:02:49,torcy,224,147,0,ok,
2026-07-25T10:11:02,paris,1000,1000,0,ok,
2026-07-25T10:11:02,meaux,15,15,0,ok,
2026-07-25T10:11:02,chessy,87,74,0,ok,
2026-07-25T10:11:02,serris,69,2,0,ok,
2026-07-25T10:11:02,torcy,224,147,0,ok,
2026-07-25T10:17:28,paris,1000,1000,0,ok,
2026-07-25T10:17:28,meaux,15,15,0,ok,
2026-07-25T10:17:28,chessy,87,74,0,ok,
2026-07-25T10:17:28,serris,69,2,0,ok,
2026-07-25T10:17:28,torcy,224,147,0,ok,
2026-07-25T10:32:45,paris,1000,1000,0,ok,
2026-07-25T10:32:45,meaux,15,15,0,ok,
2026-07-25T10:32:45,chessy,87,74,0,ok,
2026-07-25T10:32:45,serris,69,2,0,ok,
2026-07-25T10:32:45,torcy,224,147,0,ok,
2026-07-25T10:51:01,paris,1000,1000,0,ok,
2026-07-25T10:51:01,meaux,15,15,0,ok,
2026-07-25T10:51:01,chessy,87,74,0,ok,
2026-07-25T10:51:01,serris,69,2,0,ok,
2026-07-25T10:51:01,torcy,224,147,0,ok,
2026-07-25T11:02:56,paris,1000,1000,0,ok,
2026-07-25T11:02:56,meaux,15,15,0,ok,
2026-07-25T11:02:56,chessy,87,74,0,ok,
2026-07-25T11:02:56,serris,69,2,0,ok,
2026-07-25T11:02:56,torcy,224,147,0,ok,
2026-07-25T11:17:31,paris,1000,1000,0,ok,
2026-07-25T11:17:31,meaux,15,15,0,ok,
2026-07-25T11:17:31,chessy,87,74,0,ok,
2026-07-25T11:17:31,serris,69,2,0,ok,
2026-07-25T11:17:31,torcy,224,147,0,ok,
2026-07-25T11:32:48,paris,1000,1000,0,ok,
2026-07-25T11:32:48,meaux,15,15,0,ok,
2026-07-25T11:32:48,chessy,87,74,0,ok,
2026-07-25T11:32:48,serris,69,2,0,ok,
2026-07-25T11:32:48,torcy,224,147,0,ok,
2026-07-25T11:43:47,paris,1000,1000,0,ok,
2026-07-25T11:43:47,meaux,15,15,0,ok,
2026-07-25T11:43:47,chessy,87,74,0,ok,
2026-07-25T11:43:47,serris,69,2,0,ok,
2026-07-25T11:43:47,torcy,224,147,0,ok,
2026-07-25T11:47:36,paris,1000,1000,0,ok,
2026-07-25T11:47:36,meaux,15,15,0,ok,
2026-07-25T11:47:36,chessy,87,74,0,ok,
2026-07-25T11:47:36,serris,69,2,0,ok,
2026-07-25T11:47:36,torcy,224,147,0,ok,
2026-07-25T12:02:48,paris,1000,1000,0,ok,
2026-07-25T12:02:48,meaux,15,15,0,ok,
2026-07-25T12:02:48,chessy,87,74,0,ok,
2026-07-25T12:02:48,serris,69,2,0,ok,
2026-07-25T12:02:48,torcy,224,147,0,ok,
2026-07-25T13:02:56,paris,1000,1000,0,ok,
2026-07-25T13:02:56,meaux,15,15,0,ok,
2026-07-25T13:02:56,chessy,87,74,0,ok,
2026-07-25T13:02:56,serris,69,2,0,ok,
2026-07-25T13:02:56,torcy,224,147,0,ok,
2026-07-25T13:15:52,paris,1000,1000,0,ok,
2026-07-25T13:15:52,meaux,15,15,0,ok,
2026-07-25T13:15:52,chessy,87,74,0,ok,
2026-07-25T13:15:52,serris,69,2,0,ok,
2026-07-25T13:15:52,torcy,224,147,0,ok,
2026-07-25T13:32:45,paris,1000,1000,0,ok,
2026-07-25T13:32:45,meaux,15,15,0,ok,
2026-07-25T13:32:45,chessy,87,74,0,ok,
2026-07-25T13:32:45,serris,69,2,0,ok,
2026-07-25T13:32:45,torcy,224,147,0,ok,
2026-07-25T13:47:32,paris,1000,1000,0,ok,
2026-07-25T13:47:32,meaux,15,15,0,ok,
2026-07-25T13:47:32,chessy,87,74,0,ok,
2026-07-25T13:47:32,serris,69,2,0,ok,
2026-07-25T13:47:32,torcy,224,147,0,ok,
2026-07-25T14:02:57,paris,1000,1000,0,ok,
2026-07-25T14:02:57,meaux,15,15,0,ok,
2026-07-25T14:02:57,chessy,87,74,0,ok,
2026-07-25T14:02:57,serris,69,2,0,ok,
2026-07-25T14:02:57,torcy,224,147,0,ok,
2026-07-25T14:17:35,paris,1000,1000,0,ok,
2026-07-25T14:17:35,meaux,15,15,0,ok,
2026-07-25T14:17:35,chessy,87,74,0,ok,
2026-07-25T14:17:35,serris,69,2,0,ok,
2026-07-25T14:17:35,torcy,224,147,0,ok,
2026-07-25T14:32:48,paris,1000,1000,0,ok,
2026-07-25T14:32:48,meaux,15,15,0,ok,
2026-07-25T14:32:48,chessy,87,74,0,ok,
2026-07-25T14:32:48,serris,69,2,0,ok,
2026-07-25T14:32:48,torcy,224,147,0,ok,
2026-07-25T14:47:42,paris,1000,1000,0,ok,
2026-07-25T14:47:42,meaux,15,15,0,ok,
2026-07-25T14:47:42,chessy,87,74,0,ok,
2026-07-25T14:47:42,serris,69,2,0,ok,
2026-07-25T14:47:42,torcy,224,147,0,ok,
2026-07-25T15:02:56,paris,1000,1000,0,ok,
2026-07-25T15:02:56,meaux,15,15,0,ok,
2026-07-25T15:02:56,chessy,87,74,0,ok,
2026-07-25T15:02:56,serris,69,2,0,ok,
2026-07-25T15:02:56,torcy,224,147,0,ok,
2026-07-25T15:17:38,paris,1000,1000,0,ok,
2026-07-25T15:17:38,meaux,15,15,0,ok,
2026-07-25T15:17:38,chessy,87,74,0,ok,
2026-07-25T15:17:38,serris,69,2,0,ok,
2026-07-25T15:17:38,torcy,224,147,0,ok,
2026-07-25T15:33:50,paris,1000,1000,0,ok,
2026-07-25T15:33:50,meaux,15,15,0,ok,
2026-07-25T15:33:50,chessy,87,74,0,ok,
2026-07-25T15:33:50,serris,69,2,0,ok,
2026-07-25T15:33:50,torcy,224,147,0,ok,
2026-07-25T15:48:34,paris,1000,1000,0,ok,
2026-07-25T15:48:34,meaux,15,15,0,ok,
2026-07-25T15:48:34,chessy,87,74,0,ok,
2026-07-25T15:48:34,serris,69,2,0,ok,
2026-07-25T15:48:34,torcy,224,147,0,ok,
2026-07-25T16:02:25,paris,1000,1000,0,ok,
2026-07-25T16:02:25,meaux,15,15,0,ok,
2026-07-25T16:02:25,chessy,87,74,0,ok,
2026-07-25T16:02:25,serris,69,2,0,ok,
2026-07-25T16:02:25,torcy,224,147,0,ok,
2026-07-25T16:18:03,paris,1000,1000,0,ok,
2026-07-25T16:18:03,meaux,15,15,0,ok,
2026-07-25T16:18:03,chessy,87,74,0,ok,
2026-07-25T16:18:03,serris,69,2,0,ok,
2026-07-25T16:18:03,torcy,224,147,0,ok,
2026-07-25T16:32:50,paris,1000,1000,0,ok,
2026-07-25T16:32:50,meaux,15,15,0,ok,
2026-07-25T16:32:50,chessy,87,74,0,ok,
2026-07-25T16:32:50,serris,69,2,0,ok,
2026-07-25T16:32:50,torcy,224,147,0,ok,
2026-07-25T16:47:34,paris,1000,1000,0,ok,
2026-07-25T16:47:34,meaux,15,15,0,ok,
2026-07-25T16:47:34,chessy,87,74,0,ok,
2026-07-25T16:47:34,serris,69,2,0,ok,
2026-07-25T16:47:34,torcy,224,147,0,ok,
2026-07-25T17:02:58,paris,1000,1000,0,ok,
2026-07-25T17:02:58,meaux,15,15,0,ok,
2026-07-25T17:02:58,chessy,87,74,0,ok,
2026-07-25T17:02:58,serris,69,2,0,ok,
2026-07-25T17:02:58,torcy,224,147,0,ok,
2026-07-25T17:11:27,paris,1000,1000,0,ok,
2026-07-25T17:11:27,meaux,15,15,0,ok,
2026-07-25T17:11:27,chessy,87,74,0,ok,
2026-07-25T17:11:27,serris,69,2,0,ok,
2026-07-25T17:11:27,torcy,224,147,0,ok,
2026-07-25T17:17:44,paris,1000,1000,0,ok,
2026-07-25T17:17:44,meaux,15,15,0,ok,
2026-07-25T17:17:44,chessy,87,74,0,ok,
2026-07-25T17:17:44,serris,69,2,0,ok,
2026-07-25T17:17:44,torcy,224,147,0,ok,
2026-07-25T17:32:43,paris,1000,1000,0,ok,
2026-07-25T17:32:43,meaux,15,15,0,ok,
2026-07-25T17:32:43,chessy,87,74,0,ok,
2026-07-25T17:32:43,serris,69,2,0,ok,
2026-07-25T17:32:43,torcy,224,147,0,ok,
2026-07-25T17:47:33,paris,1000,1000,0,ok,
2026-07-25T17:47:33,meaux,15,15,0,ok,
2026-07-25T17:47:33,chessy,87,74,0,ok,
2026-07-25T17:47:33,serris,69,2,0,ok,
2026-07-25T17:47:33,torcy,224,147,0,ok,
2026-07-25T18:02:53,paris,1000,1000,0,ok,
2026-07-25T18:02:53,meaux,15,15,0,ok,
2026-07-25T18:02:53,chessy,87,74,0,ok,
2026-07-25T18:02:53,serris,69,2,0,ok,
2026-07-25T18:02:53,torcy,224,147,0,ok,
2026-07-25T18:16:22,paris,1000,1000,0,ok,
2026-07-25T18:16:22,meaux,15,15,0,ok,
2026-07-25T18:16:22,chessy,87,74,0,ok,
2026-07-25T18:16:22,serris,69,2,0,ok,
2026-07-25T18:16:22,torcy,224,147,0,ok,
2026-07-25T18:32:38,paris,1000,1000,0,ok,
2026-07-25T18:32:38,meaux,15,15,0,ok,
2026-07-25T18:32:38,chessy,87,74,0,ok,
2026-07-25T18:32:38,serris,69,2,0,ok,
2026-07-25T18:32:38,torcy,224,147,0,ok,
2026-07-25T18:47:30,paris,1000,1000,0,ok,
2026-07-25T18:47:30,meaux,15,15,0,ok,
2026-07-25T18:47:30,chessy,87,74,0,ok,
2026-07-25T18:47:30,serris,69,2,0,ok,
2026-07-25T18:47:30,torcy,224,147,0,ok,
2026-07-25T19:02:59,paris,1000,1000,0,ok,
2026-07-25T19:02:59,meaux,15,15,0,ok,
2026-07-25T19:02:59,chessy,87,74,0,ok,
2026-07-25T19:02:59,serris,69,2,0,ok,
2026-07-25T19:02:59,torcy,224,147,0,ok,
2026-07-25T19:17:34,paris,1000,1000,0,ok,
2026-07-25T19:17:34,meaux,15,15,0,ok,
2026-07-25T19:17:34,chessy,87,74,0,ok,
2026-07-25T19:17:34,serris,69,2,0,ok,
2026-07-25T19:17:34,torcy,224,147,0,ok,
2026-07-25T19:32:42,paris,1000,1000,0,ok,
2026-07-25T19:32:42,meaux,15,15,0,ok,
2026-07-25T19:32:42,chessy,87,74,0,ok,
2026-07-25T19:32:42,serris,69,2,0,ok,
2026-07-25T19:32:42,torcy,224,147,0,ok,
2026-07-25T19:43:45,paris,1000,1000,0,ok,
2026-07-25T19:43:45,meaux,15,15,0,ok,
2026-07-25T19:43:45,chessy,87,74,0,ok,
2026-07-25T19:43:45,serris,69,2,0,ok,
2026-07-25T19:43:45,torcy,224,147,0,ok,
2026-07-25T19:47:26,paris,1000,1000,0,ok,
2026-07-25T19:47:26,meaux,15,15,0,ok,
2026-07-25T19:47:26,chessy,87,74,0,ok,
2026-07-25T19:47:26,serris,69,2,0,ok,
2026-07-25T19:47:26,torcy,224,147,0,ok,
2026-07-25T20:02:52,paris,1000,1000,0,ok,
2026-07-25T20:02:52,meaux,15,15,0,ok,
2026-07-25T20:02:52,chessy,87,74,0,ok,
2026-07-25T20:02:52,serris,69,2,0,ok,
2026-07-25T20:02:52,torcy,224,147,0,ok,
2026-07-25T20:17:33,paris,1000,1000,0,ok,
2026-07-25T20:17:33,meaux,15,15,0,ok,
2026-07-25T20:17:33,chessy,87,74,0,ok,
2026-07-25T20:17:33,serris,69,2,0,ok,
2026-07-25T20:17:33,torcy,224,147,0,ok,
2026-07-25T20:32:38,paris,1000,1000,0,ok,
2026-07-25T20:32:38,meaux,15,15,0,ok,
2026-07-25T20:32:38,chessy,87,74,0,ok,
2026-07-25T20:32:38,serris,69,2,0,ok,
2026-07-25T20:32:38,torcy,224,147,0,ok,
2026-07-25T20:45:46,paris,1000,1000,0,ok,
2026-07-25T20:45:46,meaux,15,15,0,ok,
2026-07-25T20:45:46,chessy,87,74,0,ok,
2026-07-25T20:45:46,serris,69,2,0,ok,
2026-07-25T20:45:46,torcy,224,147,0,ok,
2026-07-25T21:02:57,paris,1000,1000,0,ok,
2026-07-25T21:02:57,meaux,15,15,0,ok,
2026-07-25T21:02:57,chessy,87,74,0,ok,
2026-07-25T21:02:57,serris,69,2,0,ok,
2026-07-25T21:02:57,torcy,224,147,0,ok,
2026-07-25T21:17:30,paris,1000,1000,0,ok,
2026-07-25T21:17:30,meaux,15,15,0,ok,
2026-07-25T21:17:30,chessy,87,74,0,ok,
2026-07-25T21:17:30,serris,69,2,0,ok,
2026-07-25T21:17:30,torcy,224,147,0,ok,
2026-07-25T21:32:34,paris,1000,1000,0,ok,
2026-07-25T21:32:34,meaux,15,15,0,ok,
2026-07-25T21:32:34,chessy,87,74,0,ok,
2026-07-25T21:32:34,serris,69,2,0,ok,
2026-07-25T21:32:34,torcy,224,147,0,ok,
2026-07-25T21:47:34,paris,1000,1000,0,ok,
2026-07-25T21:47:34,meaux,15,15,0,ok,
2026-07-25T21:47:34,chessy,87,74,0,ok,
2026-07-25T21:47:34,serris,69,2,0,ok,
2026-07-25T21:47:34,torcy,224,147,0,ok,
2026-07-25T21:53:36,paris,1000,1000,0,ok,
2026-07-25T21:53:36,meaux,15,15,0,ok,
2026-07-25T21:53:36,chessy,87,74,0,ok,
2026-07-25T21:53:36,serris,69,2,0,ok,
2026-07-25T21:53:36,torcy,224,147,0,ok,
2026-07-25T22:02:54,paris,1000,1000,0,ok,
2026-07-25T22:02:54,meaux,15,15,0,ok,
2026-07-25T22:02:54,chessy,87,74,0,ok,
2026-07-25T22:02:54,serris,69,2,0,ok,
2026-07-25T22:02:54,torcy,224,147,0,ok,
2026-07-25T22:17:23,paris,1000,1000,0,ok,
2026-07-25T22:17:23,meaux,15,15,0,ok,
2026-07-25T22:17:23,chessy,87,74,0,ok,
2026-07-25T22:17:23,serris,69,2,0,ok,
2026-07-25T22:17:23,torcy,224,147,0,ok,
2026-07-25T22:32:33,paris,1000,1000,0,ok,
2026-07-25T22:32:33,meaux,15,15,0,ok,
2026-07-25T22:32:33,chessy,87,74,0,ok,
2026-07-25T22:32:33,serris,69,2,0,ok,
2026-07-25T22:32:33,torcy,224,147,0,ok,
2026-07-25T22:47:33,paris,1000,1000,0,ok,
2026-07-25T22:47:33,meaux,15,15,0,ok,
2026-07-25T22:47:33,chessy,87,74,0,ok,
2026-07-25T22:47:33,serris,69,2,0,ok,
2026-07-25T22:47:33,torcy,224,147,0,ok,
2026-07-25T22:52:07,paris,1000,1000,0,ok,
2026-07-25T22:52:07,meaux,15,15,0,ok,
2026-07-25T22:52:07,chessy,87,74,0,ok,
2026-07-25T22:52:07,serris,69,2,0,ok,
2026-07-25T22:52:07,torcy,224,147,0,ok,
2026-07-25T23:02:50,paris,1000,1000,0,ok,
2026-07-25T23:02:50,meaux,15,15,0,ok,
2026-07-25T23:02:50,chessy,87,74,0,ok,
2026-07-25T23:02:50,serris,69,2,0,ok,
2026-07-25T23:02:50,torcy,224,147,0,ok,
2026-07-25T23:17:33,paris,1000,1000,0,ok,
2026-07-25T23:17:33,meaux,15,15,0,ok,
2026-07-25T23:17:33,chessy,87,74,0,ok,
2026-07-25T23:17:33,serris,69,2,0,ok,
2026-07-25T23:17:33,torcy,224,147,0,ok,
2026-07-25T23:32:52,paris,1000,1000,0,ok,
2026-07-25T23:32:52,meaux,15,15,0,ok,
2026-07-25T23:32:52,chessy,87,74,0,ok,
2026-07-25T23:32:52,serris,69,2,0,ok,
2026-07-25T23:32:52,torcy,224,147,0,ok,
2026-07-25T23:47:37,paris,1000,1000,0,ok,
2026-07-25T23:47:37,meaux,15,15,0,ok,
2026-07-25T23:47:37,chessy,87,74,0,ok,
2026-07-25T23:47:37,serris,69,2,0,ok,
2026-07-25T23:47:37,torcy,224,147,0,ok,
2026-07-25T23:58:10,paris,1000,1000,0,ok,
2026-07-25T23:58:10,meaux,15,15,0,ok,
2026-07-25T23:58:10,chessy,87,74,0,ok,
2026-07-25T23:58:10,serris,69,2,0,ok,
2026-07-25T23:58:10,torcy,224,147,0,ok,
2026-07-26T00:03:05,paris,1000,1000,0,ok,
2026-07-26T00:03:05,meaux,15,15,0,ok,
2026-07-26T00:03:05,chessy,87,74,0,ok,
2026-07-26T00:03:05,serris,69,2,0,ok,
2026-07-26T00:03:05,torcy,224,147,0,ok,
2026-07-26T00:17:29,paris,1000,1000,0,ok,
2026-07-26T00:17:29,meaux,15,15,0,ok,
2026-07-26T00:17:29,chessy,87,74,0,ok,
2026-07-26T00:17:29,serris,69,2,0,ok,
2026-07-26T00:17:29,torcy,224,147,0,ok,
2026-07-26T00:32:48,paris,1000,1000,0,ok,
2026-07-26T00:32:48,meaux,15,15,0,ok,
2026-07-26T00:32:48,chessy,87,74,0,ok,
2026-07-26T00:32:48,serris,69,2,0,ok,
2026-07-26T00:32:48,torcy,224,147,0,ok,
2026-07-26T00:47:31,paris,1000,1000,0,ok,
2026-07-26T00:47:31,meaux,15,15,0,ok,
2026-07-26T00:47:31,chessy,87,74,0,ok,
2026-07-26T00:47:31,serris,69,2,0,ok,
2026-07-26T00:47:31,torcy,224,147,0,ok,
2026-07-26T01:03:25,paris,1000,1000,0,ok,
2026-07-26T01:03:25,meaux,15,15,0,ok,
2026-07-26T01:03:25,chessy,87,74,0,ok,
2026-07-26T01:03:25,serris,69,2,0,ok,
2026-07-26T01:03:25,torcy,224,147,0,ok,
2026-07-26T01:17:24,paris,1000,1000,0,ok,
2026-07-26T01:17:24,meaux,15,15,0,ok,
2026-07-26T01:17:24,chessy,87,74,0,ok,
2026-07-26T01:17:24,serris,69,2,0,ok,
2026-07-26T01:17:24,torcy,224,147,0,ok,
2026-07-26T01:32:42,paris,1000,1000,0,ok,
2026-07-26T01:32:42,meaux,15,15,0,ok,
2026-07-26T01:32:42,chessy,87,74,0,ok,
2026-07-26T01:32:42,serris,69,2,0,ok,
2026-07-26T01:32:42,torcy,224,147,0,ok,
2026-07-26T01:47:32,paris,1000,1000,0,ok,
2026-07-26T01:47:32,meaux,15,15,0,ok,
2026-07-26T01:47:32,chessy,87,74,0,ok,
2026-07-26T01:47:32,serris,69,2,0,ok,
2026-07-26T01:47:32,torcy,224,147,0,ok,
2026-07-26T02:03:03,paris,1000,1000,0,ok,
2026-07-26T02:03:03,meaux,15,15,0,ok,
2026-07-26T02:03:03,chessy,87,74,0,ok,
2026-07-26T02:03:03,serris,69,2,0,ok,
2026-07-26T02:03:03,torcy,224,147,0,ok,
2026-07-26T02:17:39,paris,1000,1000,0,ok,
2026-07-26T02:17:39,meaux,15,15,0,ok,
2026-07-26T02:17:39,chessy,87,74,0,ok,
2026-07-26T02:17:39,serris,69,2,0,ok,
2026-07-26T02:17:39,torcy,224,147,0,ok,
2026-07-26T02:32:38,paris,1000,1000,0,ok,
2026-07-26T02:32:38,meaux,15,15,0,ok,
2026-07-26T02:32:38,chessy,87,74,0,ok,
2026-07-26T02:32:38,serris,69,2,0,ok,
2026-07-26T02:32:38,torcy,224,147,0,ok,
2026-07-26T02:47:45,paris,1000,1000,0,ok,
2026-07-26T02:47:45,meaux,15,15,0,ok,
2026-07-26T02:47:45,chessy,87,74,0,ok,
2026-07-26T02:47:45,serris,69,2,0,ok,
2026-07-26T02:47:45,torcy,224,147,0,ok,
2026-07-26T03:03:08,paris,1000,1000,0,ok,
2026-07-26T03:03:08,meaux,15,15,0,ok,
2026-07-26T03:03:08,chessy,87,74,0,ok,
2026-07-26T03:03:08,serris,69,2,0,ok,
2026-07-26T03:03:08,torcy,224,147,0,ok,
2026-07-26T03:17:44,paris,1000,1000,0,ok,
2026-07-26T03:17:44,meaux,15,15,0,ok,
2026-07-26T03:17:44,chessy,87,74,0,ok,
2026-07-26T03:17:44,serris,69,2,0,ok,
2026-07-26T03:17:44,torcy,224,147,0,ok,
2026-07-26T03:32:46,paris,1000,1000,0,ok,
2026-07-26T03:32:46,meaux,15,15,0,ok,
2026-07-26T03:32:46,chessy,87,74,0,ok,
2026-07-26T03:32:46,serris,69,2,0,ok,
2026-07-26T03:32:46,torcy,224,147,0,ok,
2026-07-26T03:47:38,paris,1000,1000,0,ok,
2026-07-26T03:47:38,meaux,15,15,0,ok,
2026-07-26T03:47:38,chessy,87,74,0,ok,
2026-07-26T03:47:38,serris,69,2,0,ok,
2026-07-26T03:47:38,torcy,224,147,0,ok,
2026-07-26T04:02:56,paris,1000,1000,0,ok,
2026-07-26T04:02:56,meaux,15,15,0,ok,
2026-07-26T04:02:56,chessy,87,74,0,ok,
2026-07-26T04:02:56,serris,69,2,0,ok,
2026-07-26T04:02:56,torcy,224,147,0,ok,
2026-07-26T04:17:42,paris,1000,1000,0,ok,
2026-07-26T04:17:42,meaux,15,15,0,ok,
2026-07-26T04:17:42,chessy,87,74,0,ok,
2026-07-26T04:17:42,serris,69,2,0,ok,
2026-07-26T04:17:42,torcy,224,147,0,ok,
2026-07-26T04:32:55,paris,1000,1000,0,ok,
2026-07-26T04:32:55,meaux,15,15,0,ok,
2026-07-26T04:32:55,chessy,87,74,0,ok,
2026-07-26T04:32:55,serris,69,2,0,ok,
2026-07-26T04:32:55,torcy,224,147,0,ok,
2026-07-26T04:47:46,paris,1000,1000,0,ok,
2026-07-26T04:47:46,meaux,15,15,0,ok,
2026-07-26T04:47:46,chessy,87,74,0,ok,
2026-07-26T04:47:46,serris,69,2,0,ok,
2026-07-26T04:47:46,torcy,224,147,0,ok,
2026-07-26T05:03:01,paris,1000,1000,0,ok,
2026-07-26T05:03:01,meaux,15,15,0,ok,
2026-07-26T05:03:01,chessy,87,74,0,ok,
2026-07-26T05:03:01,serris,69,2,0,ok,
2026-07-26T05:03:01,torcy,224,147,0,ok,
2026-07-26T05:17:49,paris,1000,1000,0,ok,
2026-07-26T05:17:49,meaux,15,15,0,ok,
2026-07-26T05:17:49,chessy,87,74,0,ok,
2026-07-26T05:17:49,serris,69,2,0,ok,
2026-07-26T05:17:49,torcy,224,147,0,ok,
2026-07-26T05:32:46,paris,1000,1000,0,ok,
2026-07-26T05:32:46,meaux,15,15,0,ok,
2026-07-26T05:32:46,chessy,87,74,0,ok,
2026-07-26T05:32:46,serris,69,2,0,ok,
2026-07-26T05:32:46,torcy,224,147,0,ok,
2026-07-26T05:47:41,paris,1000,1000,0,ok,
2026-07-26T05:47:41,meaux,15,15,0,ok,
2026-07-26T05:47:41,chessy,87,74,0,ok,
2026-07-26T05:47:41,serris,69,2,0,ok,
2026-07-26T05:47:41,torcy,224,147,0,ok,
2026-07-26T05:58:06,paris,1000,1000,0,ok,
2026-07-26T05:58:06,meaux,15,15,0,ok,
2026-07-26T05:58:06,chessy,87,74,0,ok,
2026-07-26T05:58:06,serris,69,2,0,ok,
2026-07-26T05:58:06,torcy,224,147,0,ok,
2026-07-26T06:03:07,paris,1000,1000,0,ok,
2026-07-26T06:03:07,meaux,15,15,0,ok,
2026-07-26T06:03:07,chessy,87,74,0,ok,
2026-07-26T06:03:07,serris,69,2,0,ok,
2026-07-26T06:03:07,torcy,224,147,0,ok,
2026-07-26T06:17:42,paris,1000,1000,0,ok,
2026-07-26T06:17:42,meaux,15,15,0,ok,
2026-07-26T06:17:42,chessy,87,74,0,ok,
2026-07-26T06:17:42,serris,69,2,0,ok,
2026-07-26T06:17:42,torcy,224,147,0,ok,
2026-07-26T06:32:43,paris,1000,1000,0,ok,
2026-07-26T06:32:43,meaux,15,15,0,ok,
2026-07-26T06:32:43,chessy,87,74,0,ok,
2026-07-26T06:32:43,serris,69,2,0,ok,
2026-07-26T06:32:43,torcy,224,147,0,ok,
2026-07-26T06:47:42,paris,1000,1000,0,ok,
2026-07-26T06:47:42,meaux,15,15,0,ok,
2026-07-26T06:47:42,chessy,87,74,0,ok,
2026-07-26T06:47:42,serris,69,2,0,ok,
2026-07-26T06:47:42,torcy,224,147,0,ok,
2026-07-26T07:03:06,paris,1000,1000,0,ok,
2026-07-26T07:03:06,meaux,15,15,0,ok,
2026-07-26T07:03:06,chessy,87,74,0,ok,
2026-07-26T07:03:06,serris,69,2,0,ok,
2026-07-26T07:03:06,torcy,224,147,0,ok,
2026-07-26T07:17:46,paris,1000,1000,0,ok,
2026-07-26T07:17:46,meaux,15,15,0,ok,
2026-07-26T07:17:46,chessy,87,74,0,ok,
2026-07-26T07:17:46,serris,69,2,0,ok,
2026-07-26T07:17:46,torcy,224,147,0,ok,
2026-07-26T07:32:54,paris,1000,1000,0,ok,
2026-07-26T07:32:54,meaux,15,15,0,ok,
2026-07-26T07:32:54,chessy,87,74,0,ok,
2026-07-26T07:32:54,serris,69,2,0,ok,
2026-07-26T07:32:54,torcy,224,147,0,ok,
2026-07-26T07:47:40,paris,1000,1000,0,ok,
2026-07-26T07:47:40,meaux,15,15,0,ok,
2026-07-26T07:47:40,chessy,87,74,0,ok,
2026-07-26T07:47:40,serris,69,2,0,ok,
2026-07-26T07:47:40,torcy,224,147,0,ok,
2026-07-26T08:03:04,paris,1000,1000,0,ok,
2026-07-26T08:03:04,meaux,15,15,0,ok,
2026-07-26T08:03:04,chessy,87,74,0,ok,
2026-07-26T08:03:04,serris,69,2,0,ok,
2026-07-26T08:03:04,torcy,224,147,0,ok,
2026-07-26T08:17:54,paris,1000,1000,0,ok,
2026-07-26T08:17:54,meaux,15,15,0,ok,
2026-07-26T08:17:54,chessy,87,74,0,ok,
2026-07-26T08:17:54,serris,69,2,0,ok,
2026-07-26T08:17:54,torcy,224,147,0,ok,
2026-07-26T08:25:12,paris,1000,1000,0,ok,
2026-07-26T08:25:12,meaux,15,15,0,ok,
2026-07-26T08:25:12,chessy,87,74,0,ok,
2026-07-26T08:25:12,serris,69,2,0,ok,
2026-07-26T08:25:12,torcy,224,147,0,ok,
2026-07-26T08:32:59,paris,1000,1000,0,ok,
2026-07-26T08:32:59,meaux,15,15,0,ok,
2026-07-26T08:32:59,chessy,87,74,0,ok,
2026-07-26T08:32:59,serris,69,2,0,ok,
2026-07-26T08:32:59,torcy,224,147,0,ok,
2026-07-26T08:47:44,paris,1000,1000,0,ok,
2026-07-26T08:47:44,meaux,15,15,0,ok,
2026-07-26T08:47:44,chessy,87,74,0,ok,
2026-07-26T08:47:44,serris,69,2,0,ok,
2026-07-26T08:47:44,torcy,224,147,0,ok,
2026-07-26T09:03:04,paris,1000,1000,0,ok,
2026-07-26T09:03:04,meaux,15,15,0,ok,
2026-07-26T09:03:04,chessy,87,74,0,ok,
2026-07-26T09:03:04,serris,69,2,0,ok,
2026-07-26T09:03:04,torcy,224,147,0,ok,
2026-07-26T09:17:48,paris,1000,1000,0,ok,
2026-07-26T09:17:48,meaux,15,15,0,ok,
2026-07-26T09:17:48,chessy,87,74,0,ok,
2026-07-26T09:17:48,serris,69,2,0,ok,
2026-07-26T09:17:48,torcy,224,147,0,ok,
2026-07-26T09:32:49,paris,1000,1000,0,ok,
2026-07-26T09:32:49,meaux,15,15,0,ok,
2026-07-26T09:32:49,chessy,87,74,0,ok,
2026-07-26T09:32:49,serris,69,2,0,ok,
2026-07-26T09:32:49,torcy,224,147,0,ok,
2026-07-26T09:47:41,paris,1000,1000,0,ok,
2026-07-26T09:47:41,meaux,15,15,0,ok,
2026-07-26T09:47:41,chessy,87,74,0,ok,
2026-07-26T09:47:41,serris,69,2,0,ok,
2026-07-26T09:47:41,torcy,224,147,0,ok,
2026-07-26T10:02:59,paris,1000,1000,0,ok,
2026-07-26T10:02:59,meaux,15,15,0,ok,
2026-07-26T10:02:59,chessy,87,74,0,ok,
2026-07-26T10:02:59,serris,69,2,0,ok,
2026-07-26T10:02:59,torcy,224,147,0,ok,
2026-07-26T10:17:43,paris,1000,1000,0,ok,
2026-07-26T10:17:43,meaux,15,15,0,ok,
2026-07-26T10:17:43,chessy,87,74,0,ok,
2026-07-26T10:17:43,serris,69,2,0,ok,
2026-07-26T10:17:43,torcy,224,147,0,ok,
2026-07-26T10:32:45,paris,1000,1000,0,ok,
2026-07-26T10:32:45,meaux,15,15,0,ok,
2026-07-26T10:32:45,chessy,87,74,0,ok,
2026-07-26T10:32:45,serris,69,2,0,ok,
2026-07-26T10:32:45,torcy,224,147,0,ok,
2026-07-26T10:47:46,paris,1000,1000,0,ok,
2026-07-26T10:47:46,meaux,15,15,0,ok,
2026-07-26T10:47:46,chessy,87,74,0,ok,
2026-07-26T10:47:46,serris,69,2,0,ok,
2026-07-26T10:47:46,torcy,224,147,0,ok,
2026-07-26T11:03:11,paris,1000,1000,0,ok,
2026-07-26T11:03:11,meaux,15,15,0,ok,
2026-07-26T11:03:11,chessy,87,74,0,ok,
2026-07-26T11:03:11,serris,69,2,0,ok,
2026-07-26T11:03:11,torcy,224,147,0,ok,
2026-07-26T11:17:50,paris,1000,1000,0,ok,
2026-07-26T11:17:50,meaux,15,15,0,ok,
2026-07-26T11:17:50,chessy,87,74,0,ok,
2026-07-26T11:17:50,serris,69,2,0,ok,
2026-07-26T11:17:50,torcy,224,147,0,ok,
2026-07-26T11:32:57,paris,1000,1000,0,ok,
2026-07-26T11:32:57,meaux,15,15,0,ok,
2026-07-26T11:32:57,chessy,87,74,0,ok,
2026-07-26T11:32:57,serris,69,2,0,ok,
2026-07-26T11:32:57,torcy,224,147,0,ok,
2026-07-26T11:45:44,paris,1000,1000,0,ok,
2026-07-26T11:45:44,meaux,15,15,0,ok,
2026-07-26T11:45:44,chessy,87,74,0,ok,
2026-07-26T11:45:44,serris,69,2,0,ok,
2026-07-26T11:45:44,torcy,224,147,0,ok,
2026-07-26T12:03:04,paris,1000,1000,0,ok,
2026-07-26T12:03:04,meaux,15,15,0,ok,
2026-07-26T12:03:04,chessy,87,74,0,ok,
2026-07-26T12:03:04,serris,69,2,0,ok,
2026-07-26T12:03:04,torcy,224,147,0,ok,
2026-07-26T12:18:58,paris,1000,1000,0,ok,
2026-07-26T12:18:58,meaux,15,15,0,ok,
2026-07-26T12:18:58,chessy,87,74,0,ok,
2026-07-26T12:18:58,serris,69,2,0,ok,
2026-07-26T12:18:58,torcy,224,147,0,ok,
2026-07-26T12:32:59,paris,1000,1000,0,ok,
2026-07-26T12:32:59,meaux,15,15,0,ok,
2026-07-26T12:32:59,chessy,87,74,0,ok,
2026-07-26T12:32:59,serris,69,2,0,ok,
2026-07-26T12:32:59,torcy,224,147,0,ok,
2026-07-26T12:47:58,paris,1000,1000,0,ok,
2026-07-26T12:47:58,meaux,15,15,0,ok,
2026-07-26T12:47:58,chessy,87,74,0,ok,
2026-07-26T12:47:58,serris,69,2,0,ok,
2026-07-26T12:47:58,torcy,224,147,0,ok,
2026-07-26T13:03:03,paris,1000,1000,0,ok,
2026-07-26T13:03:03,meaux,15,15,0,ok,
2026-07-26T13:03:03,chessy,87,74,0,ok,
2026-07-26T13:03:03,serris,69,2,0,ok,
2026-07-26T13:03:03,torcy,224,147,0,ok,
2026-07-26T13:11:23,paris,1000,1000,0,ok,
2026-07-26T13:11:23,meaux,15,15,0,ok,
2026-07-26T13:11:23,chessy,87,74,0,ok,
2026-07-26T13:11:23,serris,69,2,0,ok,
2026-07-26T13:11:23,torcy,224,147,0,ok,
2026-07-26T13:17:52,paris,1000,1000,0,ok,
2026-07-26T13:17:52,meaux,15,15,0,ok,
2026-07-26T13:17:52,chessy,87,74,0,ok,
2026-07-26T13:17:52,serris,69,2,0,ok,
2026-07-26T13:17:52,torcy,224,147,0,ok,
2026-07-26T13:32:55,paris,1000,1000,0,ok,
2026-07-26T13:32:55,meaux,15,15,0,ok,
2026-07-26T13:32:55,chessy,87,74,0,ok,
2026-07-26T13:32:55,serris,69,2,0,ok,
2026-07-26T13:32:55,torcy,224,147,0,ok,
2026-07-26T13:47:50,paris,1000,1000,0,ok,
2026-07-26T13:47:50,meaux,15,15,0,ok,
2026-07-26T13:47:50,chessy,87,74,0,ok,
2026-07-26T13:47:50,serris,69,2,0,ok,
2026-07-26T13:47:50,torcy,224,147,0,ok,
2026-07-26T14:03:47,paris,1000,1000,0,ok,
2026-07-26T14:03:47,meaux,15,15,0,ok,
2026-07-26T14:03:47,chessy,87,74,0,ok,
2026-07-26T14:03:47,serris,69,2,0,ok,
2026-07-26T14:03:47,torcy,224,147,0,ok,
2026-07-26T14:17:42,paris,1000,1000,0,ok,
2026-07-26T14:17:42,meaux,15,15,0,ok,
2026-07-26T14:17:42,chessy,87,74,0,ok,
2026-07-26T14:17:42,serris,69,2,0,ok,
2026-07-26T14:17:42,torcy,224,147,0,ok,
2026-07-26T14:33:03,paris,1000,1000,0,ok,
2026-07-26T14:33:03,meaux,15,15,0,ok,
2026-07-26T14:33:03,chessy,87,74,0,ok,
2026-07-26T14:33:03,serris,69,2,0,ok,
2026-07-26T14:33:03,torcy,224,147,0,ok,
2026-07-26T14:47:41,paris,1000,1000,0,ok,
2026-07-26T14:47:41,meaux,15,15,0,ok,
2026-07-26T14:47:41,chessy,87,74,0,ok,
2026-07-26T14:47:41,serris,69,2,0,ok,
2026-07-26T14:47:41,torcy,224,147,0,ok,
2026-07-26T15:03:03,paris,1000,1000,0,ok,
2026-07-26T15:03:03,meaux,15,15,0,ok,
2026-07-26T15:03:03,chessy,87,74,0,ok,
2026-07-26T15:03:03,serris,69,2,0,ok,
2026-07-26T15:03:03,torcy,224,147,0,ok,
2026-07-26T15:17:45,paris,1000,1000,0,ok,
2026-07-26T15:17:45,meaux,15,15,0,ok,
2026-07-26T15:17:45,chessy,87,74,0,ok,
2026-07-26T15:17:45,serris,69,2,0,ok,
2026-07-26T15:17:45,torcy,224,147,0,ok,
2026-07-26T15:33:00,paris,1000,1000,0,ok,
2026-07-26T15:33:00,meaux,15,15,0,ok,
2026-07-26T15:33:00,chessy,87,74,0,ok,
2026-07-26T15:33:00,serris,69,2,0,ok,
2026-07-26T15:33:00,torcy,224,147,0,ok,
2026-07-26T15:47:40,paris,1000,1000,0,ok,
2026-07-26T15:47:40,meaux,15,15,0,ok,
2026-07-26T15:47:40,chessy,87,74,0,ok,
2026-07-26T15:47:40,serris,69,2,0,ok,
2026-07-26T15:47:40,torcy,224,147,0,ok,
2026-07-26T16:00:09,paris,1000,1000,0,ok,
2026-07-26T16:00:09,meaux,15,15,0,ok,
2026-07-26T16:00:09,chessy,87,74,0,ok,
2026-07-26T16:00:09,serris,69,2,0,ok,
2026-07-26T16:00:09,torcy,224,147,0,ok,
2026-07-26T16:03:04,paris,1000,1000,0,ok,
2026-07-26T16:03:04,meaux,15,15,0,ok,
2026-07-26T16:03:04,chessy,87,74,0,ok,
2026-07-26T16:03:04,serris,69,2,0,ok,
2026-07-26T16:03:04,torcy,224,147,0,ok,
2026-07-26T16:20:07,paris,1000,1000,0,ok,
2026-07-26T16:20:07,meaux,15,15,0,ok,
2026-07-26T16:20:07,chessy,87,74,0,ok,
2026-07-26T16:20:07,serris,69,2,0,ok,
2026-07-26T16:20:07,torcy,224,147,0,ok,
2026-07-26T16:32:52,paris,1000,1000,0,ok,
2026-07-26T16:32:52,meaux,15,15,0,ok,
2026-07-26T16:32:52,chessy,87,74,0,ok,
2026-07-26T16:32:52,serris,69,2,0,ok,
2026-07-26T16:32:52,torcy,224,147,0,ok,
2026-07-26T16:47:46,paris,1000,1000,0,ok,
2026-07-26T16:47:46,meaux,15,15,0,ok,
2026-07-26T16:47:46,chessy,87,74,0,ok,
2026-07-26T16:47:46,serris,69,2,0,ok,
2026-07-26T16:47:46,torcy,224,147,0,ok,
2026-07-26T17:03:12,paris,1000,1000,0,ok,
2026-07-26T17:03:12,meaux,15,15,0,ok,
2026-07-26T17:03:12,chessy,87,74,0,ok,
2026-07-26T17:03:12,serris,69,2,0,ok,
2026-07-26T17:03:12,torcy,224,147,0,ok,
2026-07-26T17:06:40,paris,1000,1000,0,ok,
2026-07-26T17:06:40,meaux,15,15,0,ok,
2026-07-26T17:06:40,chessy,87,74,0,ok,
2026-07-26T17:06:40,serris,69,2,0,ok,
2026-07-26T17:06:40,torcy,224,147,0,ok,
2026-07-26T17:17:52,paris,1000,1000,0,ok,
2026-07-26T17:17:52,meaux,15,15,0,ok,
2026-07-26T17:17:52,chessy,87,74,0,ok,
2026-07-26T17:17:52,serris,69,2,0,ok,
2026-07-26T17:17:52,torcy,224,147,0,ok,
2026-07-26T17:33:43,paris,1000,1000,0,ok,
2026-07-26T17:33:43,meaux,15,15,0,ok,
2026-07-26T17:33:43,chessy,87,74,0,ok,
2026-07-26T17:33:43,serris,69,2,0,ok,
2026-07-26T17:33:43,torcy,224,147,0,ok,
2026-07-26T17:47:46,paris,1000,1000,0,ok,
2026-07-26T17:47:46,meaux,15,15,0,ok,
2026-07-26T17:47:46,chessy,87,74,0,ok,
2026-07-26T17:47:46,serris,69,2,0,ok,
2026-07-26T17:47:46,torcy,224,147,0,ok,
2026-07-26T18:03:14,paris,1000,1000,0,ok,
2026-07-26T18:03:14,meaux,15,15,0,ok,
2026-07-26T18:03:14,chessy,87,74,0,ok,
2026-07-26T18:03:14,serris,69,2,0,ok,
2026-07-26T18:03:14,torcy,224,147,0,ok,
2026-07-26T18:17:41,paris,1000,1000,0,ok,
2026-07-26T18:17:41,meaux,15,15,0,ok,
2026-07-26T18:17:41,chessy,87,74,0,ok,
2026-07-26T18:17:41,serris,69,2,0,ok,
2026-07-26T18:17:41,torcy,224,147,0,ok,
2026-07-26T18:33:02,paris,1000,1000,0,ok,
2026-07-26T18:33:02,meaux,15,15,0,ok,
2026-07-26T18:33:02,chessy,87,74,0,ok,
2026-07-26T18:33:02,serris,69,2,0,ok,
2026-07-26T18:33:02,torcy,224,147,0,ok,
2026-07-26T18:47:42,paris,1000,1000,0,ok,
2026-07-26T18:47:42,meaux,15,15,0,ok,
2026-07-26T18:47:42,chessy,87,74,0,ok,
2026-07-26T18:47:42,serris,69,2,0,ok,
2026-07-26T18:47:42,torcy,224,147,0,ok,
2026-07-26T19:03:05,paris,1000,1000,0,ok,
2026-07-26T19:03:05,meaux,15,15,0,ok,
2026-07-26T19:03:05,chessy,87,74,0,ok,
2026-07-26T19:03:05,serris,69,2,0,ok,
2026-07-26T19:03:05,torcy,224,147,0,ok,
2026-07-26T19:18:01,paris,1000,1000,0,ok,
2026-07-26T19:18:01,meaux,15,15,0,ok,
2026-07-26T19:18:01,chessy,87,74,0,ok,
2026-07-26T19:18:01,serris,69,2,0,ok,
2026-07-26T19:18:01,torcy,224,147,0,ok,
2026-07-26T19:32:53,paris,1000,1000,0,ok,
2026-07-26T19:32:53,meaux,15,15,0,ok,
2026-07-26T19:32:53,chessy,87,74,0,ok,
2026-07-26T19:32:53,serris,69,2,0,ok,
2026-07-26T19:32:53,torcy,224,147,0,ok,
2026-07-26T19:47:49,paris,1000,1000,0,ok,
2026-07-26T19:47:49,meaux,15,15,0,ok,
2026-07-26T19:47:49,chessy,87,74,0,ok,
2026-07-26T19:47:49,serris,69,2,0,ok,
2026-07-26T19:47:49,torcy,224,147,0,ok,
2026-07-26T20:03:05,paris,1000,1000,0,ok,
2026-07-26T20:03:05,meaux,15,15,0,ok,
2026-07-26T20:03:05,chessy,87,74,0,ok,
2026-07-26T20:03:05,serris,69,2,0,ok,
2026-07-26T20:03:05,torcy,224,147,0,ok,
2026-07-26T20:08:05,paris,1000,1000,0,ok,
2026-07-26T20:08:05,meaux,15,15,0,ok,
2026-07-26T20:08:05,chessy,87,74,0,ok,
2026-07-26T20:08:05,serris,69,2,0,ok,
2026-07-26T20:08:05,torcy,224,147,0,ok,
2026-07-26T20:17:54,paris,1000,1000,0,ok,
2026-07-26T20:17:54,meaux,15,15,0,ok,
2026-07-26T20:17:54,chessy,87,74,0,ok,
2026-07-26T20:17:54,serris,69,2,0,ok,
2026-07-26T20:17:54,torcy,224,147,0,ok,
2026-07-26T20:33:09,paris,1000,1000,0,ok,
2026-07-26T20:33:09,meaux,15,15,0,ok,
2026-07-26T20:33:09,chessy,87,74,0,ok,
2026-07-26T20:33:09,serris,69,2,0,ok,
2026-07-26T20:33:09,torcy,224,147,0,ok,
2026-07-26T20:47:51,paris,1000,1000,0,ok,
2026-07-26T20:47:51,meaux,15,15,0,ok,
2026-07-26T20:47:51,chessy,87,74,0,ok,
2026-07-26T20:47:51,serris,69,2,0,ok,
2026-07-26T20:47:51,torcy,224,147,0,ok,
2026-07-26T21:03:04,paris,1000,1000,0,ok,
2026-07-26T21:03:04,meaux,15,15,0,ok,
2026-07-26T21:03:04,chessy,87,74,0,ok,
2026-07-26T21:03:04,serris,69,2,0,ok,
2026-07-26T21:03:04,torcy,224,147,0,ok,
2026-07-26T21:17:53,paris,1000,1000,0,ok,
2026-07-26T21:17:53,meaux,15,15,0,ok,
2026-07-26T21:17:53,chessy,87,74,0,ok,
2026-07-26T21:17:53,serris,69,2,0,ok,
2026-07-26T21:17:53,torcy,224,147,0,ok,
2026-07-26T21:27:16,paris,1000,1000,0,ok,
2026-07-26T21:27:16,meaux,15,15,0,ok,
2026-07-26T21:27:16,chessy,87,74,0,ok,
2026-07-26T21:27:16,serris,69,2,0,ok,
2026-07-26T21:27:16,torcy,224,147,0,ok,
2026-07-26T21:33:03,paris,1000,1000,0,ok,
2026-07-26T21:33:03,meaux,15,15,0,ok,
2026-07-26T21:33:03,chessy,87,74,0,ok,
2026-07-26T21:33:03,serris,69,2,0,ok,
2026-07-26T21:33:03,torcy,224,147,0,ok,
2026-07-26T21:47:45,paris,1000,1000,0,ok,
2026-07-26T21:47:45,meaux,15,15,0,ok,
2026-07-26T21:47:45,chessy,87,74,0,ok,
2026-07-26T21:47:45,serris,69,2,0,ok,
2026-07-26T21:47:45,torcy,224,147,0,ok,
2026-07-26T22:03:11,paris,1000,1000,0,ok,
2026-07-26T22:03:11,meaux,15,15,0,ok,
2026-07-26T22:03:11,chessy,87,74,0,ok,
2026-07-26T22:03:11,serris,69,2,0,ok,
2026-07-26T22:03:11,torcy,224,147,0,ok,
2026-07-26T22:19:14,paris,1000,1000,0,ok,
2026-07-26T22:19:14,meaux,15,15,0,ok,
2026-07-26T22:19:14,chessy,87,74,0,ok,
2026-07-26T22:19:14,serris,69,2,0,ok,
2026-07-26T22:19:14,torcy,224,147,0,ok,
2026-07-26T22:30:34,paris,1000,1000,0,ok,
2026-07-26T22:30:34,meaux,15,15,0,ok,
2026-07-26T22:30:34,chessy,87,74,0,ok,
2026-07-26T22:30:34,serris,69,2,0,ok,
2026-07-26T22:30:34,torcy,224,147,0,ok,
2026-07-26T22:47:53,paris,1000,1000,0,ok,
2026-07-26T22:47:53,meaux,15,15,0,ok,
2026-07-26T22:47:53,chessy,87,74,0,ok,
2026-07-26T22:47:53,serris,69,2,0,ok,
2026-07-26T22:47:53,torcy,224,147,0,ok,
2026-07-26T23:03:08,paris,1000,1000,0,ok,
2026-07-26T23:03:08,meaux,15,15,0,ok,
2026-07-26T23:03:08,chessy,87,74,0,ok,
2026-07-26T23:03:08,serris,69,2,0,ok,
2026-07-26T23:03:08,torcy,224,147,0,ok,
2026-07-26T23:18:07,paris,1000,1000,0,ok,
2026-07-26T23:18:07,meaux,15,15,0,ok,
2026-07-26T23:18:07,chessy,87,74,0,ok,
2026-07-26T23:18:07,serris,69,2,0,ok,
2026-07-26T23:18:07,torcy,224,147,0,ok,
2026-07-26T23:32:01,paris,1000,1000,0,ok,
2026-07-26T23:32:01,meaux,15,15,0,ok,
2026-07-26T23:32:01,chessy,87,74,0,ok,
2026-07-26T23:32:01,serris,69,2,0,ok,
2026-07-26T23:32:01,torcy,224,147,0,ok,
2026-07-26T23:47:54,paris,1000,1000,0,ok,
2026-07-26T23:47:54,meaux,15,15,0,ok,
2026-07-26T23:47:54,chessy,87,74,0,ok,
2026-07-26T23:47:54,serris,69,2,0,ok,
2026-07-26T23:47:54,torcy,224,147,0,ok,
2026-07-27T00:03:08,paris,1000,1000,0,ok,
2026-07-27T00:03:08,meaux,15,15,0,ok,
2026-07-27T00:03:08,chessy,87,74,0,ok,
2026-07-27T00:03:08,serris,69,2,0,ok,
2026-07-27T00:03:08,torcy,224,147,0,ok,
2026-07-27T00:17:47,paris,1000,1000,0,ok,
2026-07-27T00:17:47,meaux,15,15,0,ok,
2026-07-27T00:17:47,chessy,87,74,0,ok,
2026-07-27T00:17:47,serris,69,2,0,ok,
2026-07-27T00:17:47,torcy,224,147,0,ok,
2026-07-27T00:32:58,paris,1000,1000,0,ok,
2026-07-27T00:32:58,meaux,15,15,0,ok,
2026-07-27T00:32:58,chessy,87,74,0,ok,
2026-07-27T00:32:58,serris,69,2,0,ok,
2026-07-27T00:32:58,torcy,224,147,0,ok,
2026-07-27T00:48:06,paris,1000,1000,0,ok,
2026-07-27T00:48:06,meaux,15,15,0,ok,
2026-07-27T00:48:06,chessy,87,74,0,ok,
2026-07-27T00:48:06,serris,69,2,0,ok,
2026-07-27T00:48:06,torcy,224,147,0,ok,
2026-07-27T01:03:21,paris,1000,1000,0,ok,
2026-07-27T01:03:21,meaux,15,15,0,ok,
2026-07-27T01:03:21,chessy,87,74,0,ok,
2026-07-27T01:03:21,serris,69,2,0,ok,
2026-07-27T01:03:21,torcy,224,147,0,ok,
2026-07-27T01:13:40,paris,1000,1000,0,ok,
2026-07-27T01:13:40,meaux,15,15,0,ok,
2026-07-27T01:13:40,chessy,87,74,0,ok,
2026-07-27T01:13:40,serris,69,2,0,ok,
2026-07-27T01:13:40,torcy,224,147,0,ok,
2026-07-27T01:17:50,paris,1000,1000,0,ok,
2026-07-27T01:17:50,meaux,15,15,0,ok,
2026-07-27T01:17:50,chessy,87,74,0,ok,
2026-07-27T01:17:50,serris,69,2,0,ok,
2026-07-27T01:17:50,torcy,224,147,0,ok,
2026-07-27T01:32:55,paris,1000,1000,0,ok,
2026-07-27T01:32:55,meaux,15,15,0,ok,
2026-07-27T01:32:55,chessy,87,74,0,ok,
2026-07-27T01:32:55,serris,69,2,0,ok,
2026-07-27T01:32:55,torcy,224,147,0,ok,
2026-07-27T01:47:49,paris,1000,1000,0,ok,
2026-07-27T01:47:49,meaux,15,15,0,ok,
2026-07-27T01:47:49,chessy,87,74,0,ok,
2026-07-27T01:47:49,serris,69,2,0,ok,
2026-07-27T01:47:49,torcy,224,147,0,ok,
2026-07-27T02:03:08,paris,1000,1000,0,ok,
2026-07-27T02:03:08,meaux,15,15,0,ok,
2026-07-27T02:03:08,chessy,87,74,0,ok,
2026-07-27T02:03:08,serris,69,2,0,ok,
2026-07-27T02:03:08,torcy,224,147,0,ok,
2026-07-27T02:17:49,paris,1000,1000,0,ok,
2026-07-27T02:17:49,meaux,15,15,0,ok,
2026-07-27T02:17:49,chessy,87,74,0,ok,
2026-07-27T02:17:49,serris,69,2,0,ok,
2026-07-27T02:17:49,torcy,224,147,0,ok,
2026-07-27T02:32:57,paris,1000,1000,0,ok,
2026-07-27T02:32:57,meaux,15,15,0,ok,
2026-07-27T02:32:57,chessy,87,74,0,ok,
2026-07-27T02:32:57,serris,69,2,0,ok,
2026-07-27T02:32:57,torcy,224,147,0,ok,
2026-07-27T02:47:52,paris,1000,1000,0,ok,
2026-07-27T02:47:52,meaux,15,15,0,ok,
2026-07-27T02:47:52,chessy,87,74,0,ok,
2026-07-27T02:47:52,serris,69,2,0,ok,
2026-07-27T02:47:52,torcy,224,147,0,ok,
2026-07-27T03:03:14,paris,1000,1000,0,ok,
2026-07-27T03:03:14,meaux,15,15,0,ok,
2026-07-27T03:03:14,chessy,87,74,0,ok,
2026-07-27T03:03:14,serris,69,2,0,ok,
2026-07-27T03:03:14,torcy,224,147,0,ok,
2026-07-27T03:17:55,paris,1000,1000,0,ok,
2026-07-27T03:17:55,meaux,15,15,0,ok,
2026-07-27T03:17:55,chessy,87,74,0,ok,
2026-07-27T03:17:55,serris,69,2,0,ok,
2026-07-27T03:17:55,torcy,224,147,0,ok,
2026-07-27T03:33:04,paris,1000,1000,0,ok,
2026-07-27T03:33:04,meaux,15,15,0,ok,
2026-07-27T03:33:04,chessy,87,74,0,ok,
2026-07-27T03:33:04,serris,69,2,0,ok,
2026-07-27T03:33:04,torcy,224,147,0,ok,
2026-07-27T03:47:58,paris,1000,1000,0,ok,
2026-07-27T03:47:58,meaux,15,15,0,ok,
2026-07-27T03:47:58,chessy,87,74,0,ok,
2026-07-27T03:47:58,serris,69,2,0,ok,
2026-07-27T03:47:58,torcy,224,147,0,ok,
2026-07-27T04:03:10,paris,1000,1000,0,ok,
2026-07-27T04:03:10,meaux,15,15,0,ok,
2026-07-27T04:03:10,chessy,87,74,0,ok,
2026-07-27T04:03:10,serris,69,2,0,ok,
2026-07-27T04:03:10,torcy,224,147,0,ok,
2026-07-27T04:18:01,paris,1000,1000,0,ok,
2026-07-27T04:18:01,meaux,15,15,0,ok,
2026-07-27T04:18:01,chessy,87,74,0,ok,
2026-07-27T04:18:01,serris,69,2,0,ok,
2026-07-27T04:18:01,torcy,224,147,0,ok,
2026-07-27T04:33:11,paris,1000,1000,0,ok,
2026-07-27T04:33:11,meaux,15,15,0,ok,
2026-07-27T04:33:11,chessy,87,74,0,ok,
2026-07-27T04:33:11,serris,69,2,0,ok,
2026-07-27T04:33:11,torcy,224,147,0,ok,
2026-07-27T04:47:59,paris,1000,1000,0,ok,
2026-07-27T04:47:59,meaux,15,15,0,ok,
2026-07-27T04:47:59,chessy,87,74,0,ok,
2026-07-27T04:47:59,serris,69,2,0,ok,
2026-07-27T04:47:59,torcy,224,147,0,ok,
2026-07-27T05:03:19,paris,1000,1000,0,ok,
2026-07-27T05:03:19,meaux,15,15,0,ok,
2026-07-27T05:03:19,chessy,87,74,0,ok,
2026-07-27T05:03:19,serris,69,2,0,ok,
2026-07-27T05:03:19,torcy,224,147,0,ok,
2026-07-27T05:09:22,paris,1000,1000,0,ok,
2026-07-27T05:09:22,meaux,15,15,0,ok,
2026-07-27T05:09:22,chessy,87,74,0,ok,
2026-07-27T05:09:22,serris,69,2,0,ok,
2026-07-27T05:09:22,torcy,224,147,0,ok,
2026-07-27T05:17:55,paris,1000,1000,0,ok,
2026-07-27T05:17:55,meaux,15,15,0,ok,
2026-07-27T05:17:55,chessy,87,74,0,ok,
2026-07-27T05:17:55,serris,69,2,0,ok,
2026-07-27T05:17:55,torcy,224,147,0,ok,
2026-07-27T05:33:03,paris,1000,1000,0,ok,
2026-07-27T05:33:03,meaux,15,15,0,ok,
2026-07-27T05:33:03,chessy,87,74,0,ok,
2026-07-27T05:33:03,serris,69,2,0,ok,
2026-07-27T05:33:03,torcy,224,147,0,ok,
2026-07-27T05:47:58,paris,1000,1000,0,ok,
2026-07-27T05:47:58,meaux,15,15,0,ok,
2026-07-27T05:47:58,chessy,87,74,0,ok,
2026-07-27T05:47:58,serris,69,2,0,ok,
2026-07-27T05:47:58,torcy,224,147,0,ok,
2026-07-27T06:03:40,paris,1000,1000,0,ok,
2026-07-27T06:03:40,meaux,15,15,0,ok,
2026-07-27T06:03:40,chessy,87,74,0,ok,
2026-07-27T06:03:40,serris,69,2,0,ok,
2026-07-27T06:03:40,torcy,224,147,0,ok,
2026-07-27T06:18:04,paris,1000,1000,0,ok,
2026-07-27T06:18:04,meaux,15,15,0,ok,
2026-07-27T06:18:04,chessy,87,74,0,ok,
2026-07-27T06:18:04,serris,69,2,0,ok,
2026-07-27T06:18:04,torcy,224,147,0,ok,
2026-07-27T06:33:13,paris,1000,1000,0,ok,
2026-07-27T06:33:13,meaux,15,15,0,ok,
2026-07-27T06:33:13,chessy,87,74,0,ok,
2026-07-27T06:33:13,serris,69,2,0,ok,
2026-07-27T06:33:13,torcy,224,147,0,ok,
2026-07-27T06:48:22,paris,1000,1000,0,ok,
2026-07-27T06:48:22,meaux,15,15,0,ok,
2026-07-27T06:48:22,chessy,87,74,0,ok,
2026-07-27T06:48:22,serris,69,2,0,ok,
2026-07-27T06:48:22,torcy,224,147,0,ok,
2026-07-27T07:03:29,paris,1000,1000,0,ok,
2026-07-27T07:03:29,meaux,15,15,0,ok,
2026-07-27T07:03:29,chessy,87,74,0,ok,
2026-07-27T07:03:29,serris,69,2,0,ok,
2026-07-27T07:03:29,torcy,224,147,0,ok,
2026-07-27T07:17:57,paris,1000,1000,0,ok,
2026-07-27T07:17:57,meaux,15,15,0,ok,
2026-07-27T07:17:57,chessy,87,74,0,ok,
2026-07-27T07:17:57,serris,69,2,0,ok,
2026-07-27T07:17:57,torcy,224,147,0,ok,
2026-07-27T07:33:06,paris,1000,1000,0,ok,
2026-07-27T07:33:06,meaux,15,15,0,ok,
2026-07-27T07:33:06,chessy,87,74,0,ok,
2026-07-27T07:33:06,serris,69,2,0,ok,
2026-07-27T07:33:06,torcy,224,147,0,ok,
2026-07-27T07:47:58,paris,1000,1000,0,ok,
2026-07-27T07:47:58,meaux,15,15,0,ok,
2026-07-27T07:47:58,chessy,87,74,0,ok,
2026-07-27T07:47:58,serris,69,2,0,ok,
2026-07-27T07:47:58,torcy,224,147,0,ok,
2026-07-27T08:03:35,paris,1000,1000,0,ok,
2026-07-27T08:03:35,meaux,15,15,0,ok,
2026-07-27T08:03:35,chessy,87,74,0,ok,
2026-07-27T08:03:35,serris,69,2,0,ok,
2026-07-27T08:03:35,torcy,224,147,0,ok,
2026-07-27T08:18:02,paris,1000,1000,0,ok,
2026-07-27T08:18:02,meaux,15,15,0,ok,
2026-07-27T08:18:02,chessy,87,74,0,ok,
2026-07-27T08:18:02,serris,69,2,0,ok,
2026-07-27T08:18:02,torcy,224,147,0,ok,
2026-07-27T08:33:17,paris,1000,1000,0,ok,
2026-07-27T08:33:17,meaux,15,15,0,ok,
2026-07-27T08:33:17,chessy,87,74,0,ok,
2026-07-27T08:33:17,serris,69,2,0,ok,
2026-07-27T08:33:17,torcy,224,147,0,ok,
2026-07-27T08:48:16,paris,1000,1000,0,ok,
2026-07-27T08:48:16,meaux,15,15,0,ok,
2026-07-27T08:48:16,chessy,87,74,0,ok,
2026-07-27T08:48:16,serris,69,2,0,ok,
2026-07-27T08:48:16,torcy,224,147,0,ok,
2026-07-27T08:55:39,paris,1000,1000,0,ok,
2026-07-27T08:55:39,meaux,15,15,0,ok,
2026-07-27T08:55:39,chessy,87,74,0,ok,
2026-07-27T08:55:39,serris,69,2,0,ok,
2026-07-27T08:55:39,torcy,224,147,0,ok,
2026-07-27T09:03:45,paris,1000,1000,0,ok,
2026-07-27T09:03:45,meaux,15,15,0,ok,
2026-07-27T09:03:45,chessy,87,74,0,ok,
2026-07-27T09:03:45,serris,69,2,0,ok,
2026-07-27T09:03:45,torcy,224,147,0,ok,
2026-07-27T09:18:10,paris,1000,1000,0,ok,
2026-07-27T09:18:10,meaux,15,15,0,ok,
2026-07-27T09:18:10,chessy,87,74,0,ok,
2026-07-27T09:18:10,serris,69,2,0,ok,
2026-07-27T09:18:10,torcy,224,147,0,ok,
2026-07-27T09:33:12,paris,1000,1000,0,ok,
2026-07-27T09:33:12,meaux,15,15,0,ok,
2026-07-27T09:33:12,chessy,87,74,0,ok,
2026-07-27T09:33:12,serris,69,2,0,ok,
2026-07-27T09:33:12,torcy,224,147,0,ok,
2026-07-27T09:48:11,paris,1000,1000,0,ok,
2026-07-27T09:48:11,meaux,15,15,0,ok,
2026-07-27T09:48:11,chessy,87,74,0,ok,
2026-07-27T09:48:11,serris,69,2,0,ok,
2026-07-27T09:48:11,torcy,224,147,0,ok,
2026-07-27T10:03:22,paris,1000,1000,0,ok,
2026-07-27T10:03:22,meaux,15,15,0,ok,
2026-07-27T10:03:22,chessy,87,74,0,ok,
2026-07-27T10:03:22,serris,69,2,0,ok,
2026-07-27T10:03:22,torcy,224,147,0,ok,
2026-07-27T10:18:09,paris,1000,1000,0,ok,
2026-07-27T10:18:09,meaux,15,15,0,ok,
2026-07-27T10:18:09,chessy,87,74,0,ok,
2026-07-27T10:18:09,serris,69,2,0,ok,
2026-07-27T10:18:09,torcy,224,147,0,ok,
2026-07-27T10:33:15,paris,1000,1000,0,ok,
2026-07-27T10:33:15,meaux,15,15,0,ok,
2026-07-27T10:33:15,chessy,87,74,0,ok,
2026-07-27T10:33:15,serris,69,2,0,ok,
2026-07-27T10:33:15,torcy,224,147,0,ok,
2026-07-27T10:48:00,paris,1000,1000,0,ok,
2026-07-27T10:48:00,meaux,15,15,0,ok,
2026-07-27T10:48:00,chessy,87,74,0,ok,
2026-07-27T10:48:00,serris,69,2,0,ok,
2026-07-27T10:48:00,torcy,224,147,0,ok,
2026-07-27T11:03:34,paris,1000,1000,0,ok,
2026-07-27T11:03:34,meaux,15,15,0,ok,
2026-07-27T11:03:34,chessy,87,74,0,ok,
2026-07-27T11:03:34,serris,69,2,0,ok,
2026-07-27T11:03:34,torcy,224,147,0,ok,
2026-07-27T11:18:25,paris,1000,1000,0,ok,
2026-07-27T11:18:25,meaux,15,15,0,ok,
2026-07-27T11:18:25,chessy,87,74,0,ok,
2026-07-27T11:18:25,serris,69,2,0,ok,
2026-07-27T11:18:25,torcy,224,147,0,ok,
2026-07-27T11:33:13,paris,1000,1000,0,ok,
2026-07-27T11:33:13,meaux,15,15,0,ok,
2026-07-27T11:33:13,chessy,87,74,0,ok,
2026-07-27T11:33:13,serris,69,2,0,ok,
2026-07-27T11:33:13,torcy,224,147,0,ok,
2026-07-27T11:48:03,paris,1000,1000,0,ok,
2026-07-27T11:48:03,meaux,15,15,0,ok,
2026-07-27T11:48:03,chessy,87,74,0,ok,
2026-07-27T11:48:03,serris,69,2,0,ok,
2026-07-27T11:48:03,torcy,224,147,0,ok,
2026-07-27T12:03:47,paris,1000,1000,0,ok,
2026-07-27T12:03:47,meaux,15,15,0,ok,
2026-07-27T12:03:47,chessy,87,74,0,ok,
2026-07-27T12:03:47,serris,69,2,0,ok,
2026-07-27T12:03:47,torcy,224,147,0,ok,
2026-07-27T12:18:06,paris,1000,1000,0,ok,
2026-07-27T12:18:06,meaux,15,15,0,ok,
2026-07-27T12:18:06,chessy,87,74,0,ok,
2026-07-27T12:18:06,serris,69,2,0,ok,
2026-07-27T12:18:06,torcy,224,147,0,ok,
2026-07-27T12:33:16,paris,1000,1000,0,ok,
2026-07-27T12:33:16,meaux,15,15,0,ok,
2026-07-27T12:33:16,chessy,87,74,0,ok,
2026-07-27T12:33:16,serris,69,2,0,ok,
2026-07-27T12:33:16,torcy,224,147,0,ok,
2026-07-27T12:48:05,paris,1000,1000,0,ok,
2026-07-27T12:48:05,meaux,15,15,0,ok,
2026-07-27T12:48:05,chessy,87,74,0,ok,
2026-07-27T12:48:05,serris,69,2,0,ok,
2026-07-27T12:48:05,torcy,224,147,0,ok,
2026-07-27T13:03:43,paris,1000,1000,0,ok,
2026-07-27T13:03:43,meaux,15,15,0,ok,
2026-07-27T13:03:43,chessy,87,74,0,ok,
2026-07-27T13:03:43,serris,69,2,0,ok,
2026-07-27T13:03:43,torcy,224,147,0,ok,
2026-07-27T13:19:34,paris,1000,1000,0,ok,
2026-07-27T13:19:34,meaux,15,15,0,ok,
2026-07-27T13:19:34,chessy,87,74,0,ok,
2026-07-27T13:19:34,serris,69,2,0,ok,
2026-07-27T13:19:34,torcy,224,147,0,ok,
2026-07-27T13:33:33,paris,1000,1000,0,ok,
2026-07-27T13:33:33,meaux,15,15,0,ok,
2026-07-27T13:33:33,chessy,87,74,0,ok,
2026-07-27T13:33:33,serris,69,2,0,ok,
2026-07-27T13:33:33,torcy,224,147,0,ok,
2026-07-27T13:48:23,paris,1000,1000,0,ok,
2026-07-27T13:48:23,meaux,15,15,0,ok,
2026-07-27T13:48:23,chessy,87,74,0,ok,
2026-07-27T13:48:23,serris,69,2,0,ok,
2026-07-27T13:48:23,torcy,224,147,0,ok,
2026-07-27T14:03:45,paris,1000,1000,0,ok,
2026-07-27T14:03:45,meaux,15,15,0,ok,
2026-07-27T14:03:45,chessy,87,74,0,ok,
2026-07-27T14:03:45,serris,69,2,0,ok,
2026-07-27T14:03:45,torcy,224,147,0,ok,
2026-07-27T14:18:19,paris,1000,1000,0,ok,
2026-07-27T14:18:19,meaux,15,15,0,ok,
2026-07-27T14:18:19,chessy,87,74,0,ok,
2026-07-27T14:18:19,serris,69,2,0,ok,
2026-07-27T14:18:19,torcy,224,147,0,ok,
2026-07-27T14:33:20,paris,1000,1000,0,ok,
2026-07-27T14:33:20,meaux,15,15,0,ok,
2026-07-27T14:33:20,chessy,87,74,0,ok,
2026-07-27T14:33:20,serris,69,2,0,ok,
2026-07-27T14:33:20,torcy,224,147,0,ok,
2026-07-27T14:48:16,paris,1000,1000,0,ok,
2026-07-27T14:48:16,meaux,15,15,0,ok,
2026-07-27T14:48:16,chessy,87,74,0,ok,
2026-07-27T14:48:16,serris,69,2,0,ok,
2026-07-27T14:48:16,torcy,224,147,0,ok,
2026-07-27T15:03:42,paris,1000,1000,0,ok,
2026-07-27T15:03:42,meaux,15,15,0,ok,
2026-07-27T15:03:42,chessy,87,74,0,ok,
2026-07-27T15:03:42,serris,69,2,0,ok,
2026-07-27T15:03:42,torcy,224,147,0,ok,
2026-07-27T15:18:21,paris,1000,1000,0,ok,
2026-07-27T15:18:21,meaux,15,15,0,ok,
2026-07-27T15:18:21,chessy,87,74,0,ok,
2026-07-27T15:18:21,serris,69,2,0,ok,
2026-07-27T15:18:21,torcy,224,147,0,ok,
2026-07-27T15:25:22,paris,1000,1000,0,ok,
2026-07-27T15:25:22,meaux,15,15,0,ok,
2026-07-27T15:25:22,chessy,87,74,0,ok,
2026-07-27T15:25:22,serris,69,2,0,ok,
2026-07-27T15:25:22,torcy,224,147,0,ok,
2026-07-27T15:33:34,paris,1000,1000,0,ok,
2026-07-27T15:33:34,meaux,15,15,0,ok,
2026-07-27T15:33:34,chessy,87,74,0,ok,
2026-07-27T15:33:34,serris,69,2,0,ok,
2026-07-27T15:33:34,torcy,224,147,0,ok,
2026-07-27T15:48:16,paris,1000,1000,0,ok,
2026-07-27T15:48:16,meaux,15,15,0,ok,
2026-07-27T15:48:16,chessy,87,74,0,ok,
2026-07-27T15:48:16,serris,69,2,0,ok,
2026-07-27T15:48:16,torcy,224,147,0,ok,
2026-07-27T16:03:41,paris,1000,1000,0,ok,
2026-07-27T16:03:41,meaux,15,15,0,ok,
2026-07-27T16:03:41,chessy,87,74,0,ok,
2026-07-27T16:03:41,serris,69,2,0,ok,
2026-07-27T16:03:41,torcy,224,147,0,ok,
2026-07-27T16:18:27,paris,1000,1000,0,ok,
2026-07-27T16:18:27,meaux,16,16,0,ok,
2026-07-27T16:18:27,chessy,87,74,0,ok,
2026-07-27T16:18:27,serris,69,2,0,ok,
2026-07-27T16:18:27,torcy,224,147,0,ok,
2026-07-27T16:33:22,paris,1000,1000,0,ok,
2026-07-27T16:33:22,meaux,16,16,0,ok,
2026-07-27T16:33:22,chessy,87,74,0,ok,
2026-07-27T16:33:22,serris,69,2,0,ok,
2026-07-27T16:33:22,torcy,224,147,0,ok,
2026-07-27T16:48:15,paris,1000,1000,0,ok,
2026-07-27T16:48:15,meaux,16,16,0,ok,
2026-07-27T16:48:15,chessy,88,74,0,ok,
2026-07-27T16:48:15,serris,69,2,0,ok,
2026-07-27T16:48:15,torcy,224,147,0,ok,
2026-07-27T17:03:58,paris,1000,1000,0,ok,
2026-07-27T17:03:58,meaux,16,16,0,ok,
2026-07-27T17:03:58,chessy,88,74,0,ok,
2026-07-27T17:03:58,serris,69,2,0,ok,
2026-07-27T17:03:58,torcy,224,147,0,ok,
2026-07-27T17:18:18,paris,1000,1000,0,ok,
2026-07-27T17:18:18,meaux,16,16,0,ok,
2026-07-27T17:18:18,chessy,88,74,0,ok,
2026-07-27T17:18:18,serris,69,2,0,ok,
2026-07-27T17:18:18,torcy,224,147,0,ok,
2026-07-27T17:33:16,paris,1000,1000,0,ok,
2026-07-27T17:33:16,meaux,16,16,0,ok,
2026-07-27T17:33:16,chessy,88,74,0,ok,
2026-07-27T17:33:16,serris,69,2,0,ok,
2026-07-27T17:33:16,torcy,224,147,0,ok,
2026-07-27T17:48:30,paris,1000,1000,0,ok,
2026-07-27T17:48:30,meaux,16,16,0,ok,
2026-07-27T17:48:30,chessy,88,74,0,ok,
2026-07-27T17:48:30,serris,69,2,0,ok,
2026-07-27T17:48:30,torcy,224,147,0,ok,
2026-07-27T18:04:00,paris,1000,1000,0,ok,
2026-07-27T18:04:00,meaux,16,16,0,ok,
2026-07-27T18:04:00,chessy,88,74,0,ok,
2026-07-27T18:04:00,serris,69,2,0,ok,
2026-07-27T18:04:00,torcy,224,147,0,ok,
2026-07-27T18:18:16,paris,1000,1000,0,ok,
2026-07-27T18:18:16,meaux,16,16,0,ok,
2026-07-27T18:18:16,chessy,88,74,0,ok,
2026-07-27T18:18:16,serris,69,2,0,ok,
2026-07-27T18:18:16,torcy,224,147,0,ok,
2026-07-27T18:33:33,paris,1000,1000,0,ok,
2026-07-27T18:33:33,meaux,16,16,0,ok,
2026-07-27T18:33:33,chessy,88,74,0,ok,
2026-07-27T18:33:33,serris,69,2,0,ok,
2026-07-27T18:33:33,torcy,224,147,0,ok,
2026-07-27T18:48:13,paris,1000,1000,0,ok,
2026-07-27T18:48:13,meaux,16,16,0,ok,
2026-07-27T18:48:13,chessy,88,74,0,ok,
2026-07-27T18:48:13,serris,69,2,0,ok,
2026-07-27T18:48:13,torcy,224,147,0,ok,
2026-07-27T18:57:03,paris,1000,1000,0,ok,
2026-07-27T18:57:03,meaux,16,16,0,ok,
2026-07-27T18:57:03,chessy,88,74,0,ok,
2026-07-27T18:57:03,serris,69,2,0,ok,
2026-07-27T18:57:03,torcy,224,147,0,ok,
2026-07-27T19:03:27,paris,1000,1000,0,ok,
2026-07-27T19:03:27,meaux,16,16,0,ok,
2026-07-27T19:03:27,chessy,88,74,0,ok,
2026-07-27T19:03:27,serris,69,2,0,ok,
2026-07-27T19:03:27,torcy,224,147,0,ok,
2026-07-27T19:18:18,paris,1000,1000,0,ok,
2026-07-27T19:18:18,meaux,16,16,0,ok,
2026-07-27T19:18:18,chessy,88,74,0,ok,
2026-07-27T19:18:18,serris,69,2,0,ok,
2026-07-27T19:18:18,torcy,224,147,0,ok,
2026-07-27T19:34:38,paris,1000,1000,0,ok,
2026-07-27T19:34:38,meaux,16,16,0,ok,
2026-07-27T19:34:38,chessy,88,74,0,ok,
2026-07-27T19:34:38,serris,69,2,0,ok,
2026-07-27T19:34:38,torcy,224,147,0,ok,
2026-07-27T19:48:34,paris,1000,1000,0,ok,
2026-07-27T19:48:34,meaux,16,16,0,ok,
2026-07-27T19:48:34,chessy,88,74,0,ok,
2026-07-27T19:48:34,serris,69,2,0,ok,
2026-07-27T19:48:34,torcy,224,147,0,ok,
2026-07-27T20:03:47,paris,1000,1000,0,ok,
2026-07-27T20:03:47,meaux,16,16,0,ok,
2026-07-27T20:03:47,chessy,88,74,0,ok,
2026-07-27T20:03:47,serris,69,2,0,ok,
2026-07-27T20:03:47,torcy,224,147,0,ok,
2026-07-27T20:18:27,paris,1000,1000,0,ok,
2026-07-27T20:18:27,meaux,16,16,0,ok,
2026-07-27T20:18:27,chessy,88,74,0,ok,
2026-07-27T20:18:27,serris,69,2,0,ok,
2026-07-27T20:18:27,torcy,224,147,0,ok,
2026-07-27T20:33:26,paris,1000,1000,0,ok,
2026-07-27T20:33:26,meaux,16,16,0,ok,
2026-07-27T20:33:26,chessy,88,74,0,ok,
2026-07-27T20:33:26,serris,69,2,0,ok,
2026-07-27T20:33:26,torcy,224,147,0,ok,
2026-07-27T20:48:13,paris,1000,1000,0,ok,
2026-07-27T20:48:13,meaux,16,16,0,ok,
2026-07-27T20:48:13,chessy,88,74,0,ok,
2026-07-27T20:48:13,serris,69,2,0,ok,
2026-07-27T20:48:13,torcy,224,147,0,ok,
2026-07-27T21:03:47,paris,1000,1000,0,ok,
2026-07-27T21:03:47,meaux,16,16,0,ok,
2026-07-27T21:03:47,chessy,88,74,0,ok,
2026-07-27T21:03:47,serris,69,2,0,ok,
2026-07-27T21:03:47,torcy,224,147,0,ok,
2026-07-27T21:18:11,paris,1000,1000,0,ok,
2026-07-27T21:18:11,meaux,16,16,0,ok,
2026-07-27T21:18:11,chessy,88,74,0,ok,
2026-07-27T21:18:11,serris,69,2,0,ok,
2026-07-27T21:18:11,torcy,224,147,0,ok,
2026-07-27T21:33:15,paris,1000,1000,0,ok,
2026-07-27T21:33:15,meaux,16,16,0,ok,
2026-07-27T21:33:15,chessy,88,74,0,ok,
2026-07-27T21:33:15,serris,69,2,0,ok,
2026-07-27T21:33:15,torcy,224,147,0,ok,
2026-07-27T21:40:48,paris,1000,1000,0,ok,
2026-07-27T21:40:48,meaux,16,16,0,ok,
2026-07-27T21:40:48,chessy,88,74,0,ok,
2026-07-27T21:40:48,serris,69,2,0,ok,
2026-07-27T21:40:48,torcy,224,147,0,ok,
2026-07-27T21:48:08,paris,1000,1000,0,ok,
2026-07-27T21:48:08,meaux,16,16,0,ok,
2026-07-27T21:48:08,chessy,88,74,0,ok,
2026-07-27T21:48:08,serris,69,2,0,ok,
2026-07-27T21:48:08,torcy,224,147,0,ok,
2026-07-27T22:03:27,paris,1000,1000,0,ok,
2026-07-27T22:03:27,meaux,16,16,0,ok,
2026-07-27T22:03:27,chessy,88,74,0,ok,
2026-07-27T22:03:27,serris,69,2,0,ok,
2026-07-27T22:03:27,torcy,224,147,0,ok,
2026-07-27T22:18:12,paris,1000,1000,0,ok,
2026-07-27T22:18:12,meaux,16,16,0,ok,
2026-07-27T22:18:12,chessy,88,74,0,ok,
2026-07-27T22:18:12,serris,69,2,0,ok,
2026-07-27T22:18:12,torcy,224,147,0,ok,
2026-07-27T22:33:46,paris,1000,1000,0,ok,
2026-07-27T22:33:46,meaux,16,16,0,ok,
2026-07-27T22:33:46,chessy,88,74,0,ok,
2026-07-27T22:33:46,serris,69,2,0,ok,
2026-07-27T22:33:46,torcy,224,147,0,ok,
2026-07-27T22:48:12,paris,1000,1000,0,ok,
2026-07-27T22:48:12,meaux,16,16,0,ok,
2026-07-27T22:48:12,chessy,88,74,0,ok,
2026-07-27T22:48:12,serris,69,2,0,ok,
2026-07-27T22:48:12,torcy,224,147,0,ok,
2026-07-27T22:58:54,paris,1000,1000,0,ok,
2026-07-27T22:58:54,meaux,16,16,0,ok,
2026-07-27T22:58:54,chessy,88,74,0,ok,
2026-07-27T22:58:54,serris,69,2,0,ok,
2026-07-27T22:58:54,torcy,224,147,0,ok,
2026-07-27T23:04:03,paris,1000,1000,0,ok,
2026-07-27T23:04:03,meaux,16,16,0,ok,
2026-07-27T23:04:03,chessy,88,74,0,ok,
2026-07-27T23:04:03,serris,69,2,0,ok,
2026-07-27T23:04:03,torcy,224,147,0,ok,
2026-07-27T23:18:09,paris,1000,1000,0,ok,
2026-07-27T23:18:09,meaux,16,16,0,ok,
2026-07-27T23:18:09,chessy,88,74,0,ok,
2026-07-27T23:18:09,serris,69,2,0,ok,
2026-07-27T23:18:09,torcy,224,147,0,ok,
2026-07-27T23:33:23,paris,1000,1000,0,ok,
2026-07-27T23:33:23,meaux,16,16,0,ok,
2026-07-27T23:33:23,chessy,88,74,0,ok,
2026-07-27T23:33:23,serris,69,2,0,ok,
2026-07-27T23:33:23,torcy,224,147,0,ok,
2026-07-27T23:48:17,paris,1000,1000,0,ok,
2026-07-27T23:48:17,meaux,16,16,0,ok,
2026-07-27T23:48:17,chessy,88,74,0,ok,
2026-07-27T23:48:17,serris,69,2,0,ok,
2026-07-27T23:48:17,torcy,224,147,0,ok,
2026-07-28T00:02:54,paris,1000,1000,0,ok,
2026-07-28T00:02:54,meaux,16,16,0,ok,
2026-07-28T00:02:54,chessy,88,74,0,ok,
2026-07-28T00:02:54,serris,69,2,0,ok,
2026-07-28T00:02:54,torcy,224,147,0,ok,
2026-07-28T00:18:20,paris,1000,1000,0,ok,
2026-07-28T00:18:20,meaux,16,16,0,ok,
2026-07-28T00:18:20,chessy,88,74,0,ok,
2026-07-28T00:18:20,serris,69,2,0,ok,
2026-07-28T00:18:20,torcy,224,147,0,ok,
2026-07-28T00:33:28,paris,1000,1000,0,ok,
2026-07-28T00:33:28,meaux,16,16,0,ok,
2026-07-28T00:33:28,chessy,88,74,0,ok,
2026-07-28T00:33:28,serris,69,2,0,ok,
2026-07-28T00:33:28,torcy,224,147,0,ok,
2026-07-28T00:48:02,paris,1000,1000,0,ok,
2026-07-28T00:48:02,meaux,16,16,0,ok,
2026-07-28T00:48:02,chessy,88,74,0,ok,
2026-07-28T00:48:02,serris,69,2,0,ok,
2026-07-28T00:48:02,torcy,224,147,0,ok,
2026-07-28T01:03:33,paris,1000,1000,0,ok,
2026-07-28T01:03:33,meaux,16,16,0,ok,
2026-07-28T01:03:33,chessy,88,74,0,ok,
2026-07-28T01:03:33,serris,69,2,0,ok,
2026-07-28T01:03:33,torcy,224,147,0,ok,
2026-07-28T01:18:22,paris,1000,1000,0,ok,
2026-07-28T01:18:22,meaux,16,16,0,ok,
2026-07-28T01:18:22,chessy,88,74,0,ok,
2026-07-28T01:18:22,serris,69,2,0,ok,
2026-07-28T01:18:22,torcy,224,147,0,ok,
2026-07-28T01:33:25,paris,1000,1000,0,ok,
2026-07-28T01:33:25,meaux,16,16,0,ok,
2026-07-28T01:33:25,chessy,88,74,0,ok,
2026-07-28T01:33:25,serris,69,2,0,ok,
2026-07-28T01:33:25,torcy,224,147,0,ok,
2026-07-28T01:48:16,paris,1000,1000,0,ok,
2026-07-28T01:48:16,meaux,16,16,0,ok,
2026-07-28T01:48:16,chessy,88,74,0,ok,
2026-07-28T01:48:16,serris,69,2,0,ok,
2026-07-28T01:48:16,torcy,224,147,0,ok,
2026-07-28T02:03:35,paris,1000,1000,0,ok,
2026-07-28T02:03:35,meaux,16,16,0,ok,
2026-07-28T02:03:35,chessy,88,74,0,ok,
2026-07-28T02:03:35,serris,69,2,0,ok,
2026-07-28T02:03:35,torcy,224,147,0,ok,
2026-07-28T02:18:03,paris,1000,1000,0,ok,
2026-07-28T02:18:03,meaux,16,16,0,ok,
2026-07-28T02:18:03,chessy,88,74,0,ok,
2026-07-28T02:18:03,serris,69,2,0,ok,
2026-07-28T02:18:03,torcy,224,147,0,ok,
2026-07-28T02:33:31,paris,1000,1000,0,ok,
2026-07-28T02:33:31,meaux,16,16,0,ok,
2026-07-28T02:33:31,chessy,88,74,0,ok,
2026-07-28T02:33:31,serris,69,2,0,ok,
2026-07-28T02:33:31,torcy,224,147,0,ok,
2026-07-28T02:48:12,paris,1000,1000,0,ok,
2026-07-28T02:48:12,meaux,16,16,0,ok,
2026-07-28T02:48:12,chessy,88,74,0,ok,
2026-07-28T02:48:12,serris,69,2,0,ok,
2026-07-28T02:48:12,torcy,225,147,0,ok,
2026-07-28T03:03:32,paris,1000,1000,0,ok,
2026-07-28T03:03:32,meaux,16,16,0,ok,
2026-07-28T03:03:32,chessy,88,74,0,ok,
2026-07-28T03:03:32,serris,69,2,0,ok,
2026-07-28T03:03:32,torcy,225,148,0,ok,
2026-07-28T03:18:06,paris,1000,1000,0,ok,
2026-07-28T03:18:06,meaux,16,16,0,ok,
2026-07-28T03:18:06,chessy,88,74,0,ok,
2026-07-28T03:18:06,serris,69,2,0,ok,
2026-07-28T03:18:06,torcy,225,148,0,ok,
2026-07-28T03:33:33,paris,1000,1000,0,ok,
2026-07-28T03:33:33,meaux,16,16,0,ok,
2026-07-28T03:33:33,chessy,88,74,0,ok,
2026-07-28T03:33:33,serris,69,2,0,ok,
2026-07-28T03:33:33,torcy,225,148,0,ok,
2026-07-28T03:47:38,paris,1000,1000,0,ok,
2026-07-28T03:47:38,meaux,16,16,0,ok,
2026-07-28T03:47:38,chessy,88,74,0,ok,
2026-07-28T03:47:38,serris,69,2,0,ok,
2026-07-28T03:47:38,torcy,225,148,0,ok,
2026-07-28T04:03:49,paris,1000,1000,0,ok,
2026-07-28T04:03:49,meaux,16,16,0,ok,
2026-07-28T04:03:49,chessy,88,74,0,ok,
2026-07-28T04:03:49,serris,69,2,0,ok,
2026-07-28T04:03:49,torcy,225,148,0,ok,
2026-07-28T04:18:16,paris,1000,1000,0,ok,
2026-07-28T04:18:16,meaux,16,16,0,ok,
2026-07-28T04:18:16,chessy,88,74,0,ok,
2026-07-28T04:18:16,serris,69,2,0,ok,
2026-07-28T04:18:16,torcy,225,148,0,ok,
2026-07-28T04:33:18,paris,1000,1000,0,ok,
2026-07-28T04:33:18,meaux,16,16,0,ok,
2026-07-28T04:33:18,chessy,88,74,0,ok,
2026-07-28T04:33:18,serris,69,2,0,ok,
2026-07-28T04:33:18,torcy,225,148,0,ok,
2026-07-28T04:48:15,paris,1000,1000,0,ok,
2026-07-28T04:48:15,meaux,16,16,0,ok,
2026-07-28T04:48:15,chessy,88,74,0,ok,
2026-07-28T04:48:15,serris,69,2,0,ok,
2026-07-28T04:48:15,torcy,225,148,0,ok,
2026-07-28T05:03:42,paris,1000,1000,0,ok,
2026-07-28T05:03:42,meaux,16,16,0,ok,
2026-07-28T05:03:42,chessy,88,74,0,ok,
2026-07-28T05:03:42,serris,69,2,0,ok,
2026-07-28T05:03:42,torcy,225,148,0,ok,
2026-07-28T05:18:09,paris,1000,1000,0,ok,
2026-07-28T05:18:09,meaux,16,16,0,ok,
2026-07-28T05:18:09,chessy,88,74,0,ok,
2026-07-28T05:18:09,serris,69,2,0,ok,
2026-07-28T05:18:09,torcy,225,148,0,ok,
2026-07-28T05:33:15,paris,1000,1000,0,ok,
2026-07-28T05:33:15,meaux,16,16,0,ok,
2026-07-28T05:33:15,chessy,88,74,0,ok,
2026-07-28T05:33:15,serris,69,2,0,ok,
2026-07-28T05:33:15,torcy,225,148,0,ok,
2026-07-28T05:48:16,paris,1000,1000,0,ok,
2026-07-28T05:48:16,meaux,16,16,0,ok,
2026-07-28T05:48:16,chessy,88,74,0,ok,
2026-07-28T05:48:16,serris,69,2,0,ok,
2026-07-28T05:48:16,torcy,225,148,0,ok,
2026-07-28T06:03:26,paris,1000,1000,0,ok,
2026-07-28T06:03:26,meaux,16,16,0,ok,
2026-07-28T06:03:26,chessy,88,74,0,ok,
2026-07-28T06:03:26,serris,69,2,0,ok,
2026-07-28T06:03:26,torcy,225,148,0,ok,
2026-07-28T06:18:08,paris,1000,1000,0,ok,
2026-07-28T06:18:08,meaux,16,16,0,ok,
2026-07-28T06:18:08,chessy,88,74,0,ok,
2026-07-28T06:18:08,serris,69,2,0,ok,
2026-07-28T06:18:08,torcy,225,148,0,ok,
2026-07-28T06:24:41,paris,1000,1000,0,ok,
2026-07-28T06:24:41,meaux,16,16,0,ok,
2026-07-28T06:24:41,chessy,88,74,0,ok,
2026-07-28T06:24:41,serris,69,2,0,ok,
2026-07-28T06:24:41,torcy,225,148,0,ok,
2026-07-28T06:33:21,paris,1000,1000,0,ok,
2026-07-28T06:33:21,meaux,16,16,0,ok,
2026-07-28T06:33:21,chessy,88,74,0,ok,
2026-07-28T06:33:21,serris,69,2,0,ok,
2026-07-28T06:33:21,torcy,225,148,0,ok,
2026-07-28T06:48:22,paris,1000,1000,0,ok,
2026-07-28T06:48:22,meaux,16,16,0,ok,
2026-07-28T06:48:22,chessy,88,74,0,ok,
2026-07-28T06:48:22,serris,69,2,0,ok,
2026-07-28T06:48:22,torcy,226,149,0,ok,
2026-07-28T07:03:41,paris,1000,1000,0,ok,
2026-07-28T07:03:41,meaux,16,16,0,ok,
2026-07-28T07:03:41,chessy,88,74,0,ok,
2026-07-28T07:03:41,serris,69,2,0,ok,
2026-07-28T07:03:41,torcy,226,149,0,ok,
2026-07-28T07:18:19,paris,1000,1000,0,ok,
2026-07-28T07:18:19,meaux,16,16,0,ok,
2026-07-28T07:18:19,chessy,88,74,0,ok,
2026-07-28T07:18:19,serris,69,2,0,ok,
2026-07-28T07:18:19,torcy,226,149,0,ok,
2026-07-28T07:33:25,paris,1000,1000,0,ok,
2026-07-28T07:33:25,meaux,16,16,0,ok,
2026-07-28T07:33:25,chessy,88,74,0,ok,
2026-07-28T07:33:25,serris,69,2,0,ok,
2026-07-28T07:33:25,torcy,226,149,0,ok,
2026-07-28T07:48:27,paris,1000,1000,0,ok,
2026-07-28T07:48:27,meaux,16,16,0,ok,
2026-07-28T07:48:27,chessy,88,74,0,ok,
2026-07-28T07:48:27,serris,69,2,0,ok,
2026-07-28T07:48:27,torcy,226,149,0,ok,
2026-07-28T08:03:48,paris,1000,1000,0,ok,
2026-07-28T08:03:48,meaux,16,16,0,ok,
2026-07-28T08:03:48,chessy,88,74,0,ok,
2026-07-28T08:03:48,serris,69,2,0,ok,
2026-07-28T08:03:48,torcy,226,149,0,ok,
2026-07-28T08:18:25,paris,1000,1000,0,ok,
2026-07-28T08:18:25,meaux,16,16,0,ok,
2026-07-28T08:18:25,chessy,88,74,0,ok,
2026-07-28T08:18:25,serris,69,2,0,ok,
2026-07-28T08:18:25,torcy,226,149,0,ok,
2026-07-28T08:33:20,paris,1000,1000,0,ok,
2026-07-28T08:33:20,meaux,16,16,0,ok,
2026-07-28T08:33:20,chessy,88,74,0,ok,
2026-07-28T08:33:20,serris,69,2,0,ok,
2026-07-28T08:33:20,torcy,226,149,0,ok,
2026-07-28T08:48:17,paris,1000,1000,0,ok,
2026-07-28T08:48:17,meaux,16,16,0,ok,
2026-07-28T08:48:17,chessy,88,74,0,ok,
2026-07-28T08:48:17,serris,69,2,0,ok,
2026-07-28T08:48:17,torcy,226,149,0,ok,
2026-07-28T09:03:44,paris,1000,1000,0,ok,
2026-07-28T09:03:44,meaux,16,16,0,ok,
2026-07-28T09:03:44,chessy,88,74,0,ok,
2026-07-28T09:03:44,serris,69,2,0,ok,
2026-07-28T09:03:44,torcy,226,149,0,ok,
2026-07-28T09:18:45,paris,1000,1000,0,ok,
2026-07-28T09:18:45,meaux,16,16,0,ok,
2026-07-28T09:18:45,chessy,88,74,0,ok,
2026-07-28T09:18:45,serris,69,2,0,ok,
2026-07-28T09:18:45,torcy,226,149,0,ok,
2026-07-28T09:33:45,paris,1000,1000,0,ok,
2026-07-28T09:33:45,meaux,16,16,0,ok,
2026-07-28T09:33:45,chessy,88,74,0,ok,
2026-07-28T09:33:45,serris,69,2,0,ok,
2026-07-28T09:33:45,torcy,226,149,0,ok,
2026-07-28T09:48:36,paris,1000,1000,0,ok,
2026-07-28T09:48:36,meaux,16,16,0,ok,
2026-07-28T09:48:36,chessy,88,74,0,ok,
2026-07-28T09:48:36,serris,69,2,0,ok,
2026-07-28T09:48:36,torcy,226,149,0,ok,
2026-07-28T10:03:55,paris,1000,1000,0,ok,
2026-07-28T10:03:55,meaux,16,16,0,ok,
2026-07-28T10:03:55,chessy,88,74,0,ok,
2026-07-28T10:03:55,serris,69,2,0,ok,
2026-07-28T10:03:55,torcy,226,149,0,ok,
2026-07-28T10:18:22,paris,1000,1000,0,ok,
2026-07-28T10:18:22,meaux,16,16,0,ok,
2026-07-28T10:18:22,chessy,88,74,0,ok,
2026-07-28T10:18:22,serris,69,2,0,ok,
2026-07-28T10:18:22,torcy,226,149,0,ok,
2026-07-28T10:33:29,paris,1000,1000,0,ok,
2026-07-28T10:33:29,meaux,16,16,0,ok,
2026-07-28T10:33:29,chessy,88,74,0,ok,
2026-07-28T10:33:29,serris,69,2,0,ok,
2026-07-28T10:33:29,torcy,226,149,0,ok,
2026-07-28T10:48:35,paris,1000,1000,0,ok,
2026-07-28T10:48:35,meaux,16,16,0,ok,
2026-07-28T10:48:35,chessy,88,74,0,ok,
2026-07-28T10:48:35,serris,69,2,0,ok,
2026-07-28T10:48:35,torcy,226,149,0,ok,
2026-07-28T11:03:35,paris,1000,1000,0,ok,
2026-07-28T11:03:35,meaux,16,16,0,ok,
2026-07-28T11:03:35,chessy,88,74,0,ok,
2026-07-28T11:03:35,serris,69,2,0,ok,
2026-07-28T11:03:35,torcy,226,149,0,ok,
2026-07-28T11:18:19,paris,1000,1000,0,ok,
2026-07-28T11:18:19,meaux,16,16,0,ok,
2026-07-28T11:18:19,chessy,88,74,0,ok,
2026-07-28T11:18:19,serris,69,2,0,ok,
2026-07-28T11:18:19,torcy,226,149,0,ok,
2026-07-28T11:34:32,paris,1000,1000,0,ok,
2026-07-28T11:34:32,meaux,16,16,0,ok,
2026-07-28T11:34:32,chessy,88,74,0,ok,
2026-07-28T11:34:32,serris,69,2,0,ok,
2026-07-28T11:34:32,torcy,226,149,0,ok,
2026-07-28T11:48:14,paris,1000,1000,0,ok,
2026-07-28T11:48:14,meaux,16,16,0,ok,
2026-07-28T11:48:14,chessy,88,74,0,ok,
2026-07-28T11:48:14,serris,69,2,0,ok,
2026-07-28T11:48:14,torcy,226,149,0,ok,
2026-07-28T12:03:53,paris,1000,1000,0,ok,
2026-07-28T12:03:53,meaux,16,16,0,ok,
2026-07-28T12:03:53,chessy,88,74,0,ok,
2026-07-28T12:03:53,serris,69,2,0,ok,
2026-07-28T12:03:53,torcy,226,149,0,ok,
2026-07-28T12:18:27,paris,1000,1000,0,ok,
2026-07-28T12:18:27,meaux,16,16,0,ok,
2026-07-28T12:18:27,chessy,88,74,0,ok,
2026-07-28T12:18:27,serris,69,2,0,ok,
2026-07-28T12:18:27,torcy,226,149,0,ok,
2026-07-28T12:33:36,paris,1000,1000,0,ok,
2026-07-28T12:33:36,meaux,16,16,0,ok,
2026-07-28T12:33:36,chessy,88,74,0,ok,
2026-07-28T12:33:36,serris,69,2,0,ok,
2026-07-28T12:33:36,torcy,226,149,0,ok,
2026-07-28T12:48:32,paris,1000,1000,0,ok,
2026-07-28T12:48:32,meaux,16,16,0,ok,
2026-07-28T12:48:32,chessy,88,74,0,ok,
2026-07-28T12:48:32,serris,69,2,0,ok,
2026-07-28T12:48:32,torcy,226,149,0,ok,
2026-07-28T13:03:43,paris,1000,1000,0,ok,
2026-07-28T13:03:43,meaux,16,16,0,ok,
2026-07-28T13:03:43,chessy,88,74,0,ok,
2026-07-28T13:03:43,serris,69,2,0,ok,
2026-07-28T13:03:43,torcy,226,149,0,ok,
2026-07-28T13:18:26,paris,1000,1000,0,ok,
2026-07-28T13:18:26,meaux,16,16,0,ok,
2026-07-28T13:18:26,chessy,88,74,0,ok,
2026-07-28T13:18:26,serris,69,2,0,ok,
2026-07-28T13:18:26,torcy,226,149,0,ok,
2026-07-28T13:33:43,paris,1000,1000,0,ok,
2026-07-28T13:33:43,meaux,16,16,0,ok,
2026-07-28T13:33:43,chessy,88,74,0,ok,
2026-07-28T13:33:43,serris,69,2,0,ok,
2026-07-28T13:33:43,torcy,226,149,0,ok,
2026-07-28T13:48:33,paris,1000,1000,0,ok,
2026-07-28T13:48:33,meaux,16,16,0,ok,
2026-07-28T13:48:33,chessy,88,74,0,ok,
2026-07-28T13:48:33,serris,69,2,0,ok,
2026-07-28T13:48:33,torcy,226,149,0,ok,
2026-07-28T13:56:03,paris,1000,1000,0,ok,
2026-07-28T13:56:03,meaux,16,16,0,ok,
2026-07-28T13:56:03,chessy,88,74,0,ok,
2026-07-28T13:56:03,serris,69,2,0,ok,
2026-07-28T13:56:03,torcy,226,149,0,ok,
2026-07-28T14:03:54,paris,1000,1000,0,ok,
2026-07-28T14:03:54,meaux,16,16,0,ok,
2026-07-28T14:03:54,chessy,88,74,0,ok,
2026-07-28T14:03:54,serris,69,2,0,ok,
2026-07-28T14:03:54,torcy,226,149,0,ok,
2026-07-28T14:18:43,paris,1000,1000,0,ok,
2026-07-28T14:18:43,meaux,16,16,0,ok,
2026-07-28T14:18:43,chessy,88,74,0,ok,
2026-07-28T14:18:43,serris,69,2,0,ok,
2026-07-28T14:18:43,torcy,226,149,0,ok,
2026-07-28T14:33:49,paris,1000,1000,0,ok,
2026-07-28T14:33:49,meaux,16,16,0,ok,
2026-07-28T14:33:49,chessy,88,74,0,ok,
2026-07-28T14:33:49,serris,69,2,0,ok,
2026-07-28T14:33:49,torcy,226,149,0,ok,
2026-07-28T14:48:40,paris,1000,1000,0,ok,
2026-07-28T14:48:40,meaux,16,16,0,ok,
2026-07-28T14:48:40,chessy,88,74,0,ok,
2026-07-28T14:48:40,serris,69,2,0,ok,
2026-07-28T14:48:40,torcy,226,149,0,ok,
2026-07-28T15:03:56,paris,1000,1000,0,ok,
2026-07-28T15:03:56,meaux,16,16,0,ok,
2026-07-28T15:03:56,chessy,88,74,0,ok,
2026-07-28T15:03:56,serris,69,2,0,ok,
2026-07-28T15:03:56,torcy,226,149,0,ok,
2026-07-28T15:18:40,paris,1000,1000,0,ok,
2026-07-28T15:18:40,meaux,16,16,0,ok,
2026-07-28T15:18:40,chessy,88,74,0,ok,
2026-07-28T15:18:40,serris,69,2,0,ok,
2026-07-28T15:18:40,torcy,226,149,0,ok,
2026-07-28T15:33:31,paris,1000,1000,0,ok,
2026-07-28T15:33:31,meaux,16,16,0,ok,
2026-07-28T15:33:31,chessy,88,74,0,ok,
2026-07-28T15:33:31,serris,69,2,0,ok,
2026-07-28T15:33:31,torcy,226,149,0,ok,
2026-07-28T15:48:30,paris,1000,1000,0,ok,
2026-07-28T15:48:30,meaux,16,16,0,ok,
2026-07-28T15:48:30,chessy,88,74,0,ok,
2026-07-28T15:48:30,serris,69,2,0,ok,
2026-07-28T15:48:30,torcy,226,149,0,ok,
2026-07-28T16:04:06,paris,1000,1000,0,ok,
2026-07-28T16:04:06,meaux,16,16,0,ok,
2026-07-28T16:04:06,chessy,88,74,0,ok,
2026-07-28T16:04:06,serris,69,2,0,ok,
2026-07-28T16:04:06,torcy,226,149,0,ok,
2026-07-28T16:18:28,paris,1000,1000,0,ok,
2026-07-28T16:18:28,meaux,16,16,0,ok,
2026-07-28T16:18:28,chessy,88,74,0,ok,
2026-07-28T16:18:28,serris,69,2,0,ok,
2026-07-28T16:18:28,torcy,226,149,0,ok,
2026-07-28T16:33:52,paris,1000,1000,0,ok,
2026-07-28T16:33:52,meaux,16,16,0,ok,
2026-07-28T16:33:52,chessy,88,74,0,ok,
2026-07-28T16:33:52,serris,69,2,0,ok,
2026-07-28T16:33:52,torcy,226,149,0,ok,
2026-07-28T16:48:51,paris,1000,1000,0,ok,
2026-07-28T16:48:51,meaux,16,16,0,ok,
2026-07-28T16:48:51,chessy,88,74,0,ok,
2026-07-28T16:48:51,serris,69,2,0,ok,
2026-07-28T16:48:51,torcy,226,149,0,ok,
2026-07-28T17:04:08,paris,1000,1000,0,ok,
2026-07-28T17:04:08,meaux,16,16,0,ok,
2026-07-28T17:04:08,chessy,88,74,0,ok,
2026-07-28T17:04:08,serris,69,2,0,ok,
2026-07-28T17:04:08,torcy,226,149,0,ok,
2026-07-28T17:18:31,paris,1000,1000,0,ok,
2026-07-28T17:18:31,meaux,16,16,0,ok,
2026-07-28T17:18:31,chessy,88,74,0,ok,
2026-07-28T17:18:31,serris,69,2,0,ok,
2026-07-28T17:18:31,torcy,226,149,0,ok,
2026-07-28T17:33:34,paris,1000,1000,0,ok,
2026-07-28T17:33:34,meaux,16,16,0,ok,
2026-07-28T17:33:34,chessy,88,74,0,ok,
2026-07-28T17:33:34,serris,69,2,0,ok,
2026-07-28T17:33:34,torcy,226,149,0,ok,
2026-07-28T17:48:22,paris,1000,1000,0,ok,
2026-07-28T17:48:22,meaux,16,16,0,ok,
2026-07-28T17:48:22,chessy,88,74,0,ok,
2026-07-28T17:48:22,serris,69,2,0,ok,
2026-07-28T17:48:22,torcy,226,149,0,ok,
2026-07-28T17:53:32,paris,1000,1000,0,ok,
2026-07-28T17:53:32,meaux,16,16,0,ok,
2026-07-28T17:53:32,chessy,88,74,0,ok,
2026-07-28T17:53:32,serris,69,2,0,ok,
2026-07-28T17:53:32,torcy,226,149,0,ok,
2026-07-28T18:04:04,paris,1000,1000,0,ok,
2026-07-28T18:04:04,meaux,16,16,0,ok,
2026-07-28T18:04:04,chessy,88,74,0,ok,
2026-07-28T18:04:04,serris,69,2,0,ok,
2026-07-28T18:04:04,torcy,226,149,0,ok,
2026-07-28T18:18:39,paris,1000,1000,0,ok,
2026-07-28T18:18:39,meaux,16,16,0,ok,
2026-07-28T18:18:39,chessy,88,74,0,ok,
2026-07-28T18:18:39,serris,69,2,0,ok,
2026-07-28T18:18:39,torcy,226,149,0,ok,
2026-07-28T18:33:44,paris,1000,1000,0,ok,
2026-07-28T18:33:44,meaux,16,16,0,ok,
2026-07-28T18:33:44,chessy,88,74,0,ok,
2026-07-28T18:33:44,serris,69,2,0,ok,
2026-07-28T18:33:44,torcy,226,149,0,ok,
2026-07-28T18:48:15,paris,1000,1000,0,ok,
2026-07-28T18:48:15,meaux,16,16,0,ok,
2026-07-28T18:48:15,chessy,88,74,0,ok,
2026-07-28T18:48:15,serris,69,2,0,ok,
2026-07-28T18:48:15,torcy,226,149,0,ok,
2026-07-28T19:03:58,paris,1000,1000,0,ok,
2026-07-28T19:03:58,meaux,16,16,0,ok,
2026-07-28T19:03:58,chessy,88,74,0,ok,
2026-07-28T19:03:58,serris,69,2,0,ok,
2026-07-28T19:03:58,torcy,226,149,0,ok,
2026-07-28T19:18:35,paris,1000,1000,0,ok,
2026-07-28T19:18:35,meaux,16,16,0,ok,
2026-07-28T19:18:35,chessy,88,74,0,ok,
2026-07-28T19:18:35,serris,69,2,0,ok,
2026-07-28T19:18:35,torcy,226,149,0,ok,
2026-07-28T19:33:58,paris,1000,1000,0,ok,
2026-07-28T19:33:58,meaux,16,16,0,ok,
2026-07-28T19:33:58,chessy,88,74,0,ok,
2026-07-28T19:33:58,serris,69,2,0,ok,
2026-07-28T19:33:58,torcy,226,149,0,ok,
2026-07-28T19:48:26,paris,1000,1000,0,ok,
2026-07-28T19:48:26,meaux,16,16,0,ok,
2026-07-28T19:48:26,chessy,88,74,0,ok,
2026-07-28T19:48:26,serris,69,2,0,ok,
2026-07-28T19:48:26,torcy,226,149,0,ok,
2026-07-28T20:03:45,paris,1000,1000,0,ok,
2026-07-28T20:03:45,meaux,16,16,0,ok,
2026-07-28T20:03:45,chessy,88,74,0,ok,
2026-07-28T20:03:45,serris,69,2,0,ok,
2026-07-28T20:03:45,torcy,226,149,0,ok,
2026-07-28T20:18:28,paris,1000,1000,0,ok,
2026-07-28T20:18:28,meaux,16,16,0,ok,
2026-07-28T20:18:28,chessy,88,74,0,ok,
2026-07-28T20:18:28,serris,69,2,0,ok,
2026-07-28T20:18:28,torcy,226,149,0,ok,
2026-07-28T20:33:49,paris,1000,1000,0,ok,
2026-07-28T20:33:49,meaux,16,16,0,ok,
2026-07-28T20:33:49,chessy,88,74,0,ok,
2026-07-28T20:33:49,serris,69,2,0,ok,
2026-07-28T20:33:49,torcy,226,149,0,ok,
2026-07-28T20:45:48,paris,1000,1000,0,ok,
2026-07-28T20:45:48,meaux,16,16,0,ok,
2026-07-28T20:45:48,chessy,88,74,0,ok,
2026-07-28T20:45:48,serris,69,2,0,ok,
2026-07-28T20:45:48,torcy,226,149,0,ok,
2026-07-28T21:05:21,paris,1000,1000,0,ok,
2026-07-28T21:05:21,meaux,16,16,0,ok,
2026-07-28T21:05:21,chessy,88,74,0,ok,
2026-07-28T21:05:21,serris,69,2,0,ok,
2026-07-28T21:05:21,torcy,226,149,0,ok,
2026-07-28T21:18:27,paris,1000,1000,0,ok,
2026-07-28T21:18:27,meaux,16,16,0,ok,
2026-07-28T21:18:27,chessy,88,74,0,ok,
2026-07-28T21:18:27,serris,69,2,0,ok,
2026-07-28T21:18:27,torcy,226,149,0,ok,
2026-07-28T21:33:44,paris,1000,1000,0,ok,
2026-07-28T21:33:44,meaux,16,16,0,ok,
2026-07-28T21:33:44,chessy,88,74,0,ok,
2026-07-28T21:33:44,serris,69,2,0,ok,
2026-07-28T21:33:44,torcy,226,149,0,ok,
2026-07-28T21:48:13,paris,1000,1000,0,ok,
2026-07-28T21:48:13,meaux,16,16,0,ok,
2026-07-28T21:48:13,chessy,88,74,0,ok,
2026-07-28T21:48:13,serris,69,2,0,ok,
2026-07-28T21:48:13,torcy,226,149,0,ok,
2026-07-28T22:02:30,paris,1000,1000,0,ok,
2026-07-28T22:02:30,meaux,16,16,0,ok,
2026-07-28T22:02:30,chessy,88,74,0,ok,
2026-07-28T22:02:30,serris,69,2,0,ok,
2026-07-28T22:02:30,torcy,226,149,0,ok,
2026-07-28T22:18:26,paris,1000,1000,0,ok,
2026-07-28T22:18:26,meaux,16,16,0,ok,
2026-07-28T22:18:26,chessy,88,74,0,ok,
2026-07-28T22:18:26,serris,69,2,0,ok,
2026-07-28T22:18:26,torcy,226,149,0,ok,
2026-07-28T22:33:19,paris,1000,1000,0,ok,
2026-07-28T22:33:19,meaux,16,16,0,ok,
2026-07-28T22:33:19,chessy,88,74,0,ok,
2026-07-28T22:33:19,serris,69,2,0,ok,
2026-07-28T22:33:19,torcy,226,149,0,ok,
2026-07-28T22:48:36,paris,1000,1000,0,ok,
2026-07-28T22:48:36,meaux,16,16,0,ok,
2026-07-28T22:48:36,chessy,88,74,0,ok,
2026-07-28T22:48:36,serris,69,2,0,ok,
2026-07-28T22:48:36,torcy,226,149,0,ok,
2026-07-28T23:03:53,paris,1000,1000,0,ok,
2026-07-28T23:03:53,meaux,16,16,0,ok,
2026-07-28T23:03:53,chessy,88,74,0,ok,
2026-07-28T23:03:53,serris,69,2,0,ok,
2026-07-28T23:03:53,torcy,226,149,0,ok,
2026-07-28T23:09:30,paris,1000,1000,0,ok,
2026-07-28T23:09:30,meaux,16,16,0,ok,
2026-07-28T23:09:30,chessy,88,74,0,ok,
2026-07-28T23:09:30,serris,69,2,0,ok,
2026-07-28T23:09:30,torcy,226,149,0,ok,
2026-07-28T23:18:15,paris,1000,1000,0,ok,
2026-07-28T23:18:15,meaux,16,16,0,ok,
2026-07-28T23:18:15,chessy,88,74,0,ok,
2026-07-28T23:18:15,serris,69,2,0,ok,
2026-07-28T23:18:15,torcy,226,149,0,ok,
2026-07-28T23:33:31,paris,1000,1000,0,ok,
2026-07-28T23:33:31,meaux,16,16,0,ok,
2026-07-28T23:33:31,chessy,88,74,0,ok,
2026-07-28T23:33:31,serris,69,2,0,ok,
2026-07-28T23:33:31,torcy,226,149,0,ok,
2026-07-28T23:48:16,paris,1000,1000,0,ok,
2026-07-28T23:48:16,meaux,16,16,0,ok,
2026-07-28T23:48:16,chessy,88,74,0,ok,
2026-07-28T23:48:16,serris,69,2,0,ok,
2026-07-28T23:48:16,torcy,226,149,0,ok,
2026-07-29T00:03:40,paris,1000,1000,0,ok,
2026-07-29T00:03:40,meaux,16,16,0,ok,
2026-07-29T00:03:40,chessy,88,74,0,ok,
2026-07-29T00:03:40,serris,69,2,0,ok,
2026-07-29T00:03:40,torcy,226,149,0,ok,
2026-07-29T00:18:21,paris,1000,1000,0,ok,
2026-07-29T00:18:21,meaux,16,16,0,ok,
2026-07-29T00:18:21,chessy,88,74,0,ok,
2026-07-29T00:18:21,serris,69,2,0,ok,
2026-07-29T00:18:21,torcy,226,149,0,ok,
2026-07-29T00:33:32,paris,1000,1000,0,ok,
2026-07-29T00:33:32,meaux,16,16,0,ok,
2026-07-29T00:33:32,chessy,88,74,0,ok,
2026-07-29T00:33:32,serris,69,2,0,ok,
2026-07-29T00:33:32,torcy,226,149,0,ok,
2026-07-29T00:48:21,paris,1000,1000,0,ok,
2026-07-29T00:48:21,meaux,16,16,0,ok,
2026-07-29T00:48:21,chessy,88,74,0,ok,
2026-07-29T00:48:21,serris,69,2,0,ok,
2026-07-29T00:48:21,torcy,226,149,0,ok,
2026-07-29T00:58:34,paris,1000,1000,0,ok,
2026-07-29T00:58:34,meaux,16,16,0,ok,
2026-07-29T00:58:34,chessy,88,74,0,ok,
2026-07-29T00:58:34,serris,69,2,0,ok,
2026-07-29T00:58:34,torcy,226,149,0,ok,
2026-07-29T01:03:50,paris,1000,1000,0,ok,
2026-07-29T01:03:50,meaux,16,16,0,ok,
2026-07-29T01:03:50,chessy,88,74,0,ok,
2026-07-29T01:03:50,serris,69,2,0,ok,
2026-07-29T01:03:50,torcy,226,149,0,ok,
2026-07-29T01:18:24,paris,1000,1000,0,ok,
2026-07-29T01:18:24,meaux,16,16,0,ok,
2026-07-29T01:18:24,chessy,88,74,0,ok,
2026-07-29T01:18:24,serris,69,2,0,ok,
2026-07-29T01:18:24,torcy,226,149,0,ok,
2026-07-29T01:33:24,paris,1000,1000,0,ok,
2026-07-29T01:33:24,meaux,16,16,0,ok,
2026-07-29T01:33:24,chessy,88,74,0,ok,
2026-07-29T01:33:24,serris,69,2,0,ok,
2026-07-29T01:33:24,torcy,226,149,0,ok,
2026-07-29T01:48:14,paris,1000,1000,0,ok,
2026-07-29T01:48:14,meaux,16,16,0,ok,
2026-07-29T01:48:14,chessy,88,74,0,ok,
2026-07-29T01:48:14,serris,69,2,0,ok,
2026-07-29T01:48:14,torcy,226,149,0,ok,
2026-07-29T02:03:41,paris,1000,1000,0,ok,
2026-07-29T02:03:41,meaux,16,16,0,ok,
2026-07-29T02:03:41,chessy,88,74,0,ok,
2026-07-29T02:03:41,serris,69,2,0,ok,
2026-07-29T02:03:41,torcy,226,149,0,ok,
2026-07-29T02:18:21,paris,1000,1000,0,ok,
2026-07-29T02:18:21,meaux,16,16,0,ok,
2026-07-29T02:18:21,chessy,88,74,0,ok,
2026-07-29T02:18:21,serris,69,2,0,ok,
2026-07-29T02:18:21,torcy,226,149,0,ok,
2026-07-29T02:33:27,paris,1000,1000,0,ok,
2026-07-29T02:33:27,meaux,16,16,0,ok,
2026-07-29T02:33:27,chessy,88,74,0,ok,
2026-07-29T02:33:27,serris,69,2,0,ok,
2026-07-29T02:33:27,torcy,226,149,0,ok,
2026-07-29T02:48:22,paris,1000,1000,0,ok,
2026-07-29T02:48:22,meaux,16,16,0,ok,
2026-07-29T02:48:22,chessy,88,74,0,ok,
2026-07-29T02:48:22,serris,69,2,0,ok,
2026-07-29T02:48:22,torcy,226,149,0,ok,
2026-07-29T03:03:39,paris,1000,1000,0,ok,
2026-07-29T03:03:39,meaux,16,16,0,ok,
2026-07-29T03:03:39,chessy,88,74,0,ok,
2026-07-29T03:03:39,serris,69,2,0,ok,
2026-07-29T03:03:39,torcy,226,149,0,ok,
2026-07-29T03:18:16,paris,1000,1000,0,ok,
2026-07-29T03:18:16,meaux,16,16,0,ok,
2026-07-29T03:18:16,chessy,88,74,0,ok,
2026-07-29T03:18:16,serris,69,2,0,ok,
2026-07-29T03:18:16,torcy,226,149,0,ok,
2026-07-29T03:33:30,paris,1000,1000,0,ok,
2026-07-29T03:33:30,meaux,16,16,0,ok,
2026-07-29T03:33:30,chessy,88,74,0,ok,
2026-07-29T03:33:30,serris,69,2,0,ok,
2026-07-29T03:33:30,torcy,226,149,0,ok,
2026-07-29T03:49:04,paris,1000,1000,0,ok,
2026-07-29T03:49:04,meaux,16,16,0,ok,
2026-07-29T03:49:04,chessy,88,74,0,ok,
2026-07-29T03:49:04,serris,69,2,0,ok,
2026-07-29T03:49:04,torcy,226,149,0,ok,
2026-07-29T04:03:45,paris,1000,1000,0,ok,
2026-07-29T04:03:45,meaux,16,16,0,ok,
2026-07-29T04:03:45,chessy,88,74,0,ok,
2026-07-29T04:03:45,serris,69,2,0,ok,
2026-07-29T04:03:45,torcy,226,149,0,ok,
2026-07-29T04:11:59,paris,1000,1000,0,ok,
2026-07-29T04:11:59,meaux,16,16,0,ok,
2026-07-29T04:11:59,chessy,88,74,0,ok,
2026-07-29T04:11:59,serris,69,2,0,ok,
2026-07-29T04:11:59,torcy,226,149,0,ok,
2026-07-29T04:18:36,paris,1000,1000,0,ok,
2026-07-29T04:18:36,meaux,16,16,0,ok,
2026-07-29T04:18:36,chessy,88,74,0,ok,
2026-07-29T04:18:36,serris,69,2,0,ok,
2026-07-29T04:18:36,torcy,226,149,0,ok,
2026-07-29T04:33:30,paris,1000,1000,0,ok,
2026-07-29T04:33:30,meaux,16,16,0,ok,
2026-07-29T04:33:30,chessy,88,74,0,ok,
2026-07-29T04:33:30,serris,69,2,0,ok,
2026-07-29T04:33:30,torcy,226,149,0,ok,
2026-07-29T04:48:19,paris,1000,1000,0,ok,
2026-07-29T04:48:19,meaux,16,16,0,ok,
2026-07-29T04:48:19,chessy,88,74,0,ok,
2026-07-29T04:48:19,serris,69,2,0,ok,
2026-07-29T04:48:19,torcy,226,149,0,ok,
2026-07-29T05:03:43,paris,1000,1000,0,ok,
2026-07-29T05:03:43,meaux,16,16,0,ok,
2026-07-29T05:03:43,chessy,88,74,0,ok,
2026-07-29T05:03:43,serris,69,2,0,ok,
2026-07-29T05:03:43,torcy,226,149,0,ok,
2026-07-29T05:18:11,paris,1000,1000,0,ok,
2026-07-29T05:18:11,meaux,16,16,0,ok,
2026-07-29T05:18:11,chessy,88,74,0,ok,
2026-07-29T05:18:11,serris,69,2,0,ok,
2026-07-29T05:18:11,torcy,226,149,0,ok,
2026-07-29T05:33:27,paris,1000,1000,0,ok,
2026-07-29T05:33:27,meaux,16,16,0,ok,
2026-07-29T05:33:27,chessy,88,74,0,ok,
2026-07-29T05:33:27,serris,69,2,0,ok,
2026-07-29T05:33:27,torcy,226,149,0,ok,
2026-07-29T05:48:31,paris,1000,1000,0,ok,
2026-07-29T05:48:31,meaux,16,16,0,ok,
2026-07-29T05:48:31,chessy,88,74,0,ok,
2026-07-29T05:48:31,serris,69,2,0,ok,
2026-07-29T05:48:31,torcy,226,149,0,ok,
2026-07-29T06:03:49,paris,1000,1000,0,ok,
2026-07-29T06:03:49,meaux,16,16,0,ok,
2026-07-29T06:03:49,chessy,88,74,0,ok,
2026-07-29T06:03:49,serris,69,2,0,ok,
2026-07-29T06:03:49,torcy,226,149,0,ok,
2026-07-29T06:18:23,paris,1000,1000,0,ok,
2026-07-29T06:18:23,meaux,16,16,0,ok,
2026-07-29T06:18:23,chessy,88,74,0,ok,
2026-07-29T06:18:23,serris,69,2,0,ok,
2026-07-29T06:18:23,torcy,226,149,0,ok,
2026-07-29T06:33:27,paris,1000,1000,0,ok,
2026-07-29T06:33:27,meaux,16,16,0,ok,
2026-07-29T06:33:27,chessy,88,74,0,ok,
2026-07-29T06:33:27,serris,69,2,0,ok,
2026-07-29T06:33:27,torcy,226,149,0,ok,
2026-07-29T06:48:28,paris,1000,1000,0,ok,
2026-07-29T06:48:28,meaux,16,16,0,ok,
2026-07-29T06:48:28,chessy,88,74,0,ok,
2026-07-29T06:48:28,serris,69,2,0,ok,
2026-07-29T06:48:28,torcy,226,149,0,ok,
2026-07-29T07:03:43,paris,1000,1000,0,ok,
2026-07-29T07:03:43,meaux,16,16,0,ok,
2026-07-29T07:03:43,chessy,88,74,0,ok,
2026-07-29T07:03:43,serris,69,2,0,ok,
2026-07-29T07:03:43,torcy,226,149,0,ok,
2026-07-29T07:18:35,paris,1000,1000,0,ok,
2026-07-29T07:18:35,meaux,16,16,0,ok,
2026-07-29T07:18:35,chessy,88,74,0,ok,
2026-07-29T07:18:35,serris,68,2,0,ok,
2026-07-29T07:18:35,torcy,225,149,0,ok,
2026-07-29T07:33:35,paris,1000,1000,0,ok,
2026-07-29T07:33:35,meaux,16,16,0,ok,
2026-07-29T07:33:35,chessy,88,74,0,ok,
2026-07-29T07:33:35,serris,68,2,0,ok,
2026-07-29T07:33:35,torcy,225,149,0,ok,
2026-07-29T07:48:32,paris,1000,1000,0,ok,
2026-07-29T07:48:32,meaux,16,16,0,ok,
2026-07-29T07:48:32,chessy,87,73,0,ok,
2026-07-29T07:48:32,serris,68,2,0,ok,
2026-07-29T07:48:32,torcy,225,149,0,ok,
2026-07-29T08:03:46,paris,1000,1000,0,ok,
2026-07-29T08:03:46,meaux,16,16,0,ok,
2026-07-29T08:03:46,chessy,87,73,0,ok,
2026-07-29T08:03:46,serris,68,2,0,ok,
2026-07-29T08:03:46,torcy,225,149,0,ok,
2026-07-29T08:20:55,paris,1000,1000,0,ok,
2026-07-29T08:20:55,meaux,16,16,0,ok,
2026-07-29T08:20:55,chessy,87,73,0,ok,
2026-07-29T08:20:55,serris,68,2,0,ok,
2026-07-29T08:20:55,torcy,225,149,0,ok,
2026-07-29T08:33:48,paris,1000,1000,0,ok,
2026-07-29T08:33:48,meaux,16,16,0,ok,
2026-07-29T08:33:48,chessy,87,73,0,ok,
2026-07-29T08:33:48,serris,68,2,0,ok,
2026-07-29T08:33:48,torcy,225,149,0,ok,
2026-07-29T08:48:25,paris,1000,1000,0,ok,
2026-07-29T08:48:25,meaux,16,16,0,ok,
2026-07-29T08:48:25,chessy,87,73,0,ok,
2026-07-29T08:48:25,serris,68,2,0,ok,
2026-07-29T08:48:25,torcy,225,149,0,ok,
2026-07-29T09:04:09,paris,1000,1000,0,ok,
2026-07-29T09:04:09,meaux,16,16,0,ok,
2026-07-29T09:04:09,chessy,87,73,0,ok,
2026-07-29T09:04:09,serris,68,2,0,ok,
2026-07-29T09:04:09,torcy,225,149,0,ok,
2026-07-29T09:18:37,paris,1000,1000,0,ok,
2026-07-29T09:18:37,meaux,16,16,0,ok,
2026-07-29T09:18:37,chessy,87,73,0,ok,
2026-07-29T09:18:37,serris,68,2,0,ok,
2026-07-29T09:18:37,torcy,225,149,0,ok,
2026-07-29T09:33:32,paris,1000,1000,0,ok,
2026-07-29T09:33:32,meaux,16,16,0,ok,
2026-07-29T09:33:32,chessy,87,73,0,ok,
2026-07-29T09:33:32,serris,68,2,0,ok,
2026-07-29T09:33:32,torcy,225,149,0,ok,
2026-07-29T09:48:35,paris,1000,1000,0,ok,
2026-07-29T09:48:35,meaux,16,16,0,ok,
2026-07-29T09:48:35,chessy,87,73,0,ok,
2026-07-29T09:48:35,serris,68,2,0,ok,
2026-07-29T09:48:35,torcy,225,149,0,ok,
2026-07-29T10:04:07,paris,1000,1000,0,ok,
2026-07-29T10:04:07,meaux,16,16,0,ok,
2026-07-29T10:04:07,chessy,87,73,0,ok,
2026-07-29T10:04:07,serris,68,2,0,ok,
2026-07-29T10:04:07,torcy,225,149,0,ok,
2026-07-29T10:08:29,paris,1000,1000,0,ok,
2026-07-29T10:08:29,meaux,16,16,0,ok,
2026-07-29T10:08:29,chessy,87,73,0,ok,
2026-07-29T10:08:29,serris,68,2,0,ok,
2026-07-29T10:08:29,torcy,225,149,0,ok,
2026-07-29T10:18:47,paris,1000,1000,0,ok,
2026-07-29T10:18:47,meaux,16,16,0,ok,
2026-07-29T10:18:47,chessy,87,73,0,ok,
2026-07-29T10:18:47,serris,68,2,0,ok,
2026-07-29T10:18:47,torcy,225,149,0,ok,
2026-07-29T10:33:52,paris,1000,1000,0,ok,
2026-07-29T10:33:52,meaux,16,16,0,ok,
2026-07-29T10:33:52,chessy,87,73,0,ok,
2026-07-29T10:33:52,serris,68,2,0,ok,
2026-07-29T10:33:52,torcy,225,149,0,ok,
2026-07-29T10:48:39,paris,1000,1000,0,ok,
2026-07-29T10:48:39,meaux,16,16,0,ok,
2026-07-29T10:48:39,chessy,87,73,0,ok,
2026-07-29T10:48:39,serris,68,2,0,ok,
2026-07-29T10:48:39,torcy,225,149,0,ok,
2026-07-29T11:03:59,paris,1000,1000,0,ok,
2026-07-29T11:03:59,meaux,16,16,0,ok,
2026-07-29T11:03:59,chessy,87,73,0,ok,
2026-07-29T11:03:59,serris,68,2,0,ok,
2026-07-29T11:03:59,torcy,225,149,0,ok,
2026-07-29T11:18:25,paris,1000,1000,0,ok,
2026-07-29T11:18:25,meaux,16,16,0,ok,
2026-07-29T11:18:25,chessy,87,73,0,ok,
2026-07-29T11:18:25,serris,68,2,0,ok,
2026-07-29T11:18:25,torcy,225,149,0,ok,
2026-07-29T11:33:48,paris,1000,1000,0,ok,
2026-07-29T11:33:48,meaux,16,16,0,ok,
2026-07-29T11:33:48,chessy,87,73,0,ok,
2026-07-29T11:33:48,serris,68,2,0,ok,
2026-07-29T11:33:48,torcy,225,149,0,ok,
2026-07-29T11:48:25,paris,1000,1000,0,ok,
2026-07-29T11:48:25,meaux,16,16,0,ok,
2026-07-29T11:48:25,chessy,87,73,0,ok,
2026-07-29T11:48:25,serris,68,2,0,ok,
2026-07-29T11:48:25,torcy,225,149,0,ok,
2026-07-29T12:03:56,paris,1000,1000,0,ok,
2026-07-29T12:03:56,meaux,16,16,0,ok,
2026-07-29T12:03:56,chessy,87,73,0,ok,
2026-07-29T12:03:56,serris,68,2,0,ok,
2026-07-29T12:03:56,torcy,225,149,0,ok,
2026-07-29T12:18:33,paris,1000,1000,0,ok,
2026-07-29T12:18:33,meaux,16,16,0,ok,
2026-07-29T12:18:33,chessy,87,73,0,ok,
2026-07-29T12:18:33,serris,68,2,0,ok,
2026-07-29T12:18:33,torcy,225,149,0,ok,
2026-07-29T12:30:53,paris,1000,1000,0,ok,
2026-07-29T12:30:53,meaux,16,16,0,ok,
2026-07-29T12:30:53,chessy,87,73,0,ok,
2026-07-29T12:30:53,serris,68,2,0,ok,
2026-07-29T12:30:53,torcy,225,149,0,ok,
2026-07-29T12:48:49,paris,1000,1000,0,ok,
2026-07-29T12:48:49,meaux,16,16,0,ok,
2026-07-29T12:48:49,chessy,87,73,0,ok,
2026-07-29T12:48:49,serris,68,2,0,ok,
2026-07-29T12:48:49,torcy,225,149,0,ok,
2026-07-29T13:04:12,paris,1000,1000,0,ok,
2026-07-29T13:04:12,meaux,16,16,0,ok,
2026-07-29T13:04:12,chessy,87,73,0,ok,
2026-07-29T13:04:12,serris,68,2,0,ok,
2026-07-29T13:04:12,torcy,225,149,0,ok,
2026-07-29T13:18:55,paris,1000,1000,0,ok,
2026-07-29T13:18:55,meaux,16,16,0,ok,
2026-07-29T13:18:55,chessy,87,73,0,ok,
2026-07-29T13:18:55,serris,68,2,0,ok,
2026-07-29T13:18:55,torcy,225,149,0,ok,
2026-07-29T13:33:36,paris,1000,1000,0,ok,
2026-07-29T13:33:36,meaux,16,16,0,ok,
2026-07-29T13:33:36,chessy,87,73,0,ok,
2026-07-29T13:33:36,serris,68,2,0,ok,
2026-07-29T13:33:36,torcy,225,149,0,ok,
2026-07-29T13:48:44,paris,1000,1000,0,ok,
2026-07-29T13:48:44,meaux,16,16,0,ok,
2026-07-29T13:48:44,chessy,87,73,0,ok,
2026-07-29T13:48:44,serris,68,2,0,ok,
2026-07-29T13:48:44,torcy,225,149,0,ok,
2026-07-29T14:04:12,paris,1000,1000,0,ok,
2026-07-29T14:04:12,meaux,16,16,0,ok,
2026-07-29T14:04:12,chessy,87,73,0,ok,
2026-07-29T14:04:12,serris,68,2,0,ok,
2026-07-29T14:04:12,torcy,225,149,0,ok,
2026-07-29T14:18:58,paris,1000,1000,0,ok,
2026-07-29T14:18:58,meaux,16,16,0,ok,
2026-07-29T14:18:58,chessy,87,73,0,ok,
2026-07-29T14:18:58,serris,68,2,0,ok,
2026-07-29T14:18:58,torcy,225,149,0,ok,
2026-07-29T14:33:45,paris,1000,1000,0,ok,
2026-07-29T14:33:45,meaux,16,16,0,ok,
2026-07-29T14:33:45,chessy,87,73,0,ok,
2026-07-29T14:33:45,serris,68,2,0,ok,
2026-07-29T14:33:45,torcy,225,149,0,ok,
2026-07-29T14:45:50,paris,1000,1000,0,ok,
2026-07-29T14:45:50,meaux,16,16,0,ok,
2026-07-29T14:45:50,chessy,87,73,0,ok,
2026-07-29T14:45:50,serris,68,2,0,ok,
2026-07-29T14:45:50,torcy,225,149,0,ok,
2026-07-29T15:04:35,paris,1000,1000,0,ok,
2026-07-29T15:04:35,meaux,16,16,0,ok,
2026-07-29T15:04:35,chessy,87,73,0,ok,
2026-07-29T15:04:35,serris,68,2,0,ok,
2026-07-29T15:04:35,torcy,225,149,0,ok,
2026-07-29T15:18:57,paris,1000,1000,0,ok,
2026-07-29T15:18:57,meaux,16,16,0,ok,
2026-07-29T15:18:57,chessy,87,73,0,ok,
2026-07-29T15:18:57,serris,68,2,0,ok,
2026-07-29T15:18:57,torcy,225,149,0,ok,
2026-07-29T15:34:53,paris,1000,1000,0,ok,
2026-07-29T15:34:53,meaux,16,16,0,ok,
2026-07-29T15:34:53,chessy,87,73,0,ok,
2026-07-29T15:34:53,serris,68,2,0,ok,
2026-07-29T15:34:53,torcy,225,149,0,ok,
2026-07-29T15:48:37,paris,1000,1000,0,ok,
2026-07-29T15:48:37,meaux,16,16,0,ok,
2026-07-29T15:48:37,chessy,87,73,0,ok,
2026-07-29T15:48:37,serris,68,2,0,ok,
2026-07-29T15:48:37,torcy,225,149,0,ok,
2026-07-29T16:03:57,paris,1000,1000,0,ok,
2026-07-29T16:03:57,meaux,16,16,0,ok,
2026-07-29T16:03:57,chessy,87,73,0,ok,
2026-07-29T16:03:57,serris,68,2,0,ok,
2026-07-29T16:03:57,torcy,225,149,0,ok,
2026-07-29T16:18:51,paris,1000,1000,0,ok,
2026-07-29T16:18:51,meaux,16,16,0,ok,
2026-07-29T16:18:51,chessy,87,73,0,ok,
2026-07-29T16:18:51,serris,68,2,0,ok,
2026-07-29T16:18:51,torcy,225,149,0,ok,
2026-07-29T16:33:50,paris,1000,1000,0,ok,
2026-07-29T16:33:50,meaux,16,16,0,ok,
2026-07-29T16:33:50,chessy,87,73,0,ok,
2026-07-29T16:33:50,serris,68,2,0,ok,
2026-07-29T16:33:50,torcy,225,149,0,ok,
2026-07-29T16:50:16,paris,1000,1000,0,ok,
2026-07-29T16:50:16,meaux,16,16,0,ok,
2026-07-29T16:50:16,chessy,87,73,0,ok,
2026-07-29T16:50:16,serris,68,2,0,ok,
2026-07-29T16:50:16,torcy,225,149,0,ok,
2026-07-29T17:04:04,paris,1000,1000,0,ok,
2026-07-29T17:04:04,meaux,16,16,0,ok,
2026-07-29T17:04:04,chessy,87,73,0,ok,
2026-07-29T17:04:04,serris,68,2,0,ok,
2026-07-29T17:04:04,torcy,225,149,0,ok,
2026-07-29T17:20:16,paris,1000,1000,0,ok,
2026-07-29T17:20:16,meaux,16,16,0,ok,
2026-07-29T17:20:16,chessy,87,73,0,ok,
2026-07-29T17:20:16,serris,68,2,0,ok,
2026-07-29T17:20:16,torcy,225,149,0,ok,
2026-07-29T17:33:47,paris,1000,1000,0,ok,
2026-07-29T17:33:47,meaux,16,16,0,ok,
2026-07-29T17:33:47,chessy,87,73,0,ok,
2026-07-29T17:33:47,serris,68,2,0,ok,
2026-07-29T17:33:47,torcy,225,149,0,ok,
2026-07-29T17:48:35,paris,1000,1000,0,ok,
2026-07-29T17:48:35,meaux,16,16,0,ok,
2026-07-29T17:48:35,chessy,87,73,0,ok,
2026-07-29T17:48:35,serris,68,2,0,ok,
2026-07-29T17:48:35,torcy,225,149,0,ok,
2026-07-29T18:03:49,paris,1000,1000,0,ok,
2026-07-29T18:03:49,meaux,16,16,0,ok,
2026-07-29T18:03:49,chessy,87,73,0,ok,
2026-07-29T18:03:49,serris,68,2,0,ok,
2026-07-29T18:03:49,torcy,225,149,0,ok,
2026-07-29T18:18:38,paris,1000,1000,0,ok,
2026-07-29T18:18:38,meaux,16,16,0,ok,
2026-07-29T18:18:38,chessy,87,73,0,ok,
2026-07-29T18:18:38,serris,68,2,0,ok,
2026-07-29T18:18:38,torcy,225,149,0,ok,
2026-07-29T18:34:05,paris,1000,1000,0,ok,
2026-07-29T18:34:05,meaux,16,16,0,ok,
2026-07-29T18:34:05,chessy,87,73,0,ok,
2026-07-29T18:34:05,serris,68,2,0,ok,
2026-07-29T18:34:05,torcy,225,149,0,ok,
2026-07-29T18:48:59,paris,1000,1000,0,ok,
2026-07-29T18:48:59,meaux,16,16,0,ok,
2026-07-29T18:48:59,chessy,87,73,0,ok,
2026-07-29T18:48:59,serris,68,2,0,ok,
2026-07-29T18:48:59,torcy,225,149,0,ok,
2026-07-29T19:04:00,paris,1000,1000,0,ok,
2026-07-29T19:04:00,meaux,16,16,0,ok,
2026-07-29T19:04:00,chessy,87,73,0,ok,
2026-07-29T19:04:00,serris,68,2,0,ok,
2026-07-29T19:04:00,torcy,225,149,0,ok,
2026-07-29T19:09:14,paris,1000,1000,0,ok,
2026-07-29T19:09:14,meaux,16,16,0,ok,
2026-07-29T19:09:14,chessy,87,73,0,ok,
2026-07-29T19:09:14,serris,68,2,0,ok,
2026-07-29T19:09:14,torcy,225,149,0,ok,
2026-07-29T19:19:00,paris,1000,1000,0,ok,
2026-07-29T19:19:00,meaux,16,16,0,ok,
2026-07-29T19:19:00,chessy,87,73,0,ok,
2026-07-29T19:19:00,serris,68,2,0,ok,
2026-07-29T19:19:00,torcy,225,149,0,ok,
2026-07-29T19:34:26,paris,1000,1000,0,ok,
2026-07-29T19:34:26,meaux,16,16,0,ok,
2026-07-29T19:34:26,chessy,87,73,0,ok,
2026-07-29T19:34:26,serris,68,2,0,ok,
2026-07-29T19:34:26,torcy,225,149,0,ok,
2026-07-29T19:48:41,paris,1000,1000,0,ok,
2026-07-29T19:48:41,meaux,16,16,0,ok,
2026-07-29T19:48:41,chessy,87,73,0,ok,
2026-07-29T19:48:41,serris,68,2,0,ok,
2026-07-29T19:48:41,torcy,225,149,0,ok,
2026-07-29T20:03:59,paris,1000,1000,0,ok,
2026-07-29T20:03:59,meaux,16,16,0,ok,
2026-07-29T20:03:59,chessy,87,73,0,ok,
2026-07-29T20:03:59,serris,68,2,0,ok,
2026-07-29T20:03:59,torcy,225,149,0,ok,
2026-07-29T20:18:47,paris,1000,1000,0,ok,
2026-07-29T20:18:47,meaux,16,16,0,ok,
2026-07-29T20:18:47,chessy,87,73,0,ok,
2026-07-29T20:18:47,serris,68,2,0,ok,
2026-07-29T20:18:47,torcy,225,149,0,ok,
2026-07-29T20:31:49,paris,1000,1000,0,ok,
2026-07-29T20:31:49,meaux,16,16,0,ok,
2026-07-29T20:31:49,chessy,87,73,0,ok,
2026-07-29T20:31:49,serris,68,2,0,ok,
2026-07-29T20:31:49,torcy,225,149,0,ok,
2026-07-29T20:48:33,paris,1000,1000,0,ok,
2026-07-29T20:48:33,meaux,16,16,0,ok,
2026-07-29T20:48:33,chessy,87,73,0,ok,
2026-07-29T20:48:33,serris,68,2,0,ok,
2026-07-29T20:48:33,torcy,225,149,0,ok,
2026-07-29T21:03:54,paris,1000,1000,0,ok,
2026-07-29T21:03:54,meaux,16,16,0,ok,
2026-07-29T21:03:54,chessy,87,73,0,ok,
2026-07-29T21:03:54,serris,68,2,0,ok,
2026-07-29T21:03:54,torcy,225,149,0,ok,
2026-07-29T21:18:32,paris,1000,1000,0,ok,
2026-07-29T21:18:32,meaux,16,16,0,ok,
2026-07-29T21:18:32,chessy,87,73,0,ok,
2026-07-29T21:18:32,serris,68,2,0,ok,
2026-07-29T21:18:32,torcy,225,149,0,ok,
2026-07-29T21:30:28,paris,1000,1000,0,ok,
2026-07-29T21:30:28,meaux,16,16,0,ok,
2026-07-29T21:30:28,chessy,87,73,0,ok,
2026-07-29T21:30:28,serris,68,2,0,ok,
2026-07-29T21:30:28,torcy,225,149,0,ok,
2026-07-29T21:48:46,paris,1000,1000,0,ok,
2026-07-29T21:48:46,meaux,16,16,0,ok,
2026-07-29T21:48:46,chessy,87,73,0,ok,
2026-07-29T21:48:46,serris,68,2,0,ok,
2026-07-29T21:48:46,torcy,225,149,0,ok,
2026-07-29T22:04:13,paris,1000,1000,0,ok,
2026-07-29T22:04:13,meaux,16,16,0,ok,
2026-07-29T22:04:13,chessy,87,73,0,ok,
2026-07-29T22:04:13,serris,68,2,0,ok,
2026-07-29T22:04:13,torcy,225,149,0,ok,
2026-07-29T22:21:41,paris,1000,1000,0,ok,
2026-07-29T22:21:41,meaux,16,16,0,ok,
2026-07-29T22:21:41,chessy,87,73,0,ok,
2026-07-29T22:21:41,serris,68,2,0,ok,
2026-07-29T22:21:41,torcy,225,149,0,ok,
2026-07-29T22:32:33,paris,1000,1000,0,ok,
2026-07-29T22:32:33,meaux,16,16,0,ok,
2026-07-29T22:32:33,chessy,87,73,0,ok,
2026-07-29T22:32:33,serris,68,2,0,ok,
2026-07-29T22:32:33,torcy,225,149,0,ok,
2026-07-29T22:48:36,paris,1000,1000,0,ok,
2026-07-29T22:48:36,meaux,16,16,0,ok,
2026-07-29T22:48:36,chessy,87,73,0,ok,
2026-07-29T22:48:36,serris,68,2,0,ok,
2026-07-29T22:48:36,torcy,225,149,0,ok,
2026-07-29T23:04:00,paris,1000,1000,0,ok,
2026-07-29T23:04:00,meaux,16,16,0,ok,
2026-07-29T23:04:00,chessy,87,73,0,ok,
2026-07-29T23:04:00,serris,68,2,0,ok,
2026-07-29T23:04:00,torcy,225,149,0,ok,
2026-07-29T23:18:24,paris,1000,1000,0,ok,
2026-07-29T23:18:24,meaux,16,16,0,ok,
2026-07-29T23:18:24,chessy,87,73,0,ok,
2026-07-29T23:18:24,serris,68,2,0,ok,
2026-07-29T23:18:24,torcy,225,149,0,ok,
2026-07-29T23:34:00,paris,1000,1000,0,ok,
2026-07-29T23:34:00,meaux,16,16,0,ok,
2026-07-29T23:34:00,chessy,87,73,0,ok,
2026-07-29T23:34:00,serris,68,2,0,ok,
2026-07-29T23:34:00,torcy,225,149,0,ok,
2026-07-29T23:48:20,paris,1000,1000,0,ok,
2026-07-29T23:48:20,meaux,16,16,0,ok,
2026-07-29T23:48:20,chessy,87,73,0,ok,
2026-07-29T23:48:20,serris,68,2,0,ok,
2026-07-29T23:48:20,torcy,225,149,0,ok,
2026-07-30T00:04:04,paris,1000,1000,0,ok,
2026-07-30T00:04:04,meaux,16,16,0,ok,
2026-07-30T00:04:04,chessy,87,73,0,ok,
2026-07-30T00:04:04,serris,68,2,0,ok,
2026-07-30T00:04:04,torcy,225,149,0,ok,
2026-07-30T00:18:46,paris,1000,1000,0,ok,
2026-07-30T00:18:46,meaux,16,16,0,ok,
2026-07-30T00:18:46,chessy,87,73,0,ok,
2026-07-30T00:18:46,serris,68,2,0,ok,
2026-07-30T00:18:46,torcy,225,149,0,ok,
2026-07-30T00:33:40,paris,1000,1000,0,ok,
2026-07-30T00:33:40,meaux,16,16,0,ok,
2026-07-30T00:33:40,chessy,87,73,0,ok,
2026-07-30T00:33:40,serris,68,2,0,ok,
2026-07-30T00:33:40,torcy,225,149,0,ok,
2026-07-30T00:48:24,paris,1000,1000,0,ok,
2026-07-30T00:48:24,meaux,16,16,0,ok,
2026-07-30T00:48:24,chessy,87,73,0,ok,
2026-07-30T00:48:24,serris,68,2,0,ok,
2026-07-30T00:48:24,torcy,225,149,0,ok,
2026-07-30T01:04:02,paris,1000,1000,0,ok,
2026-07-30T01:04:02,meaux,16,16,0,ok,
2026-07-30T01:04:02,chessy,87,73,0,ok,
2026-07-30T01:04:02,serris,68,2,0,ok,
2026-07-30T01:04:02,torcy,225,149,0,ok,
2026-07-30T01:18:37,paris,1000,1000,0,ok,
2026-07-30T01:18:37,meaux,16,16,0,ok,
2026-07-30T01:18:37,chessy,87,73,0,ok,
2026-07-30T01:18:37,serris,68,2,0,ok,
2026-07-30T01:18:37,torcy,225,149,0,ok,
2026-07-30T01:33:42,paris,1000,1000,0,ok,
2026-07-30T01:33:42,meaux,16,16,0,ok,
2026-07-30T01:33:42,chessy,87,73,0,ok,
2026-07-30T01:33:42,serris,68,2,0,ok,
2026-07-30T01:33:42,torcy,225,149,0,ok,
2026-07-30T01:48:34,paris,1000,1000,0,ok,
2026-07-30T01:48:34,meaux,16,16,0,ok,
2026-07-30T01:48:34,chessy,87,73,0,ok,
2026-07-30T01:48:34,serris,68,2,0,ok,
2026-07-30T01:48:34,torcy,225,149,0,ok,
2026-07-30T01:59:15,paris,1000,1000,0,ok,
2026-07-30T01:59:15,meaux,16,16,0,ok,
2026-07-30T01:59:15,chessy,87,73,0,ok,
2026-07-30T01:59:15,serris,68,2,0,ok,
2026-07-30T01:59:15,torcy,225,149,0,ok,
2026-07-30T02:03:34,paris,1000,1000,0,ok,
2026-07-30T02:03:34,meaux,16,16,0,ok,
2026-07-30T02:03:34,chessy,87,73,0,ok,
2026-07-30T02:03:34,serris,68,2,0,ok,
2026-07-30T02:03:34,torcy,225,149,0,ok,
2026-07-30T02:18:25,paris,1000,1000,0,ok,
2026-07-30T02:18:25,meaux,16,16,0,ok,
2026-07-30T02:18:25,chessy,87,73,0,ok,
2026-07-30T02:18:25,serris,68,2,0,ok,
2026-07-30T02:18:25,torcy,225,149,0,ok,
2026-07-30T02:33:58,paris,1000,1000,0,ok,
2026-07-30T02:33:58,meaux,16,16,0,ok,
2026-07-30T02:33:58,chessy,87,73,0,ok,
2026-07-30T02:33:58,serris,68,2,0,ok,
2026-07-30T02:33:58,torcy,225,149,0,ok,
2026-07-30T02:48:51,paris,1000,1000,0,ok,
2026-07-30T02:48:51,meaux,16,16,0,ok,
2026-07-30T02:48:51,chessy,87,73,0,ok,
2026-07-30T02:48:51,serris,68,2,0,ok,
2026-07-30T02:48:51,torcy,225,149,0,ok,
2026-07-30T03:04:15,paris,1000,1000,0,ok,
2026-07-30T03:04:15,meaux,16,16,0,ok,
2026-07-30T03:04:15,chessy,87,73,0,ok,
2026-07-30T03:04:15,serris,68,2,0,ok,
2026-07-30T03:04:15,torcy,225,149,0,ok,
2026-07-30T03:18:38,paris,1000,1000,0,ok,
2026-07-30T03:18:38,meaux,16,16,0,ok,
2026-07-30T03:18:38,chessy,87,73,0,ok,
2026-07-30T03:18:38,serris,68,2,0,ok,
2026-07-30T03:18:38,torcy,225,149,0,ok,
2026-07-30T03:33:45,paris,1000,1000,0,ok,
2026-07-30T03:33:45,meaux,16,16,0,ok,
2026-07-30T03:33:45,chessy,87,73,0,ok,
2026-07-30T03:33:45,serris,68,2,0,ok,
2026-07-30T03:33:45,torcy,225,149,0,ok,
2026-07-30T03:48:31,paris,1000,1000,0,ok,
2026-07-30T03:48:31,meaux,16,16,0,ok,
2026-07-30T03:48:31,chessy,87,73,0,ok,
2026-07-30T03:48:31,serris,68,2,0,ok,
2026-07-30T03:48:31,torcy,225,149,0,ok,
2026-07-30T04:04:01,paris,1000,1000,0,ok,
2026-07-30T04:04:01,meaux,16,16,0,ok,
2026-07-30T04:04:01,chessy,87,73,0,ok,
2026-07-30T04:04:01,serris,68,2,0,ok,
2026-07-30T04:04:01,torcy,225,149,0,ok,
2026-07-30T04:18:48,paris,1000,1000,0,ok,
2026-07-30T04:18:48,meaux,16,16,0,ok,
2026-07-30T04:18:48,chessy,87,73,0,ok,
2026-07-30T04:18:48,serris,68,2,0,ok,
2026-07-30T04:18:48,torcy,225,149,0,ok,
2026-07-30T04:33:34,paris,1000,1000,0,ok,
2026-07-30T04:33:34,meaux,16,16,0,ok,
2026-07-30T04:33:34,chessy,87,73,0,ok,
2026-07-30T04:33:34,serris,68,2,0,ok,
2026-07-30T04:33:34,torcy,225,149,0,ok,
2026-07-30T04:48:30,paris,1000,1000,0,ok,
2026-07-30T04:48:30,meaux,16,16,0,ok,
2026-07-30T04:48:30,chessy,87,73,0,ok,
2026-07-30T04:48:30,serris,68,2,0,ok,
2026-07-30T04:48:30,torcy,225,149,0,ok,
2026-07-30T05:00:09,paris,1000,1000,0,ok,
2026-07-30T05:00:09,meaux,16,16,0,ok,
2026-07-30T05:00:09,chessy,87,73,0,ok,
2026-07-30T05:00:09,serris,68,2,0,ok,
2026-07-30T05:00:09,torcy,225,149,0,ok,
2026-07-30T05:03:54,paris,1000,1000,0,ok,
2026-07-30T05:03:54,meaux,16,16,0,ok,
2026-07-30T05:03:54,chessy,87,73,0,ok,
2026-07-30T05:03:54,serris,68,2,0,ok,
2026-07-30T05:03:54,torcy,225,149,0,ok,
2026-07-30T05:18:44,paris,1000,1000,0,ok,
2026-07-30T05:18:44,meaux,16,16,0,ok,
2026-07-30T05:18:44,chessy,87,73,0,ok,
2026-07-30T05:18:44,serris,68,2,0,ok,
2026-07-30T05:18:44,torcy,225,149,0,ok,
2026-07-30T05:33:40,paris,1000,1000,0,ok,
2026-07-30T05:33:40,meaux,16,16,0,ok,
2026-07-30T05:33:40,chessy,87,73,0,ok,
2026-07-30T05:33:40,serris,68,2,0,ok,
2026-07-30T05:33:40,torcy,225,149,0,ok,
2026-07-30T05:48:28,paris,1000,1000,0,ok,
2026-07-30T05:48:28,meaux,16,16,0,ok,
2026-07-30T05:48:28,chessy,87,73,0,ok,
2026-07-30T05:48:28,serris,68,2,0,ok,
2026-07-30T05:48:28,torcy,225,149,0,ok,
2026-07-30T06:03:56,paris,1000,1000,0,ok,
2026-07-30T06:03:56,meaux,16,16,0,ok,
2026-07-30T06:03:56,chessy,87,73,0,ok,
2026-07-30T06:03:56,serris,68,2,0,ok,
2026-07-30T06:03:56,torcy,225,149,0,ok,
2026-07-30T06:18:42,paris,1000,1000,0,ok,
2026-07-30T06:18:42,meaux,16,16,0,ok,
2026-07-30T06:18:42,chessy,87,73,0,ok,
2026-07-30T06:18:42,serris,68,2,0,ok,
2026-07-30T06:18:42,torcy,225,149,0,ok,
2026-07-30T06:33:52,paris,1000,1000,0,ok,
2026-07-30T06:33:52,meaux,16,16,0,ok,
2026-07-30T06:33:52,chessy,87,73,0,ok,
2026-07-30T06:33:52,serris,68,2,0,ok,
2026-07-30T06:33:52,torcy,225,149,0,ok,
2026-07-30T06:48:34,paris,1000,1000,0,ok,
2026-07-30T06:48:34,meaux,16,16,0,ok,
2026-07-30T06:48:34,chessy,87,73,0,ok,
2026-07-30T06:48:34,serris,68,2,0,ok,
2026-07-30T06:48:34,torcy,225,149,0,ok,
2026-07-30T07:04:12,paris,1000,1000,0,ok,
2026-07-30T07:04:12,meaux,16,16,0,ok,
2026-07-30T07:04:12,chessy,87,73,0,ok,
2026-07-30T07:04:12,serris,68,2,0,ok,
2026-07-30T07:04:12,torcy,225,149,0,ok,
2026-07-30T07:18:44,paris,1000,1000,0,ok,
2026-07-30T07:18:44,meaux,16,16,0,ok,
2026-07-30T07:18:44,chessy,87,73,0,ok,
2026-07-30T07:18:44,serris,68,2,0,ok,
2026-07-30T07:18:44,torcy,225,149,0,ok,
2026-07-30T07:33:40,paris,1000,1000,0,ok,
2026-07-30T07:33:40,meaux,16,16,0,ok,
2026-07-30T07:33:40,chessy,87,73,0,ok,
2026-07-30T07:33:40,serris,68,2,0,ok,
2026-07-30T07:33:40,torcy,225,149,0,ok,
2026-07-30T07:48:44,paris,1000,1000,0,ok,
2026-07-30T07:48:44,meaux,16,16,0,ok,
2026-07-30T07:48:44,chessy,87,73,0,ok,
2026-07-30T07:48:44,serris,68,2,0,ok,
2026-07-30T07:48:44,torcy,225,149,0,ok,
2026-07-30T08:04:01,paris,1000,1000,0,ok,
2026-07-30T08:04:01,meaux,16,16,0,ok,
2026-07-30T08:04:01,chessy,87,73,0,ok,
2026-07-30T08:04:01,serris,68,2,0,ok,
2026-07-30T08:04:01,torcy,225,149,0,ok,
2026-07-30T08:18:36,paris,1000,999,0,ok,
2026-07-30T08:18:36,meaux,16,16,0,ok,
2026-07-30T08:18:36,chessy,87,73,0,ok,
2026-07-30T08:18:36,serris,68,2,0,ok,
2026-07-30T08:18:36,torcy,225,149,0,ok,
2026-07-30T08:33:49,paris,1000,999,0,ok,
2026-07-30T08:33:49,meaux,16,16,0,ok,
2026-07-30T08:33:49,chessy,87,73,0,ok,
2026-07-30T08:33:49,serris,68,2,0,ok,
2026-07-30T08:33:49,torcy,225,149,0,ok,
2026-07-30T08:48:44,paris,1000,1000,0,ok,
2026-07-30T08:48:44,meaux,16,16,0,ok,
2026-07-30T08:48:44,chessy,87,73,0,ok,
2026-07-30T08:48:44,serris,68,2,0,ok,
2026-07-30T08:48:44,torcy,225,149,0,ok,
2026-07-30T09:04:07,paris,1000,1000,0,ok,
2026-07-30T09:04:07,meaux,16,16,0,ok,
2026-07-30T09:04:07,chessy,87,73,0,ok,
2026-07-30T09:04:07,serris,68,2,0,ok,
2026-07-30T09:04:07,torcy,225,149,0,ok,
2026-07-30T09:18:46,paris,1000,1000,0,ok,
2026-07-30T09:18:46,meaux,16,16,0,ok,
2026-07-30T09:18:46,chessy,87,73,0,ok,
2026-07-30T09:18:46,serris,68,2,0,ok,
2026-07-30T09:18:46,torcy,225,149,0,ok,
2026-07-30T09:34:08,paris,1000,1000,0,ok,
2026-07-30T09:34:08,meaux,16,16,0,ok,
2026-07-30T09:34:08,chessy,87,73,0,ok,
2026-07-30T09:34:08,serris,68,2,0,ok,
2026-07-30T09:34:08,torcy,225,149,0,ok,
2026-07-30T09:48:48,paris,1000,1000,0,ok,
2026-07-30T09:48:48,meaux,16,16,0,ok,
2026-07-30T09:48:48,chessy,87,73,0,ok,
2026-07-30T09:48:48,serris,68,2,0,ok,
2026-07-30T09:48:48,torcy,225,149,0,ok,
2026-07-30T10:03:52,paris,1000,1000,0,ok,
2026-07-30T10:03:52,meaux,16,16,0,ok,
2026-07-30T10:03:52,chessy,87,73,0,ok,
2026-07-30T10:03:52,serris,68,2,0,ok,
2026-07-30T10:03:52,torcy,225,149,0,ok,
2026-07-30T10:18:44,paris,1000,1000,0,ok,
2026-07-30T10:18:44,meaux,16,16,0,ok,
2026-07-30T10:18:44,chessy,87,73,0,ok,
2026-07-30T10:18:44,serris,68,2,0,ok,
2026-07-30T10:18:44,torcy,225,149,0,ok,
2026-07-30T10:23:56,paris,1000,1000,0,ok,
2026-07-30T10:23:56,meaux,16,16,0,ok,
2026-07-30T10:23:56,chessy,87,73,0,ok,
2026-07-30T10:23:56,serris,68,2,0,ok,
2026-07-30T10:23:56,torcy,225,149,0,ok,
2026-07-30T10:34:10,paris,1000,1000,0,ok,
2026-07-30T10:34:10,meaux,16,16,0,ok,
2026-07-30T10:34:10,chessy,87,73,0,ok,
2026-07-30T10:34:10,serris,68,2,0,ok,
2026-07-30T10:34:10,torcy,225,149,0,ok,
2026-07-30T10:48:47,paris,1000,1000,0,ok,
2026-07-30T10:48:47,meaux,16,16,0,ok,
2026-07-30T10:48:47,chessy,87,73,0,ok,
2026-07-30T10:48:47,serris,68,2,0,ok,
2026-07-30T10:48:47,torcy,225,149,0,ok,
2026-07-30T11:04:13,paris,1000,1000,0,ok,
2026-07-30T11:04:13,meaux,16,16,0,ok,
2026-07-30T11:04:13,chessy,87,73,0,ok,
2026-07-30T11:04:13,serris,68,2,0,ok,
2026-07-30T11:04:13,torcy,225,149,0,ok,
2026-07-30T11:19:01,paris,1000,1000,0,ok,
2026-07-30T11:19:01,meaux,16,16,0,ok,
2026-07-30T11:19:01,chessy,87,73,0,ok,
2026-07-30T11:19:01,serris,68,2,0,ok,
2026-07-30T11:19:01,torcy,225,149,0,ok,
2026-07-30T11:34:00,paris,1000,1000,0,ok,
2026-07-30T11:34:00,meaux,16,16,0,ok,
2026-07-30T11:34:00,chessy,87,73,0,ok,
2026-07-30T11:34:00,serris,68,2,0,ok,
2026-07-30T11:34:00,torcy,225,149,0,ok,
2026-07-30T11:48:55,paris,1000,1000,0,ok,
2026-07-30T11:48:55,meaux,16,16,0,ok,
2026-07-30T11:48:55,chessy,87,73,0,ok,
2026-07-30T11:48:55,serris,68,2,0,ok,
2026-07-30T11:48:55,torcy,225,149,0,ok,
2026-07-30T12:04:21,paris,1000,1000,0,ok,
2026-07-30T12:04:21,meaux,16,16,0,ok,
2026-07-30T12:04:21,chessy,87,73,0,ok,
2026-07-30T12:04:21,serris,68,2,0,ok,
2026-07-30T12:04:21,torcy,225,149,0,ok,
2026-07-30T12:14:13,paris,1000,1000,0,ok,
2026-07-30T12:14:13,meaux,16,16,0,ok,
2026-07-30T12:14:13,chessy,87,73,0,ok,
2026-07-30T12:14:13,serris,68,2,0,ok,
2026-07-30T12:14:13,torcy,225,149,0,ok,
2026-07-30T12:19:05,paris,1000,1000,0,ok,
2026-07-30T12:19:05,meaux,16,16,0,ok,
2026-07-30T12:19:05,chessy,87,73,0,ok,
2026-07-30T12:19:05,serris,68,2,0,ok,
2026-07-30T12:19:05,torcy,225,149,0,ok,
2026-07-30T12:33:53,paris,1000,1000,0,ok,
2026-07-30T12:33:53,meaux,16,16,0,ok,
2026-07-30T12:33:53,chessy,87,73,0,ok,
2026-07-30T12:33:53,serris,68,2,0,ok,
2026-07-30T12:33:53,torcy,225,149,0,ok,
2026-07-30T12:49:19,paris,1000,1000,0,ok,
2026-07-30T12:49:19,meaux,16,16,0,ok,
2026-07-30T12:49:19,chessy,87,73,0,ok,
2026-07-30T12:49:19,serris,68,2,0,ok,
2026-07-30T12:49:19,torcy,225,149,0,ok,
2026-07-30T13:04:14,paris,1000,1000,0,ok,
2026-07-30T13:04:14,meaux,16,16,0,ok,
2026-07-30T13:04:14,chessy,87,73,0,ok,
2026-07-30T13:04:14,serris,68,2,0,ok,
2026-07-30T13:04:14,torcy,225,149,0,ok,
2026-07-30T13:19:03,paris,1000,1000,0,ok,
2026-07-30T13:19:03,meaux,16,16,0,ok,
2026-07-30T13:19:03,chessy,87,73,0,ok,
2026-07-30T13:19:03,serris,68,2,0,ok,
2026-07-30T13:19:03,torcy,225,149,0,ok,
2026-07-30T13:34:02,paris,1000,1000,0,ok,
2026-07-30T13:34:02,meaux,16,16,0,ok,
2026-07-30T13:34:02,chessy,87,73,0,ok,
2026-07-30T13:34:02,serris,68,2,0,ok,
2026-07-30T13:34:02,torcy,225,149,0,ok,
2026-07-30T13:48:52,paris,1000,1000,0,ok,
2026-07-30T13:48:52,meaux,16,16,0,ok,
2026-07-30T13:48:52,chessy,87,73,0,ok,
2026-07-30T13:48:52,serris,68,2,0,ok,
2026-07-30T13:48:52,torcy,225,149,0,ok,
2026-07-30T14:04:25,paris,1000,1000,0,ok,
2026-07-30T14:04:25,meaux,16,16,0,ok,
2026-07-30T14:04:25,chessy,87,73,0,ok,
2026-07-30T14:04:25,serris,68,2,0,ok,
2026-07-30T14:04:25,torcy,225,149,0,ok,
2026-07-30T14:18:52,paris,1000,1000,0,ok,
2026-07-30T14:18:52,meaux,16,16,0,ok,
2026-07-30T14:18:52,chessy,87,73,0,ok,
2026-07-30T14:18:52,serris,68,2,0,ok,
2026-07-30T14:18:52,torcy,225,149,0,ok,
2026-07-30T14:34:29,paris,1000,1000,0,ok,
2026-07-30T14:34:29,meaux,16,16,0,ok,
2026-07-30T14:34:29,chessy,87,73,0,ok,
2026-07-30T14:34:29,serris,68,2,0,ok,
2026-07-30T14:34:29,torcy,225,149,0,ok,
2026-07-30T14:44:25,paris,1000,1000,0,ok,
2026-07-30T14:44:25,meaux,16,16,0,ok,
2026-07-30T14:44:25,chessy,87,73,0,ok,
2026-07-30T14:44:25,serris,68,2,0,ok,
2026-07-30T14:44:25,torcy,225,149,0,ok,
2026-07-30T14:49:00,paris,1000,1000,0,ok,
2026-07-30T14:49:00,meaux,16,16,0,ok,
2026-07-30T14:49:00,chessy,87,73,0,ok,
2026-07-30T14:49:00,serris,68,2,0,ok,
2026-07-30T14:49:00,torcy,225,149,0,ok,
2026-07-30T15:04:18,paris,1000,1000,0,ok,
2026-07-30T15:04:18,meaux,16,16,0,ok,
2026-07-30T15:04:18,chessy,87,73,0,ok,
2026-07-30T15:04:18,serris,68,2,0,ok,
2026-07-30T15:04:18,torcy,225,149,0,ok,
2026-07-30T15:18:52,paris,1000,1000,0,ok,
2026-07-30T15:18:52,meaux,16,16,0,ok,
2026-07-30T15:18:52,chessy,87,73,0,ok,
2026-07-30T15:18:52,serris,68,2,0,ok,
2026-07-30T15:18:52,torcy,224,148,0,ok,
2026-07-30T15:34:06,paris,1000,1000,0,ok,
2026-07-30T15:34:06,meaux,16,16,0,ok,
2026-07-30T15:34:06,chessy,87,73,0,ok,
2026-07-30T15:34:06,serris,68,2,0,ok,
2026-07-30T15:34:06,torcy,224,148,0,ok,
2026-07-30T15:49:05,paris,1000,1000,0,ok,
2026-07-30T15:49:05,meaux,16,16,0,ok,
2026-07-30T15:49:05,chessy,87,73,0,ok,
2026-07-30T15:49:05,serris,68,2,0,ok,
2026-07-30T15:49:05,torcy,224,148,0,ok,
2026-07-30T16:04:25,paris,1000,1000,0,ok,
2026-07-30T16:04:25,meaux,16,16,0,ok,
2026-07-30T16:04:25,chessy,87,73,0,ok,
2026-07-30T16:04:25,serris,68,2,0,ok,
2026-07-30T16:04:25,torcy,224,148,0,ok,
2026-07-30T16:19:16,paris,1000,1000,0,ok,
2026-07-30T16:19:16,meaux,16,16,0,ok,
2026-07-30T16:19:16,chessy,87,73,0,ok,
2026-07-30T16:19:16,serris,68,2,0,ok,
2026-07-30T16:19:16,torcy,224,148,0,ok,
2026-07-30T16:26:17,paris,1000,1000,0,ok,
2026-07-30T16:26:17,meaux,16,16,0,ok,
2026-07-30T16:26:17,chessy,87,73,0,ok,
2026-07-30T16:26:17,serris,68,2,0,ok,
2026-07-30T16:26:17,torcy,224,148,0,ok,
2026-07-30T16:34:35,paris,1000,1000,0,ok,
2026-07-30T16:34:35,meaux,16,16,0,ok,
2026-07-30T16:34:35,chessy,87,73,0,ok,
2026-07-30T16:34:35,serris,68,2,0,ok,
2026-07-30T16:34:35,torcy,224,148,0,ok,
2026-07-30T16:49:20,paris,1000,1000,0,ok,
2026-07-30T16:49:20,meaux,16,16,0,ok,
2026-07-30T16:49:20,chessy,87,73,0,ok,
2026-07-30T16:49:20,serris,68,2,0,ok,
2026-07-30T16:49:20,torcy,224,148,0,ok,
2026-07-30T17:04:23,paris,1000,1000,0,ok,
2026-07-30T17:04:23,meaux,16,16,0,ok,
2026-07-30T17:04:23,chessy,87,73,0,ok,
2026-07-30T17:04:23,serris,68,2,0,ok,
2026-07-30T17:04:23,torcy,224,148,0,ok,
2026-07-30T17:19:05,paris,1000,1000,0,ok,
2026-07-30T17:19:05,meaux,16,16,0,ok,
2026-07-30T17:19:05,chessy,87,73,0,ok,
2026-07-30T17:19:05,serris,68,2,0,ok,
2026-07-30T17:19:05,torcy,224,148,0,ok,
2026-07-30T17:34:11,paris,1000,1000,0,ok,
2026-07-30T17:34:11,meaux,16,16,0,ok,
2026-07-30T17:34:11,chessy,87,73,0,ok,
2026-07-30T17:34:11,serris,68,2,0,ok,
2026-07-30T17:34:11,torcy,224,148,0,ok,
2026-07-30T17:49:08,paris,1000,1000,0,ok,
2026-07-30T17:49:08,meaux,16,16,0,ok,
2026-07-30T17:49:08,chessy,87,73,0,ok,
2026-07-30T17:49:08,serris,68,2,0,ok,
2026-07-30T17:49:08,torcy,224,148,0,ok,
2026-07-30T17:59:09,paris,1000,1000,0,ok,
2026-07-30T17:59:09,meaux,16,16,0,ok,
2026-07-30T17:59:09,chessy,87,73,0,ok,
2026-07-30T17:59:09,serris,68,2,0,ok,
2026-07-30T17:59:09,torcy,224,148,0,ok,
2026-07-30T18:04:39,paris,1000,1000,0,ok,
2026-07-30T18:04:39,meaux,16,16,0,ok,
2026-07-30T18:04:39,chessy,87,73,0,ok,
2026-07-30T18:04:39,serris,68,2,0,ok,
2026-07-30T18:04:39,torcy,224,148,0,ok,
2026-07-30T18:18:56,paris,1000,1000,0,ok,
2026-07-30T18:18:56,meaux,16,16,0,ok,
2026-07-30T18:18:56,chessy,87,73,0,ok,
2026-07-30T18:18:56,serris,68,2,0,ok,
2026-07-30T18:18:56,torcy,224,148,0,ok,
2026-07-30T18:35:34,paris,1000,1000,0,ok,
2026-07-30T18:35:34,meaux,16,16,0,ok,
2026-07-30T18:35:34,chessy,87,73,0,ok,
2026-07-30T18:35:34,serris,68,2,0,ok,
2026-07-30T18:35:34,torcy,224,148,0,ok,
2026-07-30T18:48:57,paris,1000,1000,0,ok,
2026-07-30T18:48:57,meaux,16,16,0,ok,
2026-07-30T18:48:57,chessy,87,73,0,ok,
2026-07-30T18:48:57,serris,68,2,0,ok,
2026-07-30T18:48:57,torcy,224,148,0,ok,
2026-07-30T19:04:36,paris,1000,1000,0,ok,
2026-07-30T19:04:36,meaux,16,16,0,ok,
2026-07-30T19:04:36,chessy,87,73,0,ok,
2026-07-30T19:04:36,serris,68,2,0,ok,
2026-07-30T19:04:36,torcy,224,148,0,ok,
2026-07-30T19:19:00,paris,1000,1000,0,ok,
2026-07-30T19:19:00,meaux,16,16,0,ok,
2026-07-30T19:19:00,chessy,87,73,0,ok,
2026-07-30T19:19:00,serris,68,2,0,ok,
2026-07-30T19:19:00,torcy,224,148,0,ok,
2026-07-30T19:23:05,paris,1000,1000,0,ok,
2026-07-30T19:23:05,meaux,16,16,0,ok,
2026-07-30T19:23:05,chessy,87,73,0,ok,
2026-07-30T19:23:05,serris,68,2,0,ok,
2026-07-30T19:23:05,torcy,224,148,0,ok,
2026-07-30T19:34:06,paris,1000,1000,0,ok,
2026-07-30T19:34:06,meaux,16,16,0,ok,
2026-07-30T19:34:06,chessy,87,73,0,ok,
2026-07-30T19:34:06,serris,68,2,0,ok,
2026-07-30T19:34:06,torcy,224,148,0,ok,
2026-07-30T19:48:56,paris,1000,1000,0,ok,
2026-07-30T19:48:56,meaux,16,16,0,ok,
2026-07-30T19:48:56,chessy,87,73,0,ok,
2026-07-30T19:48:56,serris,68,2,0,ok,
2026-07-30T19:48:56,torcy,224,148,0,ok,
2026-07-30T20:04:16,paris,1000,1000,0,ok,
2026-07-30T20:04:16,meaux,16,16,0,ok,
2026-07-30T20:04:16,chessy,87,73,0,ok,
2026-07-30T20:04:16,serris,68,2,0,ok,
2026-07-30T20:04:16,torcy,224,148,0,ok,
2026-07-30T20:19:17,paris,1000,1000,0,ok,
2026-07-30T20:19:17,meaux,16,16,0,ok,
2026-07-30T20:19:17,chessy,87,73,0,ok,
2026-07-30T20:19:17,serris,68,2,0,ok,
2026-07-30T20:19:17,torcy,224,148,0,ok,
2026-07-30T20:34:37,paris,1000,1000,0,ok,
2026-07-30T20:34:37,meaux,16,16,0,ok,
2026-07-30T20:34:37,chessy,87,73,0,ok,
2026-07-30T20:34:37,serris,68,2,0,ok,
2026-07-30T20:34:37,torcy,224,148,0,ok,
2026-07-30T20:45:05,paris,1000,1000,0,ok,
2026-07-30T20:45:05,meaux,16,16,0,ok,
2026-07-30T20:45:05,chessy,87,73,0,ok,
2026-07-30T20:45:05,serris,68,2,0,ok,
2026-07-30T20:45:05,torcy,224,148,0,ok,
2026-07-30T21:04:53,paris,1000,1000,0,ok,
2026-07-30T21:04:53,meaux,16,16,0,ok,
2026-07-30T21:04:53,chessy,87,73,0,ok,
2026-07-30T21:04:53,serris,68,2,0,ok,
2026-07-30T21:04:53,torcy,224,148,0,ok,
2026-07-30T21:18:55,paris,1000,1000,0,ok,
2026-07-30T21:18:55,meaux,16,16,0,ok,
2026-07-30T21:18:55,chessy,87,73,0,ok,
2026-07-30T21:18:55,serris,68,2,0,ok,
2026-07-30T21:18:55,torcy,224,148,0,ok,
2026-07-30T21:34:05,paris,1000,1000,0,ok,
2026-07-30T21:34:05,meaux,16,16,0,ok,
2026-07-30T21:34:05,chessy,87,73,0,ok,
2026-07-30T21:34:05,serris,68,2,0,ok,
2026-07-30T21:34:05,torcy,224,148,0,ok,
2026-07-30T21:48:57,paris,1000,1000,0,ok,
2026-07-30T21:48:57,meaux,16,16,0,ok,
2026-07-30T21:48:57,chessy,87,73,0,ok,
2026-07-30T21:48:57,serris,68,2,0,ok,
2026-07-30T21:48:57,torcy,224,148,0,ok,
2026-07-30T22:09:05,paris,1000,1000,0,ok,
2026-07-30T22:09:05,meaux,16,16,0,ok,
2026-07-30T22:09:05,chessy,87,73,0,ok,
2026-07-30T22:09:05,serris,68,2,0,ok,
2026-07-30T22:09:05,torcy,224,148,0,ok,
2026-07-30T22:18:47,paris,1000,1000,0,ok,
2026-07-30T22:18:47,meaux,16,16,0,ok,
2026-07-30T22:18:47,chessy,87,73,0,ok,
2026-07-30T22:18:47,serris,68,2,0,ok,
2026-07-30T22:18:47,torcy,224,148,0,ok,
2026-07-30T22:33:59,paris,1000,1000,0,ok,
2026-07-30T22:33:59,meaux,16,16,0,ok,
2026-07-30T22:33:59,chessy,87,73,0,ok,
2026-07-30T22:33:59,serris,68,2,0,ok,
2026-07-30T22:33:59,torcy,224,148,0,ok,
2026-07-30T22:48:51,paris,1000,1000,0,ok,
2026-07-30T22:48:51,meaux,16,16,0,ok,
2026-07-30T22:48:51,chessy,87,73,0,ok,
2026-07-30T22:48:51,serris,68,2,0,ok,
2026-07-30T22:48:51,torcy,224,148,0,ok,
2026-07-30T23:04:16,paris,1000,1000,0,ok,
2026-07-30T23:04:16,meaux,16,16,0,ok,
2026-07-30T23:04:16,chessy,87,73,0,ok,
2026-07-30T23:04:16,serris,68,2,0,ok,
2026-07-30T23:04:16,torcy,224,148,0,ok,
2026-07-30T23:18:48,paris,1000,1000,0,ok,
2026-07-30T23:18:48,meaux,16,16,0,ok,
2026-07-30T23:18:48,chessy,87,73,0,ok,
2026-07-30T23:18:48,serris,68,2,0,ok,
2026-07-30T23:18:48,torcy,224,148,0,ok,
2026-07-30T23:33:45,paris,1000,1000,0,ok,
2026-07-30T23:33:45,meaux,16,16,0,ok,
2026-07-30T23:33:45,chessy,87,73,0,ok,
2026-07-30T23:33:45,serris,68,2,0,ok,
2026-07-30T23:33:45,torcy,224,148,0,ok,
2026-07-30T23:48:45,paris,1000,1000,0,ok,
2026-07-30T23:48:45,meaux,16,16,0,ok,
2026-07-30T23:48:45,chessy,87,73,0,ok,
2026-07-30T23:48:45,serris,68,2,0,ok,
2026-07-30T23:48:45,torcy,224,148,0,ok,
2026-07-31T00:04:35,paris,1000,1000,0,ok,
2026-07-31T00:04:35,meaux,16,16,0,ok,
2026-07-31T00:04:35,chessy,87,73,0,ok,
2026-07-31T00:04:35,serris,68,2,0,ok,
2026-07-31T00:04:35,torcy,224,148,0,ok,
2026-07-31T00:18:39,paris,1000,1000,0,ok,
2026-07-31T00:18:39,meaux,16,16,0,ok,
2026-07-31T00:18:39,chessy,87,73,0,ok,
2026-07-31T00:18:39,serris,68,2,0,ok,
2026-07-31T00:18:39,torcy,224,148,0,ok,
2026-07-31T00:33:41,paris,1000,1000,0,ok,
2026-07-31T00:33:41,meaux,16,16,0,ok,
2026-07-31T00:33:41,chessy,87,73,0,ok,
2026-07-31T00:33:41,serris,68,2,0,ok,
2026-07-31T00:33:41,torcy,224,148,0,ok,
2026-07-31T00:48:33,paris,1000,1000,0,ok,
2026-07-31T00:48:33,meaux,16,16,0,ok,
2026-07-31T00:48:33,chessy,87,73,0,ok,
2026-07-31T00:48:33,serris,68,2,0,ok,
2026-07-31T00:48:33,torcy,224,148,0,ok,
2026-07-31T01:03:59,paris,1000,1000,0,ok,
2026-07-31T01:03:59,meaux,16,16,0,ok,
2026-07-31T01:03:59,chessy,87,73,0,ok,
2026-07-31T01:03:59,serris,68,2,0,ok,
2026-07-31T01:03:59,torcy,224,148,0,ok,
2026-07-31T01:18:41,paris,1000,1000,0,ok,
2026-07-31T01:18:41,meaux,16,16,0,ok,
2026-07-31T01:18:41,chessy,87,73,0,ok,
2026-07-31T01:18:41,serris,68,2,0,ok,
2026-07-31T01:18:41,torcy,224,148,0,ok,
2026-07-31T01:33:42,paris,1000,1000,0,ok,
2026-07-31T01:33:42,meaux,16,16,0,ok,
2026-07-31T01:33:42,chessy,87,73,0,ok,
2026-07-31T01:33:42,serris,68,2,0,ok,
2026-07-31T01:33:42,torcy,224,148,0,ok,
2026-07-31T01:48:44,paris,1000,1000,0,ok,
2026-07-31T01:48:44,meaux,16,16,0,ok,
2026-07-31T01:48:44,chessy,87,73,0,ok,
2026-07-31T01:48:44,serris,68,2,0,ok,
2026-07-31T01:48:44,torcy,224,148,0,ok,
2026-07-31T02:04:09,paris,1000,1000,0,ok,
2026-07-31T02:04:09,meaux,16,16,0,ok,
2026-07-31T02:04:09,chessy,87,73,0,ok,
2026-07-31T02:04:09,serris,68,2,0,ok,
2026-07-31T02:04:09,torcy,224,148,0,ok,
2026-07-31T02:19:04,paris,1000,1000,0,ok,
2026-07-31T02:19:04,meaux,16,16,0,ok,
2026-07-31T02:19:04,chessy,87,73,0,ok,
2026-07-31T02:19:04,serris,68,2,0,ok,
2026-07-31T02:19:04,torcy,224,148,0,ok,
2026-07-31T02:24:18,paris,1000,1000,0,ok,
2026-07-31T02:24:18,meaux,16,16,0,ok,
2026-07-31T02:24:18,chessy,87,73,0,ok,
2026-07-31T02:24:18,serris,68,2,0,ok,
2026-07-31T02:24:18,torcy,224,148,0,ok,
2026-07-31T02:33:56,paris,1000,1000,0,ok,
2026-07-31T02:33:56,meaux,16,16,0,ok,
2026-07-31T02:33:56,chessy,87,73,0,ok,
2026-07-31T02:33:56,serris,68,2,0,ok,
2026-07-31T02:33:56,torcy,224,148,0,ok,
2026-07-31T02:48:59,paris,1000,1000,0,ok,
2026-07-31T02:48:59,meaux,16,16,0,ok,
2026-07-31T02:48:59,chessy,87,73,0,ok,
2026-07-31T02:48:59,serris,68,2,0,ok,
2026-07-31T02:48:59,torcy,224,148,0,ok,
2026-07-31T03:04:04,paris,1000,1000,0,ok,
2026-07-31T03:04:04,meaux,16,16,0,ok,
2026-07-31T03:04:04,chessy,87,73,0,ok,
2026-07-31T03:04:04,serris,68,2,0,ok,
2026-07-31T03:04:04,torcy,224,148,0,ok,
2026-07-31T03:18:51,paris,1000,1000,0,ok,
2026-07-31T03:18:51,meaux,16,16,0,ok,
2026-07-31T03:18:51,chessy,87,73,0,ok,
2026-07-31T03:18:51,serris,68,2,0,ok,
2026-07-31T03:18:51,torcy,224,148,0,ok,
2026-07-31T03:34:10,paris,1000,1000,0,ok,
2026-07-31T03:34:10,meaux,16,16,0,ok,
2026-07-31T03:34:10,chessy,87,73,0,ok,
2026-07-31T03:34:10,serris,68,2,0,ok,
2026-07-31T03:34:10,torcy,224,148,0,ok,
2026-07-31T03:48:50,paris,1000,1000,0,ok,
2026-07-31T03:48:50,meaux,16,16,0,ok,
2026-07-31T03:48:50,chessy,87,73,0,ok,
2026-07-31T03:48:50,serris,68,2,0,ok,
2026-07-31T03:48:50,torcy,224,148,0,ok,
2026-07-31T04:04:20,paris,1000,1000,0,ok,
2026-07-31T04:04:20,meaux,16,16,0,ok,
2026-07-31T04:04:20,chessy,87,73,0,ok,
2026-07-31T04:04:20,serris,68,2,0,ok,
2026-07-31T04:04:20,torcy,224,148,0,ok,
2026-07-31T04:18:43,paris,1000,1000,0,ok,
2026-07-31T04:18:43,meaux,16,16,0,ok,
2026-07-31T04:18:43,chessy,87,73,0,ok,
2026-07-31T04:18:43,serris,68,2,0,ok,
2026-07-31T04:18:43,torcy,224,148,0,ok,
2026-07-31T04:34:04,paris,1000,1000,0,ok,
2026-07-31T04:34:04,meaux,16,16,0,ok,
2026-07-31T04:34:04,chessy,87,73,0,ok,
2026-07-31T04:34:04,serris,68,2,0,ok,
2026-07-31T04:34:04,torcy,224,148,0,ok,
2026-07-31T04:48:47,paris,1000,1000,0,ok,
2026-07-31T04:48:47,meaux,16,16,0,ok,
2026-07-31T04:48:47,chessy,87,73,0,ok,
2026-07-31T04:48:47,serris,68,2,0,ok,
2026-07-31T04:48:47,torcy,224,148,0,ok,
2026-07-31T05:04:18,paris,1000,1000,0,ok,
2026-07-31T05:04:18,meaux,16,16,0,ok,
2026-07-31T05:04:18,chessy,87,73,0,ok,
2026-07-31T05:04:18,serris,68,2,0,ok,
2026-07-31T05:04:18,torcy,224,148,0,ok,
2026-07-31T05:18:52,paris,1000,1000,0,ok,
2026-07-31T05:18:52,meaux,16,16,0,ok,
2026-07-31T05:18:52,chessy,87,73,0,ok,
2026-07-31T05:18:52,serris,68,2,0,ok,
2026-07-31T05:18:52,torcy,224,148,0,ok,
2026-07-31T05:34:13,paris,1000,1000,0,ok,
2026-07-31T05:34:13,meaux,16,16,0,ok,
2026-07-31T05:34:13,chessy,87,73,0,ok,
2026-07-31T05:34:13,serris,68,2,0,ok,
2026-07-31T05:34:13,torcy,224,148,0,ok,
2026-07-31T05:48:43,paris,1000,1000,0,ok,
2026-07-31T05:48:43,meaux,16,16,0,ok,
2026-07-31T05:48:43,chessy,87,73,0,ok,
2026-07-31T05:48:43,serris,68,2,0,ok,
2026-07-31T05:48:43,torcy,224,148,0,ok,
2026-07-31T06:04:16,paris,1000,1000,0,ok,
2026-07-31T06:04:16,meaux,16,16,0,ok,
2026-07-31T06:04:16,chessy,87,73,0,ok,
2026-07-31T06:04:16,serris,68,2,0,ok,
2026-07-31T06:04:16,torcy,224,148,0,ok,
2026-07-31T06:18:48,paris,1000,1000,0,ok,
2026-07-31T06:18:48,meaux,16,16,0,ok,
2026-07-31T06:18:48,chessy,87,73,0,ok,
2026-07-31T06:18:48,serris,68,2,0,ok,
2026-07-31T06:18:48,torcy,224,148,0,ok,
2026-07-31T06:34:07,paris,1000,1000,0,ok,
2026-07-31T06:34:07,meaux,16,16,0,ok,
2026-07-31T06:34:07,chessy,87,73,0,ok,
2026-07-31T06:34:07,serris,68,2,0,ok,
2026-07-31T06:34:07,torcy,224,148,0,ok,
2026-07-31T06:49:00,paris,1000,1000,0,ok,
2026-07-31T06:49:00,meaux,16,16,0,ok,
2026-07-31T06:49:00,chessy,87,73,0,ok,
2026-07-31T06:49:00,serris,68,2,0,ok,
2026-07-31T06:49:00,torcy,224,148,0,ok,
2026-07-31T07:04:33,paris,1000,1000,0,ok,
2026-07-31T07:04:33,meaux,16,16,0,ok,
2026-07-31T07:04:33,chessy,87,73,0,ok,
2026-07-31T07:04:33,serris,68,2,0,ok,
2026-07-31T07:04:33,torcy,224,148,0,ok,
2026-07-31T07:18:55,paris,1000,1000,0,ok,
2026-07-31T07:18:55,meaux,16,16,0,ok,
2026-07-31T07:18:55,chessy,87,73,0,ok,
2026-07-31T07:18:55,serris,68,2,0,ok,
2026-07-31T07:18:55,torcy,224,148,0,ok,
2026-07-31T07:34:04,paris,1000,1000,0,ok,
2026-07-31T07:34:04,meaux,16,16,0,ok,
2026-07-31T07:34:04,chessy,87,73,0,ok,
2026-07-31T07:34:04,serris,68,2,0,ok,
2026-07-31T07:34:04,torcy,224,148,0,ok,
2026-07-31T07:48:54,paris,1000,1000,0,ok,
2026-07-31T07:48:54,meaux,16,16,0,ok,
2026-07-31T07:48:54,chessy,87,73,0,ok,
2026-07-31T07:48:54,serris,68,2,0,ok,
2026-07-31T07:48:54,torcy,224,148,0,ok,
2026-07-31T08:04:20,paris,1000,1000,0,ok,
2026-07-31T08:04:20,meaux,16,16,0,ok,
2026-07-31T08:04:20,chessy,87,73,0,ok,
2026-07-31T08:04:20,serris,68,2,0,ok,
2026-07-31T08:04:20,torcy,224,148,0,ok,
2026-07-31T08:19:03,paris,1000,1000,0,ok,
2026-07-31T08:19:03,meaux,16,16,0,ok,
2026-07-31T08:19:03,chessy,87,73,0,ok,
2026-07-31T08:19:03,serris,68,2,0,ok,
2026-07-31T08:19:03,torcy,224,148,0,ok,
2026-07-31T08:34:24,paris,1000,1000,0,ok,
2026-07-31T08:34:24,meaux,16,16,0,ok,
2026-07-31T08:34:24,chessy,87,73,0,ok,
2026-07-31T08:34:24,serris,68,2,0,ok,
2026-07-31T08:34:24,torcy,224,148,0,ok,
2026-07-31T08:45:24,paris,1000,1000,0,ok,
2026-07-31T08:45:24,meaux,16,16,0,ok,
2026-07-31T08:45:24,chessy,87,73,0,ok,
2026-07-31T08:45:24,serris,68,2,0,ok,
2026-07-31T08:45:24,torcy,224,148,0,ok,
2026-07-31T09:04:20,paris,1000,1000,0,ok,
2026-07-31T09:04:20,meaux,16,16,0,ok,
2026-07-31T09:04:20,chessy,86,72,0,ok,
2026-07-31T09:04:20,serris,68,2,0,ok,
2026-07-31T09:04:20,torcy,223,148,0,ok,
2026-07-31T09:19:12,paris,1000,1000,0,ok,
2026-07-31T09:19:12,meaux,16,16,0,ok,
2026-07-31T09:19:12,chessy,86,72,0,ok,
2026-07-31T09:19:12,serris,68,2,0,ok,
2026-07-31T09:19:12,torcy,223,148,0,ok,
2026-07-31T09:34:19,paris,1000,1000,0,ok,
2026-07-31T09:34:19,meaux,16,16,0,ok,
2026-07-31T09:34:19,chessy,86,72,0,ok,
2026-07-31T09:34:19,serris,68,2,0,ok,
2026-07-31T09:34:19,torcy,223,148,0,ok,
2026-07-31T09:49:03,paris,1000,1000,0,ok,
2026-07-31T09:49:03,meaux,16,16,0,ok,
2026-07-31T09:49:03,chessy,86,72,0,ok,
2026-07-31T09:49:03,serris,68,2,0,ok,
2026-07-31T09:49:03,torcy,223,148,0,ok,
2026-07-31T10:04:25,paris,1000,1000,0,ok,
2026-07-31T10:04:25,meaux,16,16,0,ok,
2026-07-31T10:04:25,chessy,86,72,0,ok,
2026-07-31T10:04:25,serris,68,2,0,ok,
2026-07-31T10:04:25,torcy,223,148,0,ok,
2026-07-31T10:20:18,paris,1000,1000,0,ok,
2026-07-31T10:20:18,meaux,16,16,0,ok,
2026-07-31T10:20:18,chessy,86,72,0,ok,
2026-07-31T10:20:18,serris,68,2,0,ok,
2026-07-31T10:20:18,torcy,223,148,0,ok,
2026-07-31T10:34:08,paris,1000,1000,0,ok,
2026-07-31T10:34:08,meaux,16,16,0,ok,
2026-07-31T10:34:08,chessy,86,72,0,ok,
2026-07-31T10:34:08,serris,68,2,0,ok,
2026-07-31T10:34:08,torcy,223,148,0,ok,
2026-07-31T10:49:18,paris,1000,1000,0,ok,
2026-07-31T10:49:18,meaux,16,16,0,ok,
2026-07-31T10:49:18,chessy,86,72,0,ok,
2026-07-31T10:49:18,serris,68,2,0,ok,
2026-07-31T10:49:18,torcy,223,148,0,ok,
2026-07-31T11:04:44,paris,1000,1000,0,ok,
2026-07-31T11:04:44,meaux,16,16,0,ok,
2026-07-31T11:04:44,chessy,86,72,0,ok,
2026-07-31T11:04:44,serris,68,2,0,ok,
2026-07-31T11:04:44,torcy,223,148,0,ok,
2026-07-31T11:19:10,paris,1000,1000,0,ok,
2026-07-31T11:19:10,meaux,16,16,0,ok,
2026-07-31T11:19:10,chessy,86,72,0,ok,
2026-07-31T11:19:10,serris,68,2,0,ok,
2026-07-31T11:19:10,torcy,223,148,0,ok,
2026-07-31T11:29:39,paris,1000,1000,0,ok,
2026-07-31T11:29:39,meaux,16,16,0,ok,
2026-07-31T11:29:39,chessy,86,72,0,ok,
2026-07-31T11:29:39,serris,68,2,0,ok,
2026-07-31T11:29:39,torcy,223,148,0,ok,
2026-07-31T11:34:11,paris,1000,1000,0,ok,
2026-07-31T11:34:11,meaux,16,16,0,ok,
2026-07-31T11:34:11,chessy,86,72,0,ok,
2026-07-31T11:34:11,serris,68,2,0,ok,
2026-07-31T11:34:11,torcy,223,148,0,ok,
2026-07-31T11:49:19,paris,1000,1000,0,ok,
2026-07-31T11:49:19,meaux,16,16,0,ok,
2026-07-31T11:49:19,chessy,86,72,0,ok,
2026-07-31T11:49:19,serris,68,2,0,ok,
2026-07-31T11:49:19,torcy,223,148,0,ok,
2026-07-31T12:04:31,paris,1000,1000,0,ok,
2026-07-31T12:04:31,meaux,16,16,0,ok,
2026-07-31T12:04:31,chessy,86,72,0,ok,
2026-07-31T12:04:31,serris,68,2,0,ok,
2026-07-31T12:04:31,torcy,223,148,0,ok,
2026-07-31T12:19:52,paris,1000,1000,0,ok,
2026-07-31T12:19:52,meaux,16,16,0,ok,
2026-07-31T12:19:52,chessy,86,72,0,ok,
2026-07-31T12:19:52,serris,68,2,0,ok,
2026-07-31T12:19:52,torcy,223,148,0,ok,
2026-07-31T12:35:22,paris,1000,1000,0,ok,
2026-07-31T12:35:22,meaux,16,16,0,ok,
2026-07-31T12:35:22,chessy,86,72,0,ok,
2026-07-31T12:35:22,serris,68,2,0,ok,
2026-07-31T12:35:22,torcy,223,148,0,ok,
2026-07-31T12:49:13,paris,1000,1000,0,ok,
2026-07-31T12:49:13,meaux,16,16,0,ok,
2026-07-31T12:49:13,chessy,86,72,0,ok,
2026-07-31T12:49:13,serris,68,2,0,ok,
2026-07-31T12:49:13,torcy,223,148,0,ok,
2026-07-31T13:05:11,paris,1000,1000,0,ok,
2026-07-31T13:05:11,meaux,16,16,0,ok,
2026-07-31T13:05:11,chessy,86,72,0,ok,
2026-07-31T13:05:11,serris,68,2,0,ok,
2026-07-31T13:05:11,torcy,223,148,0,ok,
2026-07-31T13:17:53,paris,1000,1000,0,ok,
2026-07-31T13:17:53,meaux,16,16,0,ok,
2026-07-31T13:17:53,chessy,86,72,0,ok,
2026-07-31T13:17:53,serris,68,2,0,ok,
2026-07-31T13:17:53,torcy,223,148,0,ok,
2026-07-31T13:35:05,paris,1000,1000,0,ok,
2026-07-31T13:35:05,meaux,16,16,0,ok,
2026-07-31T13:35:05,chessy,86,72,0,ok,
2026-07-31T13:35:05,serris,68,2,0,ok,
2026-07-31T13:35:05,torcy,223,148,0,ok,
2026-07-31T13:49:30,paris,1000,1000,0,ok,
2026-07-31T13:49:30,meaux,16,16,0,ok,
2026-07-31T13:49:30,chessy,86,72,0,ok,
2026-07-31T13:49:30,serris,68,2,0,ok,
2026-07-31T13:49:30,torcy,223,148,0,ok,
2026-07-31T14:04:28,paris,1000,1000,0,ok,
2026-07-31T14:04:28,meaux,16,16,0,ok,
2026-07-31T14:04:28,chessy,86,72,0,ok,
2026-07-31T14:04:28,serris,68,2,0,ok,
2026-07-31T14:04:28,torcy,223,148,0,ok,
2026-07-31T14:19:22,paris,1000,1000,0,ok,
2026-07-31T14:19:22,meaux,16,16,0,ok,
2026-07-31T14:19:22,chessy,86,72,0,ok,
2026-07-31T14:19:22,serris,68,2,0,ok,
2026-07-31T14:19:22,torcy,223,148,0,ok,
2026-07-31T14:34:22,paris,1000,1000,0,ok,
2026-07-31T14:34:22,meaux,16,16,0,ok,
2026-07-31T14:34:22,chessy,86,72,0,ok,
2026-07-31T14:34:22,serris,68,2,0,ok,
2026-07-31T14:34:22,torcy,223,148,0,ok,
2026-07-31T14:49:13,paris,1000,1000,0,ok,
2026-07-31T14:49:13,meaux,16,16,0,ok,
2026-07-31T14:49:13,chessy,86,72,0,ok,
2026-07-31T14:49:13,serris,68,2,0,ok,
2026-07-31T14:49:13,torcy,223,148,0,ok,
2026-07-31T15:04:36,paris,1000,1000,0,ok,
2026-07-31T15:04:36,meaux,16,16,0,ok,
2026-07-31T15:04:36,chessy,86,72,0,ok,
2026-07-31T15:04:36,serris,68,2,0,ok,
2026-07-31T15:04:36,torcy,223,148,0,ok,
2026-07-31T15:19:20,paris,1000,1000,0,ok,
2026-07-31T15:19:20,meaux,16,16,0,ok,
2026-07-31T15:19:20,chessy,86,72,0,ok,
2026-07-31T15:19:20,serris,68,2,0,ok,
2026-07-31T15:19:20,torcy,223,148,0,ok,
2026-07-31T15:34:25,paris,1000,1000,0,ok,
2026-07-31T15:34:25,meaux,16,16,0,ok,
2026-07-31T15:34:25,chessy,86,72,0,ok,
2026-07-31T15:34:25,serris,68,2,0,ok,
2026-07-31T15:34:25,torcy,223,148,0,ok,
2026-07-31T15:40:19,paris,1000,1000,0,ok,
2026-07-31T15:40:19,meaux,16,16,0,ok,
2026-07-31T15:40:19,chessy,86,72,0,ok,
2026-07-31T15:40:19,serris,68,2,0,ok,
2026-07-31T15:40:19,torcy,223,148,0,ok,
2026-07-31T15:49:18,paris,1000,1000,0,ok,
2026-07-31T15:49:18,meaux,16,16,0,ok,
2026-07-31T15:49:18,chessy,86,72,0,ok,
2026-07-31T15:49:18,serris,68,2,0,ok,
2026-07-31T15:49:18,torcy,223,148,0,ok,
2026-07-31T16:04:22,paris,1000,1000,0,ok,
2026-07-31T16:04:22,meaux,16,16,0,ok,
2026-07-31T16:04:22,chessy,86,72,0,ok,
2026-07-31T16:04:22,serris,68,2,0,ok,
2026-07-31T16:04:22,torcy,223,148,0,ok,
2026-07-31T16:19:01,paris,1000,1000,0,ok,
2026-07-31T16:19:01,meaux,16,16,0,ok,
2026-07-31T16:19:01,chessy,86,72,0,ok,
2026-07-31T16:19:01,serris,68,2,0,ok,
2026-07-31T16:19:01,torcy,223,148,0,ok,
2026-07-31T16:34:20,paris,1000,1000,0,ok,
2026-07-31T16:34:20,meaux,16,16,0,ok,
2026-07-31T16:34:20,chessy,86,72,0,ok,
2026-07-31T16:34:20,serris,68,2,0,ok,
2026-07-31T16:34:20,torcy,223,148,0,ok,
2026-07-31T16:49:23,paris,1000,1000,0,ok,
2026-07-31T16:49:23,meaux,16,16,0,ok,
2026-07-31T16:49:23,chessy,86,72,0,ok,
2026-07-31T16:49:23,serris,68,2,0,ok,
2026-07-31T16:49:23,torcy,223,148,0,ok,
2026-07-31T17:06:14,paris,1000,1000,0,ok,
2026-07-31T17:06:14,meaux,16,16,0,ok,
2026-07-31T17:06:14,chessy,86,72,0,ok,
2026-07-31T17:06:14,serris,68,2,0,ok,
2026-07-31T17:06:14,torcy,223,148,0,ok,
2026-07-31T17:19:17,paris,1000,1000,0,ok,
2026-07-31T17:19:17,meaux,16,16,0,ok,
2026-07-31T17:19:17,chessy,86,72,0,ok,
2026-07-31T17:19:17,serris,68,2,0,ok,
2026-07-31T17:19:17,torcy,223,148,0,ok,
2026-07-31T17:28:48,paris,1000,1000,0,ok,
2026-07-31T17:28:48,meaux,16,16,0,ok,
2026-07-31T17:28:48,chessy,86,72,0,ok,
2026-07-31T17:28:48,serris,68,2,0,ok,
2026-07-31T17:28:48,torcy,223,148,0,ok,
2026-07-31T17:34:32,paris,1000,1000,0,ok,
2026-07-31T17:34:32,meaux,16,16,0,ok,
2026-07-31T17:34:32,chessy,86,72,0,ok,
2026-07-31T17:34:32,serris,68,2,0,ok,
2026-07-31T17:34:32,torcy,223,148,0,ok,
2026-07-31T17:49:14,paris,1000,1000,0,ok,
2026-07-31T17:49:14,meaux,16,16,0,ok,
2026-07-31T17:49:14,chessy,86,72,0,ok,
2026-07-31T17:49:14,serris,68,2,0,ok,
2026-07-31T17:49:14,torcy,223,148,0,ok,
2026-07-31T18:04:29,paris,1000,1000,0,ok,
2026-07-31T18:04:29,meaux,16,16,0,ok,
2026-07-31T18:04:29,chessy,86,72,0,ok,
2026-07-31T18:04:29,serris,68,2,0,ok,
2026-07-31T18:04:29,torcy,223,148,0,ok,
2026-07-31T18:19:05,paris,1000,1000,0,ok,
2026-07-31T18:19:05,meaux,16,16,0,ok,
2026-07-31T18:19:05,chessy,86,72,0,ok,
2026-07-31T18:19:05,serris,68,2,0,ok,
2026-07-31T18:19:05,torcy,223,148,0,ok,
2026-07-31T18:39:26,paris,1000,1000,0,ok,
2026-07-31T18:39:26,meaux,16,16,0,ok,
2026-07-31T18:39:26,chessy,86,72,0,ok,
2026-07-31T18:39:26,serris,68,2,0,ok,
2026-07-31T18:39:26,torcy,223,148,0,ok,
2026-07-31T18:49:15,paris,1000,1000,0,ok,
2026-07-31T18:49:15,meaux,16,16,0,ok,
2026-07-31T18:49:15,chessy,86,72,0,ok,
2026-07-31T18:49:15,serris,68,2,0,ok,
2026-07-31T18:49:15,torcy,223,148,0,ok,
2026-07-31T18:55:16,paris,1000,1000,0,ok,
2026-07-31T18:55:16,meaux,16,16,0,ok,
2026-07-31T18:55:16,chessy,86,72,0,ok,
2026-07-31T18:55:16,serris,68,2,0,ok,
2026-07-31T18:55:16,torcy,223,148,0,ok,
2026-07-31T19:04:35,paris,1000,1000,0,ok,
2026-07-31T19:04:35,meaux,16,16,0,ok,
2026-07-31T19:04:35,chessy,86,72,0,ok,
2026-07-31T19:04:35,serris,68,2,0,ok,
2026-07-31T19:04:35,torcy,223,148,0,ok,
2026-07-31T19:19:14,paris,1000,1000,0,ok,
2026-07-31T19:19:14,meaux,16,16,0,ok,
2026-07-31T19:19:14,chessy,86,72,0,ok,
2026-07-31T19:19:14,serris,68,2,0,ok,
2026-07-31T19:19:14,torcy,223,148,0,ok,
2026-07-31T19:34:14,paris,1000,1000,0,ok,
2026-07-31T19:34:14,meaux,16,16,0,ok,
2026-07-31T19:34:14,chessy,86,72,0,ok,
2026-07-31T19:34:14,serris,68,2,0,ok,
2026-07-31T19:34:14,torcy,223,148,0,ok,
2026-07-31T19:49:04,paris,1000,1000,0,ok,
2026-07-31T19:49:04,meaux,16,16,0,ok,
2026-07-31T19:49:04,chessy,86,72,0,ok,
2026-07-31T19:49:04,serris,68,2,0,ok,
2026-07-31T19:49:04,torcy,223,148,0,ok,
2026-07-31T20:04:38,paris,1000,1000,0,ok,
2026-07-31T20:04:38,meaux,16,16,0,ok,
2026-07-31T20:04:38,chessy,86,72,0,ok,
2026-07-31T20:04:38,serris,68,2,0,ok,
2026-07-31T20:04:38,torcy,223,148,0,ok,
2026-07-31T20:19:27,paris,1000,1000,0,ok,
2026-07-31T20:19:27,meaux,16,16,0,ok,
2026-07-31T20:19:27,chessy,86,72,0,ok,
2026-07-31T20:19:27,serris,68,2,0,ok,
2026-07-31T20:19:27,torcy,223,148,0,ok,
2026-07-31T20:34:14,paris,1000,1000,0,ok,
2026-07-31T20:34:14,meaux,16,16,0,ok,
2026-07-31T20:34:14,chessy,86,72,0,ok,
2026-07-31T20:34:14,serris,68,2,0,ok,
2026-07-31T20:34:14,torcy,223,148,0,ok,
2026-07-31T20:49:14,paris,1000,1000,0,ok,
2026-07-31T20:49:14,meaux,16,16,0,ok,
2026-07-31T20:49:14,chessy,86,72,0,ok,
2026-07-31T20:49:14,serris,68,2,0,ok,
2026-07-31T20:49:14,torcy,223,148,0,ok,
2026-07-31T21:04:32,paris,1000,1000,0,ok,
2026-07-31T21:04:32,meaux,16,16,0,ok,
2026-07-31T21:04:32,chessy,86,72,0,ok,
2026-07-31T21:04:32,serris,68,2,0,ok,
2026-07-31T21:04:32,torcy,223,148,0,ok,
2026-07-31T21:19:06,paris,1000,1000,0,ok,
2026-07-31T21:19:06,meaux,16,16,0,ok,
2026-07-31T21:19:06,chessy,86,72,0,ok,
2026-07-31T21:19:06,serris,68,2,0,ok,
2026-07-31T21:19:06,torcy,223,148,0,ok,
2026-07-31T21:34:27,paris,1000,1000,0,ok,
2026-07-31T21:34:27,meaux,16,16,0,ok,
2026-07-31T21:34:27,chessy,86,72,0,ok,
2026-07-31T21:34:27,serris,68,2,0,ok,
2026-07-31T21:34:27,torcy,223,148,0,ok,
2026-07-31T21:40:42,paris,1000,1000,0,ok,
2026-07-31T21:40:42,meaux,16,16,0,ok,
2026-07-31T21:40:42,chessy,86,72,0,ok,
2026-07-31T21:40:42,serris,68,2,0,ok,
2026-07-31T21:40:42,torcy,223,148,0,ok,
2026-07-31T21:48:58,paris,1000,1000,0,ok,
2026-07-31T21:48:58,meaux,16,16,0,ok,
2026-07-31T21:48:58,chessy,86,72,0,ok,
2026-07-31T21:48:58,serris,68,2,0,ok,
2026-07-31T21:48:58,torcy,223,148,0,ok,
2026-07-31T22:05:51,paris,1000,1000,0,ok,
2026-07-31T22:05:51,meaux,16,16,0,ok,
2026-07-31T22:05:51,chessy,86,72,0,ok,
2026-07-31T22:05:51,serris,68,2,0,ok,
2026-07-31T22:05:51,torcy,223,148,0,ok,
2026-07-31T22:20:07,paris,1000,1000,0,ok,
2026-07-31T22:20:07,meaux,16,16,0,ok,
2026-07-31T22:20:07,chessy,86,72,0,ok,
2026-07-31T22:20:07,serris,68,2,0,ok,
2026-07-31T22:20:07,torcy,223,148,0,ok,
2026-07-31T22:34:07,paris,1000,1000,0,ok,
2026-07-31T22:34:07,meaux,16,16,0,ok,
2026-07-31T22:34:07,chessy,86,72,0,ok,
2026-07-31T22:34:07,serris,68,2,0,ok,
2026-07-31T22:34:07,torcy,223,148,0,ok,
2026-07-31T22:49:15,paris,1000,1000,0,ok,
2026-07-31T22:49:15,meaux,16,16,0,ok,
2026-07-31T22:49:15,chessy,86,72,0,ok,
2026-07-31T22:49:15,serris,68,2,0,ok,
2026-07-31T22:49:15,torcy,223,148,0,ok,
2026-07-31T22:59:24,paris,1000,1000,0,ok,
2026-07-31T22:59:24,meaux,16,16,0,ok,
2026-07-31T22:59:24,chessy,86,72,0,ok,
2026-07-31T22:59:24,serris,68,2,0,ok,
2026-07-31T22:59:24,torcy,223,148,0,ok,
2026-07-31T23:04:50,paris,1000,1000,0,ok,
2026-07-31T23:04:50,meaux,16,16,0,ok,
2026-07-31T23:04:50,chessy,86,72,0,ok,
2026-07-31T23:04:50,serris,68,2,0,ok,
2026-07-31T23:04:50,torcy,223,148,0,ok,
2026-07-31T23:20:00,paris,1000,1000,0,ok,
2026-07-31T23:20:00,meaux,16,16,0,ok,
2026-07-31T23:20:00,chessy,86,72,0,ok,
2026-07-31T23:20:00,serris,68,2,0,ok,
2026-07-31T23:20:00,torcy,223,148,0,ok,
2026-07-31T23:34:08,paris,1000,1000,0,ok,
2026-07-31T23:34:08,meaux,16,16,0,ok,
2026-07-31T23:34:08,chessy,86,72,0,ok,
2026-07-31T23:34:08,serris,68,2,0,ok,
2026-07-31T23:34:08,torcy,223,148,0,ok,
2026-07-31T23:48:45,paris,1000,1000,0,ok,
2026-07-31T23:48:45,meaux,16,16,0,ok,
2026-07-31T23:48:45,chessy,86,72,0,ok,
2026-07-31T23:48:45,serris,68,2,0,ok,
2026-07-31T23:48:45,torcy,223,148,0,ok,
2026-08-01T00:01:39,paris,1000,1000,0,ok,
2026-08-01T00:01:39,meaux,16,16,0,ok,
2026-08-01T00:01:39,chessy,86,72,0,ok,
2026-08-01T00:01:39,serris,68,2,0,ok,
2026-08-01T00:01:39,torcy,223,148,0,ok,
2026-08-01T00:19:01,paris,1000,1000,0,ok,
2026-08-01T00:19:01,meaux,16,16,0,ok,
2026-08-01T00:19:01,chessy,86,72,0,ok,
2026-08-01T00:19:01,serris,68,2,0,ok,
2026-08-01T00:19:01,torcy,223,148,0,ok,
2026-08-01T00:34:13,paris,1000,1000,0,ok,
2026-08-01T00:34:13,meaux,16,16,0,ok,
2026-08-01T00:34:13,chessy,86,72,0,ok,
2026-08-01T00:34:13,serris,68,2,0,ok,
2026-08-01T00:34:13,torcy,223,148,0,ok,
2026-08-01T00:48:58,paris,1000,1000,0,ok,
2026-08-01T00:48:58,meaux,16,16,0,ok,
2026-08-01T00:48:58,chessy,86,72,0,ok,
2026-08-01T00:48:58,serris,68,2,0,ok,
2026-08-01T00:48:58,torcy,223,148,0,ok,
2026-08-01T01:04:16,paris,1000,1000,0,ok,
2026-08-01T01:04:16,meaux,16,16,0,ok,
2026-08-01T01:04:16,chessy,86,72,0,ok,
2026-08-01T01:04:16,serris,68,2,0,ok,
2026-08-01T01:04:16,torcy,223,148,0,ok,
2026-08-01T01:18:54,paris,1000,1000,0,ok,
2026-08-01T01:18:54,meaux,16,16,0,ok,
2026-08-01T01:18:54,chessy,86,72,0,ok,
2026-08-01T01:18:54,serris,68,2,0,ok,
2026-08-01T01:18:54,torcy,223,148,0,ok,
2026-08-01T01:33:55,paris,1000,1000,0,ok,
2026-08-01T01:33:55,meaux,16,16,0,ok,
2026-08-01T01:33:55,chessy,86,72,0,ok,
2026-08-01T01:33:55,serris,68,2,0,ok,
2026-08-01T01:33:55,torcy,223,148,0,ok,
2026-08-01T01:48:52,paris,1000,1000,0,ok,
2026-08-01T01:48:52,meaux,16,16,0,ok,
2026-08-01T01:48:52,chessy,86,72,0,ok,
2026-08-01T01:48:52,serris,68,2,0,ok,
2026-08-01T01:48:52,torcy,223,148,0,ok,
2026-08-01T02:04:03,paris,1000,1000,0,ok,
2026-08-01T02:04:03,meaux,16,16,0,ok,
2026-08-01T02:04:03,chessy,86,72,0,ok,
2026-08-01T02:04:03,serris,68,2,0,ok,
2026-08-01T02:04:03,torcy,223,148,0,ok,
2026-08-01T02:18:52,paris,1000,1000,0,ok,
2026-08-01T02:18:52,meaux,16,16,0,ok,
2026-08-01T02:18:52,chessy,86,72,0,ok,
2026-08-01T02:18:52,serris,68,2,0,ok,
2026-08-01T02:18:52,torcy,223,148,0,ok,
2026-08-01T02:33:53,paris,1000,1000,0,ok,
2026-08-01T02:33:53,meaux,16,16,0,ok,
2026-08-01T02:33:53,chessy,86,72,0,ok,
2026-08-01T02:33:53,serris,68,2,0,ok,
2026-08-01T02:33:53,torcy,223,148,0,ok,
2026-08-01T02:49:28,paris,1000,1000,0,ok,
2026-08-01T02:49:28,meaux,16,16,0,ok,
2026-08-01T02:49:28,chessy,86,72,0,ok,
2026-08-01T02:49:28,serris,68,2,0,ok,
2026-08-01T02:49:28,torcy,223,148,0,ok,
2026-08-01T03:05:09,paris,1000,1000,0,ok,
2026-08-01T03:05:09,meaux,16,16,0,ok,
2026-08-01T03:05:09,chessy,86,72,0,ok,
2026-08-01T03:05:09,serris,68,2,0,ok,
2026-08-01T03:05:09,torcy,223,148,0,ok,
2026-08-01T03:16:05,paris,1000,1000,0,ok,
2026-08-01T03:16:05,meaux,16,16,0,ok,
2026-08-01T03:16:05,chessy,86,72,0,ok,
2026-08-01T03:16:05,serris,68,2,0,ok,
2026-08-01T03:16:05,torcy,223,148,0,ok,
2026-08-01T03:35:03,paris,1000,1000,0,ok,
2026-08-01T03:35:03,meaux,16,16,0,ok,
2026-08-01T03:35:03,chessy,86,72,0,ok,
2026-08-01T03:35:03,serris,68,2,0,ok,
2026-08-01T03:35:03,torcy,223,148,0,ok,
2026-08-01T03:48:52,paris,1000,1000,0,ok,
2026-08-01T03:48:52,meaux,16,16,0,ok,
2026-08-01T03:48:52,chessy,86,72,0,ok,
2026-08-01T03:48:52,serris,68,2,0,ok,
2026-08-01T03:48:52,torcy,223,148,0,ok,
2026-08-01T04:04:13,paris,1000,1000,0,ok,
2026-08-01T04:04:13,meaux,16,16,0,ok,
2026-08-01T04:04:13,chessy,86,72,0,ok,
2026-08-01T04:04:13,serris,68,2,0,ok,
2026-08-01T04:04:13,torcy,223,148,0,ok,
2026-08-01T04:19:23,paris,1000,1000,0,ok,
2026-08-01T04:19:23,meaux,16,16,0,ok,
2026-08-01T04:19:23,chessy,86,72,0,ok,
2026-08-01T04:19:23,serris,68,2,0,ok,
2026-08-01T04:19:23,torcy,223,148,0,ok,
2026-08-01T04:34:10,paris,1000,1000,0,ok,
2026-08-01T04:34:10,meaux,16,16,0,ok,
2026-08-01T04:34:10,chessy,86,72,0,ok,
2026-08-01T04:34:10,serris,68,2,0,ok,
2026-08-01T04:34:10,torcy,223,148,0,ok,
2026-08-01T04:49:05,paris,1000,1000,0,ok,
2026-08-01T04:49:05,meaux,16,16,0,ok,
2026-08-01T04:49:05,chessy,86,72,0,ok,
2026-08-01T04:49:05,serris,68,2,0,ok,
2026-08-01T04:49:05,torcy,223,148,0,ok,
2026-08-01T05:04:24,paris,1000,1000,0,ok,
2026-08-01T05:04:24,meaux,16,16,0,ok,
2026-08-01T05:04:24,chessy,86,72,0,ok,
2026-08-01T05:04:24,serris,68,2,0,ok,
2026-08-01T05:04:24,torcy,223,148,0,ok,
2026-08-01T05:18:53,paris,1000,1000,0,ok,
2026-08-01T05:18:53,meaux,16,16,0,ok,
2026-08-01T05:18:53,chessy,86,72,0,ok,
2026-08-01T05:18:53,serris,68,2,0,ok,
2026-08-01T05:18:53,torcy,223,148,0,ok,
2026-08-01T05:34:18,paris,1000,1000,0,ok,
2026-08-01T05:34:18,meaux,16,16,0,ok,
2026-08-01T05:34:18,chessy,86,72,0,ok,
2026-08-01T05:34:18,serris,68,2,0,ok,
2026-08-01T05:34:18,torcy,223,148,0,ok,
2026-08-01T05:48:51,paris,1000,1000,0,ok,
2026-08-01T05:48:51,meaux,16,16,0,ok,
2026-08-01T05:48:51,chessy,86,72,0,ok,
2026-08-01T05:48:51,serris,68,2,0,ok,
2026-08-01T05:48:51,torcy,223,148,0,ok,
2026-08-01T06:04:02,paris,1000,1000,0,ok,
2026-08-01T06:04:02,meaux,16,16,0,ok,
2026-08-01T06:04:02,chessy,86,72,0,ok,
2026-08-01T06:04:02,serris,68,2,0,ok,
2026-08-01T06:04:02,torcy,223,148,0,ok,
2026-08-01T06:16:40,paris,1000,1000,0,ok,
2026-08-01T06:16:40,meaux,16,16,0,ok,
2026-08-01T06:16:40,chessy,86,72,0,ok,
2026-08-01T06:16:40,serris,68,2,0,ok,
2026-08-01T06:16:40,torcy,223,148,0,ok,
2026-08-01T06:34:03,paris,1000,1000,0,ok,
2026-08-01T06:34:03,meaux,16,16,0,ok,
2026-08-01T06:34:03,chessy,86,72,0,ok,
2026-08-01T06:34:03,serris,68,2,0,ok,
2026-08-01T06:34:03,torcy,223,148,0,ok,
2026-08-01T06:48:56,paris,1000,1000,0,ok,
2026-08-01T06:48:56,meaux,16,16,0,ok,
2026-08-01T06:48:56,chessy,86,72,0,ok,
2026-08-01T06:48:56,serris,68,2,0,ok,
2026-08-01T06:48:56,torcy,223,148,0,ok,
2026-08-01T07:04:18,paris,1000,1000,0,ok,
2026-08-01T07:04:18,meaux,16,16,0,ok,
2026-08-01T07:04:18,chessy,86,72,0,ok,
2026-08-01T07:04:18,serris,68,2,0,ok,
2026-08-01T07:04:18,torcy,223,148,0,ok,
2026-08-01T07:18:56,paris,1000,1000,0,ok,
2026-08-01T07:18:56,meaux,16,16,0,ok,
2026-08-01T07:18:56,chessy,86,72,0,ok,
2026-08-01T07:18:56,serris,68,2,0,ok,
2026-08-01T07:18:56,torcy,223,148,0,ok,
2026-08-01T07:34:05,paris,1000,1000,0,ok,
2026-08-01T07:34:05,meaux,16,16,0,ok,
2026-08-01T07:34:05,chessy,86,72,0,ok,
2026-08-01T07:34:05,serris,68,2,0,ok,
2026-08-01T07:34:05,torcy,223,148,0,ok,
2026-08-01T07:48:52,paris,1000,1000,0,ok,
2026-08-01T07:48:52,meaux,16,16,0,ok,
2026-08-01T07:48:52,chessy,86,72,0,ok,
2026-08-01T07:48:52,serris,68,2,0,ok,
2026-08-01T07:48:52,torcy,223,148,0,ok,
2026-08-01T08:04:16,paris,1000,1000,0,ok,
2026-08-01T08:04:16,meaux,16,16,0,ok,
2026-08-01T08:04:16,chessy,86,72,0,ok,
2026-08-01T08:04:16,serris,68,2,0,ok,
2026-08-01T08:04:16,torcy,223,148,0,ok,
2026-08-01T08:18:40,paris,1000,1000,0,ok,
2026-08-01T08:18:40,meaux,16,16,0,ok,
2026-08-01T08:18:40,chessy,86,72,0,ok,
2026-08-01T08:18:40,serris,68,2,0,ok,
2026-08-01T08:18:40,torcy,223,148,0,ok,
2026-08-01T08:34:13,paris,1000,1000,0,ok,
2026-08-01T08:34:13,meaux,16,16,0,ok,
2026-08-01T08:34:13,chessy,86,72,0,ok,
2026-08-01T08:34:13,serris,68,2,0,ok,
2026-08-01T08:34:13,torcy,223,148,0,ok,
2026-08-01T08:42:27,paris,1000,1000,0,ok,
2026-08-01T08:42:27,meaux,16,16,0,ok,
2026-08-01T08:42:27,chessy,86,72,0,ok,
2026-08-01T08:42:27,serris,68,2,0,ok,
2026-08-01T08:42:27,torcy,223,148,0,ok,
2026-08-01T08:48:51,paris,1000,1000,0,ok,
2026-08-01T08:48:51,meaux,16,16,0,ok,
2026-08-01T08:48:51,chessy,86,72,0,ok,
2026-08-01T08:48:51,serris,68,2,0,ok,
2026-08-01T08:48:51,torcy,223,148,0,ok,
2026-08-01T09:04:08,paris,1000,1000,0,ok,
2026-08-01T09:04:08,meaux,16,16,0,ok,
2026-08-01T09:04:08,chessy,86,72,0,ok,
2026-08-01T09:04:08,serris,68,2,0,ok,
2026-08-01T09:04:08,torcy,223,148,0,ok,
2026-08-01T09:18:55,paris,1000,1000,0,ok,
2026-08-01T09:18:55,meaux,16,16,0,ok,
2026-08-01T09:18:55,chessy,86,72,0,ok,
2026-08-01T09:18:55,serris,68,2,0,ok,
2026-08-01T09:18:55,torcy,223,148,0,ok,
2026-08-01T09:34:10,paris,1000,1000,0,ok,
2026-08-01T09:34:10,meaux,16,16,0,ok,
2026-08-01T09:34:10,chessy,86,72,0,ok,
2026-08-01T09:34:10,serris,68,2,0,ok,
2026-08-01T09:34:10,torcy,223,148,0,ok,
2026-08-01T09:48:59,paris,1000,1000,0,ok,
2026-08-01T09:48:59,meaux,16,16,0,ok,
2026-08-01T09:48:59,chessy,86,72,0,ok,
2026-08-01T09:48:59,serris,68,2,0,ok,
2026-08-01T09:48:59,torcy,223,148,0,ok,
2026-08-01T10:04:15,paris,1000,1000,0,ok,
2026-08-01T10:04:15,meaux,16,16,0,ok,
2026-08-01T10:04:15,chessy,86,72,0,ok,
2026-08-01T10:04:15,serris,68,2,0,ok,
2026-08-01T10:04:15,torcy,223,148,0,ok,
2026-08-01T10:18:51,paris,1000,1000,0,ok,
2026-08-01T10:18:51,meaux,16,16,0,ok,
2026-08-01T10:18:51,chessy,86,72,0,ok,
2026-08-01T10:18:51,serris,68,2,0,ok,
2026-08-01T10:18:51,torcy,223,148,0,ok,
2026-08-01T10:33:54,paris,1000,1000,0,ok,
2026-08-01T10:33:54,meaux,16,16,0,ok,
2026-08-01T10:33:54,chessy,86,72,0,ok,
2026-08-01T10:33:54,serris,68,2,0,ok,
2026-08-01T10:33:54,torcy,223,148,0,ok,
2026-08-01T10:40:30,paris,1000,1000,0,ok,
2026-08-01T10:40:30,meaux,16,16,0,ok,
2026-08-01T10:40:30,chessy,86,72,0,ok,
2026-08-01T10:40:30,serris,68,2,0,ok,
2026-08-01T10:40:30,torcy,223,148,0,ok,
2026-08-01T10:48:55,paris,1000,1000,0,ok,
2026-08-01T10:48:55,meaux,16,16,0,ok,
2026-08-01T10:48:55,chessy,86,72,0,ok,
2026-08-01T10:48:55,serris,68,2,0,ok,
2026-08-01T10:48:55,torcy,223,148,0,ok,
2026-08-01T11:04:31,paris,1000,1000,0,ok,
2026-08-01T11:04:31,meaux,16,16,0,ok,
2026-08-01T11:04:31,chessy,86,72,0,ok,
2026-08-01T11:04:31,serris,68,2,0,ok,
2026-08-01T11:04:31,torcy,223,148,0,ok,
2026-08-01T11:18:55,paris,1000,1000,0,ok,
2026-08-01T11:18:55,meaux,16,16,0,ok,
2026-08-01T11:18:55,chessy,86,72,0,ok,
2026-08-01T11:18:55,serris,68,2,0,ok,
2026-08-01T11:18:55,torcy,223,148,0,ok,
2026-08-01T11:34:14,paris,1000,1000,0,ok,
2026-08-01T11:34:14,meaux,16,16,0,ok,
2026-08-01T11:34:14,chessy,86,72,0,ok,
2026-08-01T11:34:14,serris,68,2,0,ok,
2026-08-01T11:34:14,torcy,223,148,0,ok,
2026-08-01T11:48:53,paris,1000,1000,0,ok,
2026-08-01T11:48:53,meaux,16,16,0,ok,
2026-08-01T11:48:53,chessy,86,72,0,ok,
2026-08-01T11:48:53,serris,68,2,0,ok,
2026-08-01T11:48:53,torcy,223,148,0,ok,
2026-08-01T12:02:52,paris,1000,1000,0,ok,
2026-08-01T12:02:52,meaux,16,16,0,ok,
2026-08-01T12:02:52,chessy,86,72,0,ok,
2026-08-01T12:02:52,serris,68,2,0,ok,
2026-08-01T12:02:52,torcy,223,148,0,ok,
2026-08-01T12:19:04,paris,1000,1000,0,ok,
2026-08-01T12:19:04,meaux,16,16,0,ok,
2026-08-01T12:19:04,chessy,86,72,0,ok,
2026-08-01T12:19:04,serris,68,2,0,ok,
2026-08-01T12:19:04,torcy,223,148,0,ok,
2026-08-01T12:33:57,paris,1000,1000,0,ok,
2026-08-01T12:33:57,meaux,16,16,0,ok,
2026-08-01T12:33:57,chessy,86,72,0,ok,
2026-08-01T12:33:57,serris,68,2,0,ok,
2026-08-01T12:33:57,torcy,223,148,0,ok,
2026-08-01T12:49:05,paris,1000,1000,0,ok,
2026-08-01T12:49:05,meaux,16,16,0,ok,
2026-08-01T12:49:05,chessy,86,72,0,ok,
2026-08-01T12:49:05,serris,68,2,0,ok,
2026-08-01T12:49:05,torcy,223,148,0,ok,
2026-08-01T13:04:19,paris,1000,1000,0,ok,
2026-08-01T13:04:19,meaux,16,16,0,ok,
2026-08-01T13:04:19,chessy,86,72,0,ok,
2026-08-01T13:04:19,serris,68,2,0,ok,
2026-08-01T13:04:19,torcy,223,148,0,ok,
2026-08-01T13:18:57,paris,1000,1000,0,ok,
2026-08-01T13:18:57,meaux,16,16,0,ok,
2026-08-01T13:18:57,chessy,86,72,0,ok,
2026-08-01T13:18:57,serris,68,2,0,ok,
2026-08-01T13:18:57,torcy,223,148,0,ok,
2026-08-01T13:34:00,paris,1000,1000,0,ok,
2026-08-01T13:34:00,meaux,16,16,0,ok,
2026-08-01T13:34:00,chessy,86,72,0,ok,
2026-08-01T13:34:00,serris,68,2,0,ok,
2026-08-01T13:34:00,torcy,223,148,0,ok,
2026-08-01T13:44:40,paris,1000,1000,0,ok,
2026-08-01T13:44:40,meaux,16,16,0,ok,
2026-08-01T13:44:40,chessy,86,72,0,ok,
2026-08-01T13:44:40,serris,68,2,0,ok,
2026-08-01T13:44:40,torcy,223,148,0,ok,
2026-08-01T13:49:01,paris,1000,1000,0,ok,
2026-08-01T13:49:01,meaux,16,16,0,ok,
2026-08-01T13:49:01,chessy,86,72,0,ok,
2026-08-01T13:49:01,serris,68,2,0,ok,
2026-08-01T13:49:01,torcy,223,148,0,ok,
2026-08-01T14:04:42,paris,1000,1000,0,ok,
2026-08-01T14:04:42,meaux,16,16,0,ok,
2026-08-01T14:04:42,chessy,86,72,0,ok,
2026-08-01T14:04:42,serris,68,2,0,ok,
2026-08-01T14:04:42,torcy,223,148,0,ok,
2026-08-01T14:19:03,paris,1000,1000,0,ok,
2026-08-01T14:19:03,meaux,16,16,0,ok,
2026-08-01T14:19:03,chessy,86,72,0,ok,
2026-08-01T14:19:03,serris,68,2,0,ok,
2026-08-01T14:19:03,torcy,223,148,0,ok,
2026-08-01T14:34:12,paris,1000,1000,0,ok,
2026-08-01T14:34:12,meaux,16,16,0,ok,
2026-08-01T14:34:12,chessy,86,72,0,ok,
2026-08-01T14:34:12,serris,68,2,0,ok,
2026-08-01T14:34:12,torcy,223,148,0,ok,
2026-08-01T14:48:57,paris,1000,1000,0,ok,
2026-08-01T14:48:57,meaux,16,16,0,ok,
2026-08-01T14:48:57,chessy,86,72,0,ok,
2026-08-01T14:48:57,serris,68,2,0,ok,
2026-08-01T14:48:57,torcy,223,148,0,ok,
2026-08-01T14:59:04,paris,1000,1000,0,ok,
2026-08-01T14:59:04,meaux,16,16,0,ok,
2026-08-01T14:59:04,chessy,86,72,0,ok,
2026-08-01T14:59:04,serris,68,2,0,ok,
2026-08-01T14:59:04,torcy,223,148,0,ok,
2026-08-01T15:04:15,paris,1000,1000,0,ok,
2026-08-01T15:04:15,meaux,16,16,0,ok,
2026-08-01T15:04:15,chessy,86,72,0,ok,
2026-08-01T15:04:15,serris,68,2,0,ok,
2026-08-01T15:04:15,torcy,223,148,0,ok,
2026-08-01T15:19:01,paris,1000,1000,0,ok,
2026-08-01T15:19:01,meaux,16,16,0,ok,
2026-08-01T15:19:01,chessy,86,72,0,ok,
2026-08-01T15:19:01,serris,68,2,0,ok,
2026-08-01T15:19:01,torcy,223,148,0,ok,
2026-08-01T15:34:14,paris,1000,1000,0,ok,
2026-08-01T15:34:14,meaux,16,16,0,ok,
2026-08-01T15:34:14,chessy,86,72,0,ok,
2026-08-01T15:34:14,serris,68,2,0,ok,
2026-08-01T15:34:14,torcy,224,149,0,ok,
2026-08-01T15:48:46,paris,1000,1000,0,ok,
2026-08-01T15:48:46,meaux,16,16,0,ok,
2026-08-01T15:48:46,chessy,86,72,0,ok,
2026-08-01T15:48:46,serris,68,2,0,ok,
2026-08-01T15:48:46,torcy,224,149,0,ok,
2026-08-01T16:01:27,paris,1000,1000,0,ok,
2026-08-01T16:01:27,meaux,16,16,0,ok,
2026-08-01T16:01:27,chessy,86,72,0,ok,
2026-08-01T16:01:27,serris,68,2,0,ok,
2026-08-01T16:01:27,torcy,224,149,0,ok,
2026-08-01T16:22:18,paris,1000,1000,0,ok,
2026-08-01T16:22:18,meaux,16,16,0,ok,
2026-08-01T16:22:18,chessy,86,72,0,ok,
2026-08-01T16:22:18,serris,68,2,0,ok,
2026-08-01T16:22:18,torcy,224,149,0,ok,
2026-08-01T16:34:29,paris,1000,1000,0,ok,
2026-08-01T16:34:29,meaux,16,16,0,ok,
2026-08-01T16:34:29,chessy,86,72,0,ok,
2026-08-01T16:34:29,serris,68,2,0,ok,
2026-08-01T16:34:29,torcy,224,149,0,ok,
2026-08-01T16:49:05,paris,1000,1000,0,ok,
2026-08-01T16:49:05,meaux,16,16,0,ok,
2026-08-01T16:49:05,chessy,86,72,0,ok,
2026-08-01T16:49:05,serris,68,2,0,ok,
2026-08-01T16:49:05,torcy,224,149,0,ok,
2026-08-01T17:04:12,paris,1000,1000,0,ok,
2026-08-01T17:04:12,meaux,16,16,0,ok,
2026-08-01T17:04:12,chessy,86,72,0,ok,
2026-08-01T17:04:12,serris,68,2,0,ok,
2026-08-01T17:04:12,torcy,224,149,0,ok,
2026-08-01T17:19:09,paris,1000,1000,0,ok,
2026-08-01T17:19:09,meaux,16,16,0,ok,
2026-08-01T17:19:09,chessy,86,72,0,ok,
2026-08-01T17:19:09,serris,68,2,0,ok,
2026-08-01T17:19:09,torcy,224,149,0,ok,
2026-08-01T17:34:14,paris,1000,1000,0,ok,
2026-08-01T17:34:14,meaux,16,16,0,ok,
2026-08-01T17:34:14,chessy,86,72,0,ok,
2026-08-01T17:34:14,serris,68,2,0,ok,
2026-08-01T17:34:14,torcy,224,149,0,ok,
2026-08-01T17:49:09,paris,1000,1000,0,ok,
2026-08-01T17:49:09,meaux,16,16,0,ok,
2026-08-01T17:49:09,chessy,86,72,0,ok,
2026-08-01T17:49:09,serris,68,2,0,ok,
2026-08-01T17:49:09,torcy,224,149,0,ok,
2026-08-01T18:04:26,paris,1000,1000,0,ok,
2026-08-01T18:04:26,meaux,16,16,0,ok,
2026-08-01T18:04:26,chessy,86,72,0,ok,
2026-08-01T18:04:26,serris,68,2,0,ok,
2026-08-01T18:04:26,torcy,224,149,0,ok,
2026-08-01T18:19:12,paris,1000,1000,0,ok,
2026-08-01T18:19:12,meaux,16,16,0,ok,
2026-08-01T18:19:12,chessy,86,72,0,ok,
2026-08-01T18:19:12,serris,68,2,0,ok,
2026-08-01T18:19:12,torcy,224,149,0,ok,
2026-08-01T18:32:04,paris,1000,1000,0,ok,
2026-08-01T18:32:04,meaux,16,16,0,ok,
2026-08-01T18:32:04,chessy,86,72,0,ok,
2026-08-01T18:32:04,serris,68,2,0,ok,
2026-08-01T18:32:04,torcy,224,149,0,ok,
2026-08-01T18:48:57,paris,1000,1000,0,ok,
2026-08-01T18:48:57,meaux,16,16,0,ok,
2026-08-01T18:48:57,chessy,86,72,0,ok,
2026-08-01T18:48:57,serris,68,2,0,ok,
2026-08-01T18:48:57,torcy,224,149,0,ok,
2026-08-01T19:04:20,paris,1000,1000,0,ok,
2026-08-01T19:04:20,meaux,16,16,0,ok,
2026-08-01T19:04:20,chessy,86,72,0,ok,
2026-08-01T19:04:20,serris,68,2,0,ok,
2026-08-01T19:04:20,torcy,224,149,0,ok,
2026-08-01T19:19:06,paris,1000,1000,0,ok,
2026-08-01T19:19:06,meaux,16,16,0,ok,
2026-08-01T19:19:06,chessy,86,72,0,ok,
2026-08-01T19:19:06,serris,68,2,0,ok,
2026-08-01T19:19:06,torcy,224,149,0,ok,
2026-08-01T19:34:06,paris,1000,1000,0,ok,
2026-08-01T19:34:06,meaux,16,16,0,ok,
2026-08-01T19:34:06,chessy,86,72,0,ok,
2026-08-01T19:34:06,serris,68,2,0,ok,
2026-08-01T19:34:06,torcy,224,149,0,ok,
2026-08-01T19:47:34,paris,1000,1000,0,ok,
2026-08-01T19:47:34,meaux,16,16,0,ok,
2026-08-01T19:47:34,chessy,86,72,0,ok,
2026-08-01T19:47:34,serris,68,2,0,ok,
2026-08-01T19:47:34,torcy,224,149,0,ok,
2026-08-01T20:05:44,paris,1000,1000,0,ok,
2026-08-01T20:05:44,meaux,16,16,0,ok,
2026-08-01T20:05:44,chessy,86,72,0,ok,
2026-08-01T20:05:44,serris,68,2,0,ok,
2026-08-01T20:05:44,torcy,224,149,0,ok,
2026-08-01T20:19:03,paris,1000,1000,0,ok,
2026-08-01T20:19:03,meaux,16,16,0,ok,
2026-08-01T20:19:03,chessy,86,72,0,ok,
2026-08-01T20:19:03,serris,68,2,0,ok,
2026-08-01T20:19:03,torcy,224,149,0,ok,
2026-08-01T20:34:15,paris,1000,1000,0,ok,
2026-08-01T20:34:15,meaux,16,16,0,ok,
2026-08-01T20:34:15,chessy,86,72,0,ok,
2026-08-01T20:34:15,serris,68,2,0,ok,
2026-08-01T20:34:15,torcy,224,149,0,ok,
2026-08-01T20:47:07,paris,1000,1000,0,ok,
2026-08-01T20:47:07,meaux,16,16,0,ok,
2026-08-01T20:47:07,chessy,86,72,0,ok,
2026-08-01T20:47:07,serris,68,2,0,ok,
2026-08-01T20:47:07,torcy,224,149,0,ok,
2026-08-01T21:04:01,paris,1000,1000,0,ok,
2026-08-01T21:04:01,meaux,16,16,0,ok,
2026-08-01T21:04:01,chessy,86,72,0,ok,
2026-08-01T21:04:01,serris,68,2,0,ok,
2026-08-01T21:04:01,torcy,224,149,0,ok,
2026-08-01T21:20:32,paris,1000,1000,0,ok,
2026-08-01T21:20:32,meaux,16,16,0,ok,
2026-08-01T21:20:32,chessy,86,72,0,ok,
2026-08-01T21:20:32,serris,68,2,0,ok,
2026-08-01T21:20:32,torcy,224,149,0,ok,
2026-08-01T21:36:05,paris,1000,1000,0,ok,
2026-08-01T21:36:05,meaux,16,16,0,ok,
2026-08-01T21:36:05,chessy,86,72,0,ok,
2026-08-01T21:36:05,serris,68,2,0,ok,
2026-08-01T21:36:05,torcy,224,149,0,ok,
2026-08-01T21:48:51,paris,1000,1000,0,ok,
2026-08-01T21:48:51,meaux,16,16,0,ok,
2026-08-01T21:48:51,chessy,86,72,0,ok,
2026-08-01T21:48:51,serris,68,2,0,ok,
2026-08-01T21:48:51,torcy,224,149,0,ok,
2026-08-01T21:53:27,paris,1000,1000,0,ok,
2026-08-01T21:53:27,meaux,16,16,0,ok,
2026-08-01T21:53:27,chessy,86,72,0,ok,
2026-08-01T21:53:27,serris,68,2,0,ok,
2026-08-01T21:53:27,torcy,224,149,0,ok,
2026-08-01T22:04:14,paris,1000,1000,0,ok,
2026-08-01T22:04:14,meaux,16,16,0,ok,
2026-08-01T22:04:14,chessy,86,72,0,ok,
2026-08-01T22:04:14,serris,68,2,0,ok,
2026-08-01T22:04:14,torcy,224,149,0,ok,
2026-08-01T22:20:00,paris,1000,1000,0,ok,
2026-08-01T22:20:00,meaux,16,16,0,ok,
2026-08-01T22:20:00,chessy,86,72,0,ok,
2026-08-01T22:20:00,serris,68,2,0,ok,
2026-08-01T22:20:00,torcy,224,149,0,ok,
2026-08-01T22:33:53,paris,1000,1000,0,ok,
2026-08-01T22:33:53,meaux,16,16,0,ok,
2026-08-01T22:33:53,chessy,86,72,0,ok,
2026-08-01T22:33:53,serris,68,2,0,ok,
2026-08-01T22:33:53,torcy,224,149,0,ok,
2026-08-01T22:48:54,paris,1000,1000,0,ok,
2026-08-01T22:48:54,meaux,16,16,0,ok,
2026-08-01T22:48:54,chessy,86,72,0,ok,
2026-08-01T22:48:54,serris,68,2,0,ok,
2026-08-01T22:48:54,torcy,224,149,0,ok,
2026-08-01T22:53:17,paris,1000,1000,0,ok,
2026-08-01T22:53:17,meaux,16,16,0,ok,
2026-08-01T22:53:17,chessy,86,72,0,ok,
2026-08-01T22:53:17,serris,68,2,0,ok,
2026-08-01T22:53:17,torcy,224,149,0,ok,
2026-08-01T23:04:16,paris,1000,1000,0,ok,
2026-08-01T23:04:16,meaux,16,16,0,ok,
2026-08-01T23:04:16,chessy,86,72,0,ok,
2026-08-01T23:04:16,serris,68,2,0,ok,
2026-08-01T23:04:16,torcy,224,149,0,ok,
2026-08-01T23:18:56,paris,1000,1000,0,ok,
2026-08-01T23:18:56,meaux,16,16,0,ok,
2026-08-01T23:18:56,chessy,86,72,0,ok,
2026-08-01T23:18:56,serris,68,2,0,ok,
2026-08-01T23:18:56,torcy,224,149,0,ok,
2026-08-01T23:33:50,paris,1000,1000,0,ok,
2026-08-01T23:33:50,meaux,16,16,0,ok,
2026-08-01T23:33:50,chessy,86,72,0,ok,
2026-08-01T23:33:50,serris,68,2,0,ok,
2026-08-01T23:33:50,torcy,224,149,0,ok,
2026-08-01T23:48:54,paris,1000,1000,0,ok,
2026-08-01T23:48:54,meaux,16,16,0,ok,
2026-08-01T23:48:54,chessy,86,72,0,ok,
2026-08-01T23:48:54,serris,68,2,0,ok,
2026-08-01T23:48:54,torcy,224,149,0,ok,
2026-08-01T23:56:31,paris,1000,1000,0,ok,
2026-08-01T23:56:31,meaux,16,16,0,ok,
2026-08-01T23:56:31,chessy,86,72,0,ok,
2026-08-01T23:56:31,serris,68,2,0,ok,
2026-08-01T23:56:31,torcy,224,149,0,ok,
2026-08-02T00:04:17,paris,1000,1000,0,ok,
2026-08-02T00:04:17,meaux,16,16,0,ok,
2026-08-02T00:04:17,chessy,86,72,0,ok,
2026-08-02T00:04:17,serris,68,2,0,ok,
2026-08-02T00:04:17,torcy,224,149,0,ok,
2026-08-02T00:18:45,paris,1000,1000,0,ok,
2026-08-02T00:18:45,meaux,16,16,0,ok,
2026-08-02T00:18:45,chessy,86,72,0,ok,
2026-08-02T00:18:45,serris,68,2,0,ok,
2026-08-02T00:18:45,torcy,224,149,0,ok,
2026-08-02T00:33:48,paris,1000,1000,0,ok,
2026-08-02T00:33:48,meaux,16,16,0,ok,
2026-08-02T00:33:48,chessy,86,72,0,ok,
2026-08-02T00:33:48,serris,68,2,0,ok,
2026-08-02T00:33:48,torcy,224,149,0,ok,
2026-08-02T00:48:56,paris,1000,1000,0,ok,
2026-08-02T00:48:56,meaux,16,16,0,ok,
2026-08-02T00:48:56,chessy,86,72,0,ok,
2026-08-02T00:48:56,serris,68,2,0,ok,
2026-08-02T00:48:56,torcy,224,149,0,ok,
2026-08-02T01:03:58,paris,1000,1000,0,ok,
2026-08-02T01:03:58,meaux,16,16,0,ok,
2026-08-02T01:03:58,chessy,86,72,0,ok,
2026-08-02T01:03:58,serris,68,2,0,ok,
2026-08-02T01:03:58,torcy,224,149,0,ok,
2026-08-02T01:19:11,paris,1000,1000,0,ok,
2026-08-02T01:19:11,meaux,16,16,0,ok,
2026-08-02T01:19:11,chessy,86,72,0,ok,
2026-08-02T01:19:11,serris,68,2,0,ok,
2026-08-02T01:19:11,torcy,224,149,0,ok,
2026-08-02T01:34:02,paris,1000,1000,0,ok,
2026-08-02T01:34:02,meaux,16,16,0,ok,
2026-08-02T01:34:02,chessy,86,72,0,ok,
2026-08-02T01:34:02,serris,68,2,0,ok,
2026-08-02T01:34:02,torcy,224,149,0,ok,
2026-08-02T01:48:53,paris,1000,1000,0,ok,
2026-08-02T01:48:53,meaux,16,16,0,ok,
2026-08-02T01:48:53,chessy,86,72,0,ok,
2026-08-02T01:48:53,serris,68,2,0,ok,
2026-08-02T01:48:53,torcy,224,149,0,ok,
2026-08-02T02:04:05,paris,1000,1000,0,ok,
2026-08-02T02:04:05,meaux,16,16,0,ok,
2026-08-02T02:04:05,chessy,86,72,0,ok,
2026-08-02T02:04:05,serris,68,2,0,ok,
2026-08-02T02:04:05,torcy,224,149,0,ok,
2026-08-02T02:17:09,paris,1000,1000,0,ok,
2026-08-02T02:17:09,meaux,16,16,0,ok,
2026-08-02T02:17:09,chessy,86,72,0,ok,
2026-08-02T02:17:09,serris,68,2,0,ok,
2026-08-02T02:17:09,torcy,224,149,0,ok,
2026-08-02T02:34:00,paris,1000,1000,0,ok,
2026-08-02T02:34:00,meaux,16,16,0,ok,
2026-08-02T02:34:00,chessy,86,72,0,ok,
2026-08-02T02:34:00,serris,68,2,0,ok,
2026-08-02T02:34:00,torcy,224,149,0,ok,
2026-08-02T02:49:01,paris,1000,1000,0,ok,
2026-08-02T02:49:01,meaux,16,16,0,ok,
2026-08-02T02:49:01,chessy,86,72,0,ok,
2026-08-02T02:49:01,serris,68,2,0,ok,
2026-08-02T02:49:01,torcy,224,149,0,ok,
2026-08-02T03:04:25,paris,1000,1000,0,ok,
2026-08-02T03:04:25,meaux,16,16,0,ok,
2026-08-02T03:04:25,chessy,86,72,0,ok,
2026-08-02T03:04:25,serris,68,2,0,ok,
2026-08-02T03:04:25,torcy,224,149,0,ok,
2026-08-02T03:19:06,paris,1000,1000,0,ok,
2026-08-02T03:19:06,meaux,16,16,0,ok,
2026-08-02T03:19:06,chessy,86,72,0,ok,
2026-08-02T03:19:06,serris,68,2,0,ok,
2026-08-02T03:19:06,torcy,224,149,0,ok,
2026-08-02T03:34:20,paris,1000,1000,0,ok,
2026-08-02T03:34:20,meaux,16,16,0,ok,
2026-08-02T03:34:20,chessy,86,72,0,ok,
2026-08-02T03:34:20,serris,68,2,0,ok,
2026-08-02T03:34:20,torcy,224,149,0,ok,
2026-08-02T03:49:00,paris,1000,1000,0,ok,
2026-08-02T03:49:00,meaux,16,16,0,ok,
2026-08-02T03:49:00,chessy,86,72,0,ok,
2026-08-02T03:49:00,serris,68,2,0,ok,
2026-08-02T03:49:00,torcy,224,149,0,ok,
2026-08-02T04:04:16,paris,1000,1000,0,ok,
2026-08-02T04:04:16,meaux,16,16,0,ok,
2026-08-02T04:04:16,chessy,86,72,0,ok,
2026-08-02T04:04:16,serris,68,2,0,ok,
2026-08-02T04:04:16,torcy,224,149,0,ok,
2026-08-02T04:19:07,paris,1000,1000,0,ok,
2026-08-02T04:19:07,meaux,16,16,0,ok,
2026-08-02T04:19:07,chessy,86,72,0,ok,
2026-08-02T04:19:07,serris,68,2,0,ok,
2026-08-02T04:19:07,torcy,224,149,0,ok,
2026-08-02T04:34:21,paris,1000,1000,0,ok,
2026-08-02T04:34:21,meaux,16,16,0,ok,
2026-08-02T04:34:21,chessy,86,72,0,ok,
2026-08-02T04:34:21,serris,68,2,0,ok,
2026-08-02T04:34:21,torcy,224,149,0,ok,
2026-08-02T04:49:07,paris,1000,1000,0,ok,
2026-08-02T04:49:07,meaux,16,16,0,ok,
2026-08-02T04:49:07,chessy,86,72,0,ok,
2026-08-02T04:49:07,serris,68,2,0,ok,
2026-08-02T04:49:07,torcy,224,149,0,ok,
2026-08-02T05:04:03,paris,1000,1000,0,ok,
2026-08-02T05:04:03,meaux,16,16,0,ok,
2026-08-02T05:04:03,chessy,86,72,0,ok,
2026-08-02T05:04:03,serris,68,2,0,ok,
2026-08-02T05:04:03,torcy,224,149,0,ok,
2026-08-02T05:18:48,paris,1000,1000,0,ok,
2026-08-02T05:18:48,meaux,16,16,0,ok,
2026-08-02T05:18:48,chessy,86,72,0,ok,
2026-08-02T05:18:48,serris,68,2,0,ok,
2026-08-02T05:18:48,torcy,224,149,0,ok,
2026-08-02T05:33:58,paris,1000,1000,0,ok,
2026-08-02T05:33:58,meaux,16,16,0,ok,
2026-08-02T05:33:58,chessy,86,72,0,ok,
2026-08-02T05:33:58,serris,68,2,0,ok,
2026-08-02T05:33:58,torcy,224,149,0,ok,
2026-08-02T05:43:41,paris,1000,1000,0,ok,
2026-08-02T05:43:41,meaux,16,16,0,ok,
2026-08-02T05:43:41,chessy,86,72,0,ok,
2026-08-02T05:43:41,serris,68,2,0,ok,
2026-08-02T05:43:41,torcy,224,149,0,ok,
2026-08-02T05:49:02,paris,1000,1000,0,ok,
2026-08-02T05:49:02,meaux,16,16,0,ok,
2026-08-02T05:49:02,chessy,86,72,0,ok,
2026-08-02T05:49:02,serris,68,2,0,ok,
2026-08-02T05:49:02,torcy,224,149,0,ok,
2026-08-02T06:04:16,paris,1000,1000,0,ok,
2026-08-02T06:04:16,meaux,16,16,0,ok,
2026-08-02T06:04:16,chessy,86,72,0,ok,
2026-08-02T06:04:16,serris,68,2,0,ok,
2026-08-02T06:04:16,torcy,224,149,0,ok,
2026-08-02T06:19:02,paris,1000,1000,0,ok,
2026-08-02T06:19:02,meaux,16,16,0,ok,
2026-08-02T06:19:02,chessy,86,72,0,ok,
2026-08-02T06:19:02,serris,68,2,0,ok,
2026-08-02T06:19:02,torcy,224,149,0,ok,
2026-08-02T06:34:12,paris,1000,1000,0,ok,
2026-08-02T06:34:12,meaux,16,16,0,ok,
2026-08-02T06:34:12,chessy,86,72,0,ok,
2026-08-02T06:34:12,serris,68,2,0,ok,
2026-08-02T06:34:12,torcy,224,149,0,ok,
2026-08-02T06:48:56,paris,1000,1000,0,ok,
2026-08-02T06:48:56,meaux,16,16,0,ok,
2026-08-02T06:48:56,chessy,86,72,0,ok,
2026-08-02T06:48:56,serris,68,2,0,ok,
2026-08-02T06:48:56,torcy,224,149,0,ok,
2026-08-02T07:04:27,paris,1000,1000,0,ok,
2026-08-02T07:04:27,meaux,16,16,0,ok,
2026-08-02T07:04:27,chessy,86,72,0,ok,
2026-08-02T07:04:27,serris,68,2,0,ok,
2026-08-02T07:04:27,torcy,224,149,0,ok,
2026-08-02T07:19:10,paris,1000,1000,0,ok,
2026-08-02T07:19:10,meaux,16,16,0,ok,
2026-08-02T07:19:10,chessy,86,72,0,ok,
2026-08-02T07:19:10,serris,68,2,0,ok,
2026-08-02T07:19:10,torcy,224,149,0,ok,
2026-08-02T07:34:36,paris,1000,1000,0,ok,
2026-08-02T07:34:36,meaux,16,16,0,ok,
2026-08-02T07:34:36,chessy,86,72,0,ok,
2026-08-02T07:34:36,serris,68,2,0,ok,
2026-08-02T07:34:36,torcy,224,149,0,ok,
2026-08-02T07:49:12,paris,1000,1000,0,ok,
2026-08-02T07:49:12,meaux,16,16,0,ok,
2026-08-02T07:49:12,chessy,86,72,0,ok,
2026-08-02T07:49:12,serris,68,2,0,ok,
2026-08-02T07:49:12,torcy,224,149,0,ok,
2026-08-02T08:04:31,paris,1000,1000,0,ok,
2026-08-02T08:04:31,meaux,16,16,0,ok,
2026-08-02T08:04:31,chessy,86,72,0,ok,
2026-08-02T08:04:31,serris,68,2,0,ok,
2026-08-02T08:04:31,torcy,224,149,0,ok,
2026-08-02T08:16:56,paris,1000,1000,0,ok,
2026-08-02T08:16:56,meaux,16,16,0,ok,
2026-08-02T08:16:56,chessy,86,72,0,ok,
2026-08-02T08:16:56,serris,68,2,0,ok,
2026-08-02T08:16:56,torcy,224,149,0,ok,
2026-08-02T08:34:29,paris,1000,1000,0,ok,
2026-08-02T08:34:29,meaux,16,16,0,ok,
2026-08-02T08:34:29,chessy,86,72,0,ok,
2026-08-02T08:34:29,serris,68,2,0,ok,
2026-08-02T08:34:29,torcy,224,149,0,ok,
2026-08-02T08:49:17,paris,1000,1000,0,ok,
2026-08-02T08:49:17,meaux,16,16,0,ok,
2026-08-02T08:49:17,chessy,86,72,0,ok,
2026-08-02T08:49:17,serris,68,2,0,ok,
2026-08-02T08:49:17,torcy,224,149,0,ok,
2026-08-02T09:04:31,paris,1000,1000,0,ok,
2026-08-02T09:04:31,meaux,16,16,0,ok,
2026-08-02T09:04:31,chessy,86,72,0,ok,
2026-08-02T09:04:31,serris,68,2,0,ok,
2026-08-02T09:04:31,torcy,224,149,0,ok,
2026-08-02T09:19:04,paris,1000,1000,0,ok,
2026-08-02T09:19:04,meaux,16,16,0,ok,
2026-08-02T09:19:04,chessy,86,72,0,ok,
2026-08-02T09:19:04,serris,68,2,0,ok,
2026-08-02T09:19:04,torcy,224,149,0,ok,
2026-08-02T09:34:20,paris,1000,1000,0,ok,
2026-08-02T09:34:20,meaux,16,16,0,ok,
2026-08-02T09:34:20,chessy,86,72,0,ok,
2026-08-02T09:34:20,serris,68,2,0,ok,
2026-08-02T09:34:20,torcy,224,149,0,ok,
2026-08-02T09:49:18,paris,1000,1000,0,ok,
2026-08-02T09:49:18,meaux,16,16,0,ok,
2026-08-02T09:49:18,chessy,86,72,0,ok,
2026-08-02T09:49:18,serris,68,2,0,ok,
2026-08-02T09:49:18,torcy,224,149,0,ok,
2026-08-02T10:04:28,paris,1000,1000,0,ok,
2026-08-02T10:04:28,meaux,16,16,0,ok,
2026-08-02T10:04:28,chessy,86,72,0,ok,
2026-08-02T10:04:28,serris,68,2,0,ok,
2026-08-02T10:04:28,torcy,224,149,0,ok,
2026-08-02T10:17:02,paris,1000,1000,0,ok,
2026-08-02T10:17:02,meaux,16,16,0,ok,
2026-08-02T10:17:02,chessy,86,72,0,ok,
2026-08-02T10:17:02,serris,68,2,0,ok,
2026-08-02T10:17:02,torcy,224,149,0,ok,
2026-08-02T10:34:25,paris,1000,1000,0,ok,
2026-08-02T10:34:25,meaux,16,16,0,ok,
2026-08-02T10:34:25,chessy,86,72,0,ok,
2026-08-02T10:34:25,serris,68,2,0,ok,
2026-08-02T10:34:25,torcy,224,149,0,ok,
2026-08-02T10:49:11,paris,1000,1000,0,ok,
2026-08-02T10:49:11,meaux,16,16,0,ok,
2026-08-02T10:49:11,chessy,86,72,0,ok,
2026-08-02T10:49:11,serris,68,2,0,ok,
2026-08-02T10:49:11,torcy,224,149,0,ok,
2026-08-02T11:04:28,paris,1000,1000,0,ok,
2026-08-02T11:04:28,meaux,16,16,0,ok,
2026-08-02T11:04:28,chessy,86,72,0,ok,
2026-08-02T11:04:28,serris,68,2,0,ok,
2026-08-02T11:04:28,torcy,224,149,0,ok,
2026-08-02T11:19:15,paris,1000,1000,0,ok,
2026-08-02T11:19:15,meaux,16,16,0,ok,
2026-08-02T11:19:15,chessy,86,72,0,ok,
2026-08-02T11:19:15,serris,68,2,0,ok,
2026-08-02T11:19:15,torcy,224,149,0,ok,
2026-08-02T11:34:23,paris,1000,1000,0,ok,
2026-08-02T11:34:23,meaux,16,16,0,ok,
2026-08-02T11:34:23,chessy,86,72,0,ok,
2026-08-02T11:34:23,serris,68,2,0,ok,
2026-08-02T11:34:23,torcy,224,149,0,ok,
2026-08-02T11:44:13,paris,1000,1000,0,ok,
2026-08-02T11:44:13,meaux,16,16,0,ok,
2026-08-02T11:44:13,chessy,86,72,0,ok,
2026-08-02T11:44:13,serris,68,2,0,ok,
2026-08-02T11:44:13,torcy,224,149,0,ok,
2026-08-02T11:49:12,paris,1000,1000,0,ok,
2026-08-02T11:49:12,meaux,16,16,0,ok,
2026-08-02T11:49:12,chessy,86,72,0,ok,
2026-08-02T11:49:12,serris,68,2,0,ok,
2026-08-02T11:49:12,torcy,224,149,0,ok,
2026-08-02T12:04:28,paris,1000,1000,0,ok,
2026-08-02T12:04:28,meaux,16,16,0,ok,
2026-08-02T12:04:28,chessy,86,72,0,ok,
2026-08-02T12:04:28,serris,68,2,0,ok,
2026-08-02T12:04:28,torcy,224,149,0,ok,
2026-08-02T12:19:14,paris,1000,1000,0,ok,
2026-08-02T12:19:14,meaux,16,16,0,ok,
2026-08-02T12:19:14,chessy,86,72,0,ok,
2026-08-02T12:19:14,serris,68,2,0,ok,
2026-08-02T12:19:14,torcy,223,148,0,ok,
2026-08-02T12:34:28,paris,1000,1000,0,ok,
2026-08-02T12:34:28,meaux,16,16,0,ok,
2026-08-02T12:34:28,chessy,86,72,0,ok,
2026-08-02T12:34:28,serris,68,2,0,ok,
2026-08-02T12:34:28,torcy,223,148,0,ok,
2026-08-02T12:49:19,paris,1000,1000,0,ok,
2026-08-02T12:49:19,meaux,16,16,0,ok,
2026-08-02T12:49:19,chessy,86,72,0,ok,
2026-08-02T12:49:19,serris,68,2,0,ok,
2026-08-02T12:49:19,torcy,223,148,0,ok,
2026-08-02T13:04:43,paris,1000,1000,0,ok,
2026-08-02T13:04:43,meaux,16,16,0,ok,
2026-08-02T13:04:43,chessy,86,72,0,ok,
2026-08-02T13:04:43,serris,68,2,0,ok,
2026-08-02T13:04:43,torcy,223,148,0,ok,
2026-08-02T13:12:39,paris,1000,1000,0,ok,
2026-08-02T13:12:39,meaux,16,16,0,ok,
2026-08-02T13:12:39,chessy,86,72,0,ok,
2026-08-02T13:12:39,serris,68,2,0,ok,
2026-08-02T13:12:39,torcy,223,148,0,ok,
2026-08-02T13:19:27,paris,1000,1000,0,ok,
2026-08-02T13:19:27,meaux,16,16,0,ok,
2026-08-02T13:19:27,chessy,86,72,0,ok,
2026-08-02T13:19:27,serris,68,2,0,ok,
2026-08-02T13:19:27,torcy,223,148,0,ok,
2026-08-02T13:34:23,paris,1000,1000,0,ok,
2026-08-02T13:34:23,meaux,16,16,0,ok,
2026-08-02T13:34:23,chessy,86,72,0,ok,
2026-08-02T13:34:23,serris,68,2,0,ok,
2026-08-02T13:34:23,torcy,223,148,0,ok,
2026-08-02T13:49:30,paris,1000,1000,0,ok,
2026-08-02T13:49:30,meaux,16,16,0,ok,
2026-08-02T13:49:30,chessy,86,72,0,ok,
2026-08-02T13:49:30,serris,68,2,0,ok,
2026-08-02T13:49:30,torcy,223,148,0,ok,
2026-08-02T14:05:39,paris,1000,1000,0,ok,
2026-08-02T14:05:39,meaux,16,16,0,ok,
2026-08-02T14:05:39,chessy,86,72,0,ok,
2026-08-02T14:05:39,serris,68,2,0,ok,
2026-08-02T14:05:39,torcy,223,148,0,ok,
2026-08-02T14:19:15,paris,1000,1000,0,ok,
2026-08-02T14:19:15,meaux,16,16,0,ok,
2026-08-02T14:19:15,chessy,86,72,0,ok,
2026-08-02T14:19:15,serris,68,2,0,ok,
2026-08-02T14:19:15,torcy,223,148,0,ok,
2026-08-02T14:34:01,paris,1000,1000,0,ok,
2026-08-02T14:34:01,meaux,16,16,0,ok,
2026-08-02T14:34:01,chessy,86,72,0,ok,
2026-08-02T14:34:01,serris,68,2,0,ok,
2026-08-02T14:34:01,torcy,223,148,0,ok,
2026-08-02T14:49:11,paris,1000,1000,0,ok,
2026-08-02T14:49:11,meaux,16,16,0,ok,
2026-08-02T14:49:11,chessy,86,72,0,ok,
2026-08-02T14:49:11,serris,68,2,0,ok,
2026-08-02T14:49:11,torcy,223,148,0,ok,
2026-08-02T15:04:30,paris,1000,1000,0,ok,
2026-08-02T15:04:30,meaux,16,16,0,ok,
2026-08-02T15:04:30,chessy,86,72,0,ok,
2026-08-02T15:04:30,serris,68,2,0,ok,
2026-08-02T15:04:30,torcy,223,148,0,ok,
2026-08-02T15:19:14,paris,1000,1000,0,ok,
2026-08-02T15:19:14,meaux,16,16,0,ok,
2026-08-02T15:19:14,chessy,86,72,0,ok,
2026-08-02T15:19:14,serris,68,2,0,ok,
2026-08-02T15:19:14,torcy,223,148,0,ok,
2026-08-02T15:34:29,paris,1000,1000,0,ok,
2026-08-02T15:34:29,meaux,16,16,0,ok,
2026-08-02T15:34:29,chessy,86,72,0,ok,
2026-08-02T15:34:29,serris,68,2,0,ok,
2026-08-02T15:34:29,torcy,223,148,0,ok,
2026-08-02T15:49:20,paris,1000,1000,0,ok,
2026-08-02T15:49:20,meaux,16,16,0,ok,
2026-08-02T15:49:20,chessy,86,72,0,ok,
2026-08-02T15:49:20,serris,68,2,0,ok,
2026-08-02T15:49:20,torcy,223,148,0,ok,
2026-08-02T16:00:40,paris,1000,1000,0,ok,
2026-08-02T16:00:40,meaux,16,16,0,ok,
2026-08-02T16:00:40,chessy,86,72,0,ok,
2026-08-02T16:00:40,serris,68,2,0,ok,
2026-08-02T16:00:40,torcy,223,148,0,ok,
2026-08-02T16:22:48,paris,1000,1000,0,ok,
2026-08-02T16:22:48,meaux,16,16,0,ok,
2026-08-02T16:22:48,chessy,86,72,0,ok,
2026-08-02T16:22:48,serris,68,2,0,ok,
2026-08-02T16:22:48,torcy,223,148,0,ok,
2026-08-02T16:34:33,paris,1000,1000,0,ok,
2026-08-02T16:34:33,meaux,16,16,0,ok,
2026-08-02T16:34:33,chessy,86,72,0,ok,
2026-08-02T16:34:33,serris,68,2,0,ok,
2026-08-02T16:34:33,torcy,223,148,0,ok,
2026-08-02T16:49:04,paris,1000,1000,0,ok,
2026-08-02T16:49:04,meaux,16,16,0,ok,
2026-08-02T16:49:04,chessy,86,72,0,ok,
2026-08-02T16:49:04,serris,68,2,0,ok,
2026-08-02T16:49:04,torcy,223,148,0,ok,
2026-08-02T17:00:25,paris,1000,1000,0,ok,
2026-08-02T17:00:25,meaux,16,16,0,ok,
2026-08-02T17:00:25,chessy,86,72,0,ok,
2026-08-02T17:00:25,serris,68,2,0,ok,
2026-08-02T17:00:25,torcy,223,148,0,ok,
2026-08-02T17:19:12,paris,1000,1000,0,ok,
2026-08-02T17:19:12,meaux,16,16,0,ok,
2026-08-02T17:19:12,chessy,86,72,0,ok,
2026-08-02T17:19:12,serris,68,2,0,ok,
2026-08-02T17:19:12,torcy,223,148,0,ok,
2026-08-02T17:34:17,paris,1000,1000,0,ok,
2026-08-02T17:34:17,meaux,16,16,0,ok,
2026-08-02T17:34:17,chessy,86,72,0,ok,
2026-08-02T17:34:17,serris,68,2,0,ok,
2026-08-02T17:34:17,torcy,223,148,0,ok,
2026-08-02T17:49:15,paris,1000,1000,0,ok,
2026-08-02T17:49:15,meaux,16,16,0,ok,
2026-08-02T17:49:15,chessy,86,72,0,ok,
2026-08-02T17:49:15,serris,68,2,0,ok,
2026-08-02T17:49:15,torcy,223,148,0,ok,
2026-08-02T18:04:13,paris,1000,1000,0,ok,
2026-08-02T18:04:13,meaux,16,16,0,ok,
2026-08-02T18:04:13,chessy,86,72,0,ok,
2026-08-02T18:04:13,serris,68,2,0,ok,
2026-08-02T18:04:13,torcy,223,148,0,ok,
2026-08-02T18:19:11,paris,1000,1000,0,ok,
2026-08-02T18:19:11,meaux,16,16,0,ok,
2026-08-02T18:19:11,chessy,86,72,0,ok,
2026-08-02T18:19:11,serris,68,2,0,ok,
2026-08-02T18:19:11,torcy,223,148,0,ok,
2026-08-02T18:34:23,paris,1000,1000,0,ok,
2026-08-02T18:34:23,meaux,16,16,0,ok,
2026-08-02T18:34:23,chessy,86,72,0,ok,
2026-08-02T18:34:23,serris,68,2,0,ok,
2026-08-02T18:34:23,torcy,223,148,0,ok,
2026-08-02T18:49:23,paris,1000,1000,0,ok,
2026-08-02T18:49:23,meaux,16,16,0,ok,
2026-08-02T18:49:23,chessy,86,72,0,ok,
2026-08-02T18:49:23,serris,68,2,0,ok,
2026-08-02T18:49:23,torcy,223,148,0,ok,
2026-08-02T19:04:36,paris,1000,1000,0,ok,
2026-08-02T19:04:36,meaux,16,16,0,ok,
2026-08-02T19:04:36,chessy,86,72,0,ok,
2026-08-02T19:04:36,serris,68,2,0,ok,
2026-08-02T19:04:36,torcy,223,148,0,ok,
2026-08-02T19:19:08,paris,1000,1000,0,ok,
2026-08-02T19:19:08,meaux,16,16,0,ok,
2026-08-02T19:19:08,chessy,86,72,0,ok,
2026-08-02T19:19:08,serris,68,2,0,ok,
2026-08-02T19:19:08,torcy,223,148,0,ok,
2026-08-02T19:34:33,paris,1000,1000,0,ok,
2026-08-02T19:34:33,meaux,16,16,0,ok,
2026-08-02T19:34:33,chessy,86,72,0,ok,
2026-08-02T19:34:33,serris,68,2,0,ok,
2026-08-02T19:34:33,torcy,223,148,0,ok,
2026-08-02T19:45:12,paris,1000,1000,0,ok,
2026-08-02T19:45:12,meaux,16,16,0,ok,
2026-08-02T19:45:12,chessy,86,72,0,ok,
2026-08-02T19:45:12,serris,68,2,0,ok,
2026-08-02T19:45:12,torcy,223,148,0,ok,
2026-08-02T20:04:43,paris,1000,1000,0,ok,
2026-08-02T20:04:43,meaux,16,16,0,ok,
2026-08-02T20:04:43,chessy,86,72,0,ok,
2026-08-02T20:04:43,serris,68,2,0,ok,
2026-08-02T20:04:43,torcy,223,148,0,ok,
2026-08-02T20:19:21,paris,1000,1000,0,ok,
2026-08-02T20:19:21,meaux,16,16,0,ok,
2026-08-02T20:19:21,chessy,86,72,0,ok,
2026-08-02T20:19:21,serris,68,2,0,ok,
2026-08-02T20:19:21,torcy,223,148,0,ok,
2026-08-02T20:34:17,paris,1000,1000,0,ok,
2026-08-02T20:34:17,meaux,16,16,0,ok,
2026-08-02T20:34:17,chessy,86,72,0,ok,
2026-08-02T20:34:17,serris,68,2,0,ok,
2026-08-02T20:34:17,torcy,223,148,0,ok,
2026-08-02T20:49:14,paris,1000,1000,0,ok,
2026-08-02T20:49:14,meaux,16,16,0,ok,
2026-08-02T20:49:14,chessy,86,72,0,ok,
2026-08-02T20:49:14,serris,68,2,0,ok,
2026-08-02T20:49:14,torcy,223,148,0,ok,
2026-08-02T21:04:32,paris,1000,1000,0,ok,
2026-08-02T21:04:32,meaux,16,16,0,ok,
2026-08-02T21:04:32,chessy,86,72,0,ok,
2026-08-02T21:04:32,serris,68,2,0,ok,
2026-08-02T21:04:32,torcy,223,148,0,ok,
2026-08-02T21:19:13,paris,1000,1000,0,ok,
2026-08-02T21:19:13,meaux,16,16,0,ok,
2026-08-02T21:19:13,chessy,86,72,0,ok,
2026-08-02T21:19:13,serris,68,2,0,ok,
2026-08-02T21:19:13,torcy,223,148,0,ok,
2026-08-02T21:34:26,paris,1000,1000,0,ok,
2026-08-02T21:34:26,meaux,16,16,0,ok,
2026-08-02T21:34:26,chessy,86,72,0,ok,
2026-08-02T21:34:26,serris,68,2,0,ok,
2026-08-02T21:34:26,torcy,223,148,0,ok,
2026-08-02T21:49:24,paris,1000,1000,0,ok,
2026-08-02T21:49:24,meaux,16,16,0,ok,
2026-08-02T21:49:24,chessy,86,72,0,ok,
2026-08-02T21:49:24,serris,68,2,0,ok,
2026-08-02T21:49:24,torcy,223,148,0,ok,
2026-08-02T21:54:05,paris,1000,1000,0,ok,
2026-08-02T21:54:05,meaux,16,16,0,ok,
2026-08-02T21:54:05,chessy,86,72,0,ok,
2026-08-02T21:54:05,serris,68,2,0,ok,
2026-08-02T21:54:05,torcy,223,148,0,ok,
2026-08-02T22:04:32,paris,1000,1000,0,ok,
2026-08-02T22:04:32,meaux,16,16,0,ok,
2026-08-02T22:04:32,chessy,86,72,0,ok,
2026-08-02T22:04:32,serris,68,2,0,ok,
2026-08-02T22:04:32,torcy,223,148,0,ok,
2026-08-02T22:19:31,paris,1000,1000,0,ok,
2026-08-02T22:19:31,meaux,16,16,0,ok,
2026-08-02T22:19:31,chessy,86,72,0,ok,
2026-08-02T22:19:31,serris,68,2,0,ok,
2026-08-02T22:19:31,torcy,223,148,0,ok,
2026-08-02T22:34:28,paris,1000,1000,0,ok,
2026-08-02T22:34:28,meaux,16,16,0,ok,
2026-08-02T22:34:28,chessy,86,72,0,ok,
2026-08-02T22:34:28,serris,68,2,0,ok,
2026-08-02T22:34:28,torcy,223,148,0,ok,
2026-08-02T22:50:29,paris,1000,1000,0,ok,
2026-08-02T22:50:29,meaux,16,16,0,ok,
2026-08-02T22:50:29,chessy,86,72,0,ok,
2026-08-02T22:50:29,serris,68,2,0,ok,
2026-08-02T22:50:29,torcy,223,148,0,ok,
2026-08-02T22:54:53,paris,1000,1000,0,ok,
2026-08-02T22:54:53,meaux,16,16,0,ok,
2026-08-02T22:54:53,chessy,86,72,0,ok,
2026-08-02T22:54:53,serris,68,2,0,ok,
2026-08-02T22:54:53,torcy,223,148,0,ok,
2026-08-02T23:04:35,paris,1000,1000,0,ok,
2026-08-02T23:04:35,meaux,16,16,0,ok,
2026-08-02T23:04:35,chessy,86,72,0,ok,
2026-08-02T23:04:35,serris,68,2,0,ok,
2026-08-02T23:04:35,torcy,223,148,0,ok,
2026-08-02T23:19:08,paris,1000,1000,0,ok,
2026-08-02T23:19:08,meaux,16,16,0,ok,
2026-08-02T23:19:08,chessy,86,72,0,ok,
2026-08-02T23:19:08,serris,68,2,0,ok,
2026-08-02T23:19:08,torcy,223,148,0,ok,
2026-08-02T23:34:23,paris,1000,1000,0,ok,
2026-08-02T23:34:23,meaux,16,16,0,ok,
2026-08-02T23:34:23,chessy,86,72,0,ok,
2026-08-02T23:34:23,serris,68,2,0,ok,
2026-08-02T23:34:23,torcy,223,148,0,ok,
2026-08-02T23:49:11,paris,1000,1000,0,ok,
2026-08-02T23:49:11,meaux,16,16,0,ok,
2026-08-02T23:49:11,chessy,86,72,0,ok,
2026-08-02T23:49:11,serris,68,2,0,ok,
2026-08-02T23:49:11,torcy,223,148,0,ok,
2026-08-02T23:57:44,paris,1000,1000,0,ok,
2026-08-02T23:57:44,meaux,16,16,0,ok,
2026-08-02T23:57:44,chessy,86,72,0,ok,
2026-08-02T23:57:44,serris,68,2,0,ok,
2026-08-02T23:57:44,torcy,223,148,0,ok,
2026-08-03T00:04:34,paris,1000,1000,0,ok,
2026-08-03T00:04:34,meaux,16,16,0,ok,
2026-08-03T00:04:34,chessy,86,72,0,ok,
2026-08-03T00:04:34,serris,68,2,0,ok,
2026-08-03T00:04:34,torcy,223,148,0,ok,
2026-08-03T00:20:32,paris,1000,1000,0,ok,
2026-08-03T00:20:32,meaux,16,16,0,ok,
2026-08-03T00:20:32,chessy,86,72,0,ok,
2026-08-03T00:20:32,serris,68,2,0,ok,
2026-08-03T00:20:32,torcy,223,148,0,ok,
2026-08-03T00:34:23,paris,1000,1000,0,ok,
2026-08-03T00:34:23,meaux,16,16,0,ok,
2026-08-03T00:34:23,chessy,86,72,0,ok,
2026-08-03T00:34:23,serris,68,2,0,ok,
2026-08-03T00:34:23,torcy,223,148,0,ok,
2026-08-03T00:49:22,paris,1000,1000,0,ok,
2026-08-03T00:49:22,meaux,16,16,0,ok,
2026-08-03T00:49:22,chessy,86,72,0,ok,
2026-08-03T00:49:22,serris,68,2,0,ok,
2026-08-03T00:49:22,torcy,223,148,0,ok,
2026-08-03T01:04:33,paris,1000,1000,0,ok,
2026-08-03T01:04:33,meaux,16,16,0,ok,
2026-08-03T01:04:33,chessy,86,72,0,ok,
2026-08-03T01:04:33,serris,68,2,0,ok,
2026-08-03T01:04:33,torcy,223,148,0,ok,
2026-08-03T01:19:21,paris,1000,1000,0,ok,
2026-08-03T01:19:21,meaux,16,16,0,ok,
2026-08-03T01:19:21,chessy,86,72,0,ok,
2026-08-03T01:19:21,serris,68,2,0,ok,
2026-08-03T01:19:21,torcy,223,148,0,ok,
2026-08-03T01:34:27,paris,1000,1000,0,ok,
2026-08-03T01:34:27,meaux,16,16,0,ok,
2026-08-03T01:34:27,chessy,86,72,0,ok,
2026-08-03T01:34:27,serris,68,2,0,ok,
2026-08-03T01:34:27,torcy,223,148,0,ok,
2026-08-03T01:49:23,paris,1000,1000,0,ok,
2026-08-03T01:49:23,meaux,16,16,0,ok,
2026-08-03T01:49:23,chessy,86,72,0,ok,
2026-08-03T01:49:23,serris,68,2,0,ok,
2026-08-03T01:49:23,torcy,223,148,0,ok,
2026-08-03T02:04:48,paris,1000,1000,0,ok,
2026-08-03T02:04:48,meaux,16,16,0,ok,
2026-08-03T02:04:48,chessy,86,72,0,ok,
2026-08-03T02:04:48,serris,68,2,0,ok,
2026-08-03T02:04:48,torcy,223,148,0,ok,
2026-08-03T02:19:15,paris,1000,1000,0,ok,
2026-08-03T02:19:15,meaux,16,16,0,ok,
2026-08-03T02:19:15,chessy,86,72,0,ok,
2026-08-03T02:19:15,serris,68,2,0,ok,
2026-08-03T02:19:15,torcy,223,148,0,ok,
2026-08-03T02:25:18,paris,1000,1000,0,ok,
2026-08-03T02:25:18,meaux,16,16,0,ok,
2026-08-03T02:25:18,chessy,86,72,0,ok,
2026-08-03T02:25:18,serris,68,2,0,ok,
2026-08-03T02:25:18,torcy,223,148,0,ok,
2026-08-03T02:34:41,paris,1000,1000,0,ok,
2026-08-03T02:34:41,meaux,16,16,0,ok,
2026-08-03T02:34:41,chessy,86,72,0,ok,
2026-08-03T02:34:41,serris,68,2,0,ok,
2026-08-03T02:34:41,torcy,223,148,0,ok,
2026-08-03T02:49:32,paris,1000,1000,0,ok,
2026-08-03T02:49:32,meaux,16,16,0,ok,
2026-08-03T02:49:32,chessy,86,72,0,ok,
2026-08-03T02:49:32,serris,68,2,0,ok,
2026-08-03T02:49:32,torcy,223,148,0,ok,
2026-08-03T03:04:41,paris,1000,1000,0,ok,
2026-08-03T03:04:41,meaux,16,16,0,ok,
2026-08-03T03:04:41,chessy,86,72,0,ok,
2026-08-03T03:04:41,serris,68,2,0,ok,
2026-08-03T03:04:41,torcy,223,148,0,ok,
2026-08-03T03:19:30,paris,1000,1000,0,ok,
2026-08-03T03:19:30,meaux,16,16,0,ok,
2026-08-03T03:19:30,chessy,86,72,0,ok,
2026-08-03T03:19:30,serris,68,2,0,ok,
2026-08-03T03:19:30,torcy,223,148,0,ok,
2026-08-03T03:34:35,paris,1000,1000,0,ok,
2026-08-03T03:34:35,meaux,16,16,0,ok,
2026-08-03T03:34:35,chessy,86,72,0,ok,
2026-08-03T03:34:35,serris,68,2,0,ok,
2026-08-03T03:34:35,torcy,223,148,0,ok,
2026-08-03T03:49:19,paris,1000,1000,0,ok,
2026-08-03T03:49:19,meaux,16,16,0,ok,
2026-08-03T03:49:19,chessy,86,72,0,ok,
2026-08-03T03:49:19,serris,68,2,0,ok,
2026-08-03T03:49:19,torcy,223,148,0,ok,
2026-08-03T04:05:01,paris,1000,1000,0,ok,
2026-08-03T04:05:01,meaux,16,16,0,ok,
2026-08-03T04:05:01,chessy,86,72,0,ok,
2026-08-03T04:05:01,serris,68,2,0,ok,
2026-08-03T04:05:01,torcy,223,148,0,ok,
2026-08-03T04:19:28,paris,1000,1000,0,ok,
2026-08-03T04:19:28,meaux,16,16,0,ok,
2026-08-03T04:19:28,chessy,86,72,0,ok,
2026-08-03T04:19:28,serris,68,2,0,ok,
2026-08-03T04:19:28,torcy,223,148,0,ok,
2026-08-03T04:34:40,paris,1000,1000,0,ok,
2026-08-03T04:34:40,meaux,16,16,0,ok,
2026-08-03T04:34:40,chessy,86,72,0,ok,
2026-08-03T04:34:40,serris,68,2,0,ok,
2026-08-03T04:34:40,torcy,223,148,0,ok,
2026-08-03T04:49:26,paris,1000,1000,0,ok,
2026-08-03T04:49:26,meaux,16,16,0,ok,
2026-08-03T04:49:26,chessy,86,72,0,ok,
2026-08-03T04:49:26,serris,68,2,0,ok,
2026-08-03T04:49:26,torcy,223,148,0,ok,
2026-08-03T05:04:48,paris,1000,1000,0,ok,
2026-08-03T05:04:48,meaux,16,16,0,ok,
2026-08-03T05:04:48,chessy,86,72,0,ok,
2026-08-03T05:04:48,serris,68,2,0,ok,
2026-08-03T05:04:48,torcy,223,148,0,ok,
2026-08-03T05:19:31,paris,1000,1000,0,ok,
2026-08-03T05:19:31,meaux,16,16,0,ok,
2026-08-03T05:19:31,chessy,86,72,0,ok,
2026-08-03T05:19:31,serris,68,2,0,ok,
2026-08-03T05:19:31,torcy,223,148,0,ok,
2026-08-03T05:34:40,paris,1000,1000,0,ok,
2026-08-03T05:34:40,meaux,16,16,0,ok,
2026-08-03T05:34:40,chessy,86,72,0,ok,
2026-08-03T05:34:40,serris,68,2,0,ok,
2026-08-03T05:34:40,torcy,223,148,0,ok,
2026-08-03T05:49:22,paris,1000,1000,0,ok,
2026-08-03T05:49:22,meaux,16,16,0,ok,
2026-08-03T05:49:22,chessy,86,72,0,ok,
2026-08-03T05:49:22,serris,68,2,0,ok,
2026-08-03T05:49:22,torcy,223,148,0,ok,
2026-08-03T05:59:47,paris,1000,1000,0,ok,
2026-08-03T05:59:47,meaux,16,16,0,ok,
2026-08-03T05:59:47,chessy,86,72,0,ok,
2026-08-03T05:59:47,serris,68,2,0,ok,
2026-08-03T05:59:47,torcy,223,148,0,ok,
2026-08-03T06:04:56,paris,1000,1000,0,ok,
2026-08-03T06:04:56,meaux,16,16,0,ok,
2026-08-03T06:04:56,chessy,86,72,0,ok,
2026-08-03T06:04:56,serris,68,2,0,ok,
2026-08-03T06:04:56,torcy,223,148,0,ok,
2026-08-03T06:19:34,paris,1000,1000,0,ok,
2026-08-03T06:19:34,meaux,16,16,0,ok,
2026-08-03T06:19:34,chessy,86,72,0,ok,
2026-08-03T06:19:34,serris,68,2,0,ok,
2026-08-03T06:19:34,torcy,223,148,0,ok,
2026-08-03T06:34:39,paris,1000,1000,0,ok,
2026-08-03T06:34:39,meaux,16,16,0,ok,
2026-08-03T06:34:39,chessy,86,72,0,ok,
2026-08-03T06:34:39,serris,68,2,0,ok,
2026-08-03T06:34:39,torcy,223,148,0,ok,
2026-08-03T06:49:34,paris,1000,1000,0,ok,
2026-08-03T06:49:34,meaux,16,16,0,ok,
2026-08-03T06:49:34,chessy,86,72,0,ok,
2026-08-03T06:49:34,serris,68,2,0,ok,
2026-08-03T06:49:34,torcy,223,148,0,ok,
2026-08-03T07:05:08,paris,1000,1000,0,ok,
2026-08-03T07:05:08,meaux,16,16,0,ok,
2026-08-03T07:05:08,chessy,86,72,0,ok,
2026-08-03T07:05:08,serris,68,2,0,ok,
2026-08-03T07:05:08,torcy,223,148,0,ok,
2026-08-03T07:19:44,paris,1000,1000,0,ok,
2026-08-03T07:19:44,meaux,16,16,0,ok,
2026-08-03T07:19:44,chessy,86,72,0,ok,
2026-08-03T07:19:44,serris,68,2,0,ok,
2026-08-03T07:19:44,torcy,223,148,0,ok,
2026-08-03T07:34:41,paris,1000,1000,0,ok,
2026-08-03T07:34:41,meaux,16,16,0,ok,
2026-08-03T07:34:41,chessy,86,72,0,ok,
2026-08-03T07:34:41,serris,68,2,0,ok,
2026-08-03T07:34:41,torcy,223,148,0,ok,
2026-08-03T07:49:44,paris,1000,1000,0,ok,
2026-08-03T07:49:44,meaux,16,16,0,ok,
2026-08-03T07:49:44,chessy,86,72,0,ok,
2026-08-03T07:49:44,serris,68,2,0,ok,
2026-08-03T07:49:44,torcy,223,148,0,ok,
2026-08-03T08:05:15,paris,1000,1000,0,ok,
2026-08-03T08:05:15,meaux,16,16,0,ok,
2026-08-03T08:05:15,chessy,86,72,0,ok,
2026-08-03T08:05:15,serris,68,2,0,ok,
2026-08-03T08:05:15,torcy,223,148,0,ok,
2026-08-03T08:20:12,paris,1000,1000,0,ok,
2026-08-03T08:20:12,meaux,16,16,0,ok,
2026-08-03T08:20:12,chessy,86,72,0,ok,
2026-08-03T08:20:12,serris,68,2,0,ok,
2026-08-03T08:20:12,torcy,223,148,0,ok,
2026-08-03T08:35:16,paris,1000,1000,0,ok,
2026-08-03T08:35:16,meaux,16,16,0,ok,
2026-08-03T08:35:16,chessy,86,72,0,ok,
2026-08-03T08:35:16,serris,68,2,0,ok,
2026-08-03T08:35:16,torcy,223,148,0,ok,
2026-08-03T08:50:00,paris,1000,1000,0,ok,
2026-08-03T08:50:00,meaux,16,16,0,ok,
2026-08-03T08:50:00,chessy,86,72,0,ok,
2026-08-03T08:50:00,serris,68,2,0,ok,
2026-08-03T08:50:00,torcy,223,148,0,ok,
2026-08-03T09:05:04,paris,1000,1000,0,ok,
2026-08-03T09:05:04,meaux,16,16,0,ok,
2026-08-03T09:05:04,chessy,86,72,0,ok,
2026-08-03T09:05:04,serris,68,2,0,ok,
2026-08-03T09:05:04,torcy,223,148,0,ok,
2026-08-03T09:20:05,paris,1000,1000,0,ok,
2026-08-03T09:20:05,meaux,16,16,0,ok,
2026-08-03T09:20:05,chessy,86,72,0,ok,
2026-08-03T09:20:05,serris,68,2,0,ok,
2026-08-03T09:20:05,torcy,223,148,0,ok,
2026-08-03T09:35:27,paris,1000,1000,0,ok,
2026-08-03T09:35:27,meaux,16,16,0,ok,
2026-08-03T09:35:27,chessy,86,72,0,ok,
2026-08-03T09:35:27,serris,68,2,0,ok,
2026-08-03T09:35:27,torcy,223,148,0,ok,
2026-08-03T09:42:28,paris,1000,1000,0,ok,
2026-08-03T09:42:28,meaux,16,16,0,ok,
2026-08-03T09:42:28,chessy,86,72,0,ok,
2026-08-03T09:42:28,serris,68,2,0,ok,
2026-08-03T09:42:28,torcy,223,148,0,ok,
2026-08-03T09:49:56,paris,1000,1000,0,ok,
2026-08-03T09:49:56,meaux,16,16,0,ok,
2026-08-03T09:49:56,chessy,86,72,0,ok,
2026-08-03T09:49:56,serris,68,2,0,ok,
2026-08-03T09:49:56,torcy,223,148,0,ok,
2026-08-03T10:04:59,paris,1000,1000,0,ok,
2026-08-03T10:04:59,meaux,16,16,0,ok,
2026-08-03T10:04:59,chessy,86,72,0,ok,
2026-08-03T10:04:59,serris,68,2,0,ok,
2026-08-03T10:04:59,torcy,223,148,0,ok,
2026-08-03T10:19:45,paris,1000,1000,0,ok,
2026-08-03T10:19:45,meaux,16,16,0,ok,
2026-08-03T10:19:45,chessy,86,72,0,ok,
2026-08-03T10:19:45,serris,68,2,0,ok,
2026-08-03T10:19:45,torcy,223,148,0,ok,
2026-08-03T10:34:56,paris,1000,1000,0,ok,
2026-08-03T10:34:56,meaux,16,16,0,ok,
2026-08-03T10:34:56,chessy,86,72,0,ok,
2026-08-03T10:34:56,serris,68,2,0,ok,
2026-08-03T10:34:56,torcy,223,148,0,ok,
2026-08-03T10:49:46,paris,1000,1000,0,ok,
2026-08-03T10:49:46,meaux,16,16,0,ok,
2026-08-03T10:49:46,chessy,86,72,0,ok,
2026-08-03T10:49:46,serris,68,2,0,ok,
2026-08-03T10:49:46,torcy,223,148,0,ok,
2026-08-03T11:04:55,paris,1000,1000,0,ok,
2026-08-03T11:04:55,meaux,16,16,0,ok,
2026-08-03T11:04:55,chessy,86,72,0,ok,
2026-08-03T11:04:55,serris,68,2,0,ok,
2026-08-03T11:04:55,torcy,223,148,0,ok,
2026-08-03T11:19:39,paris,1000,1000,0,ok,
2026-08-03T11:19:39,meaux,16,16,0,ok,
2026-08-03T11:19:39,chessy,86,72,0,ok,
2026-08-03T11:19:39,serris,68,2,0,ok,
2026-08-03T11:19:39,torcy,223,148,0,ok,
2026-08-03T11:34:47,paris,1000,1000,0,ok,
2026-08-03T11:34:47,meaux,16,16,0,ok,
2026-08-03T11:34:47,chessy,86,72,0,ok,
2026-08-03T11:34:47,serris,68,2,0,ok,
2026-08-03T11:34:47,torcy,222,147,0,ok,
2026-08-03T11:49:40,paris,1000,1000,0,ok,
2026-08-03T11:49:40,meaux,16,16,0,ok,
2026-08-03T11:49:40,chessy,86,72,0,ok,
2026-08-03T11:49:40,serris,68,2,0,ok,
2026-08-03T11:49:40,torcy,222,147,0,ok,
2026-08-03T12:05:18,paris,1000,1000,0,ok,
2026-08-03T12:05:18,meaux,16,16,0,ok,
2026-08-03T12:05:18,chessy,86,72,0,ok,
2026-08-03T12:05:18,serris,68,2,0,ok,
2026-08-03T12:05:18,torcy,222,147,0,ok,
2026-08-03T12:19:38,paris,1000,1000,0,ok,
2026-08-03T12:19:38,meaux,16,16,0,ok,
2026-08-03T12:19:38,chessy,86,72,0,ok,
2026-08-03T12:19:38,serris,68,2,0,ok,
2026-08-03T12:19:38,torcy,222,147,0,ok,
2026-08-03T12:35:17,paris,1000,1000,0,ok,
2026-08-03T12:35:17,meaux,16,16,0,ok,
2026-08-03T12:35:17,chessy,86,72,0,ok,
2026-08-03T12:35:17,serris,68,2,0,ok,
2026-08-03T12:35:17,torcy,222,147,0,ok,
2026-08-03T12:49:48,paris,1000,1000,0,ok,
2026-08-03T12:49:48,meaux,16,16,0,ok,
2026-08-03T12:49:48,chessy,86,72,0,ok,
2026-08-03T12:49:48,serris,68,2,0,ok,
2026-08-03T12:49:48,torcy,221,146,0,ok,
2026-08-03T12:56:35,paris,1000,1000,0,ok,
2026-08-03T12:56:35,meaux,16,16,0,ok,
2026-08-03T12:56:35,chessy,86,72,0,ok,
2026-08-03T12:56:35,serris,68,2,0,ok,
2026-08-03T12:56:35,torcy,221,146,0,ok,
2026-08-03T13:05:15,paris,1000,1000,0,ok,
2026-08-03T13:05:15,meaux,16,16,0,ok,
2026-08-03T13:05:15,chessy,86,72,0,ok,
2026-08-03T13:05:15,serris,68,2,0,ok,
2026-08-03T13:05:15,torcy,221,146,0,ok,
2026-08-03T13:19:35,paris,1000,1000,0,ok,
2026-08-03T13:19:35,meaux,16,16,0,ok,
2026-08-03T13:19:35,chessy,86,72,0,ok,
2026-08-03T13:19:35,serris,68,2,0,ok,
2026-08-03T13:19:35,torcy,221,146,0,ok,
2026-08-03T13:34:58,paris,1000,1000,0,ok,
2026-08-03T13:34:58,meaux,16,16,0,ok,
2026-08-03T13:34:58,chessy,86,72,0,ok,
2026-08-03T13:34:58,serris,68,2,0,ok,
2026-08-03T13:34:58,torcy,221,146,0,ok,
2026-08-03T13:49:48,paris,1000,1000,0,ok,
2026-08-03T13:49:48,meaux,16,16,0,ok,
2026-08-03T13:49:48,chessy,86,72,0,ok,
2026-08-03T13:49:48,serris,68,2,0,ok,
2026-08-03T13:49:48,torcy,221,146,0,ok,
2026-08-03T14:05:14,paris,1000,1000,0,ok,
2026-08-03T14:05:14,meaux,16,16,0,ok,
2026-08-03T14:05:14,chessy,86,72,0,ok,
2026-08-03T14:05:14,serris,68,2,0,ok,
2026-08-03T14:05:14,torcy,221,146,0,ok,
2026-08-03T14:20:03,paris,1000,1000,0,ok,
2026-08-03T14:20:03,meaux,16,16,0,ok,
2026-08-03T14:20:03,chessy,86,72,0,ok,
2026-08-03T14:20:03,serris,68,2,0,ok,
2026-08-03T14:20:03,torcy,221,146,0,ok,
2026-08-03T14:35:07,paris,1000,1000,0,ok,
2026-08-03T14:35:07,meaux,16,16,0,ok,
2026-08-03T14:35:07,chessy,86,72,0,ok,
2026-08-03T14:35:07,serris,68,2,0,ok,
2026-08-03T14:35:07,torcy,221,146,0,ok,
2026-08-03T14:49:50,paris,1000,1000,0,ok,
2026-08-03T14:49:50,meaux,16,16,0,ok,
2026-08-03T14:49:50,chessy,86,72,0,ok,
2026-08-03T14:49:50,serris,68,2,0,ok,
2026-08-03T14:49:50,torcy,221,146,0,ok,
2026-08-03T15:05:09,paris,1000,1000,0,ok,
2026-08-03T15:05:09,meaux,16,16,0,ok,
2026-08-03T15:05:09,chessy,86,72,0,ok,
2026-08-03T15:05:09,serris,68,2,0,ok,
2026-08-03T15:05:09,torcy,221,146,0,ok,
2026-08-03T15:20:03,paris,1000,1000,0,ok,
2026-08-03T15:20:03,meaux,16,16,0,ok,
2026-08-03T15:20:03,chessy,86,72,0,ok,
2026-08-03T15:20:03,serris,68,2,0,ok,
2026-08-03T15:20:03,torcy,221,146,0,ok,
2026-08-03T15:35:03,paris,1000,1000,0,ok,
2026-08-03T15:35:03,meaux,16,16,0,ok,
2026-08-03T15:35:03,chessy,86,72,0,ok,
2026-08-03T15:35:03,serris,68,2,0,ok,
2026-08-03T15:35:03,torcy,221,146,0,ok,
2026-08-03T15:44:37,paris,1000,1000,0,ok,
2026-08-03T15:44:37,meaux,16,16,0,ok,
2026-08-03T15:44:37,chessy,86,72,0,ok,
2026-08-03T15:44:37,serris,68,2,0,ok,
2026-08-03T15:44:37,torcy,221,146,0,ok,
2026-08-03T15:50:42,paris,1000,1000,0,ok,
2026-08-03T15:50:42,meaux,16,16,0,ok,
2026-08-03T15:50:42,chessy,86,72,0,ok,
2026-08-03T15:50:42,serris,68,2,0,ok,
2026-08-03T15:50:42,torcy,221,146,0,ok,
2026-08-03T16:05:03,paris,1000,1000,0,ok,
2026-08-03T16:05:03,meaux,16,16,0,ok,
2026-08-03T16:05:03,chessy,86,72,0,ok,
2026-08-03T16:05:03,serris,68,2,0,ok,
2026-08-03T16:05:03,torcy,221,146,0,ok,
2026-08-03T16:19:54,paris,1000,1000,0,ok,
2026-08-03T16:19:54,meaux,16,16,0,ok,
2026-08-03T16:19:54,chessy,86,72,0,ok,
2026-08-03T16:19:54,serris,68,2,0,ok,
2026-08-03T16:19:54,torcy,221,146,0,ok,
2026-08-03T16:34:55,paris,1000,1000,0,ok,
2026-08-03T16:34:55,meaux,16,16,0,ok,
2026-08-03T16:34:55,chessy,86,72,0,ok,
2026-08-03T16:34:55,serris,68,2,0,ok,
2026-08-03T16:34:55,torcy,221,146,0,ok,
2026-08-03T16:49:45,paris,1000,1000,0,ok,
2026-08-03T16:49:45,meaux,16,16,0,ok,
2026-08-03T16:49:45,chessy,86,72,0,ok,
2026-08-03T16:49:45,serris,68,2,0,ok,
2026-08-03T16:49:45,torcy,221,146,0,ok,
2026-08-03T17:04:48,paris,1000,1000,0,ok,
2026-08-03T17:04:48,meaux,16,16,0,ok,
2026-08-03T17:04:48,chessy,86,72,0,ok,
2026-08-03T17:04:48,serris,68,2,0,ok,
2026-08-03T17:04:48,torcy,221,146,0,ok,
2026-08-03T17:19:59,paris,1000,1000,0,ok,
2026-08-03T17:19:59,meaux,16,16,0,ok,
2026-08-03T17:19:59,chessy,86,72,0,ok,
2026-08-03T17:19:59,serris,68,2,0,ok,
2026-08-03T17:19:59,torcy,221,146,0,ok,
2026-08-03T17:34:35,paris,1000,1000,0,ok,
2026-08-03T17:34:35,meaux,16,16,0,ok,
2026-08-03T17:34:35,chessy,86,72,0,ok,
2026-08-03T17:34:35,serris,68,2,0,ok,
2026-08-03T17:34:35,torcy,221,146,0,ok,
2026-08-03T17:49:49,paris,1000,1000,0,ok,
2026-08-03T17:49:49,meaux,16,16,0,ok,
2026-08-03T17:49:49,chessy,86,72,0,ok,
2026-08-03T17:49:49,serris,68,2,0,ok,
2026-08-03T17:49:49,torcy,221,146,0,ok,
2026-08-03T18:04:53,paris,1000,1000,0,ok,
2026-08-03T18:04:53,meaux,16,16,0,ok,
2026-08-03T18:04:53,chessy,86,72,0,ok,
2026-08-03T18:04:53,serris,68,2,0,ok,
2026-08-03T18:04:53,torcy,221,146,0,ok,
2026-08-03T18:19:42,paris,1000,1000,0,ok,
2026-08-03T18:19:42,meaux,16,16,0,ok,
2026-08-03T18:19:42,chessy,86,72,0,ok,
2026-08-03T18:19:42,serris,68,2,0,ok,
2026-08-03T18:19:42,torcy,221,146,0,ok,
2026-08-03T18:35:05,paris,1000,1000,0,ok,
2026-08-03T18:35:05,meaux,16,16,0,ok,
2026-08-03T18:35:05,chessy,86,72,0,ok,
2026-08-03T18:35:05,serris,68,2,0,ok,
2026-08-03T18:35:05,torcy,221,146,0,ok,
2026-08-03T18:49:26,paris,1000,1000,0,ok,
2026-08-03T18:49:26,meaux,16,16,0,ok,
2026-08-03T18:49:26,chessy,86,72,0,ok,
2026-08-03T18:49:26,serris,68,2,0,ok,
2026-08-03T18:49:26,torcy,221,146,0,ok,
2026-08-03T19:06:32,paris,1000,1000,0,ok,
2026-08-03T19:06:32,meaux,16,16,0,ok,
2026-08-03T19:06:32,chessy,86,72,0,ok,
2026-08-03T19:06:32,serris,68,2,0,ok,
2026-08-03T19:06:32,torcy,221,146,0,ok,
2026-08-03T19:19:24,paris,1000,1000,0,ok,
2026-08-03T19:19:24,meaux,16,16,0,ok,
2026-08-03T19:19:24,chessy,86,72,0,ok,
2026-08-03T19:19:24,serris,68,2,0,ok,
2026-08-03T19:19:24,torcy,221,146,0,ok,
2026-08-03T19:28:10,paris,1000,1000,0,ok,
2026-08-03T19:28:10,meaux,16,16,0,ok,
2026-08-03T19:28:10,chessy,86,72,0,ok,
2026-08-03T19:28:10,serris,68,2,0,ok,
2026-08-03T19:28:10,torcy,221,146,0,ok,
2026-08-03T19:34:56,paris,1000,1000,0,ok,
2026-08-03T19:34:56,meaux,16,16,0,ok,
2026-08-03T19:34:56,chessy,86,72,0,ok,
2026-08-03T19:34:56,serris,68,2,0,ok,
2026-08-03T19:34:56,torcy,221,146,0,ok,
2026-08-03T19:49:22,paris,1000,1000,0,ok,
2026-08-03T19:49:22,meaux,16,16,0,ok,
2026-08-03T19:49:22,chessy,86,72,0,ok,
2026-08-03T19:49:22,serris,68,2,0,ok,
2026-08-03T19:49:22,torcy,221,146,0,ok,
2026-08-03T20:10:05,paris,1000,1000,0,ok,
2026-08-03T20:10:05,meaux,16,16,0,ok,
2026-08-03T20:10:05,chessy,86,72,0,ok,
2026-08-03T20:10:05,serris,68,2,0,ok,
2026-08-03T20:10:05,torcy,221,146,0,ok,
2026-08-03T20:19:38,paris,1000,1000,0,ok,
2026-08-03T20:19:38,meaux,16,16,0,ok,
2026-08-03T20:19:38,chessy,86,72,0,ok,
2026-08-03T20:19:38,serris,68,2,0,ok,
2026-08-03T20:19:38,torcy,221,146,0,ok,
2026-08-03T20:34:45,paris,1000,1000,0,ok,
2026-08-03T20:34:45,meaux,16,16,0,ok,
2026-08-03T20:34:45,chessy,86,72,0,ok,
2026-08-03T20:34:45,serris,68,2,0,ok,
2026-08-03T20:34:45,torcy,221,146,0,ok,
2026-08-03T20:46:37,paris,1000,1000,0,ok,
2026-08-03T20:46:37,meaux,16,16,0,ok,
2026-08-03T20:46:37,chessy,86,72,0,ok,
2026-08-03T20:46:37,serris,68,2,0,ok,
2026-08-03T20:46:37,torcy,221,146,0,ok,
2026-08-03T21:04:57,paris,1000,1000,0,ok,
2026-08-03T21:04:57,meaux,16,16,0,ok,
2026-08-03T21:04:57,chessy,86,72,0,ok,
2026-08-03T21:04:57,serris,68,2,0,ok,
2026-08-03T21:04:57,torcy,221,146,0,ok,
2026-08-03T21:19:35,paris,1000,1000,0,ok,
2026-08-03T21:19:35,meaux,16,16,0,ok,
2026-08-03T21:19:35,chessy,86,72,0,ok,
2026-08-03T21:19:35,serris,68,2,0,ok,
2026-08-03T21:19:35,torcy,221,146,0,ok,
2026-08-03T21:36:04,paris,1000,1000,0,ok,
2026-08-03T21:36:04,meaux,16,16,0,ok,
2026-08-03T21:36:04,chessy,86,72,0,ok,
2026-08-03T21:36:04,serris,68,2,0,ok,
2026-08-03T21:36:04,torcy,221,146,0,ok,
2026-08-03T21:49:40,paris,1000,1000,0,ok,
2026-08-03T21:49:40,meaux,16,16,0,ok,
2026-08-03T21:49:40,chessy,86,72,0,ok,
2026-08-03T21:49:40,serris,68,2,0,ok,
2026-08-03T21:49:40,torcy,221,146,0,ok,
2026-08-03T22:05:00,paris,1000,1000,0,ok,
2026-08-03T22:05:00,meaux,16,16,0,ok,
2026-08-03T22:05:00,chessy,86,72,0,ok,
2026-08-03T22:05:00,serris,68,2,0,ok,
2026-08-03T22:05:00,torcy,221,146,0,ok,
2026-08-03T22:19:35,paris,1000,1000,0,ok,
2026-08-03T22:19:35,meaux,16,16,0,ok,
2026-08-03T22:19:35,chessy,86,72,0,ok,
2026-08-03T22:19:35,serris,68,2,0,ok,
2026-08-03T22:19:35,torcy,221,146,0,ok,
2026-08-03T22:34:46,paris,1000,1000,0,ok,
2026-08-03T22:34:46,meaux,16,16,0,ok,
2026-08-03T22:34:46,chessy,86,72,0,ok,
2026-08-03T22:34:46,serris,68,2,0,ok,
2026-08-03T22:34:46,torcy,221,146,0,ok,
2026-08-03T22:49:30,paris,1000,1000,0,ok,
2026-08-03T22:49:30,meaux,16,16,0,ok,
2026-08-03T22:49:30,chessy,86,72,0,ok,
2026-08-03T22:49:30,serris,68,2,0,ok,
2026-08-03T22:49:30,torcy,221,146,0,ok,
2026-08-03T23:04:37,paris,1000,1000,0,ok,
2026-08-03T23:04:37,meaux,16,16,0,ok,
2026-08-03T23:04:37,chessy,86,72,0,ok,
2026-08-03T23:04:37,serris,68,2,0,ok,
2026-08-03T23:04:37,torcy,221,146,0,ok,
2026-08-03T23:19:16,paris,1000,1000,0,ok,
2026-08-03T23:19:16,meaux,16,16,0,ok,
2026-08-03T23:19:16,chessy,86,72,0,ok,
2026-08-03T23:19:16,serris,68,2,0,ok,
2026-08-03T23:19:16,torcy,221,146,0,ok,
2026-08-03T23:34:34,paris,1000,1000,0,ok,
2026-08-03T23:34:34,meaux,16,16,0,ok,
2026-08-03T23:34:34,chessy,86,72,0,ok,
2026-08-03T23:34:34,serris,68,2,0,ok,
2026-08-03T23:34:34,torcy,221,146,0,ok,
2026-08-03T23:49:31,paris,1000,1000,0,ok,
2026-08-03T23:49:31,meaux,16,16,0,ok,
2026-08-03T23:49:31,chessy,86,72,0,ok,
2026-08-03T23:49:31,serris,68,2,0,ok,
2026-08-03T23:49:31,torcy,221,146,0,ok,
2026-08-04T00:04:35,paris,1000,1000,0,ok,
2026-08-04T00:04:35,meaux,16,16,0,ok,
2026-08-04T00:04:35,chessy,86,72,0,ok,
2026-08-04T00:04:35,serris,68,2,0,ok,
2026-08-04T00:04:35,torcy,221,146,0,ok,
2026-08-04T00:19:19,paris,1000,1000,0,ok,
2026-08-04T00:19:19,meaux,16,16,0,ok,
2026-08-04T00:19:19,chessy,86,72,0,ok,
2026-08-04T00:19:19,serris,68,2,0,ok,
2026-08-04T00:19:19,torcy,221,146,0,ok,
2026-08-04T00:34:19,paris,1000,1000,0,ok,
2026-08-04T00:34:19,meaux,16,16,0,ok,
2026-08-04T00:34:19,chessy,86,72,0,ok,
2026-08-04T00:34:19,serris,68,2,0,ok,
2026-08-04T00:34:19,torcy,221,146,0,ok,
2026-08-04T00:49:25,paris,1000,1000,0,ok,
2026-08-04T00:49:25,meaux,16,16,0,ok,
2026-08-04T00:49:25,chessy,86,72,0,ok,
2026-08-04T00:49:25,serris,68,2,0,ok,
2026-08-04T00:49:25,torcy,221,146,0,ok,
2026-08-04T01:04:44,paris,1000,1000,0,ok,
2026-08-04T01:04:44,meaux,16,16,0,ok,
2026-08-04T01:04:44,chessy,86,72,0,ok,
2026-08-04T01:04:44,serris,68,2,0,ok,
2026-08-04T01:04:44,torcy,221,146,0,ok,
2026-08-04T01:19:30,paris,1000,1000,0,ok,
2026-08-04T01:19:30,meaux,16,16,0,ok,
2026-08-04T01:19:30,chessy,86,72,0,ok,
2026-08-04T01:19:30,serris,68,2,0,ok,
2026-08-04T01:19:30,torcy,221,146,0,ok,
2026-08-04T01:34:17,paris,1000,1000,0,ok,
2026-08-04T01:34:17,meaux,16,16,0,ok,
2026-08-04T01:34:17,chessy,86,72,0,ok,
2026-08-04T01:34:17,serris,68,2,0,ok,
2026-08-04T01:34:17,torcy,221,146,0,ok,
2026-08-04T01:49:46,paris,1000,1000,0,ok,
2026-08-04T01:49:46,meaux,16,16,0,ok,
2026-08-04T01:49:46,chessy,86,72,0,ok,
2026-08-04T01:49:46,serris,68,2,0,ok,
2026-08-04T01:49:46,torcy,221,146,0,ok,
2026-08-04T02:04:56,paris,1000,1000,0,ok,
2026-08-04T02:04:56,meaux,16,16,0,ok,
2026-08-04T02:04:56,chessy,86,72,0,ok,
2026-08-04T02:04:56,serris,68,2,0,ok,
2026-08-04T02:04:56,torcy,221,146,0,ok,
2026-08-04T02:19:37,paris,1000,1000,0,ok,
2026-08-04T02:19:37,meaux,16,16,0,ok,
2026-08-04T02:19:37,chessy,86,72,0,ok,
2026-08-04T02:19:37,serris,68,2,0,ok,
2026-08-04T02:19:37,torcy,221,146,0,ok,
2026-08-04T02:35:01,paris,1000,1000,0,ok,
2026-08-04T02:35:01,meaux,16,16,0,ok,
2026-08-04T02:35:01,chessy,86,72,0,ok,
2026-08-04T02:35:01,serris,68,2,0,ok,
2026-08-04T02:35:01,torcy,221,146,0,ok,
2026-08-04T02:49:37,paris,1000,1000,0,ok,
2026-08-04T02:49:37,meaux,16,16,0,ok,
2026-08-04T02:49:37,chessy,86,72,0,ok,
2026-08-04T02:49:37,serris,68,2,0,ok,
2026-08-04T02:49:37,torcy,221,146,0,ok,
2026-08-04T03:05:15,paris,1000,1000,0,ok,
2026-08-04T03:05:15,meaux,16,16,0,ok,
2026-08-04T03:05:15,chessy,86,72,0,ok,
2026-08-04T03:05:15,serris,68,2,0,ok,
2026-08-04T03:05:15,torcy,221,146,0,ok,
2026-08-04T03:19:16,paris,1000,1000,0,ok,
2026-08-04T03:19:16,meaux,16,16,0,ok,
2026-08-04T03:19:16,chessy,86,72,0,ok,
2026-08-04T03:19:16,serris,68,2,0,ok,
2026-08-04T03:19:16,torcy,221,146,0,ok,
2026-08-04T03:34:56,paris,1000,1000,0,ok,
2026-08-04T03:34:56,meaux,16,16,0,ok,
2026-08-04T03:34:56,chessy,86,72,0,ok,
2026-08-04T03:34:56,serris,68,2,0,ok,
2026-08-04T03:34:56,torcy,221,146,0,ok,
2026-08-04T03:49:40,paris,1000,1000,0,ok,
2026-08-04T03:49:40,meaux,16,16,0,ok,
2026-08-04T03:49:40,chessy,86,72,0,ok,
2026-08-04T03:49:40,serris,68,2,0,ok,
2026-08-04T03:49:40,torcy,221,146,0,ok,
2026-08-04T04:05:01,paris,1000,1000,0,ok,
2026-08-04T04:05:01,meaux,16,16,0,ok,
2026-08-04T04:05:01,chessy,86,72,0,ok,
2026-08-04T04:05:01,serris,68,2,0,ok,
2026-08-04T04:05:01,torcy,221,146,0,ok,
2026-08-04T04:19:32,paris,1000,1000,0,ok,
2026-08-04T04:19:32,meaux,16,16,0,ok,
2026-08-04T04:19:32,chessy,86,72,0,ok,
2026-08-04T04:19:32,serris,68,2,0,ok,
2026-08-04T04:19:32,torcy,221,146,0,ok,
2026-08-04T04:34:49,paris,1000,1000,0,ok,
2026-08-04T04:34:49,meaux,16,16,0,ok,
2026-08-04T04:34:49,chessy,86,72,0,ok,
2026-08-04T04:34:49,serris,68,2,0,ok,
2026-08-04T04:34:49,torcy,221,146,0,ok,
2026-08-04T04:49:34,paris,1000,1000,0,ok,
2026-08-04T04:49:34,meaux,16,16,0,ok,
2026-08-04T04:49:34,chessy,86,72,0,ok,
2026-08-04T04:49:34,serris,68,2,0,ok,
2026-08-04T04:49:34,torcy,221,146,0,ok,
2026-08-04T05:05:02,paris,1000,1000,0,ok,
2026-08-04T05:05:02,meaux,16,16,0,ok,
2026-08-04T05:05:02,chessy,86,72,0,ok,
2026-08-04T05:05:02,serris,68,2,0,ok,
2026-08-04T05:05:02,torcy,221,146,0,ok,
2026-08-04T05:19:38,paris,1000,1000,0,ok,
2026-08-04T05:19:38,meaux,16,16,0,ok,
2026-08-04T05:19:38,chessy,86,72,0,ok,
2026-08-04T05:19:38,serris,68,2,0,ok,
2026-08-04T05:19:38,torcy,221,146,0,ok,
2026-08-04T05:32:54,paris,1000,1000,0,ok,
2026-08-04T05:32:54,meaux,16,16,0,ok,
2026-08-04T05:32:54,chessy,86,72,0,ok,
2026-08-04T05:32:54,serris,68,2,0,ok,
2026-08-04T05:32:54,torcy,221,146,0,ok,
2026-08-04T05:49:33,paris,1000,1000,0,ok,
2026-08-04T05:49:33,meaux,16,16,0,ok,
2026-08-04T05:49:33,chessy,86,72,0,ok,
2026-08-04T05:49:33,serris,68,2,0,ok,
2026-08-04T05:49:33,torcy,221,146,0,ok,
2026-08-04T06:04:59,paris,1000,1000,0,ok,
2026-08-04T06:04:59,meaux,16,16,0,ok,
2026-08-04T06:04:59,chessy,86,72,0,ok,
2026-08-04T06:04:59,serris,68,2,0,ok,
2026-08-04T06:04:59,torcy,221,146,0,ok,
2026-08-04T06:19:31,paris,1000,1000,0,ok,
2026-08-04T06:19:31,meaux,16,16,0,ok,
2026-08-04T06:19:31,chessy,86,72,0,ok,
2026-08-04T06:19:31,serris,68,2,0,ok,
2026-08-04T06:19:31,torcy,221,146,0,ok,
2026-08-04T06:36:03,paris,1000,1000,0,ok,
2026-08-04T06:36:03,meaux,16,16,0,ok,
2026-08-04T06:36:03,chessy,86,72,0,ok,
2026-08-04T06:36:03,serris,68,2,0,ok,
2026-08-04T06:36:03,torcy,221,146,0,ok,
2026-08-04T06:49:43,paris,1000,1000,0,ok,
2026-08-04T06:49:43,meaux,16,16,0,ok,
2026-08-04T06:49:43,chessy,86,72,0,ok,
2026-08-04T06:49:43,serris,68,2,0,ok,
2026-08-04T06:49:43,torcy,221,146,0,ok,
2026-08-04T07:05:02,paris,1000,1000,0,ok,
2026-08-04T07:05:02,meaux,16,16,0,ok,
2026-08-04T07:05:02,chessy,86,72,0,ok,
2026-08-04T07:05:02,serris,68,2,0,ok,
2026-08-04T07:05:02,torcy,221,146,0,ok,
2026-08-04T07:19:33,paris,1000,1000,0,ok,
2026-08-04T07:19:33,meaux,16,16,0,ok,
2026-08-04T07:19:33,chessy,86,72,0,ok,
2026-08-04T07:19:33,serris,68,2,0,ok,
2026-08-04T07:19:33,torcy,221,146,0,ok,
2026-08-04T07:34:53,paris,1000,1000,0,ok,
2026-08-04T07:34:53,meaux,16,16,0,ok,
2026-08-04T07:34:53,chessy,86,72,0,ok,
2026-08-04T07:34:53,serris,68,2,0,ok,
2026-08-04T07:34:53,torcy,221,146,0,ok,
2026-08-04T07:49:41,paris,1000,1000,0,ok,
2026-08-04T07:49:41,meaux,16,16,0,ok,
2026-08-04T07:49:41,chessy,86,72,0,ok,
2026-08-04T07:49:41,serris,68,2,0,ok,
2026-08-04T07:49:41,torcy,221,146,0,ok,
2026-08-04T08:05:00,paris,1000,1000,0,ok,
2026-08-04T08:05:00,meaux,16,16,0,ok,
2026-08-04T08:05:00,chessy,86,72,0,ok,
2026-08-04T08:05:00,serris,68,2,0,ok,
2026-08-04T08:05:00,torcy,221,146,0,ok,
2026-08-04T08:19:47,paris,1000,1000,0,ok,
2026-08-04T08:19:47,meaux,16,16,0,ok,
2026-08-04T08:19:47,chessy,86,72,0,ok,
2026-08-04T08:19:47,serris,68,2,0,ok,
2026-08-04T08:19:47,torcy,221,146,0,ok,
2026-08-04T08:35:02,paris,1000,1000,0,ok,
2026-08-04T08:35:02,meaux,16,16,0,ok,
2026-08-04T08:35:02,chessy,86,72,0,ok,
2026-08-04T08:35:02,serris,68,2,0,ok,
2026-08-04T08:35:02,torcy,221,146,0,ok,
2026-08-04T08:49:52,paris,1000,1000,0,ok,
2026-08-04T08:49:52,meaux,16,16,0,ok,
2026-08-04T08:49:52,chessy,86,72,0,ok,
2026-08-04T08:49:52,serris,68,2,0,ok,
2026-08-04T08:49:52,torcy,221,146,0,ok,
2026-08-04T09:04:50,paris,1000,1000,0,ok,
2026-08-04T09:04:50,meaux,16,16,0,ok,
2026-08-04T09:04:50,chessy,86,72,0,ok,
2026-08-04T09:04:50,serris,68,2,0,ok,
2026-08-04T09:04:50,torcy,221,146,0,ok,
2026-08-04T09:19:56,paris,1000,1000,0,ok,
2026-08-04T09:19:56,meaux,16,16,0,ok,
2026-08-04T09:19:56,chessy,86,72,0,ok,
2026-08-04T09:19:56,serris,68,2,0,ok,
2026-08-04T09:19:56,torcy,220,145,0,ok,
2026-08-04T09:34:55,paris,1000,1000,0,ok,
2026-08-04T09:34:55,meaux,16,16,0,ok,
2026-08-04T09:34:55,chessy,86,72,0,ok,
2026-08-04T09:34:55,serris,68,2,0,ok,
2026-08-04T09:34:55,torcy,220,145,0,ok,
2026-08-04T09:49:45,paris,1000,1000,0,ok,
2026-08-04T09:49:45,meaux,16,16,0,ok,
2026-08-04T09:49:45,chessy,86,72,0,ok,
2026-08-04T09:49:45,serris,68,2,0,ok,
2026-08-04T09:49:45,torcy,220,145,0,ok,
2026-08-04T10:05:23,paris,1000,1000,0,ok,
2026-08-04T10:05:23,meaux,16,16,0,ok,
2026-08-04T10:05:23,chessy,86,72,0,ok,
2026-08-04T10:05:23,serris,68,2,0,ok,
2026-08-04T10:05:23,torcy,220,145,0,ok,
2026-08-04T10:19:39,paris,1000,1000,0,ok,
2026-08-04T10:19:39,meaux,16,16,0,ok,
2026-08-04T10:19:39,chessy,86,72,0,ok,
2026-08-04T10:19:39,serris,68,2,0,ok,
2026-08-04T10:19:39,torcy,220,145,0,ok,
2026-08-04T10:34:51,paris,1000,1000,0,ok,
2026-08-04T10:34:51,meaux,16,16,0,ok,
2026-08-04T10:34:51,chessy,86,72,0,ok,
2026-08-04T10:34:51,serris,68,2,0,ok,
2026-08-04T10:34:51,torcy,220,145,0,ok,
2026-08-04T10:49:54,paris,1000,1000,0,ok,
2026-08-04T10:49:54,meaux,16,16,0,ok,
2026-08-04T10:49:54,chessy,86,72,0,ok,
2026-08-04T10:49:54,serris,68,2,0,ok,
2026-08-04T10:49:54,torcy,220,145,0,ok,
2026-08-04T11:05:11,paris,1000,1000,0,ok,
2026-08-04T11:05:11,meaux,16,16,0,ok,
2026-08-04T11:05:11,chessy,86,72,0,ok,
2026-08-04T11:05:11,serris,68,2,0,ok,
2026-08-04T11:05:11,torcy,220,145,0,ok,
2026-08-04T11:20:22,paris,1000,1000,0,ok,
2026-08-04T11:20:22,meaux,16,16,0,ok,
2026-08-04T11:20:22,chessy,86,72,0,ok,
2026-08-04T11:20:22,serris,68,2,0,ok,
2026-08-04T11:20:22,torcy,220,145,0,ok,
2026-08-04T11:34:43,paris,1000,1000,0,ok,
2026-08-04T11:34:43,meaux,16,16,0,ok,
2026-08-04T11:34:43,chessy,86,72,0,ok,
2026-08-04T11:34:43,serris,68,2,0,ok,
2026-08-04T11:34:43,torcy,220,145,0,ok,
2026-08-04T11:49:52,paris,1000,1000,0,ok,
2026-08-04T11:49:52,meaux,16,16,0,ok,
2026-08-04T11:49:52,chessy,86,72,0,ok,
2026-08-04T11:49:52,serris,68,2,0,ok,
2026-08-04T11:49:52,torcy,220,145,0,ok,
2026-08-04T12:05:17,paris,1000,1000,0,ok,
2026-08-04T12:05:17,meaux,16,16,0,ok,
2026-08-04T12:05:17,chessy,86,72,0,ok,
2026-08-04T12:05:17,serris,68,2,0,ok,
2026-08-04T12:05:17,torcy,220,145,0,ok,
2026-08-04T12:19:58,paris,1000,1000,0,ok,
2026-08-04T12:19:58,meaux,16,16,0,ok,
2026-08-04T12:19:58,chessy,86,72,0,ok,
2026-08-04T12:19:58,serris,68,2,0,ok,
2026-08-04T12:19:58,torcy,220,145,0,ok,
2026-08-04T12:35:16,paris,1000,1000,0,ok,
2026-08-04T12:35:16,meaux,16,16,0,ok,
2026-08-04T12:35:16,chessy,86,72,0,ok,
2026-08-04T12:35:16,serris,68,2,0,ok,
2026-08-04T12:35:16,torcy,220,145,0,ok,
2026-08-04T12:50:09,paris,1000,1000,0,ok,
2026-08-04T12:50:09,meaux,16,16,0,ok,
2026-08-04T12:50:09,chessy,86,72,0,ok,
2026-08-04T12:50:09,serris,68,2,0,ok,
2026-08-04T12:50:09,torcy,220,145,0,ok,
2026-08-04T13:05:19,paris,1000,1000,0,ok,
2026-08-04T13:05:19,meaux,16,16,0,ok,
2026-08-04T13:05:19,chessy,86,72,0,ok,
2026-08-04T13:05:19,serris,68,2,0,ok,
2026-08-04T13:05:19,torcy,220,145,0,ok,
2026-08-04T13:19:19,paris,1000,1000,0,ok,
2026-08-04T13:19:19,meaux,16,16,0,ok,
2026-08-04T13:19:19,chessy,86,72,0,ok,
2026-08-04T13:19:19,serris,68,2,0,ok,
2026-08-04T13:19:19,torcy,220,145,0,ok,
2026-08-04T13:35:31,paris,1000,1000,0,ok,
2026-08-04T13:35:31,meaux,16,16,0,ok,
2026-08-04T13:35:31,chessy,86,72,0,ok,
2026-08-04T13:35:31,serris,68,2,0,ok,
2026-08-04T13:35:31,torcy,220,145,0,ok,
2026-08-04T13:50:20,paris,1000,1000,0,ok,
2026-08-04T13:50:20,meaux,16,16,0,ok,
2026-08-04T13:50:20,chessy,86,72,0,ok,
2026-08-04T13:50:20,serris,68,2,0,ok,
2026-08-04T13:50:20,torcy,220,145,0,ok,
2026-08-04T14:05:56,paris,1000,1000,0,ok,
2026-08-04T14:05:56,meaux,16,16,0,ok,
2026-08-04T14:05:56,chessy,86,72,0,ok,
2026-08-04T14:05:56,serris,68,2,0,ok,
2026-08-04T14:05:56,torcy,220,145,0,ok,
2026-08-04T14:20:31,paris,1000,1000,0,ok,
2026-08-04T14:20:31,meaux,16,16,0,ok,
2026-08-04T14:20:31,chessy,86,72,0,ok,
2026-08-04T14:20:31,serris,68,2,0,ok,
2026-08-04T14:20:31,torcy,220,145,0,ok,
2026-08-08T10:19:47,paris,1000,1000,0,ok,
2026-08-08T10:19:47,meaux,16,16,0,ok,
2026-08-08T10:19:47,chessy,86,72,0,ok,
2026-08-08T10:19:47,serris,68,2,0,ok,
2026-08-08T10:19:47,torcy,225,150,0,ok,
2026-08-08T10:29:42,paris,1000,1000,0,ok,
2026-08-08T10:29:42,meaux,16,16,0,ok,
2026-08-08T10:29:42,chessy,86,72,0,ok,
2026-08-08T10:29:42,serris,68,2,0,ok,
2026-08-08T10:29:42,torcy,225,150,0,ok,
2026-08-08T10:34:56,paris,1000,1000,0,ok,
2026-08-08T10:34:56,meaux,16,16,0,ok,
2026-08-08T10:34:56,chessy,86,72,0,ok,
2026-08-08T10:34:56,serris,68,2,0,ok,
2026-08-08T10:34:56,torcy,225,150,0,ok,
2026-08-08T10:49:08,paris,1000,1000,0,ok,
2026-08-08T10:49:08,meaux,16,16,0,ok,
2026-08-08T10:49:08,chessy,86,72,0,ok,
2026-08-08T10:49:08,serris,68,2,0,ok,
2026-08-08T10:49:08,torcy,225,150,0,ok,
2026-08-08T11:03:53,paris,1000,1000,0,ok,
2026-08-08T11:03:53,meaux,16,16,0,ok,
2026-08-08T11:03:53,chessy,86,72,0,ok,
2026-08-08T11:03:53,serris,68,2,0,ok,
2026-08-08T11:03:53,torcy,225,150,0,ok,
2026-08-08T11:20:05,paris,1000,1000,0,ok,
2026-08-08T11:20:05,meaux,16,16,0,ok,
2026-08-08T11:20:05,chessy,86,72,0,ok,
2026-08-08T11:20:05,serris,68,2,0,ok,
2026-08-08T11:20:05,torcy,225,150,0,ok,
2026-08-08T11:34:28,paris,1000,1000,0,ok,
2026-08-08T11:34:28,meaux,16,16,0,ok,
2026-08-08T11:34:28,chessy,86,72,0,ok,
2026-08-08T11:34:28,serris,68,2,0,ok,
2026-08-08T11:34:28,torcy,225,150,0,ok,
2026-08-08T11:39:47,paris,1000,1000,0,ok,
2026-08-08T11:39:47,meaux,16,16,0,ok,
2026-08-08T11:39:47,chessy,86,72,0,ok,
2026-08-08T11:39:47,serris,68,2,0,ok,
2026-08-08T11:39:47,torcy,225,150,0,ok,
2026-08-08T11:49:29,paris,1000,1000,0,ok,
2026-08-08T11:49:29,meaux,16,16,0,ok,
2026-08-08T11:49:29,chessy,86,72,0,ok,
2026-08-08T11:49:29,serris,68,2,0,ok,
2026-08-08T11:49:29,torcy,225,150,0,ok,
2026-08-08T12:05:20,paris,1000,1000,0,ok,
2026-08-08T12:05:20,meaux,16,16,0,ok,
2026-08-08T12:05:20,chessy,86,72,0,ok,
2026-08-08T12:05:20,serris,68,2,0,ok,
2026-08-08T12:05:20,torcy,225,150,0,ok,
2026-08-08T12:19:18,paris,1000,1000,0,ok,
2026-08-08T12:19:18,meaux,16,16,0,ok,
2026-08-08T12:19:18,chessy,86,72,0,ok,
2026-08-08T12:19:18,serris,68,2,0,ok,
2026-08-08T12:19:18,torcy,225,150,0,ok,
2026-08-08T12:35:00,paris,1000,1000,0,ok,
2026-08-08T12:35:00,meaux,16,16,0,ok,
2026-08-08T12:35:00,chessy,86,72,0,ok,
2026-08-08T12:35:00,serris,68,2,0,ok,
2026-08-08T12:35:00,torcy,225,150,0,ok,
2026-08-08T12:41:21,paris,1000,1000,0,ok,
2026-08-08T12:41:21,meaux,16,16,0,ok,
2026-08-08T12:41:21,chessy,86,72,0,ok,
2026-08-08T12:41:21,serris,68,2,0,ok,
2026-08-08T12:41:21,torcy,225,150,0,ok,
2026-08-08T12:49:30,paris,1000,1000,0,ok,
2026-08-08T12:49:30,meaux,16,16,0,ok,
2026-08-08T12:49:30,chessy,86,72,0,ok,
2026-08-08T12:49:30,serris,68,2,0,ok,
2026-08-08T12:49:30,torcy,225,150,0,ok,
2026-08-08T13:04:47,paris,1000,1000,0,ok,
2026-08-08T13:04:47,meaux,16,16,0,ok,
2026-08-08T13:04:47,chessy,86,72,0,ok,
2026-08-08T13:04:47,serris,68,2,0,ok,
2026-08-08T13:04:47,torcy,225,150,0,ok,
2026-08-08T13:23:02,paris,1000,1000,0,ok,
2026-08-08T13:23:02,meaux,16,16,0,ok,
2026-08-08T13:23:02,chessy,86,72,0,ok,
2026-08-08T13:23:02,serris,68,2,0,ok,
2026-08-08T13:23:02,torcy,225,150,0,ok,
2026-08-08T13:36:00,paris,1000,1000,0,ok,
2026-08-08T13:36:00,meaux,16,16,0,ok,
2026-08-08T13:36:00,chessy,86,72,0,ok,
2026-08-08T13:36:00,serris,68,2,0,ok,
2026-08-08T13:36:00,torcy,225,150,0,ok,
2026-08-08T13:45:32,paris,1000,1000,0,ok,
2026-08-08T13:45:32,meaux,16,16,0,ok,
2026-08-08T13:45:32,chessy,86,72,0,ok,
2026-08-08T13:45:32,serris,68,2,0,ok,
2026-08-08T13:45:32,torcy,225,150,0,ok,
2026-08-08T14:04:31,paris,1000,1000,0,ok,
2026-08-08T14:04:31,meaux,16,16,0,ok,
2026-08-08T14:04:31,chessy,86,72,0,ok,
2026-08-08T14:04:31,serris,68,2,0,ok,
2026-08-08T14:04:31,torcy,225,150,0,ok,
2026-08-08T14:20:15,paris,1000,1000,0,ok,
2026-08-08T14:20:15,meaux,16,16,0,ok,
2026-08-08T14:20:15,chessy,86,72,0,ok,
2026-08-08T14:20:15,serris,68,2,0,ok,
2026-08-08T14:20:15,torcy,225,150,0,ok,
2026-08-08T14:30:48,paris,1000,1000,0,ok,
2026-08-08T14:30:48,meaux,16,16,0,ok,
2026-08-08T14:30:48,chessy,86,72,0,ok,
2026-08-08T14:30:48,serris,68,2,0,ok,
2026-08-08T14:30:48,torcy,225,150,0,ok,
2026-08-08T14:49:57,paris,1000,1000,0,ok,
2026-08-08T14:49:57,meaux,16,16,0,ok,
2026-08-08T14:49:57,chessy,86,72,0,ok,
2026-08-08T14:49:57,serris,68,2,0,ok,
2026-08-08T14:49:57,torcy,225,150,0,ok,
2026-08-08T15:02:43,paris,1000,1000,0,ok,
2026-08-08T15:02:43,meaux,16,16,0,ok,
2026-08-08T15:02:43,chessy,86,72,0,ok,
2026-08-08T15:02:43,serris,68,2,0,ok,
2026-08-08T15:02:43,torcy,225,150,0,ok,
2026-08-08T15:19:24,paris,1000,1000,0,ok,
2026-08-08T15:19:24,meaux,16,16,0,ok,
2026-08-08T15:19:24,chessy,86,72,0,ok,
2026-08-08T15:19:24,serris,68,2,0,ok,
2026-08-08T15:19:24,torcy,225,150,0,ok,
2026-08-08T15:34:36,paris,1000,1000,0,ok,
2026-08-08T15:34:36,meaux,16,16,0,ok,
2026-08-08T15:34:36,chessy,86,72,0,ok,
2026-08-08T15:34:36,serris,68,2,0,ok,
2026-08-08T15:34:36,torcy,225,150,0,ok,
2026-08-08T15:50:40,paris,1000,1000,0,ok,
2026-08-08T15:50:40,meaux,16,16,0,ok,
2026-08-08T15:50:40,chessy,86,72,0,ok,
2026-08-08T15:50:40,serris,68,2,0,ok,
2026-08-08T15:50:40,torcy,225,150,0,ok,
2026-08-08T16:04:36,paris,1000,1000,0,ok,
2026-08-08T16:04:36,meaux,16,16,0,ok,
2026-08-08T16:04:36,chessy,86,72,0,ok,
2026-08-08T16:04:36,serris,68,2,0,ok,
2026-08-08T16:04:36,torcy,225,150,0,ok,
2026-08-08T16:19:15,paris,1000,1000,0,ok,
2026-08-08T16:19:15,meaux,16,16,0,ok,
2026-08-08T16:19:15,chessy,85,71,0,ok,
2026-08-08T16:19:15,serris,67,2,0,ok,
2026-08-08T16:19:15,torcy,224,150,0,ok,
2026-08-08T16:30:42,paris,1000,1000,0,ok,
2026-08-08T16:30:42,meaux,16,16,0,ok,
2026-08-08T16:30:42,chessy,85,71,0,ok,
2026-08-08T16:30:42,serris,67,2,0,ok,
2026-08-08T16:30:42,torcy,224,150,0,ok,
2026-08-08T16:49:16,paris,1000,1000,0,ok,
2026-08-08T16:49:16,meaux,16,16,0,ok,
2026-08-08T16:49:16,chessy,85,71,0,ok,
2026-08-08T16:49:16,serris,67,2,0,ok,
2026-08-08T16:49:16,torcy,224,150,0,ok,
2026-08-08T17:05:05,paris,1000,1000,0,ok,
2026-08-08T17:05:05,meaux,16,16,0,ok,
2026-08-08T17:05:05,chessy,85,71,0,ok,
2026-08-08T17:05:05,serris,67,2,0,ok,
2026-08-08T17:05:05,torcy,224,150,0,ok,
2026-08-08T17:19:57,paris,1000,1000,0,ok,
2026-08-08T17:19:57,meaux,16,16,0,ok,
2026-08-08T17:19:57,chessy,85,71,0,ok,
2026-08-08T17:19:57,serris,67,2,0,ok,
2026-08-08T17:19:57,torcy,224,150,0,ok,
2026-08-08T17:35:36,paris,1000,1000,0,ok,
2026-08-08T17:35:36,meaux,16,16,0,ok,
2026-08-08T17:35:36,chessy,85,71,0,ok,
2026-08-08T17:35:36,serris,67,2,0,ok,
2026-08-08T17:35:36,torcy,224,150,0,ok,
2026-08-08T17:49:35,paris,1000,1000,0,ok,
2026-08-08T17:49:35,meaux,16,16,0,ok,
2026-08-08T17:49:35,chessy,85,71,0,ok,
2026-08-08T17:49:35,serris,67,2,0,ok,
2026-08-08T17:49:35,torcy,224,150,0,ok,
2026-08-08T18:00:40,paris,1000,1000,0,ok,
2026-08-08T18:00:40,meaux,16,16,0,ok,
2026-08-08T18:00:40,chessy,85,71,0,ok,
2026-08-08T18:00:40,serris,67,2,0,ok,
2026-08-08T18:00:40,torcy,224,150,0,ok,
2026-08-08T18:19:19,paris,1000,1000,0,ok,
2026-08-08T18:19:19,meaux,16,16,0,ok,
2026-08-08T18:19:19,chessy,85,71,0,ok,
2026-08-08T18:19:19,serris,67,2,0,ok,
2026-08-08T18:19:19,torcy,224,150,0,ok,
2026-08-08T18:34:25,paris,1000,1000,0,ok,
2026-08-08T18:34:25,meaux,16,16,0,ok,
2026-08-08T18:34:25,chessy,85,71,0,ok,
2026-08-08T18:34:25,serris,67,2,0,ok,
2026-08-08T18:34:25,torcy,224,150,0,ok,
2026-08-08T18:50:05,paris,1000,1000,0,ok,
2026-08-08T18:50:05,meaux,16,16,0,ok,
2026-08-08T18:50:05,chessy,85,71,0,ok,
2026-08-08T18:50:05,serris,67,2,0,ok,
2026-08-08T18:50:05,torcy,224,150,0,ok,
2026-08-08T19:10:57,paris,1000,1000,0,ok,
2026-08-08T19:10:57,meaux,16,16,0,ok,
2026-08-08T19:10:57,chessy,85,71,0,ok,
2026-08-08T19:10:57,serris,67,2,0,ok,
2026-08-08T19:10:57,torcy,224,150,0,ok,
2026-08-08T19:19:12,paris,1000,1000,0,ok,
2026-08-08T19:19:12,meaux,16,16,0,ok,
2026-08-08T19:19:12,chessy,85,71,0,ok,
2026-08-08T19:19:12,serris,67,2,0,ok,
2026-08-08T19:19:12,torcy,224,150,0,ok,
2026-08-08T19:28:45,paris,1000,1000,0,ok,
2026-08-08T19:28:45,meaux,16,16,0,ok,
2026-08-08T19:28:45,chessy,85,71,0,ok,
2026-08-08T19:28:45,serris,67,2,0,ok,
2026-08-08T19:28:45,torcy,224,150,0,ok,
2026-08-08T19:34:31,paris,1000,1000,0,ok,
2026-08-08T19:34:31,meaux,16,16,0,ok,
2026-08-08T19:34:31,chessy,85,71,0,ok,
2026-08-08T19:34:31,serris,67,2,0,ok,
2026-08-08T19:34:31,torcy,224,150,0,ok,
2026-08-08T19:51:00,paris,1000,1000,0,ok,
2026-08-08T19:51:00,meaux,16,16,0,ok,
2026-08-08T19:51:00,chessy,85,71,0,ok,
2026-08-08T19:51:00,serris,67,2,0,ok,
2026-08-08T19:51:00,torcy,224,150,0,ok,
2026-08-08T19:55:57,paris,1000,1000,0,ok,
2026-08-08T19:55:57,meaux,16,16,0,ok,
2026-08-08T19:55:57,chessy,85,71,0,ok,
2026-08-08T19:55:57,serris,67,2,0,ok,
2026-08-08T19:55:57,torcy,224,150,0,ok,
2026-08-08T20:05:08,paris,1000,1000,0,ok,
2026-08-08T20:05:08,meaux,16,16,0,ok,
2026-08-08T20:05:08,chessy,85,71,0,ok,
2026-08-08T20:05:08,serris,67,2,0,ok,
2026-08-08T20:05:08,torcy,224,150,0,ok,
2026-08-08T20:20:58,paris,1000,1000,0,ok,
2026-08-08T20:20:58,meaux,16,16,0,ok,
2026-08-08T20:20:58,chessy,85,71,0,ok,
2026-08-08T20:20:58,serris,67,2,0,ok,
2026-08-08T20:20:58,torcy,224,150,0,ok,
2026-08-08T20:25:55,paris,1000,1000,0,ok,
2026-08-08T20:25:55,meaux,16,16,0,ok,
2026-08-08T20:25:55,chessy,85,71,0,ok,
2026-08-08T20:25:55,serris,67,2,0,ok,
2026-08-08T20:25:55,torcy,224,150,0,ok,
2026-08-08T20:34:28,paris,1000,1000,0,ok,
2026-08-08T20:34:28,meaux,16,16,0,ok,
2026-08-08T20:34:28,chessy,85,71,0,ok,
2026-08-08T20:34:28,serris,67,2,0,ok,
2026-08-08T20:34:28,torcy,224,150,0,ok,
2026-08-08T20:49:43,paris,1000,1000,0,ok,
2026-08-08T20:49:43,meaux,16,16,0,ok,
2026-08-08T20:49:43,chessy,85,71,0,ok,
2026-08-08T20:49:43,serris,67,2,0,ok,
2026-08-08T20:49:43,torcy,224,150,0,ok,
2026-08-08T21:01:15,paris,1000,1000,0,ok,
2026-08-08T21:01:15,meaux,16,16,0,ok,
2026-08-08T21:01:15,chessy,85,71,0,ok,
2026-08-08T21:01:15,serris,67,2,0,ok,
2026-08-08T21:01:15,torcy,224,150,0,ok,
2026-08-08T21:19:11,paris,1000,1000,0,ok,
2026-08-08T21:19:11,meaux,16,16,0,ok,
2026-08-08T21:19:11,chessy,85,71,0,ok,
2026-08-08T21:19:11,serris,67,2,0,ok,
2026-08-08T21:19:11,torcy,224,150,0,ok,
2026-08-08T21:34:44,paris,1000,1000,0,ok,
2026-08-08T21:34:44,meaux,16,16,0,ok,
2026-08-08T21:34:44,chessy,85,71,0,ok,
2026-08-08T21:34:44,serris,67,2,0,ok,
2026-08-08T21:34:44,torcy,224,150,0,ok,
2026-08-08T21:49:33,paris,1000,1000,0,ok,
2026-08-08T21:49:33,meaux,16,16,0,ok,
2026-08-08T21:49:33,chessy,85,71,0,ok,
2026-08-08T21:49:33,serris,67,2,0,ok,
2026-08-08T21:49:33,torcy,224,150,0,ok,
2026-08-08T22:04:59,paris,1000,1000,0,ok,
2026-08-08T22:04:59,meaux,16,16,0,ok,
2026-08-08T22:04:59,chessy,85,71,0,ok,
2026-08-08T22:04:59,serris,67,2,0,ok,
2026-08-08T22:04:59,torcy,224,150,0,ok,
2026-08-08T22:19:42,paris,1000,1000,0,ok,
2026-08-08T22:19:42,meaux,16,16,0,ok,
2026-08-08T22:19:42,chessy,85,71,0,ok,
2026-08-08T22:19:42,serris,67,2,0,ok,
2026-08-08T22:19:42,torcy,224,150,0,ok,
2026-08-08T22:26:38,paris,1000,1000,0,ok,
2026-08-08T22:26:38,meaux,16,16,0,ok,
2026-08-08T22:26:38,chessy,85,71,0,ok,
2026-08-08T22:26:38,serris,67,2,0,ok,
2026-08-08T22:26:38,torcy,224,150,0,ok,
2026-08-08T22:34:44,paris,1000,1000,0,ok,
2026-08-08T22:34:44,meaux,16,16,0,ok,
2026-08-08T22:34:44,chessy,85,71,0,ok,
2026-08-08T22:34:44,serris,67,2,0,ok,
2026-08-08T22:34:44,torcy,224,150,0,ok,
2026-08-08T22:49:25,paris,1000,1000,0,ok,
2026-08-08T22:49:25,meaux,16,16,0,ok,
2026-08-08T22:49:25,chessy,85,71,0,ok,
2026-08-08T22:49:25,serris,67,2,0,ok,
2026-08-08T22:49:25,torcy,224,150,0,ok,
2026-08-08T22:59:51,paris,1000,1000,0,ok,
2026-08-08T22:59:51,meaux,16,16,0,ok,
2026-08-08T22:59:51,chessy,85,71,0,ok,
2026-08-08T22:59:51,serris,67,2,0,ok,
2026-08-08T22:59:51,torcy,224,150,0,ok,
2026-08-08T23:04:53,paris,1000,1000,0,ok,
2026-08-08T23:04:53,meaux,16,16,0,ok,
2026-08-08T23:04:53,chessy,85,71,0,ok,
2026-08-08T23:04:53,serris,67,2,0,ok,
2026-08-08T23:04:53,torcy,224,150,0,ok,
2026-08-08T23:20:16,paris,1000,1000,0,ok,
2026-08-08T23:20:16,meaux,16,16,0,ok,
2026-08-08T23:20:16,chessy,85,71,0,ok,
2026-08-08T23:20:16,serris,67,2,0,ok,
2026-08-08T23:20:16,torcy,224,150,0,ok,
2026-08-08T23:28:54,paris,1000,1000,0,ok,
2026-08-08T23:28:54,meaux,16,16,0,ok,
2026-08-08T23:28:54,chessy,85,71,0,ok,
2026-08-08T23:28:54,serris,67,2,0,ok,
2026-08-08T23:28:54,torcy,224,150,0,ok,
2026-08-08T23:34:53,paris,1000,1000,0,ok,
2026-08-08T23:34:53,meaux,16,16,0,ok,
2026-08-08T23:34:53,chessy,85,71,0,ok,
2026-08-08T23:34:53,serris,67,2,0,ok,
2026-08-08T23:34:53,torcy,224,150,0,ok,
2026-08-08T23:49:25,paris,1000,1000,0,ok,
2026-08-08T23:49:25,meaux,16,16,0,ok,
2026-08-08T23:49:25,chessy,85,71,0,ok,
2026-08-08T23:49:25,serris,67,2,0,ok,
2026-08-08T23:49:25,torcy,224,150,0,ok,
2026-08-08T23:57:13,paris,1000,1000,0,ok,
2026-08-08T23:57:13,meaux,16,16,0,ok,
2026-08-08T23:57:13,chessy,85,71,0,ok,
2026-08-08T23:57:13,serris,67,2,0,ok,
2026-08-08T23:57:13,torcy,224,150,0,ok,
2026-08-09T00:05:31,paris,1000,1000,0,ok,
2026-08-09T00:05:31,meaux,16,16,0,ok,
2026-08-09T00:05:31,chessy,85,71,0,ok,
2026-08-09T00:05:31,serris,67,2,0,ok,
2026-08-09T00:05:31,torcy,224,150,0,ok,
2026-08-09T00:19:19,paris,1000,1000,0,ok,
2026-08-09T00:19:19,meaux,16,16,0,ok,
2026-08-09T00:19:19,chessy,85,71,0,ok,
2026-08-09T00:19:19,serris,67,2,0,ok,
2026-08-09T00:19:19,torcy,224,150,0,ok,
2026-08-09T00:34:41,paris,1000,1000,0,ok,
2026-08-09T00:34:41,meaux,16,16,0,ok,
2026-08-09T00:34:41,chessy,85,71,0,ok,
2026-08-09T00:34:41,serris,67,2,0,ok,
2026-08-09T00:34:41,torcy,224,150,0,ok,
2026-08-09T00:49:37,paris,1000,1000,0,ok,
2026-08-09T00:49:37,meaux,16,16,0,ok,
2026-08-09T00:49:37,chessy,85,71,0,ok,
2026-08-09T00:49:37,serris,67,2,0,ok,
2026-08-09T00:49:37,torcy,224,150,0,ok,
2026-08-09T01:04:59,paris,1000,1000,0,ok,
2026-08-09T01:04:59,meaux,16,16,0,ok,
2026-08-09T01:04:59,chessy,85,71,0,ok,
2026-08-09T01:04:59,serris,67,2,0,ok,
2026-08-09T01:04:59,torcy,224,150,0,ok,
2026-08-09T01:19:23,paris,1000,1000,0,ok,
2026-08-09T01:19:23,meaux,16,16,0,ok,
2026-08-09T01:19:23,chessy,85,71,0,ok,
2026-08-09T01:19:23,serris,67,2,0,ok,
2026-08-09T01:19:23,torcy,224,150,0,ok,
2026-08-09T01:34:37,paris,1000,1000,0,ok,
2026-08-09T01:34:37,meaux,16,16,0,ok,
2026-08-09T01:34:37,chessy,85,71,0,ok,
2026-08-09T01:34:37,serris,67,2,0,ok,
2026-08-09T01:34:37,torcy,224,150,0,ok,
2026-08-09T01:49:26,paris,1000,1000,0,ok,
2026-08-09T01:49:26,meaux,16,16,0,ok,
2026-08-09T01:49:26,chessy,85,71,0,ok,
2026-08-09T01:49:26,serris,67,2,0,ok,
2026-08-09T01:49:26,torcy,224,150,0,ok,
2026-08-09T02:04:55,paris,1000,1000,0,ok,
2026-08-09T02:04:55,meaux,16,16,0,ok,
2026-08-09T02:04:55,chessy,85,71,0,ok,
2026-08-09T02:04:55,serris,67,2,0,ok,
2026-08-09T02:04:55,torcy,224,150,0,ok,
2026-08-09T02:19:10,paris,1000,1000,0,ok,
2026-08-09T02:19:10,meaux,16,16,0,ok,
2026-08-09T02:19:10,chessy,85,71,0,ok,
2026-08-09T02:19:10,serris,67,2,0,ok,
2026-08-09T02:19:10,torcy,224,150,0,ok,
2026-08-09T02:38:55,paris,1000,1000,0,ok,
2026-08-09T02:38:55,meaux,16,16,0,ok,
2026-08-09T02:38:55,chessy,85,71,0,ok,
2026-08-09T02:38:55,serris,67,2,0,ok,
2026-08-09T02:38:55,torcy,224,150,0,ok,
2026-08-09T02:49:12,paris,1000,1000,0,ok,
2026-08-09T02:49:12,meaux,16,16,0,ok,
2026-08-09T02:49:12,chessy,85,71,0,ok,
2026-08-09T02:49:12,serris,67,2,0,ok,
2026-08-09T02:49:12,torcy,224,150,0,ok,
2026-08-09T03:04:38,paris,1000,1000,0,ok,
2026-08-09T03:04:38,meaux,16,16,0,ok,
2026-08-09T03:04:38,chessy,85,71,0,ok,
2026-08-09T03:04:38,serris,67,2,0,ok,
2026-08-09T03:04:38,torcy,224,150,0,ok,
2026-08-09T03:17:25,paris,1000,1000,0,ok,
2026-08-09T03:17:25,meaux,16,16,0,ok,
2026-08-09T03:17:25,chessy,85,71,0,ok,
2026-08-09T03:17:25,serris,67,2,0,ok,
2026-08-09T03:17:25,torcy,224,150,0,ok,
2026-08-09T03:34:34,paris,1000,1000,0,ok,
2026-08-09T03:34:34,meaux,16,16,0,ok,
2026-08-09T03:34:34,chessy,85,71,0,ok,
2026-08-09T03:34:34,serris,67,2,0,ok,
2026-08-09T03:34:34,torcy,224,150,0,ok,
2026-08-09T03:49:19,paris,1000,1000,0,ok,
2026-08-09T03:49:19,meaux,16,16,0,ok,
2026-08-09T03:49:19,chessy,85,71,0,ok,
2026-08-09T03:49:19,serris,67,2,0,ok,
2026-08-09T03:49:19,torcy,224,150,0,ok,
2026-08-09T04:04:48,paris,1000,1000,0,ok,
2026-08-09T04:04:48,meaux,16,16,0,ok,
2026-08-09T04:04:48,chessy,85,71,0,ok,
2026-08-09T04:04:48,serris,67,2,0,ok,
2026-08-09T04:04:48,torcy,224,150,0,ok,
2026-08-09T04:19:07,paris,1000,1000,0,ok,
2026-08-09T04:19:07,meaux,16,16,0,ok,
2026-08-09T04:19:07,chessy,85,71,0,ok,
2026-08-09T04:19:07,serris,67,2,0,ok,
2026-08-09T04:19:07,torcy,224,150,0,ok,
2026-08-09T04:34:38,paris,1000,1000,0,ok,
2026-08-09T04:34:38,meaux,16,16,0,ok,
2026-08-09T04:34:38,chessy,85,71,0,ok,
2026-08-09T04:34:38,serris,67,2,0,ok,
2026-08-09T04:34:38,torcy,224,150,0,ok,
2026-08-09T04:48:32,paris,1000,1000,0,ok,
2026-08-09T04:48:32,meaux,16,16,0,ok,
2026-08-09T04:48:32,chessy,85,71,0,ok,
2026-08-09T04:48:32,serris,67,2,0,ok,
2026-08-09T04:48:32,torcy,224,150,0,ok,
2026-08-09T05:04:45,paris,1000,1000,0,ok,
2026-08-09T05:04:45,meaux,16,16,0,ok,
2026-08-09T05:04:45,chessy,85,71,0,ok,
2026-08-09T05:04:45,serris,67,2,0,ok,
2026-08-09T05:04:45,torcy,224,150,0,ok,
2026-08-09T05:19:17,paris,1000,1000,0,ok,
2026-08-09T05:19:17,meaux,16,16,0,ok,
2026-08-09T05:19:17,chessy,85,71,0,ok,
2026-08-09T05:19:17,serris,67,2,0,ok,
2026-08-09T05:19:17,torcy,224,150,0,ok,
2026-08-09T05:34:55,paris,1000,1000,0,ok,
2026-08-09T05:34:55,meaux,16,16,0,ok,
2026-08-09T05:34:55,chessy,85,71,0,ok,
2026-08-09T05:34:55,serris,67,2,0,ok,
2026-08-09T05:34:55,torcy,224,150,0,ok,
2026-08-09T05:46:43,paris,1000,1000,0,ok,
2026-08-09T05:46:43,meaux,16,16,0,ok,
2026-08-09T05:46:43,chessy,85,71,0,ok,
2026-08-09T05:46:43,serris,67,2,0,ok,
2026-08-09T05:46:43,torcy,224,150,0,ok,
2026-08-09T06:04:45,paris,1000,1000,0,ok,
2026-08-09T06:04:45,meaux,16,16,0,ok,
2026-08-09T06:04:45,chessy,85,71,0,ok,
2026-08-09T06:04:45,serris,67,2,0,ok,
2026-08-09T06:04:45,torcy,224,150,0,ok,
2026-08-09T06:19:32,paris,1000,1000,0,ok,
2026-08-09T06:19:32,meaux,16,16,0,ok,
2026-08-09T06:19:32,chessy,85,71,0,ok,
2026-08-09T06:19:32,serris,67,2,0,ok,
2026-08-09T06:19:32,torcy,224,150,0,ok,
2026-08-09T06:34:32,paris,1000,1000,0,ok,
2026-08-09T06:34:32,meaux,16,16,0,ok,
2026-08-09T06:34:32,chessy,85,71,0,ok,
2026-08-09T06:34:32,serris,67,2,0,ok,
2026-08-09T06:34:32,torcy,224,150,0,ok,
2026-08-09T06:49:23,paris,1000,1000,0,ok,
2026-08-09T06:49:23,meaux,16,16,0,ok,
2026-08-09T06:49:23,chessy,85,71,0,ok,
2026-08-09T06:49:23,serris,67,2,0,ok,
2026-08-09T06:49:23,torcy,224,150,0,ok,
2026-08-09T07:04:30,paris,1000,1000,0,ok,
2026-08-09T07:04:30,meaux,16,16,0,ok,
2026-08-09T07:04:30,chessy,85,71,0,ok,
2026-08-09T07:04:30,serris,67,2,0,ok,
2026-08-09T07:04:30,torcy,224,150,0,ok,
2026-08-09T07:19:43,paris,1000,1000,0,ok,
2026-08-09T07:19:43,meaux,16,16,0,ok,
2026-08-09T07:19:43,chessy,85,71,0,ok,
2026-08-09T07:19:43,serris,67,2,0,ok,
2026-08-09T07:19:43,torcy,224,150,0,ok,
2026-08-09T07:34:44,paris,1000,1000,0,ok,
2026-08-09T07:34:44,meaux,16,16,0,ok,
2026-08-09T07:34:44,chessy,85,71,0,ok,
2026-08-09T07:34:44,serris,67,2,0,ok,
2026-08-09T07:34:44,torcy,224,150,0,ok,
2026-08-09T07:49:40,paris,1000,1000,0,ok,
2026-08-09T07:49:40,meaux,16,16,0,ok,
2026-08-09T07:49:40,chessy,85,71,0,ok,
2026-08-09T07:49:40,serris,67,2,0,ok,
2026-08-09T07:49:40,torcy,224,150,0,ok,
2026-08-09T08:04:27,paris,1000,1000,0,ok,
2026-08-09T08:04:27,meaux,16,16,0,ok,
2026-08-09T08:04:27,chessy,85,71,0,ok,
2026-08-09T08:04:27,serris,67,2,0,ok,
2026-08-09T08:04:27,torcy,224,150,0,ok,
2026-08-09T08:19:31,paris,1000,1000,0,ok,
2026-08-09T08:19:31,meaux,16,16,0,ok,
2026-08-09T08:19:31,chessy,85,71,0,ok,
2026-08-09T08:19:31,serris,67,2,0,ok,
2026-08-09T08:19:31,torcy,224,150,0,ok,
2026-08-09T08:34:59,paris,1000,1000,0,ok,
2026-08-09T08:34:59,meaux,16,16,0,ok,
2026-08-09T08:34:59,chessy,85,71,0,ok,
2026-08-09T08:34:59,serris,67,2,0,ok,
2026-08-09T08:34:59,torcy,223,149,0,ok,
2026-08-09T08:39:48,paris,1000,1000,0,ok,
2026-08-09T08:39:48,meaux,16,16,0,ok,
2026-08-09T08:39:48,chessy,85,71,0,ok,
2026-08-09T08:39:48,serris,67,2,0,ok,
2026-08-09T08:39:48,torcy,223,149,0,ok,
2026-08-09T08:49:27,paris,1000,1000,0,ok,
2026-08-09T08:49:27,meaux,16,16,0,ok,
2026-08-09T08:49:27,chessy,85,71,0,ok,
2026-08-09T08:49:27,serris,67,2,0,ok,
2026-08-09T08:49:27,torcy,223,149,0,ok,
2026-08-09T09:04:56,paris,1000,1000,0,ok,
2026-08-09T09:04:56,meaux,16,16,0,ok,
2026-08-09T09:04:56,chessy,85,71,0,ok,
2026-08-09T09:04:56,serris,67,2,0,ok,
2026-08-09T09:04:56,torcy,223,149,0,ok,
2026-08-09T09:19:58,paris,1000,1000,0,ok,
2026-08-09T09:19:58,meaux,16,16,0,ok,
2026-08-09T09:19:58,chessy,85,71,0,ok,
2026-08-09T09:19:58,serris,67,2,0,ok,
2026-08-09T09:19:58,torcy,223,149,0,ok,
2026-08-09T09:34:50,paris,1000,1000,0,ok,
2026-08-09T09:34:50,meaux,16,16,0,ok,
2026-08-09T09:34:50,chessy,85,71,0,ok,
2026-08-09T09:34:50,serris,67,2,0,ok,
2026-08-09T09:34:50,torcy,223,149,0,ok,
2026-08-09T09:49:35,paris,1000,1000,0,ok,
2026-08-09T09:49:35,meaux,16,16,0,ok,
2026-08-09T09:49:35,chessy,85,71,0,ok,
2026-08-09T09:49:35,serris,67,2,0,ok,
2026-08-09T09:49:35,torcy,223,149,0,ok,
2026-08-09T10:06:55,paris,1000,1000,0,ok,
2026-08-09T10:06:55,meaux,16,16,0,ok,
2026-08-09T10:06:55,chessy,85,71,0,ok,
2026-08-09T10:06:55,serris,67,2,0,ok,
2026-08-09T10:06:55,torcy,223,149,0,ok,
2026-08-09T10:19:44,paris,1000,1000,0,ok,
2026-08-09T10:19:44,meaux,16,16,0,ok,
2026-08-09T10:19:44,chessy,85,71,0,ok,
2026-08-09T10:19:44,serris,67,2,0,ok,
2026-08-09T10:19:44,torcy,223,149,0,ok,
2026-08-09T10:32:09,paris,1000,1000,0,ok,
2026-08-09T10:32:09,meaux,16,16,0,ok,
2026-08-09T10:32:09,chessy,85,71,0,ok,
2026-08-09T10:32:09,serris,67,2,0,ok,
2026-08-09T10:32:09,torcy,223,149,0,ok,
2026-08-09T10:49:36,paris,1000,1000,0,ok,
2026-08-09T10:49:36,meaux,16,16,0,ok,
2026-08-09T10:49:36,chessy,85,71,0,ok,
2026-08-09T10:49:36,serris,67,2,0,ok,
2026-08-09T10:49:36,torcy,223,149,0,ok,
2026-08-09T11:04:48,paris,1000,1000,0,ok,
2026-08-09T11:04:48,meaux,16,16,0,ok,
2026-08-09T11:04:48,chessy,85,71,0,ok,
2026-08-09T11:04:48,serris,67,2,0,ok,
2026-08-09T11:04:48,torcy,223,149,0,ok,
2026-08-09T11:19:35,paris,1000,1000,0,ok,
2026-08-09T11:19:35,meaux,16,16,0,ok,
2026-08-09T11:19:35,chessy,85,71,0,ok,
2026-08-09T11:19:35,serris,67,2,0,ok,
2026-08-09T11:19:35,torcy,223,149,0,ok,
2026-08-09T11:34:24,paris,1000,1000,0,ok,
2026-08-09T11:34:24,meaux,16,16,0,ok,
2026-08-09T11:34:24,chessy,85,71,0,ok,
2026-08-09T11:34:24,serris,67,2,0,ok,
2026-08-09T11:34:24,torcy,223,149,0,ok,
2026-08-09T11:49:15,paris,1000,1000,0,ok,
2026-08-09T11:49:15,meaux,16,16,0,ok,
2026-08-09T11:49:15,chessy,85,71,0,ok,
2026-08-09T11:49:15,serris,67,2,0,ok,
2026-08-09T11:49:15,torcy,223,149,0,ok,
2026-08-09T11:58:00,paris,1000,1000,0,ok,
2026-08-09T11:58:00,meaux,16,16,0,ok,
2026-08-09T11:58:00,chessy,85,71,0,ok,
2026-08-09T11:58:00,serris,67,2,0,ok,
2026-08-09T11:58:00,torcy,223,149,0,ok,
2026-08-09T12:04:54,paris,1000,1000,0,ok,
2026-08-09T12:04:54,meaux,16,16,0,ok,
2026-08-09T12:04:54,chessy,85,71,0,ok,
2026-08-09T12:04:54,serris,67,2,0,ok,
2026-08-09T12:04:54,torcy,223,149,0,ok,
2026-08-09T12:19:20,paris,1000,1000,0,ok,
2026-08-09T12:19:20,meaux,16,16,0,ok,
2026-08-09T12:19:20,chessy,85,71,0,ok,
2026-08-09T12:19:20,serris,67,2,0,ok,
2026-08-09T12:19:20,torcy,223,149,0,ok,
2026-08-09T12:34:46,paris,1000,1000,0,ok,
2026-08-09T12:34:46,meaux,16,16,0,ok,
2026-08-09T12:34:46,chessy,85,71,0,ok,
2026-08-09T12:34:46,serris,67,2,0,ok,
2026-08-09T12:34:46,torcy,223,149,0,ok,
2026-08-09T12:42:56,paris,1000,1000,0,ok,
2026-08-09T12:42:56,meaux,16,16,0,ok,
2026-08-09T12:42:56,chessy,85,71,0,ok,
2026-08-09T12:42:56,serris,67,2,0,ok,
2026-08-09T12:42:56,torcy,223,149,0,ok,
2026-08-09T12:49:32,paris,1000,1000,0,ok,
2026-08-09T12:49:32,meaux,16,16,0,ok,
2026-08-09T12:49:32,chessy,85,71,0,ok,
2026-08-09T12:49:32,serris,67,2,0,ok,
2026-08-09T12:49:32,torcy,223,149,0,ok,
2026-08-09T13:04:53,paris,1000,1000,0,ok,
2026-08-09T13:04:53,meaux,16,16,0,ok,
2026-08-09T13:04:53,chessy,85,71,0,ok,
2026-08-09T13:04:53,serris,67,2,0,ok,
2026-08-09T13:04:53,torcy,223,149,0,ok,
2026-08-09T13:19:35,paris,1000,1000,0,ok,
2026-08-09T13:19:35,meaux,16,16,0,ok,
2026-08-09T13:19:35,chessy,85,71,0,ok,
2026-08-09T13:19:35,serris,67,2,0,ok,
2026-08-09T13:19:35,torcy,224,150,0,ok,
2026-08-09T13:34:45,paris,1000,1000,0,ok,
2026-08-09T13:34:45,meaux,16,16,0,ok,
2026-08-09T13:34:45,chessy,85,71,0,ok,
2026-08-09T13:34:45,serris,67,2,0,ok,
2026-08-09T13:34:45,torcy,224,150,0,ok,
2026-08-09T13:48:39,paris,1000,1000,0,ok,
2026-08-09T13:48:39,meaux,16,16,0,ok,
2026-08-09T13:48:39,chessy,85,71,0,ok,
2026-08-09T13:48:39,serris,67,2,0,ok,
2026-08-09T13:48:39,torcy,224,150,0,ok,
2026-08-09T14:04:59,paris,1000,1000,0,ok,
2026-08-09T14:04:59,meaux,16,16,0,ok,
2026-08-09T14:04:59,chessy,85,71,0,ok,
2026-08-09T14:04:59,serris,67,2,0,ok,
2026-08-09T14:04:59,torcy,224,150,0,ok,
2026-08-09T14:19:16,paris,1000,1000,0,ok,
2026-08-09T14:19:16,meaux,16,16,0,ok,
2026-08-09T14:19:16,chessy,85,71,0,ok,
2026-08-09T14:19:16,serris,67,2,0,ok,
2026-08-09T14:19:16,torcy,224,150,0,ok,
2026-08-09T14:33:33,paris,1000,1000,0,ok,
2026-08-09T14:33:33,meaux,16,16,0,ok,
2026-08-09T14:33:33,chessy,85,71,0,ok,
2026-08-09T14:33:33,serris,67,2,0,ok,
2026-08-09T14:33:33,torcy,224,150,0,ok,
2026-08-09T14:49:33,paris,1000,1000,0,ok,
2026-08-09T14:49:33,meaux,16,16,0,ok,
2026-08-09T14:49:33,chessy,85,71,0,ok,
2026-08-09T14:49:33,serris,67,2,0,ok,
2026-08-09T14:49:33,torcy,224,150,0,ok,
2026-08-09T15:04:53,paris,1000,1000,0,ok,
2026-08-09T15:04:53,meaux,16,16,0,ok,
2026-08-09T15:04:53,chessy,85,71,0,ok,
2026-08-09T15:04:53,serris,67,2,0,ok,
2026-08-09T15:04:53,torcy,224,150,0,ok,
2026-08-09T15:19:18,paris,1000,1000,0,ok,
2026-08-09T15:19:18,meaux,16,16,0,ok,
2026-08-09T15:19:18,chessy,85,71,0,ok,
2026-08-09T15:19:18,serris,67,2,0,ok,
2026-08-09T15:19:18,torcy,224,150,0,ok,
2026-08-09T15:34:41,paris,1000,1000,0,ok,
2026-08-09T15:34:41,meaux,16,16,0,ok,
2026-08-09T15:34:41,chessy,85,71,0,ok,
2026-08-09T15:34:41,serris,67,2,0,ok,
2026-08-09T15:34:41,torcy,224,150,0,ok,
2026-08-09T15:50:58,paris,1000,1000,0,ok,
2026-08-09T15:50:58,meaux,16,16,0,ok,
2026-08-09T15:50:58,chessy,85,71,0,ok,
2026-08-09T15:50:58,serris,67,2,0,ok,
2026-08-09T15:50:58,torcy,224,150,0,ok,
2026-08-09T16:00:46,paris,1000,1000,0,ok,
2026-08-09T16:00:46,meaux,16,16,0,ok,
2026-08-09T16:00:46,chessy,85,71,0,ok,
2026-08-09T16:00:46,serris,67,2,0,ok,
2026-08-09T16:00:46,torcy,224,150,0,ok,
2026-08-09T16:19:16,paris,1000,1000,0,ok,
2026-08-09T16:19:16,meaux,16,16,0,ok,
2026-08-09T16:19:16,chessy,85,71,0,ok,
2026-08-09T16:19:16,serris,67,2,0,ok,
2026-08-09T16:19:16,torcy,224,150,0,ok,
2026-08-09T16:34:29,paris,1000,1000,0,ok,
2026-08-09T16:34:29,meaux,16,16,0,ok,
2026-08-09T16:34:29,chessy,85,71,0,ok,
2026-08-09T16:34:29,serris,67,2,0,ok,
2026-08-09T16:34:29,torcy,224,150,0,ok,
2026-08-09T16:50:53,paris,1000,1000,0,ok,
2026-08-09T16:50:53,meaux,16,16,0,ok,
2026-08-09T16:50:53,chessy,85,71,0,ok,
2026-08-09T16:50:53,serris,67,2,0,ok,
2026-08-09T16:50:53,torcy,224,150,0,ok,
2026-08-09T17:04:51,paris,1000,1000,0,ok,
2026-08-09T17:04:51,meaux,16,16,0,ok,
2026-08-09T17:04:51,chessy,85,71,0,ok,
2026-08-09T17:04:51,serris,67,2,0,ok,
2026-08-09T17:04:51,torcy,224,150,0,ok,
2026-08-09T17:09:51,paris,1000,1000,0,ok,
2026-08-09T17:09:51,meaux,16,16,0,ok,
2026-08-09T17:09:51,chessy,85,71,0,ok,
2026-08-09T17:09:51,serris,67,2,0,ok,
2026-08-09T17:09:51,torcy,224,150,0,ok,
2026-08-09T17:19:40,paris,1000,1000,0,ok,
2026-08-09T17:19:40,meaux,16,16,0,ok,
2026-08-09T17:19:40,chessy,85,71,0,ok,
2026-08-09T17:19:40,serris,67,2,0,ok,
2026-08-09T17:19:40,torcy,224,150,0,ok,
2026-08-09T17:34:59,paris,1000,1000,0,ok,
2026-08-09T17:34:59,meaux,16,16,0,ok,
2026-08-09T17:34:59,chessy,85,71,0,ok,
2026-08-09T17:34:59,serris,67,2,0,ok,
2026-08-09T17:34:59,torcy,224,150,0,ok,
2026-08-09T17:49:43,paris,1000,1000,0,ok,
2026-08-09T17:49:43,meaux,16,16,0,ok,
2026-08-09T17:49:43,chessy,85,71,0,ok,
2026-08-09T17:49:43,serris,67,2,0,ok,
2026-08-09T17:49:43,torcy,224,150,0,ok,
2026-08-09T18:01:45,paris,1000,1000,0,ok,
2026-08-09T18:01:45,meaux,16,16,0,ok,
2026-08-09T18:01:45,chessy,85,71,0,ok,
2026-08-09T18:01:45,serris,67,2,0,ok,
2026-08-09T18:01:45,torcy,224,150,0,ok,
2026-08-09T18:20:05,paris,1000,1000,0,ok,
2026-08-09T18:20:05,meaux,16,16,0,ok,
2026-08-09T18:20:05,chessy,85,71,0,ok,
2026-08-09T18:20:05,serris,67,2,0,ok,
2026-08-09T18:20:05,torcy,224,150,0,ok,
2026-08-09T18:34:52,paris,1000,1000,0,ok,
2026-08-09T18:34:52,meaux,16,16,0,ok,
2026-08-09T18:34:52,chessy,85,71,0,ok,
2026-08-09T18:34:52,serris,67,2,0,ok,
2026-08-09T18:34:52,torcy,224,150,0,ok,
2026-08-09T18:45:55,paris,1000,1000,0,ok,
2026-08-09T18:45:55,meaux,16,16,0,ok,
2026-08-09T18:45:55,chessy,85,71,0,ok,
2026-08-09T18:45:55,serris,67,2,0,ok,
2026-08-09T18:45:55,torcy,224,150,0,ok,
2026-08-09T19:04:42,paris,1000,1000,0,ok,
2026-08-09T19:04:42,meaux,16,16,0,ok,
2026-08-09T19:04:42,chessy,85,71,0,ok,
2026-08-09T19:04:42,serris,67,2,0,ok,
2026-08-09T19:04:42,torcy,224,150,0,ok,
2026-08-09T19:20:02,paris,1000,1000,0,ok,
2026-08-09T19:20:02,meaux,16,16,0,ok,
2026-08-09T19:20:02,chessy,85,71,0,ok,
2026-08-09T19:20:02,serris,67,2,0,ok,
2026-08-09T19:20:02,torcy,224,150,0,ok,
2026-08-09T19:32:52,paris,1000,1000,0,ok,
2026-08-09T19:32:52,meaux,16,16,0,ok,
2026-08-09T19:32:52,chessy,85,71,0,ok,
2026-08-09T19:32:52,serris,67,2,0,ok,
2026-08-09T19:32:52,torcy,224,150,0,ok,
2026-08-09T19:49:42,paris,1000,1000,0,ok,
2026-08-09T19:49:42,meaux,16,16,0,ok,
2026-08-09T19:49:42,chessy,85,71,0,ok,
2026-08-09T19:49:42,serris,67,2,0,ok,
2026-08-09T19:49:42,torcy,224,150,0,ok,
2026-08-09T20:03:26,paris,1000,1000,0,ok,
2026-08-09T20:03:26,meaux,16,16,0,ok,
2026-08-09T20:03:26,chessy,85,71,0,ok,
2026-08-09T20:03:26,serris,67,2,0,ok,
2026-08-09T20:03:26,torcy,224,150,0,ok,
2026-08-09T20:19:26,paris,1000,1000,0,ok,
2026-08-09T20:19:26,meaux,16,16,0,ok,
2026-08-09T20:19:26,chessy,85,71,0,ok,
2026-08-09T20:19:26,serris,67,2,0,ok,
2026-08-09T20:19:26,torcy,224,150,0,ok,
2026-08-09T20:35:04,paris,1000,1000,0,ok,
2026-08-09T20:35:04,meaux,16,16,0,ok,
2026-08-09T20:35:04,chessy,85,71,0,ok,
2026-08-09T20:35:04,serris,67,2,0,ok,
2026-08-09T20:35:04,torcy,224,150,0,ok,
2026-08-09T20:41:57,paris,1000,1000,0,ok,
2026-08-09T20:41:57,meaux,16,16,0,ok,
2026-08-09T20:41:57,chessy,85,71,0,ok,
2026-08-09T20:41:57,serris,67,2,0,ok,
2026-08-09T20:41:57,torcy,224,150,0,ok,
2026-08-09T20:49:32,paris,1000,1000,0,ok,
2026-08-09T20:49:32,meaux,16,16,0,ok,
2026-08-09T20:49:32,chessy,85,71,0,ok,
2026-08-09T20:49:32,serris,67,2,0,ok,
2026-08-09T20:49:32,torcy,224,150,0,ok,
2026-08-09T21:05:20,paris,1000,1000,0,ok,
2026-08-09T21:05:20,meaux,16,16,0,ok,
2026-08-09T21:05:20,chessy,85,71,0,ok,
2026-08-09T21:05:20,serris,67,2,0,ok,
2026-08-09T21:05:20,torcy,224,150,0,ok,
2026-08-09T21:20:03,paris,1000,1000,0,ok,
2026-08-09T21:20:03,meaux,16,16,0,ok,
2026-08-09T21:20:03,chessy,85,71,0,ok,
2026-08-09T21:20:03,serris,67,2,0,ok,
2026-08-09T21:20:03,torcy,224,150,0,ok,
2026-08-09T21:30:15,paris,1000,1000,0,ok,
2026-08-09T21:30:15,meaux,16,16,0,ok,
2026-08-09T21:30:15,chessy,85,71,0,ok,
2026-08-09T21:30:15,serris,67,2,0,ok,
2026-08-09T21:30:15,torcy,224,150,0,ok,
2026-08-09T21:49:38,paris,1000,1000,0,ok,
2026-08-09T21:49:38,meaux,16,16,0,ok,
2026-08-09T21:49:38,chessy,85,71,0,ok,
2026-08-09T21:49:38,serris,67,2,0,ok,
2026-08-09T21:49:38,torcy,224,150,0,ok,
2026-08-09T22:02:27,paris,1000,1000,0,ok,
2026-08-09T22:02:27,meaux,16,16,0,ok,
2026-08-09T22:02:27,chessy,85,71,0,ok,
2026-08-09T22:02:27,serris,67,2,0,ok,
2026-08-09T22:02:27,torcy,224,150,0,ok,
2026-08-09T22:19:44,paris,1000,1000,0,ok,
2026-08-09T22:19:44,meaux,16,16,0,ok,
2026-08-09T22:19:44,chessy,85,71,0,ok,
2026-08-09T22:19:44,serris,67,2,0,ok,
2026-08-09T22:19:44,torcy,224,150,0,ok,
2026-08-09T22:34:37,paris,1000,1000,0,ok,
2026-08-09T22:34:37,meaux,16,16,0,ok,
2026-08-09T22:34:37,chessy,85,71,0,ok,
2026-08-09T22:34:37,serris,67,2,0,ok,
2026-08-09T22:34:37,torcy,224,150,0,ok,
2026-08-09T22:49:32,paris,1000,1000,0,ok,
2026-08-09T22:49:32,meaux,16,16,0,ok,
2026-08-09T22:49:32,chessy,85,71,0,ok,
2026-08-09T22:49:32,serris,67,2,0,ok,
2026-08-09T22:49:32,torcy,224,150,0,ok,
2026-08-09T23:05:15,paris,1000,1000,0,ok,
2026-08-09T23:05:15,meaux,16,16,0,ok,
2026-08-09T23:05:15,chessy,85,71,0,ok,
2026-08-09T23:05:15,serris,67,2,0,ok,
2026-08-09T23:05:15,torcy,224,150,0,ok,
2026-08-09T23:20:13,paris,1000,1000,0,ok,
2026-08-09T23:20:13,meaux,16,16,0,ok,
2026-08-09T23:20:13,chessy,85,71,0,ok,
2026-08-09T23:20:13,serris,67,2,0,ok,
2026-08-09T23:20:13,torcy,224,150,0,ok,
2026-08-09T23:29:37,paris,1000,1000,0,ok,
2026-08-09T23:29:37,meaux,16,16,0,ok,
2026-08-09T23:29:37,chessy,85,71,0,ok,
2026-08-09T23:29:37,serris,67,2,0,ok,
2026-08-09T23:29:37,torcy,224,150,0,ok,
2026-08-09T23:34:44,paris,1000,1000,0,ok,
2026-08-09T23:34:44,meaux,16,16,0,ok,
2026-08-09T23:34:44,chessy,85,71,0,ok,
2026-08-09T23:34:44,serris,67,2,0,ok,
2026-08-09T23:34:44,torcy,224,150,0,ok,
2026-08-09T23:50:01,paris,1000,1000,0,ok,
2026-08-09T23:50:01,meaux,16,16,0,ok,
2026-08-09T23:50:01,chessy,85,71,0,ok,
2026-08-09T23:50:01,serris,67,2,0,ok,
2026-08-09T23:50:01,torcy,224,150,0,ok,
2026-08-10T00:01:34,paris,1000,1000,0,ok,
2026-08-10T00:01:34,meaux,16,16,0,ok,
2026-08-10T00:01:34,chessy,85,71,0,ok,
2026-08-10T00:01:34,serris,67,2,0,ok,
2026-08-10T00:01:34,torcy,224,150,0,ok,
2026-08-10T00:19:32,paris,1000,1000,0,ok,
2026-08-10T00:19:32,meaux,16,16,0,ok,
2026-08-10T00:19:32,chessy,85,71,0,ok,
2026-08-10T00:19:32,serris,67,2,0,ok,
2026-08-10T00:19:32,torcy,224,150,0,ok,
2026-08-10T00:35:13,paris,1000,1000,0,ok,
2026-08-10T00:35:13,meaux,16,16,0,ok,
2026-08-10T00:35:13,chessy,85,71,0,ok,
2026-08-10T00:35:13,serris,67,2,0,ok,
2026-08-10T00:35:13,torcy,224,150,0,ok,
2026-08-10T00:49:36,paris,1000,1000,0,ok,
2026-08-10T00:49:36,meaux,16,16,0,ok,
2026-08-10T00:49:36,chessy,85,71,0,ok,
2026-08-10T00:49:36,serris,67,2,0,ok,
2026-08-10T00:49:36,torcy,224,150,0,ok,
2026-08-10T01:05:05,paris,1000,1000,0,ok,
2026-08-10T01:05:05,meaux,16,16,0,ok,
2026-08-10T01:05:05,chessy,85,71,0,ok,
2026-08-10T01:05:05,serris,67,2,0,ok,
2026-08-10T01:05:05,torcy,224,150,0,ok,
2026-08-10T01:20:03,paris,1000,1000,0,ok,
2026-08-10T01:20:03,meaux,16,16,0,ok,
2026-08-10T01:20:03,chessy,85,71,0,ok,
2026-08-10T01:20:03,serris,67,2,0,ok,
2026-08-10T01:20:03,torcy,224,150,0,ok,
2026-08-10T01:35:20,paris,1000,1000,0,ok,
2026-08-10T01:35:20,meaux,16,16,0,ok,
2026-08-10T01:35:20,chessy,85,71,0,ok,
2026-08-10T01:35:20,serris,67,2,0,ok,
2026-08-10T01:35:20,torcy,224,150,0,ok,
2026-08-10T01:49:38,paris,1000,1000,0,ok,
2026-08-10T01:49:38,meaux,16,16,0,ok,
2026-08-10T01:49:38,chessy,85,71,0,ok,
2026-08-10T01:49:38,serris,67,2,0,ok,
2026-08-10T01:49:38,torcy,224,150,0,ok,
2026-08-10T01:55:18,paris,1000,1000,0,ok,
2026-08-10T01:55:18,meaux,16,16,0,ok,
2026-08-10T01:55:18,chessy,85,71,0,ok,
2026-08-10T01:55:18,serris,67,2,0,ok,
2026-08-10T01:55:18,torcy,224,150,0,ok,
2026-08-10T02:05:22,paris,1000,1000,0,ok,
2026-08-10T02:05:22,meaux,16,16,0,ok,
2026-08-10T02:05:22,chessy,85,71,0,ok,
2026-08-10T02:05:22,serris,67,2,0,ok,
2026-08-10T02:05:22,torcy,224,150,0,ok,
2026-08-10T02:20:07,paris,1000,1000,0,ok,
2026-08-10T02:20:07,meaux,16,16,0,ok,
2026-08-10T02:20:07,chessy,85,71,0,ok,
2026-08-10T02:20:07,serris,67,2,0,ok,
2026-08-10T02:20:07,torcy,224,150,0,ok,
2026-08-10T02:35:13,paris,1000,1000,0,ok,
2026-08-10T02:35:13,meaux,16,16,0,ok,
2026-08-10T02:35:13,chessy,85,71,0,ok,
2026-08-10T02:35:13,serris,67,2,0,ok,
2026-08-10T02:35:13,torcy,224,150,0,ok,
2026-08-10T02:50:10,paris,1000,1000,0,ok,
2026-08-10T02:50:10,meaux,16,16,0,ok,
2026-08-10T02:50:10,chessy,85,71,0,ok,
2026-08-10T02:50:10,serris,67,2,0,ok,
2026-08-10T02:50:10,torcy,224,150,0,ok,
2026-08-10T03:05:39,paris,1000,1000,0,ok,
2026-08-10T03:05:39,meaux,16,16,0,ok,
2026-08-10T03:05:39,chessy,85,71,0,ok,
2026-08-10T03:05:39,serris,67,2,0,ok,
2026-08-10T03:05:39,torcy,224,150,0,ok,
2026-08-10T03:20:13,paris,1000,1000,0,ok,
2026-08-10T03:20:13,meaux,16,16,0,ok,
2026-08-10T03:20:13,chessy,85,71,0,ok,
2026-08-10T03:20:13,serris,67,2,0,ok,
2026-08-10T03:20:13,torcy,224,150,0,ok,
2026-08-10T03:35:28,paris,1000,1000,0,ok,
2026-08-10T03:35:28,meaux,16,16,0,ok,
2026-08-10T03:35:28,chessy,85,71,0,ok,
2026-08-10T03:35:28,serris,67,2,0,ok,
2026-08-10T03:35:28,torcy,224,150,0,ok,
2026-08-10T03:50:17,paris,1000,1000,0,ok,
2026-08-10T03:50:17,meaux,16,16,0,ok,
2026-08-10T03:50:17,chessy,85,71,0,ok,
2026-08-10T03:50:17,serris,67,2,0,ok,
2026-08-10T03:50:17,torcy,224,150,0,ok,
2026-08-10T04:05:06,paris,1000,1000,0,ok,
2026-08-10T04:05:06,meaux,16,16,0,ok,
2026-08-10T04:05:06,chessy,85,71,0,ok,
2026-08-10T04:05:06,serris,67,2,0,ok,
2026-08-10T04:05:06,torcy,224,150,0,ok,
2026-08-10T04:19:39,paris,1000,1000,0,ok,
2026-08-10T04:19:39,meaux,16,16,0,ok,
2026-08-10T04:19:39,chessy,85,71,0,ok,
2026-08-10T04:19:39,serris,67,2,0,ok,
2026-08-10T04:19:39,torcy,224,150,0,ok,
2026-08-10T04:34:46,paris,1000,1000,0,ok,
2026-08-10T04:34:46,meaux,16,16,0,ok,
2026-08-10T04:34:46,chessy,86,72,0,ok,
2026-08-10T04:34:46,serris,68,2,0,ok,
2026-08-10T04:34:46,torcy,225,150,0,ok,
2026-08-10T04:50:03,paris,1000,1000,0,ok,
2026-08-10T04:50:03,meaux,16,16,0,ok,
2026-08-10T04:50:03,chessy,86,72,0,ok,
2026-08-10T04:50:03,serris,68,2,0,ok,
2026-08-10T04:50:03,torcy,225,150,0,ok,
2026-08-10T05:05:19,paris,1000,1000,0,ok,
2026-08-10T05:05:19,meaux,16,16,0,ok,
2026-08-10T05:05:19,chessy,86,72,0,ok,
2026-08-10T05:05:19,serris,68,2,0,ok,
2026-08-10T05:05:19,torcy,225,150,0,ok,
2026-08-10T05:19:40,paris,1000,1000,0,ok,
2026-08-10T05:19:40,meaux,16,16,0,ok,
2026-08-10T05:19:40,chessy,86,72,0,ok,
2026-08-10T05:19:40,serris,68,2,0,ok,
2026-08-10T05:19:40,torcy,225,150,0,ok,
2026-08-10T05:25:46,paris,1000,1000,0,ok,
2026-08-10T05:25:46,meaux,16,16,0,ok,
2026-08-10T05:25:46,chessy,86,72,0,ok,
2026-08-10T05:25:46,serris,68,2,0,ok,
2026-08-10T05:25:46,torcy,225,150,0,ok,
2026-08-10T05:34:46,paris,1000,1000,0,ok,
2026-08-10T05:34:46,meaux,16,16,0,ok,
2026-08-10T05:34:46,chessy,86,72,0,ok,
2026-08-10T05:34:46,serris,68,2,0,ok,
2026-08-10T05:34:46,torcy,225,150,0,ok,
2026-08-10T05:50:12,paris,1000,1000,0,ok,
2026-08-10T05:50:12,meaux,16,16,0,ok,
2026-08-10T05:50:12,chessy,86,72,0,ok,
2026-08-10T05:50:12,serris,68,2,0,ok,
2026-08-10T05:50:12,torcy,225,150,0,ok,
2026-08-10T06:05:14,paris,1000,1000,0,ok,
2026-08-10T06:05:14,meaux,16,16,0,ok,
2026-08-10T06:05:14,chessy,86,72,0,ok,
2026-08-10T06:05:14,serris,68,2,0,ok,
2026-08-10T06:05:14,torcy,225,150,0,ok,
2026-08-10T06:20:31,paris,1000,1000,0,ok,
2026-08-10T06:20:31,meaux,16,16,0,ok,
2026-08-10T06:20:31,chessy,86,72,0,ok,
2026-08-10T06:20:31,serris,68,2,0,ok,
2026-08-10T06:20:31,torcy,225,150,0,ok,
2026-08-10T06:35:15,paris,1000,1000,0,ok,
2026-08-10T06:35:15,meaux,16,16,0,ok,
2026-08-10T06:35:15,chessy,86,72,0,ok,
2026-08-10T06:35:15,serris,68,2,0,ok,
2026-08-10T06:35:15,torcy,225,150,0,ok,
2026-08-10T06:51:15,paris,1000,1000,0,ok,
2026-08-10T06:51:15,meaux,16,16,0,ok,
2026-08-10T06:51:15,chessy,86,72,0,ok,
2026-08-10T06:51:15,serris,68,2,0,ok,
2026-08-10T06:51:15,torcy,225,150,0,ok,
2026-08-10T07:07:34,paris,1000,1000,0,ok,
2026-08-10T07:07:34,meaux,16,16,0,ok,
2026-08-10T07:07:34,chessy,86,72,0,ok,
2026-08-10T07:07:34,serris,68,2,0,ok,
2026-08-10T07:07:34,torcy,225,150,0,ok,
2026-08-10T07:19:52,paris,1000,1000,0,ok,
2026-08-10T07:19:52,meaux,16,16,0,ok,
2026-08-10T07:19:52,chessy,86,72,0,ok,
2026-08-10T07:19:52,serris,68,2,0,ok,
2026-08-10T07:19:52,torcy,225,150,0,ok,
2026-08-10T07:36:06,paris,1000,1000,0,ok,
2026-08-10T07:36:06,meaux,16,16,0,ok,
2026-08-10T07:36:06,chessy,86,72,0,ok,
2026-08-10T07:36:06,serris,68,2,0,ok,
2026-08-10T07:36:06,torcy,225,150,0,ok,
2026-08-10T07:50:16,paris,1000,1000,0,ok,
2026-08-10T07:50:16,meaux,16,16,0,ok,
2026-08-10T07:50:16,chessy,86,72,0,ok,
2026-08-10T07:50:16,serris,68,2,0,ok,
2026-08-10T07:50:16,torcy,225,150,0,ok,
2026-08-10T08:05:07,paris,1000,1000,0,ok,
2026-08-10T08:05:07,meaux,16,16,0,ok,
2026-08-10T08:05:07,chessy,86,72,0,ok,
2026-08-10T08:05:07,serris,68,2,0,ok,
2026-08-10T08:05:07,torcy,225,150,0,ok,
2026-08-10T08:20:05,paris,1000,1000,0,ok,
2026-08-10T08:20:05,meaux,16,16,0,ok,
2026-08-10T08:20:05,chessy,86,72,0,ok,
2026-08-10T08:20:05,serris,68,2,0,ok,
2026-08-10T08:20:05,torcy,225,150,0,ok,
2026-08-10T08:28:18,paris,1000,1000,0,ok,
2026-08-10T08:28:18,meaux,16,16,0,ok,
2026-08-10T08:28:18,chessy,86,72,0,ok,
2026-08-10T08:28:18,serris,68,2,0,ok,
2026-08-10T08:28:18,torcy,225,150,0,ok,
2026-08-10T08:35:15,paris,1000,1000,0,ok,
2026-08-10T08:35:15,meaux,16,16,0,ok,
2026-08-10T08:35:15,chessy,86,72,0,ok,
2026-08-10T08:35:15,serris,68,2,0,ok,
2026-08-10T08:35:15,torcy,225,150,0,ok,
2026-08-10T08:50:06,paris,1000,1000,0,ok,
2026-08-10T08:50:06,meaux,16,16,0,ok,
2026-08-10T08:50:06,chessy,86,72,0,ok,
2026-08-10T08:50:06,serris,68,2,0,ok,
2026-08-10T08:50:06,torcy,225,150,0,ok,
2026-08-10T09:07:38,paris,1000,1000,0,ok,
2026-08-10T09:07:38,meaux,16,16,0,ok,
2026-08-10T09:07:38,chessy,86,72,0,ok,
2026-08-10T09:07:38,serris,68,2,0,ok,
2026-08-10T09:07:38,torcy,225,150,0,ok,
2026-08-10T09:22:29,paris,1000,1000,0,ok,
2026-08-10T09:22:29,meaux,16,16,0,ok,
2026-08-10T09:22:29,chessy,86,72,0,ok,
2026-08-10T09:22:29,serris,68,2,0,ok,
2026-08-10T09:22:29,torcy,225,150,0,ok,
2026-08-10T09:35:14,paris,1000,1000,0,ok,
2026-08-10T09:35:14,meaux,16,16,0,ok,
2026-08-10T09:35:14,chessy,86,72,0,ok,
2026-08-10T09:35:14,serris,68,2,0,ok,
2026-08-10T09:35:14,torcy,225,150,0,ok,
2026-08-10T09:52:24,paris,1000,1000,0,ok,
2026-08-10T09:52:24,meaux,16,16,0,ok,
2026-08-10T09:52:24,chessy,86,72,0,ok,
2026-08-10T09:52:24,serris,68,2,0,ok,
2026-08-10T09:52:24,torcy,225,150,0,ok,
2026-08-10T10:02:14,paris,1000,1000,0,ok,
2026-08-10T10:02:14,meaux,16,16,0,ok,
2026-08-10T10:02:14,chessy,86,72,0,ok,
2026-08-10T10:02:14,serris,68,2,0,ok,
2026-08-10T10:02:14,torcy,225,150,0,ok,
2026-08-10T10:22:03,paris,1000,1000,0,ok,
2026-08-10T10:22:03,meaux,16,16,0,ok,
2026-08-10T10:22:03,chessy,86,72,0,ok,
2026-08-10T10:22:03,serris,68,2,0,ok,
2026-08-10T10:22:03,torcy,225,150,0,ok,
2026-08-10T10:35:15,paris,1000,1000,0,ok,
2026-08-10T10:35:15,meaux,16,16,0,ok,
2026-08-10T10:35:15,chessy,86,72,0,ok,
2026-08-10T10:35:15,serris,68,2,0,ok,
2026-08-10T10:35:15,torcy,226,151,0,ok,
2026-08-10T10:50:40,paris,1000,1000,0,ok,
2026-08-10T10:50:40,meaux,16,16,0,ok,
2026-08-10T10:50:40,chessy,86,72,0,ok,
2026-08-10T10:50:40,serris,68,2,0,ok,
2026-08-10T10:50:40,torcy,226,151,0,ok,
2026-08-10T11:05:28,paris,1000,1000,0,ok,
2026-08-10T11:05:28,meaux,16,16,0,ok,
2026-08-10T11:05:28,chessy,86,72,0,ok,
2026-08-10T11:05:28,serris,68,2,0,ok,
2026-08-10T11:05:28,torcy,226,151,0,ok,
2026-08-10T11:19:51,paris,1000,1000,0,ok,
2026-08-10T11:19:51,meaux,16,16,0,ok,
2026-08-10T11:19:51,chessy,86,72,0,ok,
2026-08-10T11:19:51,serris,68,2,0,ok,
2026-08-10T11:19:51,torcy,226,151,0,ok,
2026-08-10T11:35:16,paris,1000,1000,0,ok,
2026-08-10T11:35:16,meaux,16,16,0,ok,
2026-08-10T11:35:16,chessy,86,72,0,ok,
2026-08-10T11:35:16,serris,68,2,0,ok,
2026-08-10T11:35:16,torcy,226,151,0,ok,
2026-08-10T11:51:28,paris,1000,1000,0,ok,
2026-08-10T11:51:28,meaux,16,16,0,ok,
2026-08-10T11:51:28,chessy,86,72,0,ok,
2026-08-10T11:51:28,serris,68,2,0,ok,
2026-08-10T11:51:28,torcy,226,151,0,ok,
2026-08-10T12:07:28,paris,1000,1000,0,ok,
2026-08-10T12:07:28,meaux,16,16,0,ok,
2026-08-10T12:07:28,chessy,86,72,0,ok,
2026-08-10T12:07:28,serris,68,2,0,ok,
2026-08-10T12:07:28,torcy,226,151,0,ok,
2026-08-10T12:22:37,paris,1000,1000,0,ok,
2026-08-10T12:22:37,meaux,17,17,0,ok,
2026-08-10T12:22:37,chessy,87,72,0,ok,
2026-08-10T12:22:37,serris,68,2,0,ok,
2026-08-10T12:22:37,torcy,226,151,0,ok,
2026-08-10T12:35:52,paris,1000,1000,0,ok,
2026-08-10T12:35:52,meaux,17,17,0,ok,
2026-08-10T12:35:52,chessy,87,72,0,ok,
2026-08-10T12:35:52,serris,68,2,0,ok,
2026-08-10T12:35:52,torcy,226,151,0,ok,
2026-08-10T12:50:58,paris,1000,1000,0,ok,
2026-08-10T12:50:58,meaux,17,17,0,ok,
2026-08-10T12:50:58,chessy,87,72,0,ok,
2026-08-10T12:50:58,serris,68,2,0,ok,
2026-08-10T12:50:58,torcy,226,151,0,ok,
2026-08-10T13:07:25,paris,1000,1000,0,ok,
2026-08-10T13:07:25,meaux,17,17,0,ok,
2026-08-10T13:07:25,chessy,87,72,0,ok,
2026-08-10T13:07:25,serris,68,2,0,ok,
2026-08-10T13:07:25,torcy,226,151,0,ok,
2026-08-10T13:21:41,paris,1000,1000,0,ok,
2026-08-10T13:21:41,meaux,17,17,0,ok,
2026-08-10T13:21:41,chessy,87,72,0,ok,
2026-08-10T13:21:41,serris,68,2,0,ok,
2026-08-10T13:21:41,torcy,226,151,0,ok,
2026-08-10T13:35:23,paris,1000,1000,0,ok,
2026-08-10T13:35:23,meaux,17,17,0,ok,
2026-08-10T13:35:23,chessy,87,72,0,ok,
2026-08-10T13:35:23,serris,68,2,0,ok,
2026-08-10T13:35:23,torcy,226,151,0,ok,
2026-08-10T13:50:21,paris,1000,1000,0,ok,
2026-08-10T13:50:21,meaux,17,17,0,ok,
2026-08-10T13:50:21,chessy,87,72,0,ok,
2026-08-10T13:50:21,serris,68,2,0,ok,
2026-08-10T13:50:21,torcy,226,151,0,ok,
2026-08-10T14:03:58,paris,1000,1000,0,ok,
2026-08-10T14:03:58,meaux,17,17,0,ok,
2026-08-10T14:03:58,chessy,87,72,0,ok,
2026-08-10T14:03:58,serris,68,2,0,ok,
2026-08-10T14:03:58,torcy,226,151,0,ok,
2026-08-10T14:20:27,paris,1000,1000,0,ok,
2026-08-10T14:20:27,meaux,17,17,0,ok,
2026-08-10T14:20:27,chessy,87,72,0,ok,
2026-08-10T14:20:27,serris,68,2,0,ok,
2026-08-10T14:20:27,torcy,226,151,0,ok,
2026-08-10T14:35:30,paris,1000,1000,0,ok,
2026-08-10T14:35:30,meaux,17,17,0,ok,
2026-08-10T14:35:30,chessy,87,72,0,ok,
2026-08-10T14:35:30,serris,68,2,0,ok,
2026-08-10T14:35:30,torcy,226,151,0,ok,
2026-08-10T14:52:07,paris,1000,1000,0,ok,
2026-08-10T14:52:07,meaux,17,17,0,ok,
2026-08-10T14:52:07,chessy,87,72,0,ok,
2026-08-10T14:52:07,serris,68,2,0,ok,
2026-08-10T14:52:07,torcy,226,151,0,ok,
2026-08-10T14:58:08,paris,1000,1000,0,ok,
2026-08-10T14:58:08,meaux,17,17,0,ok,
2026-08-10T14:58:08,chessy,87,72,0,ok,
2026-08-10T14:58:08,serris,68,2,0,ok,
2026-08-10T14:58:08,torcy,226,151,0,ok,
2026-08-10T15:05:42,paris,1000,1000,0,ok,
2026-08-10T15:05:42,meaux,17,17,0,ok,
2026-08-10T15:05:42,chessy,87,72,0,ok,
2026-08-10T15:05:42,serris,68,2,0,ok,
2026-08-10T15:05:42,torcy,226,151,0,ok,
2026-08-10T15:20:25,paris,1000,1000,0,ok,
2026-08-10T15:20:25,meaux,17,17,0,ok,
2026-08-10T15:20:25,chessy,87,72,0,ok,
2026-08-10T15:20:25,serris,68,2,0,ok,
2026-08-10T15:20:25,torcy,226,151,0,ok,
2026-08-10T15:35:32,paris,1000,1000,0,ok,
2026-08-10T15:35:32,meaux,17,17,0,ok,
2026-08-10T15:35:32,chessy,87,72,0,ok,
2026-08-10T15:35:32,serris,68,2,0,ok,
2026-08-10T15:35:32,torcy,226,151,0,ok,
2026-08-10T15:50:34,paris,1000,1000,0,ok,
2026-08-10T15:50:34,meaux,17,17,0,ok,
2026-08-10T15:50:34,chessy,87,72,0,ok,
2026-08-10T15:50:34,serris,68,2,0,ok,
2026-08-10T15:50:34,torcy,226,151,0,ok,
2026-08-10T16:00:49,paris,1000,1000,0,ok,
2026-08-10T16:00:49,meaux,17,17,0,ok,
2026-08-10T16:00:49,chessy,87,72,0,ok,
2026-08-10T16:00:49,serris,68,2,0,ok,
2026-08-10T16:00:49,torcy,226,151,0,ok,
2026-08-10T16:21:52,paris,1000,1000,0,ok,
2026-08-10T16:21:52,meaux,17,17,0,ok,
2026-08-10T16:21:52,chessy,87,72,0,ok,
2026-08-10T16:21:52,serris,68,2,0,ok,
2026-08-10T16:21:52,torcy,226,151,0,ok,
2026-08-10T16:36:35,paris,1000,1000,0,ok,
2026-08-10T16:36:35,meaux,17,17,0,ok,
2026-08-10T16:36:35,chessy,87,72,0,ok,
2026-08-10T16:36:35,serris,68,2,0,ok,
2026-08-10T16:36:35,torcy,226,151,0,ok,
2026-08-10T16:51:54,paris,1000,1000,0,ok,
2026-08-10T16:51:54,meaux,17,17,0,ok,
2026-08-10T16:51:54,chessy,87,72,0,ok,
2026-08-10T16:51:54,serris,68,2,0,ok,
2026-08-10T16:51:54,torcy,226,151,0,ok,
2026-08-10T17:07:48,paris,1000,1000,0,ok,
2026-08-10T17:07:48,meaux,17,17,0,ok,
2026-08-10T17:07:48,chessy,87,72,0,ok,
2026-08-10T17:07:48,serris,68,2,0,ok,
2026-08-10T17:07:48,torcy,226,151,0,ok,
2026-08-10T17:21:45,paris,1000,1000,0,ok,
2026-08-10T17:21:45,meaux,17,17,0,ok,
2026-08-10T17:21:45,chessy,87,72,0,ok,
2026-08-10T17:21:45,serris,68,2,0,ok,
2026-08-10T17:21:45,torcy,226,151,0,ok,
2026-08-10T17:35:54,paris,1000,1000,0,ok,
2026-08-10T17:35:54,meaux,17,17,0,ok,
2026-08-10T17:35:54,chessy,87,72,0,ok,
2026-08-10T17:35:54,serris,68,2,0,ok,
2026-08-10T17:35:54,torcy,226,151,0,ok,
2026-08-10T17:50:35,paris,1000,1000,0,ok,
2026-08-10T17:50:35,meaux,17,17,0,ok,
2026-08-10T17:50:35,chessy,87,72,0,ok,
2026-08-10T17:50:35,serris,68,2,0,ok,
2026-08-10T17:50:35,torcy,226,151,0,ok,
2026-08-10T18:05:39,paris,1000,1000,0,ok,
2026-08-10T18:05:39,meaux,17,17,0,ok,
2026-08-10T18:05:39,chessy,87,72,0,ok,
2026-08-10T18:05:39,serris,68,2,0,ok,
2026-08-10T18:05:39,torcy,226,151,0,ok,
2026-08-10T18:20:40,paris,1000,1000,0,ok,
2026-08-10T18:20:40,meaux,17,17,0,ok,
2026-08-10T18:20:40,chessy,87,72,0,ok,
2026-08-10T18:20:40,serris,68,2,0,ok,
2026-08-10T18:20:40,torcy,226,151,0,ok,
2026-08-10T18:35:32,paris,1000,1000,0,ok,
2026-08-10T18:35:32,meaux,17,17,0,ok,
2026-08-10T18:35:32,chessy,87,72,0,ok,
2026-08-10T18:35:32,serris,68,2,0,ok,
2026-08-10T18:35:32,torcy,226,151,0,ok,
2026-08-10T18:50:18,paris,1000,1000,0,ok,
2026-08-10T18:50:18,meaux,17,17,0,ok,
2026-08-10T18:50:18,chessy,87,72,0,ok,
2026-08-10T18:50:18,serris,68,2,0,ok,
2026-08-10T18:50:18,torcy,226,151,0,ok,
2026-08-10T19:06:02,paris,1000,1000,0,ok,
2026-08-10T19:06:02,meaux,17,17,0,ok,
2026-08-10T19:06:02,chessy,87,72,0,ok,
2026-08-10T19:06:02,serris,68,2,0,ok,
2026-08-10T19:06:02,torcy,226,151,0,ok,
2026-08-10T19:20:24,paris,1000,1000,0,ok,
2026-08-10T19:20:24,meaux,17,17,0,ok,
2026-08-10T19:20:24,chessy,87,72,0,ok,
2026-08-10T19:20:24,serris,68,2,0,ok,
2026-08-10T19:20:24,torcy,226,151,0,ok,
2026-08-10T19:35:14,paris,1000,1000,0,ok,
2026-08-10T19:35:14,meaux,17,17,0,ok,
2026-08-10T19:35:14,chessy,87,72,0,ok,
2026-08-10T19:35:14,serris,68,2,0,ok,
2026-08-10T19:35:14,torcy,226,151,0,ok,
2026-08-10T19:50:24,paris,1000,1000,0,ok,
2026-08-10T19:50:24,meaux,17,17,0,ok,
2026-08-10T19:50:24,chessy,87,72,0,ok,
2026-08-10T19:50:24,serris,68,2,0,ok,
2026-08-10T19:50:24,torcy,226,151,0,ok,
2026-08-10T19:56:49,paris,1000,1000,0,ok,
2026-08-10T19:56:49,meaux,17,17,0,ok,
2026-08-10T19:56:49,chessy,87,72,0,ok,
2026-08-10T19:56:49,serris,68,2,0,ok,
2026-08-10T19:56:49,torcy,226,151,0,ok,
2026-08-10T20:05:48,paris,1000,1000,0,ok,
2026-08-10T20:05:48,meaux,17,17,0,ok,
2026-08-10T20:05:48,chessy,87,72,0,ok,
2026-08-10T20:05:48,serris,68,2,0,ok,
2026-08-10T20:05:48,torcy,226,151,0,ok,
2026-08-10T20:22:03,paris,1000,1000,0,ok,
2026-08-10T20:22:03,meaux,17,17,0,ok,
2026-08-10T20:22:03,chessy,87,72,0,ok,
2026-08-10T20:22:03,serris,68,2,0,ok,
2026-08-10T20:22:03,torcy,226,151,0,ok,
2026-08-10T20:35:33,paris,1000,1000,0,ok,
2026-08-10T20:35:33,meaux,17,17,0,ok,
2026-08-10T20:35:33,chessy,87,72,0,ok,
2026-08-10T20:35:33,serris,68,2,0,ok,
2026-08-10T20:35:33,torcy,226,151,0,ok,
2026-08-10T20:52:19,paris,1000,1000,0,ok,
2026-08-10T20:52:19,meaux,17,17,0,ok,
2026-08-10T20:52:19,chessy,87,72,0,ok,
2026-08-10T20:52:19,serris,68,2,0,ok,
2026-08-10T20:52:19,torcy,226,151,0,ok,
2026-08-10T21:07:08,paris,1000,1000,0,ok,
2026-08-10T21:07:08,meaux,17,17,0,ok,
2026-08-10T21:07:08,chessy,87,72,0,ok,
2026-08-10T21:07:08,serris,68,2,0,ok,
2026-08-10T21:07:08,torcy,226,151,0,ok,
2026-08-10T21:20:09,paris,1000,1000,0,ok,
2026-08-10T21:20:09,meaux,17,17,0,ok,
2026-08-10T21:20:09,chessy,87,72,0,ok,
2026-08-10T21:20:09,serris,68,2,0,ok,
2026-08-10T21:20:09,torcy,226,151,0,ok,
2026-08-10T21:35:16,paris,1000,1000,0,ok,
2026-08-10T21:35:16,meaux,17,17,0,ok,
2026-08-10T21:35:16,chessy,87,72,0,ok,
2026-08-10T21:35:16,serris,68,2,0,ok,
2026-08-10T21:35:16,torcy,226,151,0,ok,
2026-08-10T21:41:19,paris,1000,1000,0,ok,
2026-08-10T21:41:19,meaux,17,17,0,ok,
2026-08-10T21:41:19,chessy,87,72,0,ok,
2026-08-10T21:41:19,serris,68,2,0,ok,
2026-08-10T21:41:19,torcy,226,151,0,ok,
2026-08-10T21:50:14,paris,1000,1000,0,ok,
2026-08-10T21:50:14,meaux,17,17,0,ok,
2026-08-10T21:50:14,chessy,87,72,0,ok,
2026-08-10T21:50:14,serris,68,2,0,ok,
2026-08-10T21:50:14,torcy,226,151,0,ok,
2026-08-10T22:12:05,paris,1000,1000,0,ok,
2026-08-10T22:12:05,meaux,17,17,0,ok,
2026-08-10T22:12:05,chessy,87,72,0,ok,
2026-08-10T22:12:05,serris,68,2,0,ok,
2026-08-10T22:12:05,torcy,226,151,0,ok,
2026-08-10T22:20:21,paris,1000,1000,0,ok,
2026-08-10T22:20:21,meaux,17,17,0,ok,
2026-08-10T22:20:21,chessy,87,72,0,ok,
2026-08-10T22:20:21,serris,68,2,0,ok,
2026-08-10T22:20:21,torcy,226,151,0,ok,
2026-08-10T22:34:59,paris,1000,1000,0,ok,
2026-08-10T22:34:59,meaux,17,17,0,ok,
2026-08-10T22:34:59,chessy,87,72,0,ok,
2026-08-10T22:34:59,serris,68,2,0,ok,
2026-08-10T22:34:59,torcy,226,151,0,ok,
2026-08-10T22:52:00,paris,1000,1000,0,ok,
2026-08-10T22:52:00,meaux,17,17,0,ok,
2026-08-10T22:52:00,chessy,87,72,0,ok,
2026-08-10T22:52:00,serris,68,2,0,ok,
2026-08-10T22:52:00,torcy,226,151,0,ok,
2026-08-10T23:07:33,paris,1000,1000,0,ok,
2026-08-10T23:07:33,meaux,17,17,0,ok,
2026-08-10T23:07:33,chessy,87,72,0,ok,
2026-08-10T23:07:33,serris,68,2,0,ok,
2026-08-10T23:07:33,torcy,226,151,0,ok,
2026-08-10T23:21:46,paris,1000,1000,0,ok,
2026-08-10T23:21:46,meaux,17,17,0,ok,
2026-08-10T23:21:46,chessy,87,72,0,ok,
2026-08-10T23:21:46,serris,68,2,0,ok,
2026-08-10T23:21:46,torcy,226,151,0,ok,
2026-08-10T23:35:40,paris,1000,1000,0,ok,
2026-08-10T23:35:40,meaux,17,17,0,ok,
2026-08-10T23:35:40,chessy,87,72,0,ok,
2026-08-10T23:35:40,serris,68,2,0,ok,
2026-08-10T23:35:40,torcy,226,151,0,ok,
2026-08-10T23:51:13,paris,1000,1000,0,ok,
2026-08-10T23:51:13,meaux,17,17,0,ok,
2026-08-10T23:51:13,chessy,87,72,0,ok,
2026-08-10T23:51:13,serris,68,2,0,ok,
2026-08-10T23:51:13,torcy,226,151,0,ok,
2026-08-11T00:05:22,paris,1000,1000,0,ok,
2026-08-11T00:05:22,meaux,17,17,0,ok,
2026-08-11T00:05:22,chessy,87,72,0,ok,
2026-08-11T00:05:22,serris,68,2,0,ok,
2026-08-11T00:05:22,torcy,226,151,0,ok,
2026-08-11T00:19:44,paris,1000,1000,0,ok,
2026-08-11T00:19:44,meaux,17,17,0,ok,
2026-08-11T00:19:44,chessy,87,72,0,ok,
2026-08-11T00:19:44,serris,68,2,0,ok,
2026-08-11T00:19:44,torcy,226,151,0,ok,
2026-08-11T00:35:24,paris,1000,1000,0,ok,
2026-08-11T00:35:24,meaux,17,17,0,ok,
2026-08-11T00:35:24,chessy,87,72,0,ok,
2026-08-11T00:35:24,serris,68,2,0,ok,
2026-08-11T00:35:24,torcy,226,151,0,ok,
2026-08-11T00:51:50,paris,1000,1000,0,ok,
2026-08-11T00:51:50,meaux,17,17,0,ok,
2026-08-11T00:51:50,chessy,87,72,0,ok,
2026-08-11T00:51:50,serris,68,2,0,ok,
2026-08-11T00:51:50,torcy,226,151,0,ok,
2026-08-11T01:07:10,paris,1000,1000,0,ok,
2026-08-11T01:07:10,meaux,17,17,0,ok,
2026-08-11T01:07:10,chessy,87,72,0,ok,
2026-08-11T01:07:10,serris,68,2,0,ok,
2026-08-11T01:07:10,torcy,226,151,0,ok,
2026-08-11T01:21:43,paris,1000,1000,0,ok,
2026-08-11T01:21:43,meaux,17,17,0,ok,
2026-08-11T01:21:43,chessy,87,72,0,ok,
2026-08-11T01:21:43,serris,68,2,0,ok,
2026-08-11T01:21:43,torcy,226,151,0,ok,
2026-08-11T01:35:13,paris,1000,1000,0,ok,
2026-08-11T01:35:13,meaux,17,17,0,ok,
2026-08-11T01:35:13,chessy,87,72,0,ok,
2026-08-11T01:35:13,serris,68,2,0,ok,
2026-08-11T01:35:13,torcy,226,151,0,ok,
2026-08-11T01:50:04,paris,1000,1000,0,ok,
2026-08-11T01:50:04,meaux,17,17,0,ok,
2026-08-11T01:50:04,chessy,87,72,0,ok,
2026-08-11T01:50:04,serris,68,2,0,ok,
2026-08-11T01:50:04,torcy,226,151,0,ok,
2026-08-11T02:05:16,paris,1000,1000,0,ok,
2026-08-11T02:05:16,meaux,17,17,0,ok,
2026-08-11T02:05:16,chessy,87,72,0,ok,
2026-08-11T02:05:16,serris,68,2,0,ok,
2026-08-11T02:05:16,torcy,226,151,0,ok,
2026-08-11T02:21:41,paris,1000,1000,0,ok,
2026-08-11T02:21:41,meaux,17,17,0,ok,
2026-08-11T02:21:41,chessy,87,72,0,ok,
2026-08-11T02:21:41,serris,68,2,0,ok,
2026-08-11T02:21:41,torcy,226,151,0,ok,
2026-08-11T02:41:36,paris,1000,1000,0,ok,
2026-08-11T02:41:36,meaux,17,17,0,ok,
2026-08-11T02:41:36,chessy,87,72,0,ok,
2026-08-11T02:41:36,serris,68,2,0,ok,
2026-08-11T02:41:36,torcy,226,151,0,ok,
2026-08-11T02:50:09,paris,1000,1000,0,ok,
2026-08-11T02:50:09,meaux,17,17,0,ok,
2026-08-11T02:50:09,chessy,87,72,0,ok,
2026-08-11T02:50:09,serris,68,2,0,ok,
2026-08-11T02:50:09,torcy,226,151,0,ok,
2026-08-11T03:05:26,paris,1000,1000,0,ok,
2026-08-11T03:05:26,meaux,17,17,0,ok,
2026-08-11T03:05:26,chessy,87,72,0,ok,
2026-08-11T03:05:26,serris,68,2,0,ok,
2026-08-11T03:05:26,torcy,226,151,0,ok,
2026-08-11T03:21:53,paris,1000,1000,0,ok,
2026-08-11T03:21:53,meaux,17,17,0,ok,
2026-08-11T03:21:53,chessy,87,72,0,ok,
2026-08-11T03:21:53,serris,68,2,0,ok,
2026-08-11T03:21:53,torcy,226,151,0,ok,
2026-08-11T03:35:06,paris,1000,1000,0,ok,
2026-08-11T03:35:06,meaux,17,17,0,ok,
2026-08-11T03:35:06,chessy,87,72,0,ok,
2026-08-11T03:35:06,serris,68,2,0,ok,
2026-08-11T03:35:06,torcy,226,151,0,ok,
2026-08-11T03:51:20,paris,1000,1000,0,ok,
2026-08-11T03:51:20,meaux,17,17,0,ok,
2026-08-11T03:51:20,chessy,87,72,0,ok,
2026-08-11T03:51:20,serris,68,2,0,ok,
2026-08-11T03:51:20,torcy,226,151,0,ok,
2026-08-11T04:05:15,paris,1000,1000,0,ok,
2026-08-11T04:05:15,meaux,17,17,0,ok,
2026-08-11T04:05:15,chessy,87,72,0,ok,
2026-08-11T04:05:15,serris,68,2,0,ok,
2026-08-11T04:05:15,torcy,226,151,0,ok,
2026-08-11T04:19:43,paris,1000,1000,0,ok,
2026-08-11T04:19:43,meaux,17,17,0,ok,
2026-08-11T04:19:43,chessy,87,72,0,ok,
2026-08-11T04:19:43,serris,68,2,0,ok,
2026-08-11T04:19:43,torcy,226,151,0,ok,
2026-08-11T04:34:57,paris,1000,1000,0,ok,
2026-08-11T04:34:57,meaux,17,17,0,ok,
2026-08-11T04:34:57,chessy,87,72,0,ok,
2026-08-11T04:34:57,serris,68,2,0,ok,
2026-08-11T04:34:57,torcy,226,151,0,ok,
2026-08-11T04:53:37,paris,1000,1000,0,ok,
2026-08-11T04:53:37,meaux,17,17,0,ok,
2026-08-11T04:53:37,chessy,87,72,0,ok,
2026-08-11T04:53:37,serris,68,2,0,ok,
2026-08-11T04:53:37,torcy,226,151,0,ok,
2026-08-11T05:05:16,paris,1000,1000,0,ok,
2026-08-11T05:05:16,meaux,17,17,0,ok,
2026-08-11T05:05:16,chessy,87,72,0,ok,
2026-08-11T05:05:16,serris,68,2,0,ok,
2026-08-11T05:05:16,torcy,226,151,0,ok,
2026-08-11T05:21:45,paris,1000,1000,0,ok,
2026-08-11T05:21:45,meaux,17,17,0,ok,
2026-08-11T05:21:45,chessy,87,72,0,ok,
2026-08-11T05:21:45,serris,68,2,0,ok,
2026-08-11T05:21:45,torcy,226,151,0,ok,
2026-08-11T05:35:17,paris,1000,1000,0,ok,
2026-08-11T05:35:17,meaux,17,17,0,ok,
2026-08-11T05:35:17,chessy,87,72,0,ok,
2026-08-11T05:35:17,serris,68,2,0,ok,
2026-08-11T05:35:17,torcy,226,151,0,ok,
2026-08-11T05:50:18,paris,1000,1000,0,ok,
2026-08-11T05:50:18,meaux,17,17,0,ok,
2026-08-11T05:50:18,chessy,87,72,0,ok,
2026-08-11T05:50:18,serris,68,2,0,ok,
2026-08-11T05:50:18,torcy,226,151,0,ok,
2026-08-11T06:05:36,paris,1000,1000,0,ok,
2026-08-11T06:05:36,meaux,17,17,0,ok,
2026-08-11T06:05:36,chessy,87,72,0,ok,
2026-08-11T06:05:36,serris,68,2,0,ok,
2026-08-11T06:05:36,torcy,226,151,0,ok,
2026-08-11T06:20:04,paris,1000,1000,0,ok,
2026-08-11T06:20:04,meaux,17,17,0,ok,
2026-08-11T06:20:04,chessy,87,72,0,ok,
2026-08-11T06:20:04,serris,68,2,0,ok,
2026-08-11T06:20:04,torcy,226,151,0,ok,
2026-08-11T06:35:33,paris,1000,1000,0,ok,
2026-08-11T06:35:33,meaux,17,17,0,ok,
2026-08-11T06:35:33,chessy,87,72,0,ok,
2026-08-11T06:35:33,serris,68,2,0,ok,
2026-08-11T06:35:33,torcy,226,151,0,ok,
2026-08-11T06:50:11,paris,1000,1000,0,ok,
2026-08-11T06:50:11,meaux,17,17,0,ok,
2026-08-11T06:50:11,chessy,87,72,0,ok,
2026-08-11T06:50:11,serris,68,2,0,ok,
2026-08-11T06:50:11,torcy,226,151,0,ok,
2026-08-11T07:02:49,paris,1000,1000,0,ok,
2026-08-11T07:02:49,meaux,17,17,0,ok,
2026-08-11T07:02:49,chessy,87,72,0,ok,
2026-08-11T07:02:49,serris,68,2,0,ok,
2026-08-11T07:02:49,torcy,226,151,0,ok,
2026-08-11T07:20:30,paris,1000,1000,0,ok,
2026-08-11T07:20:30,meaux,17,17,0,ok,
2026-08-11T07:20:30,chessy,87,72,0,ok,
2026-08-11T07:20:30,serris,68,2,0,ok,
2026-08-11T07:20:30,torcy,226,151,0,ok,
2026-08-11T07:35:27,paris,1000,1000,0,ok,
2026-08-11T07:35:27,meaux,17,17,0,ok,
2026-08-11T07:35:27,chessy,87,72,0,ok,
2026-08-11T07:35:27,serris,68,2,0,ok,
2026-08-11T07:35:27,torcy,226,151,0,ok,
2026-08-11T07:50:15,paris,1000,1000,0,ok,
2026-08-11T07:50:15,meaux,17,17,0,ok,
2026-08-11T07:50:15,chessy,87,72,0,ok,
2026-08-11T07:50:15,serris,68,2,0,ok,
2026-08-11T07:50:15,torcy,226,151,0,ok,
2026-08-11T08:05:27,paris,1000,1000,0,ok,
2026-08-11T08:05:27,meaux,17,17,0,ok,
2026-08-11T08:05:27,chessy,87,72,0,ok,
2026-08-11T08:05:27,serris,68,2,0,ok,
2026-08-11T08:05:27,torcy,226,151,0,ok,
2026-08-11T08:14:43,paris,1000,1000,0,ok,
2026-08-11T08:14:43,meaux,17,17,0,ok,
2026-08-11T08:14:43,chessy,87,72,0,ok,
2026-08-11T08:14:43,serris,68,2,0,ok,
2026-08-11T08:14:43,torcy,226,151,0,ok,
2026-08-11T08:20:26,paris,1000,1000,0,ok,
2026-08-11T08:20:26,meaux,17,17,0,ok,
2026-08-11T08:20:26,chessy,87,72,0,ok,
2026-08-11T08:20:26,serris,68,2,0,ok,
2026-08-11T08:20:26,torcy,226,151,0,ok,
2026-08-11T08:35:36,paris,1000,1000,0,ok,
2026-08-11T08:35:36,meaux,17,17,0,ok,
2026-08-11T08:35:36,chessy,87,72,0,ok,
2026-08-11T08:35:36,serris,68,2,0,ok,
2026-08-11T08:35:36,torcy,226,151,0,ok,
2026-08-11T08:50:25,paris,1000,1000,0,ok,
2026-08-11T08:50:25,meaux,17,17,0,ok,
2026-08-11T08:50:25,chessy,87,72,0,ok,
2026-08-11T08:50:25,serris,68,2,0,ok,
2026-08-11T08:50:25,torcy,226,151,0,ok,
2026-08-11T09:05:59,paris,1000,1000,0,ok,
2026-08-11T09:05:59,meaux,17,17,0,ok,
2026-08-11T09:05:59,chessy,87,72,0,ok,
2026-08-11T09:05:59,serris,68,2,0,ok,
2026-08-11T09:05:59,torcy,226,151,0,ok,
2026-08-11T09:20:36,paris,1000,1000,0,ok,
2026-08-11T09:20:36,meaux,17,17,0,ok,
2026-08-11T09:20:36,chessy,87,72,0,ok,
2026-08-11T09:20:36,serris,68,2,0,ok,
2026-08-11T09:20:36,torcy,226,151,0,ok,
2026-08-11T09:33:50,paris,1000,1000,0,ok,
2026-08-11T09:33:50,meaux,17,17,0,ok,
2026-08-11T09:33:50,chessy,87,72,0,ok,
2026-08-11T09:33:50,serris,68,2,0,ok,
2026-08-11T09:33:50,torcy,226,151,0,ok,
2026-08-11T09:50:42,paris,1000,1000,0,ok,
2026-08-11T09:50:42,meaux,17,17,0,ok,
2026-08-11T09:50:42,chessy,87,72,0,ok,
2026-08-11T09:50:42,serris,68,2,0,ok,
2026-08-11T09:50:42,torcy,226,151,0,ok,
2026-08-11T10:06:02,paris,1000,1000,0,ok,
2026-08-11T10:06:02,meaux,17,17,0,ok,
2026-08-11T10:06:02,chessy,87,72,0,ok,
2026-08-11T10:06:02,serris,68,2,0,ok,
2026-08-11T10:06:02,torcy,226,151,0,ok,
2026-08-11T10:24:36,paris,1000,1000,0,ok,
2026-08-11T10:24:36,meaux,17,17,0,ok,
2026-08-11T10:24:36,chessy,87,72,0,ok,
2026-08-11T10:24:36,serris,68,2,0,ok,
2026-08-11T10:24:36,torcy,226,151,0,ok,
2026-08-11T10:31:10,paris,1000,1000,0,ok,
2026-08-11T10:31:10,meaux,17,17,0,ok,
2026-08-11T10:31:10,chessy,87,72,0,ok,
2026-08-11T10:31:10,serris,68,2,0,ok,
2026-08-11T10:31:10,torcy,226,151,0,ok,
2026-08-11T10:50:25,paris,1000,1000,0,ok,
2026-08-11T10:50:25,meaux,17,17,0,ok,
2026-08-11T10:50:25,chessy,87,72,0,ok,
2026-08-11T10:50:25,serris,68,2,0,ok,
2026-08-11T10:50:25,torcy,226,151,0,ok,
2026-08-11T11:05:49,paris,1000,1000,0,ok,
2026-08-11T11:05:49,meaux,17,17,0,ok,
2026-08-11T11:05:49,chessy,87,72,0,ok,
2026-08-11T11:05:49,serris,68,2,0,ok,
2026-08-11T11:05:49,torcy,226,151,0,ok,
2026-08-11T11:18:19,paris,1000,1000,0,ok,
2026-08-11T11:18:19,meaux,17,17,0,ok,
2026-08-11T11:18:19,chessy,87,72,0,ok,
2026-08-11T11:18:19,serris,68,2,0,ok,
2026-08-11T11:18:19,torcy,226,151,0,ok,
2026-08-11T11:35:34,paris,1000,1000,0,ok,
2026-08-11T11:35:34,meaux,17,17,0,ok,
2026-08-11T11:35:34,chessy,87,72,0,ok,
2026-08-11T11:35:34,serris,68,2,0,ok,
2026-08-11T11:35:34,torcy,226,151,0,ok,
2026-08-11T11:50:17,paris,1000,1000,0,ok,
2026-08-11T11:50:17,meaux,17,17,0,ok,
2026-08-11T11:50:17,chessy,87,72,0,ok,
2026-08-11T11:50:17,serris,68,2,0,ok,
2026-08-11T11:50:17,torcy,226,151,0,ok,
2026-08-11T12:05:54,paris,1000,1000,0,ok,
2026-08-11T12:05:54,meaux,17,17,0,ok,
2026-08-11T12:05:54,chessy,87,72,0,ok,
2026-08-11T12:05:54,serris,68,2,0,ok,
2026-08-11T12:05:54,torcy,226,151,0,ok,
2026-08-11T12:12:36,paris,1000,1000,0,ok,
2026-08-11T12:12:36,meaux,17,17,0,ok,
2026-08-11T12:12:36,chessy,87,72,0,ok,
2026-08-11T12:12:36,serris,68,2,0,ok,
2026-08-11T12:12:36,torcy,226,151,0,ok,
2026-08-11T12:20:39,paris,1000,1000,0,ok,
2026-08-11T12:20:39,meaux,17,17,0,ok,
2026-08-11T12:20:39,chessy,87,72,0,ok,
2026-08-11T12:20:39,serris,68,2,0,ok,
2026-08-11T12:20:39,torcy,226,151,0,ok,
2026-08-11T12:35:38,paris,1000,1000,0,ok,
2026-08-11T12:35:38,meaux,17,17,0,ok,
2026-08-11T12:35:38,chessy,87,72,0,ok,
2026-08-11T12:35:38,serris,68,2,0,ok,
2026-08-11T12:35:38,torcy,226,151,0,ok,
2026-08-11T12:50:54,paris,1000,1000,0,ok,
2026-08-11T12:50:54,meaux,17,17,0,ok,
2026-08-11T12:50:54,chessy,87,72,0,ok,
2026-08-11T12:50:54,serris,68,2,0,ok,
2026-08-11T12:50:54,torcy,226,151,0,ok,
2026-08-11T13:06:17,paris,1000,1000,0,ok,
2026-08-11T13:06:17,meaux,17,17,0,ok,
2026-08-11T13:06:17,chessy,87,72,0,ok,
2026-08-11T13:06:17,serris,68,2,0,ok,
2026-08-11T13:06:17,torcy,226,151,0,ok,
2026-08-11T13:20:50,paris,1000,1000,0,ok,
2026-08-11T13:20:50,meaux,17,17,0,ok,
2026-08-11T13:20:50,chessy,87,72,0,ok,
2026-08-11T13:20:50,serris,68,2,0,ok,
2026-08-11T13:20:50,torcy,226,151,0,ok,
2026-08-11T13:36:47,paris,1000,1000,0,ok,
2026-08-11T13:36:47,meaux,17,17,0,ok,
2026-08-11T13:36:47,chessy,87,72,0,ok,
2026-08-11T13:36:47,serris,68,2,0,ok,
2026-08-11T13:36:47,torcy,226,151,0,ok,
2026-08-11T13:56:18,paris,1000,1000,0,ok,
2026-08-11T13:56:18,meaux,17,17,0,ok,
2026-08-11T13:56:18,chessy,87,72,0,ok,
2026-08-11T13:56:18,serris,68,2,0,ok,
2026-08-11T13:56:18,torcy,226,151,0,ok,
2026-08-11T14:07:50,paris,1000,1000,0,ok,
2026-08-11T14:07:50,meaux,17,17,0,ok,
2026-08-11T14:07:50,chessy,87,72,0,ok,
2026-08-11T14:07:50,serris,68,2,0,ok,
2026-08-11T14:07:50,torcy,226,151,0,ok,
2026-08-11T14:20:55,paris,1000,1000,0,ok,
2026-08-11T14:20:55,meaux,17,17,0,ok,
2026-08-11T14:20:55,chessy,87,72,0,ok,
2026-08-11T14:20:55,serris,68,2,0,ok,
2026-08-11T14:20:55,torcy,226,151,0,ok,
2026-08-11T14:36:05,paris,1000,1000,0,ok,
2026-08-11T14:36:05,meaux,17,17,0,ok,
2026-08-11T14:36:05,chessy,87,72,0,ok,
2026-08-11T14:36:05,serris,68,2,0,ok,
2026-08-11T14:36:05,torcy,226,151,0,ok,
2026-08-11T14:50:53,paris,1000,1000,0,ok,
2026-08-11T14:50:53,meaux,17,17,0,ok,
2026-08-11T14:50:53,chessy,87,72,0,ok,
2026-08-11T14:50:53,serris,68,2,0,ok,
2026-08-11T14:50:53,torcy,226,151,0,ok,
2026-08-11T14:58:52,paris,1000,1000,0,ok,
2026-08-11T14:58:52,meaux,17,17,0,ok,
2026-08-11T14:58:52,chessy,87,72,0,ok,
2026-08-11T14:58:52,serris,68,2,0,ok,
2026-08-11T14:58:52,torcy,226,151,0,ok,
2026-08-11T15:06:13,paris,1000,1000,0,ok,
2026-08-11T15:06:13,meaux,17,17,0,ok,
2026-08-11T15:06:13,chessy,87,72,0,ok,
2026-08-11T15:06:13,serris,68,2,0,ok,
2026-08-11T15:06:13,torcy,226,151,0,ok,
2026-08-11T15:20:39,paris,1000,1000,0,ok,
2026-08-11T15:20:39,meaux,17,17,0,ok,
2026-08-11T15:20:39,chessy,87,72,0,ok,
2026-08-11T15:20:39,serris,68,2,0,ok,
2026-08-11T15:20:39,torcy,226,151,0,ok,
2026-08-11T15:35:55,paris,1000,1000,0,ok,
2026-08-11T15:35:55,meaux,17,17,0,ok,
2026-08-11T15:35:55,chessy,87,72,0,ok,
2026-08-11T15:35:55,serris,68,2,0,ok,
2026-08-11T15:35:55,torcy,226,151,0,ok,
2026-08-11T15:51:00,paris,1000,1000,0,ok,
2026-08-11T15:51:00,meaux,17,17,0,ok,
2026-08-11T15:51:00,chessy,87,72,0,ok,
2026-08-11T15:51:00,serris,68,2,0,ok,
2026-08-11T15:51:00,torcy,226,151,0,ok,
2026-08-11T16:00:56,paris,1000,1000,0,ok,
2026-08-11T16:00:56,meaux,17,17,0,ok,
2026-08-11T16:00:56,chessy,87,72,0,ok,
2026-08-11T16:00:56,serris,68,2,0,ok,
2026-08-11T16:00:56,torcy,226,151,0,ok,
2026-08-11T16:22:57,paris,1000,1000,0,ok,
2026-08-11T16:22:57,meaux,17,17,0,ok,
2026-08-11T16:22:57,chessy,87,72,0,ok,
2026-08-11T16:22:57,serris,68,2,0,ok,
2026-08-11T16:22:57,torcy,226,151,0,ok,
2026-08-11T16:35:54,paris,1000,1000,0,ok,
2026-08-11T16:35:54,meaux,17,17,0,ok,
2026-08-11T16:35:54,chessy,87,72,0,ok,
2026-08-11T16:35:54,serris,68,2,0,ok,
2026-08-11T16:35:54,torcy,226,151,0,ok,
2026-08-11T16:50:25,paris,1000,1000,0,ok,
2026-08-11T16:50:25,meaux,17,17,0,ok,
2026-08-11T16:50:25,chessy,87,72,0,ok,
2026-08-11T16:50:25,serris,68,2,0,ok,
2026-08-11T16:50:25,torcy,226,151,0,ok,
2026-08-11T16:59:48,paris,1000,1000,0,ok,
2026-08-11T16:59:48,meaux,17,17,0,ok,
2026-08-11T16:59:48,chessy,87,72,0,ok,
2026-08-11T16:59:48,serris,68,2,0,ok,
2026-08-11T16:59:48,torcy,226,151,0,ok,
2026-08-11T17:05:59,paris,1000,1000,0,ok,
2026-08-11T17:05:59,meaux,17,17,0,ok,
2026-08-11T17:05:59,chessy,87,72,0,ok,
2026-08-11T17:05:59,serris,68,2,0,ok,
2026-08-11T17:05:59,torcy,226,151,0,ok,
2026-08-11T17:20:52,paris,1000,1000,0,ok,
2026-08-11T17:20:52,meaux,17,17,0,ok,
2026-08-11T17:20:52,chessy,87,72,0,ok,
2026-08-11T17:20:52,serris,68,2,0,ok,
2026-08-11T17:20:52,torcy,226,151,0,ok,
2026-08-11T17:35:55,paris,1000,1000,0,ok,
2026-08-11T17:35:55,meaux,17,17,0,ok,
2026-08-11T17:35:55,chessy,87,72,0,ok,
2026-08-11T17:35:55,serris,68,2,0,ok,
2026-08-11T17:35:55,torcy,226,151,0,ok,
2026-08-11T17:50:52,paris,1000,1000,0,ok,
2026-08-11T17:50:52,meaux,17,17,0,ok,
2026-08-11T17:50:52,chessy,87,72,0,ok,
2026-08-11T17:50:52,serris,68,2,0,ok,
2026-08-11T17:50:52,torcy,226,151,0,ok,
2026-08-11T17:59:33,paris,1000,1000,0,ok,
2026-08-11T17:59:33,meaux,17,17,0,ok,
2026-08-11T17:59:33,chessy,87,72,0,ok,
2026-08-11T17:59:33,serris,68,2,0,ok,
2026-08-11T17:59:33,torcy,226,151,0,ok,
2026-08-11T18:06:10,paris,1000,1000,0,ok,
2026-08-11T18:06:10,meaux,17,17,0,ok,
2026-08-11T18:06:10,chessy,87,72,0,ok,
2026-08-11T18:06:10,serris,68,2,0,ok,
2026-08-11T18:06:10,torcy,226,151,0,ok,
2026-08-11T18:20:31,paris,1000,1000,0,ok,
2026-08-11T18:20:31,meaux,17,17,0,ok,
2026-08-11T18:20:31,chessy,87,72,0,ok,
2026-08-11T18:20:31,serris,68,2,0,ok,
2026-08-11T18:20:31,torcy,226,151,0,ok,
2026-08-11T18:35:52,paris,1000,1000,0,ok,
2026-08-11T18:35:52,meaux,17,17,0,ok,
2026-08-11T18:35:52,chessy,87,72,0,ok,
2026-08-11T18:35:52,serris,68,2,0,ok,
2026-08-11T18:35:52,torcy,226,151,0,ok,
2026-08-11T18:50:40,paris,1000,1000,0,ok,
2026-08-11T18:50:40,meaux,17,17,0,ok,
2026-08-11T18:50:40,chessy,87,72,0,ok,
2026-08-11T18:50:40,serris,68,2,0,ok,
2026-08-11T18:50:40,torcy,226,151,0,ok,
2026-08-11T19:00:33,paris,1000,1000,0,ok,
2026-08-11T19:00:33,meaux,17,17,0,ok,
2026-08-11T19:00:33,chessy,87,72,0,ok,
2026-08-11T19:00:33,serris,68,2,0,ok,
2026-08-11T19:00:33,torcy,226,151,0,ok,
2026-08-11T19:20:35,paris,1000,1000,0,ok,
2026-08-11T19:20:35,meaux,17,17,0,ok,
2026-08-11T19:20:35,chessy,87,72,0,ok,
2026-08-11T19:20:35,serris,68,2,0,ok,
2026-08-11T19:20:35,torcy,226,151,0,ok,
2026-08-11T19:38:25,paris,1000,1000,0,ok,
2026-08-11T19:38:25,meaux,17,17,0,ok,
2026-08-11T19:38:25,chessy,87,72,0,ok,
2026-08-11T19:38:25,serris,68,2,0,ok,
2026-08-11T19:38:25,torcy,226,151,0,ok,
2026-08-11T19:50:40,paris,1000,1000,0,ok,
2026-08-11T19:50:40,meaux,17,17,0,ok,
2026-08-11T19:50:40,chessy,87,72,0,ok,
2026-08-11T19:50:40,serris,68,2,0,ok,
2026-08-11T19:50:40,torcy,226,151,0,ok,
2026-08-11T20:03:51,paris,1000,1000,0,ok,
2026-08-11T20:03:51,meaux,17,17,0,ok,
2026-08-11T20:03:51,chessy,87,72,0,ok,
2026-08-11T20:03:51,serris,68,2,0,ok,
2026-08-11T20:03:51,torcy,226,151,0,ok,
2026-08-11T20:20:30,paris,1000,1000,0,ok,
2026-08-11T20:20:30,meaux,17,17,0,ok,
2026-08-11T20:20:30,chessy,87,72,0,ok,
2026-08-11T20:20:30,serris,68,2,0,ok,
2026-08-11T20:20:30,torcy,226,151,0,ok,
2026-08-11T20:36:00,paris,1000,1000,0,ok,
2026-08-11T20:36:00,meaux,17,17,0,ok,
2026-08-11T20:36:00,chessy,87,72,0,ok,
2026-08-11T20:36:00,serris,68,2,0,ok,
2026-08-11T20:36:00,torcy,226,151,0,ok,
2026-08-11T20:52:08,paris,1000,1000,0,ok,
2026-08-11T20:52:08,meaux,17,17,0,ok,
2026-08-11T20:52:08,chessy,87,72,0,ok,
2026-08-11T20:52:08,serris,68,2,0,ok,
2026-08-11T20:52:08,torcy,226,151,0,ok,
2026-08-11T21:05:50,paris,1000,1000,0,ok,
2026-08-11T21:05:50,meaux,17,17,0,ok,
2026-08-11T21:05:50,chessy,87,72,0,ok,
2026-08-11T21:05:50,serris,68,2,0,ok,
2026-08-11T21:05:50,torcy,226,151,0,ok,
2026-08-11T21:20:27,paris,1000,1000,0,ok,
2026-08-11T21:20:27,meaux,17,17,0,ok,
2026-08-11T21:20:27,chessy,87,72,0,ok,
2026-08-11T21:20:27,serris,68,2,0,ok,
2026-08-11T21:20:27,torcy,226,151,0,ok,
2026-08-11T21:36:09,paris,1000,1000,0,ok,
2026-08-11T21:36:09,meaux,17,17,0,ok,
2026-08-11T21:36:09,chessy,87,72,0,ok,
2026-08-11T21:36:09,serris,68,2,0,ok,
2026-08-11T21:36:09,torcy,226,151,0,ok,
2026-08-11T21:45:25,paris,1000,1000,0,ok,
2026-08-11T21:45:25,meaux,17,17,0,ok,
2026-08-11T21:45:25,chessy,87,72,0,ok,
2026-08-11T21:45:25,serris,68,2,0,ok,
2026-08-11T21:45:25,torcy,226,151,0,ok,
2026-08-11T22:06:36,paris,1000,1000,0,ok,
2026-08-11T22:06:36,meaux,17,17,0,ok,
2026-08-11T22:06:36,chessy,87,72,0,ok,
2026-08-11T22:06:36,serris,68,2,0,ok,
2026-08-11T22:06:36,torcy,226,151,0,ok,
2026-08-11T22:20:21,paris,1000,1000,0,ok,
2026-08-11T22:20:21,meaux,17,17,0,ok,
2026-08-11T22:20:21,chessy,87,72,0,ok,
2026-08-11T22:20:21,serris,68,2,0,ok,
2026-08-11T22:20:21,torcy,226,151,0,ok,
2026-08-11T22:36:08,paris,1000,1000,0,ok,
2026-08-11T22:36:08,meaux,17,17,0,ok,
2026-08-11T22:36:08,chessy,87,72,0,ok,
2026-08-11T22:36:08,serris,68,2,0,ok,
2026-08-11T22:36:08,torcy,226,151,0,ok,
2026-08-11T22:50:26,paris,1000,1000,0,ok,
2026-08-11T22:50:26,meaux,17,17,0,ok,
2026-08-11T22:50:26,chessy,87,72,0,ok,
2026-08-11T22:50:26,serris,68,2,0,ok,
2026-08-11T22:50:26,torcy,226,151,0,ok,
2026-08-11T23:06:05,paris,1000,1000,0,ok,
2026-08-11T23:06:05,meaux,17,17,0,ok,
2026-08-11T23:06:05,chessy,87,72,0,ok,
2026-08-11T23:06:05,serris,68,2,0,ok,
2026-08-11T23:06:05,torcy,226,151,0,ok,
2026-08-11T23:21:03,paris,1000,1000,0,ok,
2026-08-11T23:21:03,meaux,17,17,0,ok,
2026-08-11T23:21:03,chessy,87,72,0,ok,
2026-08-11T23:21:03,serris,68,2,0,ok,
2026-08-11T23:21:03,torcy,226,151,0,ok,
2026-08-11T23:36:02,paris,1000,1000,0,ok,
2026-08-11T23:36:02,meaux,17,17,0,ok,
2026-08-11T23:36:02,chessy,87,72,0,ok,
2026-08-11T23:36:02,serris,68,2,0,ok,
2026-08-11T23:36:02,torcy,226,151,0,ok,
2026-08-11T23:50:21,paris,1000,1000,0,ok,
2026-08-11T23:50:21,meaux,17,17,0,ok,
2026-08-11T23:50:21,chessy,87,72,0,ok,
2026-08-11T23:50:21,serris,68,2,0,ok,
2026-08-11T23:50:21,torcy,226,151,0,ok,
2026-08-12T00:05:42,paris,1000,1000,0,ok,
2026-08-12T00:05:42,meaux,17,17,0,ok,
2026-08-12T00:05:42,chessy,87,72,0,ok,
2026-08-12T00:05:42,serris,68,2,0,ok,
2026-08-12T00:05:42,torcy,226,151,0,ok,
2026-08-12T00:20:44,paris,1000,1000,0,ok,
2026-08-12T00:20:44,meaux,17,17,0,ok,
2026-08-12T00:20:44,chessy,87,72,0,ok,
2026-08-12T00:20:44,serris,68,2,0,ok,
2026-08-12T00:20:44,torcy,226,151,0,ok,
2026-08-12T00:35:29,paris,1000,1000,0,ok,
2026-08-12T00:35:29,meaux,17,17,0,ok,
2026-08-12T00:35:29,chessy,87,72,0,ok,
2026-08-12T00:35:29,serris,68,2,0,ok,
2026-08-12T00:35:29,torcy,226,151,0,ok,
2026-08-12T00:50:14,paris,1000,1000,0,ok,
2026-08-12T00:50:14,meaux,17,17,0,ok,
2026-08-12T00:50:14,chessy,87,72,0,ok,
2026-08-12T00:50:14,serris,68,2,0,ok,
2026-08-12T00:50:14,torcy,226,151,0,ok,
2026-08-12T01:05:53,paris,1000,1000,0,ok,
2026-08-12T01:05:53,meaux,17,17,0,ok,
2026-08-12T01:05:53,chessy,87,72,0,ok,
2026-08-12T01:05:53,serris,68,2,0,ok,
2026-08-12T01:05:53,torcy,226,151,0,ok,
2026-08-12T01:20:39,paris,1000,1000,0,ok,
2026-08-12T01:20:39,meaux,17,17,0,ok,
2026-08-12T01:20:39,chessy,87,72,0,ok,
2026-08-12T01:20:39,serris,68,2,0,ok,
2026-08-12T01:20:39,torcy,226,151,0,ok,
2026-08-12T01:30:04,paris,1000,1000,0,ok,
2026-08-12T01:30:04,meaux,17,17,0,ok,
2026-08-12T01:30:04,chessy,87,72,0,ok,
2026-08-12T01:30:04,serris,68,2,0,ok,
2026-08-12T01:30:04,torcy,226,151,0,ok,
2026-08-12T01:35:38,paris,1000,1000,0,ok,
2026-08-12T01:35:38,meaux,17,17,0,ok,
2026-08-12T01:35:38,chessy,87,72,0,ok,
2026-08-12T01:35:38,serris,68,2,0,ok,
2026-08-12T01:35:38,torcy,226,151,0,ok,
2026-08-12T01:50:16,paris,1000,1000,0,ok,
2026-08-12T01:50:16,meaux,17,17,0,ok,
2026-08-12T01:50:16,chessy,87,72,0,ok,
2026-08-12T01:50:16,serris,68,2,0,ok,
2026-08-12T01:50:16,torcy,226,151,0,ok,
2026-08-12T02:06:09,paris,1000,1000,0,ok,
2026-08-12T02:06:09,meaux,17,17,0,ok,
2026-08-12T02:06:09,chessy,87,72,0,ok,
2026-08-12T02:06:09,serris,68,2,0,ok,
2026-08-12T02:06:09,torcy,226,151,0,ok,
2026-08-12T02:20:34,paris,1000,1000,0,ok,
2026-08-12T02:20:34,meaux,17,17,0,ok,
2026-08-12T02:20:34,chessy,87,72,0,ok,
2026-08-12T02:20:34,serris,68,2,0,ok,
2026-08-12T02:20:34,torcy,226,151,0,ok,
2026-08-12T02:35:57,paris,1000,1000,0,ok,
2026-08-12T02:35:57,meaux,17,17,0,ok,
2026-08-12T02:35:57,chessy,87,72,0,ok,
2026-08-12T02:35:57,serris,68,2,0,ok,
2026-08-12T02:35:57,torcy,226,151,0,ok,
2026-08-12T02:50:31,paris,1000,1000,0,ok,
2026-08-12T02:50:31,meaux,17,17,0,ok,
2026-08-12T02:50:31,chessy,87,72,0,ok,
2026-08-12T02:50:31,serris,68,2,0,ok,
2026-08-12T02:50:31,torcy,226,151,0,ok,
2026-08-12T03:05:52,paris,1000,1000,0,ok,
2026-08-12T03:05:52,meaux,17,17,0,ok,
2026-08-12T03:05:52,chessy,87,72,0,ok,
2026-08-12T03:05:52,serris,68,2,0,ok,
2026-08-12T03:05:52,torcy,226,151,0,ok,
2026-08-12T03:20:56,paris,1000,1000,0,ok,
2026-08-12T03:20:56,meaux,17,17,0,ok,
2026-08-12T03:20:56,chessy,87,72,0,ok,
2026-08-12T03:20:56,serris,68,2,0,ok,
2026-08-12T03:20:56,torcy,226,151,0,ok,
2026-08-12T03:35:37,paris,1000,1000,0,ok,
2026-08-12T03:35:37,meaux,17,17,0,ok,
2026-08-12T03:35:37,chessy,87,72,0,ok,
2026-08-12T03:35:37,serris,68,2,0,ok,
2026-08-12T03:35:37,torcy,226,151,0,ok,
2026-08-12T03:50:33,paris,1000,1000,0,ok,
2026-08-12T03:50:33,meaux,17,17,0,ok,
2026-08-12T03:50:33,chessy,87,72,0,ok,
2026-08-12T03:50:33,serris,68,2,0,ok,
2026-08-12T03:50:33,torcy,226,151,0,ok,
2026-08-12T04:05:49,paris,1000,1000,0,ok,
2026-08-12T04:05:49,meaux,17,17,0,ok,
2026-08-12T04:05:49,chessy,87,72,0,ok,
2026-08-12T04:05:49,serris,68,2,0,ok,
2026-08-12T04:05:49,torcy,226,151,0,ok,
2026-08-12T04:20:26,paris,1000,1000,0,ok,
2026-08-12T04:20:26,meaux,17,17,0,ok,
2026-08-12T04:20:26,chessy,87,72,0,ok,
2026-08-12T04:20:26,serris,68,2,0,ok,
2026-08-12T04:20:26,torcy,226,151,0,ok,
2026-08-12T04:35:28,paris,1000,1000,0,ok,
2026-08-12T04:35:28,meaux,17,17,0,ok,
2026-08-12T04:35:28,chessy,87,72,0,ok,
2026-08-12T04:35:28,serris,68,2,0,ok,
2026-08-12T04:35:28,torcy,226,151,0,ok,
2026-08-12T04:50:10,paris,1000,1000,0,ok,
2026-08-12T04:50:10,meaux,17,17,0,ok,
2026-08-12T04:50:10,chessy,87,72,0,ok,
2026-08-12T04:50:10,serris,68,2,0,ok,
2026-08-12T04:50:10,torcy,226,151,0,ok,
2026-08-12T05:06:03,paris,1000,1000,0,ok,
2026-08-12T05:06:03,meaux,17,17,0,ok,
2026-08-12T05:06:03,chessy,87,72,0,ok,
2026-08-12T05:06:03,serris,68,2,0,ok,
2026-08-12T05:06:03,torcy,226,151,0,ok,
2026-08-12T05:20:48,paris,1000,1000,0,ok,
2026-08-12T05:20:48,meaux,17,17,0,ok,
2026-08-12T05:20:48,chessy,87,72,0,ok,
2026-08-12T05:20:48,serris,68,2,0,ok,
2026-08-12T05:20:48,torcy,226,151,0,ok,
2026-08-12T05:32:19,paris,1000,1000,0,ok,
2026-08-12T05:32:19,meaux,17,17,0,ok,
2026-08-12T05:32:19,chessy,87,72,0,ok,
2026-08-12T05:32:19,serris,68,2,0,ok,
2026-08-12T05:32:19,torcy,226,151,0,ok,
2026-08-12T05:50:43,paris,1000,1000,0,ok,
2026-08-12T05:50:43,meaux,17,17,0,ok,
2026-08-12T05:50:43,chessy,87,72,0,ok,
2026-08-12T05:50:43,serris,68,2,0,ok,
2026-08-12T05:50:43,torcy,226,151,0,ok,
2026-08-12T06:05:49,paris,1000,1000,0,ok,
2026-08-12T06:05:49,meaux,17,17,0,ok,
2026-08-12T06:05:49,chessy,87,72,0,ok,
2026-08-12T06:05:49,serris,68,2,0,ok,
2026-08-12T06:05:49,torcy,226,151,0,ok,
2026-08-12T06:20:56,paris,1000,1000,0,ok,
2026-08-12T06:20:56,meaux,17,17,0,ok,
2026-08-12T06:20:56,chessy,87,72,0,ok,
2026-08-12T06:20:56,serris,68,2,0,ok,
2026-08-12T06:20:56,torcy,226,151,0,ok,
2026-08-12T06:36:02,paris,1000,1000,0,ok,
2026-08-12T06:36:02,meaux,17,17,0,ok,
2026-08-12T06:36:02,chessy,87,72,0,ok,
2026-08-12T06:36:02,serris,68,2,0,ok,
2026-08-12T06:36:02,torcy,226,151,0,ok,
2026-08-12T06:50:21,paris,1000,1000,0,ok,
2026-08-12T06:50:21,meaux,17,17,0,ok,
2026-08-12T06:50:21,chessy,87,72,0,ok,
2026-08-12T06:50:21,serris,68,2,0,ok,
2026-08-12T06:50:21,torcy,226,151,0,ok,
2026-08-12T06:58:54,paris,1000,1000,0,ok,
2026-08-12T06:58:54,meaux,17,17,0,ok,
2026-08-12T06:58:54,chessy,87,72,0,ok,
2026-08-12T06:58:54,serris,68,2,0,ok,
2026-08-12T06:58:54,torcy,226,151,0,ok,
2026-08-12T07:06:18,paris,1000,1000,0,ok,
2026-08-12T07:06:18,meaux,17,17,0,ok,
2026-08-12T07:06:18,chessy,87,72,0,ok,
2026-08-12T07:06:18,serris,68,2,0,ok,
2026-08-12T07:06:18,torcy,226,151,0,ok,
2026-08-12T07:20:36,paris,1000,1000,0,ok,
2026-08-12T07:20:36,meaux,17,17,0,ok,
2026-08-12T07:20:36,chessy,87,72,0,ok,
2026-08-12T07:20:36,serris,68,2,0,ok,
2026-08-12T07:20:36,torcy,226,151,0,ok,
2026-08-12T07:36:05,paris,1000,1000,0,ok,
2026-08-12T07:36:05,meaux,17,17,0,ok,
2026-08-12T07:36:05,chessy,87,72,0,ok,
2026-08-12T07:36:05,serris,68,2,0,ok,
2026-08-12T07:36:05,torcy,226,151,0,ok,
2026-08-12T07:50:45,paris,1000,1000,0,ok,
2026-08-12T07:50:45,meaux,17,17,0,ok,
2026-08-12T07:50:45,chessy,87,72,0,ok,
2026-08-12T07:50:45,serris,68,2,0,ok,
2026-08-12T07:50:45,torcy,226,151,0,ok,
2026-08-12T08:06:22,paris,1000,1000,0,ok,
2026-08-12T08:06:22,meaux,17,17,0,ok,
2026-08-12T08:06:22,chessy,87,72,0,ok,
2026-08-12T08:06:22,serris,68,2,0,ok,
2026-08-12T08:06:22,torcy,226,151,0,ok,
2026-08-12T08:17:50,paris,1000,1000,0,ok,
2026-08-12T08:17:50,meaux,17,17,0,ok,
2026-08-12T08:17:50,chessy,87,72,0,ok,
2026-08-12T08:17:50,serris,68,2,0,ok,
2026-08-12T08:17:50,torcy,226,151,0,ok,
2026-08-12T08:35:52,paris,1000,1000,0,ok,
2026-08-12T08:35:52,meaux,17,17,0,ok,
2026-08-12T08:35:52,chessy,87,72,0,ok,
2026-08-12T08:35:52,serris,68,2,0,ok,
2026-08-12T08:35:52,torcy,226,151,0,ok,
2026-08-12T08:50:59,paris,1000,1000,0,ok,
2026-08-12T08:50:59,meaux,17,17,0,ok,
2026-08-12T08:50:59,chessy,87,72,0,ok,
2026-08-12T08:50:59,serris,68,2,0,ok,
2026-08-12T08:50:59,torcy,226,151,0,ok,
2026-08-12T09:06:20,paris,1000,1000,0,ok,
2026-08-12T09:06:20,meaux,17,17,0,ok,
2026-08-12T09:06:20,chessy,88,73,0,ok,
2026-08-12T09:06:20,serris,69,2,0,ok,
2026-08-12T09:06:20,torcy,226,150,0,ok,
2026-08-12T09:21:11,paris,1000,1000,0,ok,
2026-08-12T09:21:11,meaux,17,17,0,ok,
2026-08-12T09:21:11,chessy,88,73,0,ok,
2026-08-12T09:21:11,serris,69,2,0,ok,
2026-08-12T09:21:11,torcy,226,150,0,ok,
2026-08-12T09:36:21,paris,1000,1000,0,ok,
2026-08-12T09:36:21,meaux,17,17,0,ok,
2026-08-12T09:36:21,chessy,88,73,0,ok,
2026-08-12T09:36:21,serris,69,2,0,ok,
2026-08-12T09:36:21,torcy,226,150,0,ok,
2026-08-12T09:43:45,paris,1000,1000,0,ok,
2026-08-12T09:43:45,meaux,17,17,0,ok,
2026-08-12T09:43:45,chessy,88,73,0,ok,
2026-08-12T09:43:45,serris,69,2,0,ok,
2026-08-12T09:43:45,torcy,226,150,0,ok,
2026-08-12T09:50:57,paris,1000,1000,0,ok,
2026-08-12T09:50:57,meaux,17,17,0,ok,
2026-08-12T09:50:57,chessy,88,73,0,ok,
2026-08-12T09:50:57,serris,69,2,0,ok,
2026-08-12T09:50:57,torcy,226,150,0,ok,
2026-08-12T10:06:16,paris,1000,1000,0,ok,
2026-08-12T10:06:16,meaux,17,17,0,ok,
2026-08-12T10:06:16,chessy,88,73,0,ok,
2026-08-12T10:06:16,serris,69,2,0,ok,
2026-08-12T10:06:16,torcy,226,150,0,ok,
2026-08-12T10:20:40,paris,1000,1000,0,ok,
2026-08-12T10:20:40,meaux,17,17,0,ok,
2026-08-12T10:20:40,chessy,88,73,0,ok,
2026-08-12T10:20:40,serris,69,2,0,ok,
2026-08-12T10:20:40,torcy,226,150,0,ok,
2026-08-12T10:38:46,paris,1000,1000,0,ok,
2026-08-12T10:38:46,meaux,17,17,0,ok,
2026-08-12T10:38:46,chessy,88,73,0,ok,
2026-08-12T10:38:46,serris,69,2,0,ok,
2026-08-12T10:38:46,torcy,226,150,0,ok,
2026-08-12T10:50:31,paris,1000,1000,0,ok,
2026-08-12T10:50:31,meaux,17,17,0,ok,
2026-08-12T10:50:31,chessy,88,73,0,ok,
2026-08-12T10:50:31,serris,69,2,0,ok,
2026-08-12T10:50:31,torcy,226,150,0,ok,
2026-08-12T11:01:29,paris,1000,1000,0,ok,
2026-08-12T11:01:29,meaux,17,17,0,ok,
2026-08-12T11:01:29,chessy,88,73,0,ok,
2026-08-12T11:01:29,serris,69,2,0,ok,
2026-08-12T11:01:29,torcy,226,150,0,ok,
2026-08-12T11:21:00,paris,1000,1000,0,ok,
2026-08-12T11:21:00,meaux,17,17,0,ok,
2026-08-12T11:21:00,chessy,88,73,0,ok,
2026-08-12T11:21:00,serris,69,2,0,ok,
2026-08-12T11:21:00,torcy,226,150,0,ok,
2026-08-12T11:35:36,paris,1000,1000,0,ok,
2026-08-12T11:35:36,meaux,17,17,0,ok,
2026-08-12T11:35:36,chessy,88,73,0,ok,
2026-08-12T11:35:36,serris,69,2,0,ok,
2026-08-12T11:35:36,torcy,226,150,0,ok,
2026-08-12T11:49:13,paris,1000,1000,0,ok,
2026-08-12T11:49:13,meaux,17,17,0,ok,
2026-08-12T11:49:13,chessy,88,73,0,ok,
2026-08-12T11:49:13,serris,69,2,0,ok,
2026-08-12T11:49:13,torcy,226,150,0,ok,
2026-08-12T12:06:07,paris,1000,1000,0,ok,
2026-08-12T12:06:07,meaux,17,17,0,ok,
2026-08-12T12:06:07,chessy,88,73,0,ok,
2026-08-12T12:06:07,serris,69,2,0,ok,
2026-08-12T12:06:07,torcy,226,150,0,ok,
2026-08-12T12:20:57,paris,1000,1000,0,ok,
2026-08-12T12:20:57,meaux,17,17,0,ok,
2026-08-12T12:20:57,chessy,88,73,0,ok,
2026-08-12T12:20:57,serris,69,2,0,ok,
2026-08-12T12:20:57,torcy,226,150,0,ok,
2026-08-12T12:36:14,paris,1000,1000,0,ok,
2026-08-12T12:36:14,meaux,17,17,0,ok,
2026-08-12T12:36:14,chessy,88,73,0,ok,
2026-08-12T12:36:14,serris,69,2,0,ok,
2026-08-12T12:36:14,torcy,226,150,0,ok,
2026-08-12T12:51:54,paris,1000,1000,0,ok,
2026-08-12T12:51:54,meaux,17,17,0,ok,
2026-08-12T12:51:54,chessy,88,73,0,ok,
2026-08-12T12:51:54,serris,69,2,0,ok,
2026-08-12T12:51:54,torcy,226,150,0,ok,
2026-08-12T13:01:43,paris,1000,1000,0,ok,
2026-08-12T13:01:43,meaux,17,17,0,ok,
2026-08-12T13:01:43,chessy,88,73,0,ok,
2026-08-12T13:01:43,serris,69,2,0,ok,
2026-08-12T13:01:43,torcy,226,150,0,ok,
2026-08-12T13:21:13,paris,1000,1000,0,ok,
2026-08-12T13:21:13,meaux,17,17,0,ok,
2026-08-12T13:21:13,chessy,88,73,0,ok,
2026-08-12T13:21:13,serris,69,2,0,ok,
2026-08-12T13:21:13,torcy,226,150,0,ok,
2026-08-12T13:35:57,paris,1000,1000,0,ok,
2026-08-12T13:35:57,meaux,17,17,0,ok,
2026-08-12T13:35:57,chessy,88,73,0,ok,
2026-08-12T13:35:57,serris,69,2,0,ok,
2026-08-12T13:35:57,torcy,226,150,0,ok,
2026-08-12T13:51:06,paris,1000,1000,0,ok,
2026-08-12T13:51:06,meaux,17,17,0,ok,
2026-08-12T13:51:06,chessy,88,73,0,ok,
2026-08-12T13:51:06,serris,69,2,0,ok,
2026-08-12T13:51:06,torcy,226,150,0,ok,
2026-08-12T14:06:17,paris,1000,1000,0,ok,
2026-08-12T14:06:17,meaux,17,17,0,ok,
2026-08-12T14:06:17,chessy,88,73,0,ok,
2026-08-12T14:06:17,serris,69,2,0,ok,
2026-08-12T14:06:17,torcy,226,150,0,ok,
2026-08-12T14:20:59,paris,1000,1000,0,ok,
2026-08-12T14:20:59,meaux,17,17,0,ok,
2026-08-12T14:20:59,chessy,88,73,0,ok,
2026-08-12T14:20:59,serris,69,2,0,ok,
2026-08-12T14:20:59,torcy,226,150,0,ok,
2026-08-12T14:36:00,paris,1000,1000,0,ok,
2026-08-12T14:36:00,meaux,17,17,0,ok,
2026-08-12T14:36:00,chessy,88,73,0,ok,
2026-08-12T14:36:00,serris,69,2,0,ok,
2026-08-12T14:36:00,torcy,225,149,0,ok,
2026-08-12T14:50:50,paris,1000,1000,0,ok,
2026-08-12T14:50:50,meaux,17,17,0,ok,
2026-08-12T14:50:50,chessy,88,73,0,ok,
2026-08-12T14:50:50,serris,69,2,0,ok,
2026-08-12T14:50:50,torcy,225,149,0,ok,
2026-08-12T15:06:33,paris,1000,1000,0,ok,
2026-08-12T15:06:33,meaux,17,17,0,ok,
2026-08-12T15:06:33,chessy,88,73,0,ok,
2026-08-12T15:06:33,serris,69,2,0,ok,
2026-08-12T15:06:33,torcy,225,149,0,ok,
2026-08-12T15:20:57,paris,1000,1000,0,ok,
2026-08-12T15:20:57,meaux,17,17,0,ok,
2026-08-12T15:20:57,chessy,88,73,0,ok,
2026-08-12T15:20:57,serris,69,2,0,ok,
2026-08-12T15:20:57,torcy,225,149,0,ok,
2026-08-12T15:34:05,paris,1000,1000,0,ok,
2026-08-12T15:34:05,meaux,17,17,0,ok,
2026-08-12T15:34:05,chessy,88,73,0,ok,
2026-08-12T15:34:05,serris,69,2,0,ok,
2026-08-12T15:34:05,torcy,225,149,0,ok,
2026-08-12T15:50:45,paris,1000,1000,0,ok,
2026-08-12T15:50:45,meaux,17,17,0,ok,
2026-08-12T15:50:45,chessy,88,73,0,ok,
2026-08-12T15:50:45,serris,69,2,0,ok,
2026-08-12T15:50:45,torcy,225,149,0,ok,
2026-08-12T16:06:08,paris,1000,1000,0,ok,
2026-08-12T16:06:08,meaux,17,17,0,ok,
2026-08-12T16:06:08,chessy,88,73,0,ok,
2026-08-12T16:06:08,serris,69,2,0,ok,
2026-08-12T16:06:08,torcy,225,149,0,ok,
2026-08-12T16:22:11,paris,1000,1000,0,ok,
2026-08-12T16:22:11,meaux,17,17,0,ok,
2026-08-12T16:22:11,chessy,88,73,0,ok,
2026-08-12T16:22:11,serris,69,2,0,ok,
2026-08-12T16:22:11,torcy,225,149,0,ok,
2026-08-12T16:31:47,paris,1000,1000,0,ok,
2026-08-12T16:31:47,meaux,17,17,0,ok,
2026-08-12T16:31:47,chessy,88,73,0,ok,
2026-08-12T16:31:47,serris,69,2,0,ok,
2026-08-12T16:31:47,torcy,225,149,0,ok,
2026-08-12T16:50:51,paris,1000,1000,0,ok,
2026-08-12T16:50:51,meaux,17,17,0,ok,
2026-08-12T16:50:51,chessy,88,73,0,ok,
2026-08-12T16:50:51,serris,69,2,0,ok,
2026-08-12T16:50:51,torcy,225,149,0,ok,
2026-08-12T17:06:35,paris,1000,1000,0,ok,
2026-08-12T17:06:35,meaux,17,17,0,ok,
2026-08-12T17:06:35,chessy,88,73,0,ok,
2026-08-12T17:06:35,serris,69,2,0,ok,
2026-08-12T17:06:35,torcy,225,149,0,ok,
2026-08-12T17:20:43,paris,1000,1000,0,ok,
2026-08-12T17:20:43,meaux,17,17,0,ok,
2026-08-12T17:20:43,chessy,88,73,0,ok,
2026-08-12T17:20:43,serris,69,2,0,ok,
2026-08-12T17:20:43,torcy,225,149,0,ok,
2026-08-12T17:32:56,paris,1000,1000,0,ok,
2026-08-12T17:32:56,meaux,17,17,0,ok,
2026-08-12T17:32:56,chessy,88,73,0,ok,
2026-08-12T17:32:56,serris,69,2,0,ok,
2026-08-12T17:32:56,torcy,225,149,0,ok,
2026-08-12T17:51:23,paris,1000,1000,0,ok,
2026-08-12T17:51:23,meaux,17,17,0,ok,
2026-08-12T17:51:23,chessy,88,73,0,ok,
2026-08-12T17:51:23,serris,69,2,0,ok,
2026-08-12T17:51:23,torcy,225,149,0,ok,
2026-08-12T18:06:58,paris,1000,1000,0,ok,
2026-08-12T18:06:58,meaux,17,17,0,ok,
2026-08-12T18:06:58,chessy,88,73,0,ok,
2026-08-12T18:06:58,serris,69,2,0,ok,
2026-08-12T18:06:58,torcy,225,149,0,ok,
2026-08-12T18:20:51,paris,1000,1000,0,ok,
2026-08-12T18:20:51,meaux,17,17,0,ok,
2026-08-12T18:20:51,chessy,88,73,0,ok,
2026-08-12T18:20:51,serris,69,2,0,ok,
2026-08-12T18:20:51,torcy,225,149,0,ok,
2026-08-12T18:31:33,paris,1000,1000,0,ok,
2026-08-12T18:31:33,meaux,17,17,0,ok,
2026-08-12T18:31:33,chessy,88,73,0,ok,
2026-08-12T18:31:33,serris,69,2,0,ok,
2026-08-12T18:31:33,torcy,225,149,0,ok,
2026-08-12T18:50:40,paris,1000,1000,0,ok,
2026-08-12T18:50:40,meaux,17,17,0,ok,
2026-08-12T18:50:40,chessy,88,73,0,ok,
2026-08-12T18:50:40,serris,69,2,0,ok,
2026-08-12T18:50:40,torcy,225,149,0,ok,
2026-08-12T19:06:30,paris,1000,1000,0,ok,
2026-08-12T19:06:30,meaux,17,17,0,ok,
2026-08-12T19:06:30,chessy,88,73,0,ok,
2026-08-12T19:06:30,serris,69,2,0,ok,
2026-08-12T19:06:30,torcy,225,149,0,ok,
2026-08-12T19:20:45,paris,1000,1000,0,ok,
2026-08-12T19:20:45,meaux,17,17,0,ok,
2026-08-12T19:20:45,chessy,88,73,0,ok,
2026-08-12T19:20:45,serris,69,2,0,ok,
2026-08-12T19:20:45,torcy,225,149,0,ok,
2026-08-12T19:39:41,paris,1000,1000,0,ok,
2026-08-12T19:39:41,meaux,17,17,0,ok,
2026-08-12T19:39:41,chessy,88,73,0,ok,
2026-08-12T19:39:41,serris,69,2,0,ok,
2026-08-12T19:39:41,torcy,225,149,0,ok,
2026-08-12T19:51:10,paris,1000,1000,0,ok,
2026-08-12T19:51:10,meaux,17,17,0,ok,
2026-08-12T19:51:10,chessy,88,73,0,ok,
2026-08-12T19:51:10,serris,69,2,0,ok,
2026-08-12T19:51:10,torcy,225,149,0,ok,
2026-08-12T20:06:38,paris,1000,1000,0,ok,
2026-08-12T20:06:38,meaux,17,17,0,ok,
2026-08-12T20:06:38,chessy,88,73,0,ok,
2026-08-12T20:06:38,serris,69,2,0,ok,
2026-08-12T20:06:38,torcy,225,149,0,ok,
2026-08-12T20:20:56,paris,1000,1000,0,ok,
2026-08-12T20:20:56,meaux,17,17,0,ok,
2026-08-12T20:20:56,chessy,88,73,0,ok,
2026-08-12T20:20:56,serris,69,2,0,ok,
2026-08-12T20:20:56,torcy,225,149,0,ok,
2026-08-12T20:36:08,paris,1000,1000,0,ok,
2026-08-12T20:36:08,meaux,17,17,0,ok,
2026-08-12T20:36:08,chessy,88,73,0,ok,
2026-08-12T20:36:08,serris,69,2,0,ok,
2026-08-12T20:36:08,torcy,225,149,0,ok,
2026-08-12T20:43:08,paris,1000,1000,0,ok,
2026-08-12T20:43:08,meaux,17,17,0,ok,
2026-08-12T20:43:08,chessy,88,73,0,ok,
2026-08-12T20:43:08,serris,69,2,0,ok,
2026-08-12T20:43:08,torcy,225,149,0,ok,
2026-08-12T20:52:14,paris,1000,1000,0,ok,
2026-08-12T20:52:14,meaux,17,17,0,ok,
2026-08-12T20:52:14,chessy,88,73,0,ok,
2026-08-12T20:52:14,serris,69,2,0,ok,
2026-08-12T20:52:14,torcy,225,149,0,ok,
2026-08-12T21:06:29,paris,1000,1000,0,ok,
2026-08-12T21:06:29,meaux,17,17,0,ok,
2026-08-12T21:06:29,chessy,88,73,0,ok,
2026-08-12T21:06:29,serris,69,2,0,ok,
2026-08-12T21:06:29,torcy,225,149,0,ok,
2026-08-12T21:21:12,paris,1000,1000,0,ok,
2026-08-12T21:21:12,meaux,17,17,0,ok,
2026-08-12T21:21:12,chessy,88,73,0,ok,
2026-08-12T21:21:12,serris,69,2,0,ok,
2026-08-12T21:21:12,torcy,225,149,0,ok,
2026-08-12T21:35:44,paris,1000,1000,0,ok,
2026-08-12T21:35:44,meaux,17,17,0,ok,
2026-08-12T21:35:44,chessy,88,73,0,ok,
2026-08-12T21:35:44,serris,69,2,0,ok,
2026-08-12T21:35:44,torcy,225,149,0,ok,
2026-08-12T21:45:13,paris,1000,1000,0,ok,
2026-08-12T21:45:13,meaux,17,17,0,ok,
2026-08-12T21:45:13,chessy,88,73,0,ok,
2026-08-12T21:45:13,serris,69,2,0,ok,
2026-08-12T21:45:13,torcy,225,149,0,ok,
2026-08-12T22:05:40,paris,1000,1000,0,ok,
2026-08-12T22:05:40,meaux,17,17,0,ok,
2026-08-12T22:05:40,chessy,88,73,0,ok,
2026-08-12T22:05:40,serris,69,2,0,ok,
2026-08-12T22:05:40,torcy,225,149,0,ok,
2026-08-12T22:20:43,paris,1000,1000,0,ok,
2026-08-12T22:20:43,meaux,17,17,0,ok,
2026-08-12T22:20:43,chessy,88,73,0,ok,
2026-08-12T22:20:43,serris,69,2,0,ok,
2026-08-12T22:20:43,torcy,225,149,0,ok,
2026-08-12T22:36:29,paris,1000,1000,0,ok,
2026-08-12T22:36:29,meaux,17,17,0,ok,
2026-08-12T22:36:29,chessy,88,73,0,ok,
2026-08-12T22:36:29,serris,69,2,0,ok,
2026-08-12T22:36:29,torcy,225,149,0,ok,
2026-08-12T22:51:13,paris,1000,1000,0,ok,
2026-08-12T22:51:13,meaux,17,17,0,ok,
2026-08-12T22:51:13,chessy,88,73,0,ok,
2026-08-12T22:51:13,serris,69,2,0,ok,
2026-08-12T22:51:13,torcy,225,149,0,ok,
2026-08-12T23:06:10,paris,1000,1000,0,ok,
2026-08-12T23:06:10,meaux,17,17,0,ok,
2026-08-12T23:06:10,chessy,88,73,0,ok,
2026-08-12T23:06:10,serris,69,2,0,ok,
2026-08-12T23:06:10,torcy,225,149,0,ok,
2026-08-12T23:20:54,paris,1000,1000,0,ok,
2026-08-12T23:20:54,meaux,17,17,0,ok,
2026-08-12T23:20:54,chessy,88,73,0,ok,
2026-08-12T23:20:54,serris,69,2,0,ok,
2026-08-12T23:20:54,torcy,225,149,0,ok,
2026-08-12T23:35:19,paris,1000,1000,0,ok,
2026-08-12T23:35:19,meaux,17,17,0,ok,
2026-08-12T23:35:19,chessy,88,73,0,ok,
2026-08-12T23:35:19,serris,69,2,0,ok,
2026-08-12T23:35:19,torcy,225,149,0,ok,
2026-08-12T23:50:34,paris,1000,1000,0,ok,
2026-08-12T23:50:34,meaux,17,17,0,ok,
2026-08-12T23:50:34,chessy,88,73,0,ok,
2026-08-12T23:50:34,serris,69,2,0,ok,
2026-08-12T23:50:34,torcy,225,149,0,ok,
2026-08-13T00:05:47,paris,1000,1000,0,ok,
2026-08-13T00:05:47,meaux,17,17,0,ok,
2026-08-13T00:05:47,chessy,88,73,0,ok,
2026-08-13T00:05:47,serris,69,2,0,ok,
2026-08-13T00:05:47,torcy,225,149,0,ok,
2026-08-13T00:22:12,paris,1000,1000,0,ok,
2026-08-13T00:22:12,meaux,17,17,0,ok,
2026-08-13T00:22:12,chessy,88,73,0,ok,
2026-08-13T00:22:12,serris,69,2,0,ok,
2026-08-13T00:22:12,torcy,225,149,0,ok,
2026-08-13T00:35:28,paris,1000,1000,0,ok,
2026-08-13T00:35:28,meaux,17,17,0,ok,
2026-08-13T00:35:28,chessy,88,73,0,ok,
2026-08-13T00:35:28,serris,69,2,0,ok,
2026-08-13T00:35:28,torcy,225,149,0,ok,
2026-08-13T00:50:31,paris,1000,1000,0,ok,
2026-08-13T00:50:31,meaux,17,17,0,ok,
2026-08-13T00:50:31,chessy,88,73,0,ok,
2026-08-13T00:50:31,serris,69,2,0,ok,
2026-08-13T00:50:31,torcy,225,149,0,ok,
2026-08-13T01:05:54,paris,1000,1000,0,ok,
2026-08-13T01:05:54,meaux,17,17,0,ok,
2026-08-13T01:05:54,chessy,88,73,0,ok,
2026-08-13T01:05:54,serris,69,2,0,ok,
2026-08-13T01:05:54,torcy,225,149,0,ok,
2026-08-13T01:20:55,paris,1000,1000,0,ok,
2026-08-13T01:20:55,meaux,17,17,0,ok,
2026-08-13T01:20:55,chessy,88,73,0,ok,
2026-08-13T01:20:55,serris,69,2,0,ok,
2026-08-13T01:20:55,torcy,225,149,0,ok,
2026-08-13T01:31:29,paris,1000,1000,0,ok,
2026-08-13T01:31:29,meaux,17,17,0,ok,
2026-08-13T01:31:29,chessy,88,73,0,ok,
2026-08-13T01:31:29,serris,69,2,0,ok,
2026-08-13T01:31:29,torcy,225,149,0,ok,
2026-08-13T01:50:21,paris,1000,1000,0,ok,
2026-08-13T01:50:21,meaux,17,17,0,ok,
2026-08-13T01:50:21,chessy,88,73,0,ok,
2026-08-13T01:50:21,serris,69,2,0,ok,
2026-08-13T01:50:21,torcy,225,149,0,ok,
2026-08-13T02:06:16,paris,1000,1000,0,ok,
2026-08-13T02:06:16,meaux,17,17,0,ok,
2026-08-13T02:06:16,chessy,88,73,0,ok,
2026-08-13T02:06:16,serris,69,2,0,ok,
2026-08-13T02:06:16,torcy,225,149,0,ok,
2026-08-13T02:20:34,paris,1000,1000,0,ok,
2026-08-13T02:20:34,meaux,17,17,0,ok,
2026-08-13T02:20:34,chessy,88,73,0,ok,
2026-08-13T02:20:34,serris,69,2,0,ok,
2026-08-13T02:20:34,torcy,225,149,0,ok,
2026-08-13T02:35:50,paris,1000,1000,0,ok,
2026-08-13T02:35:50,meaux,17,17,0,ok,
2026-08-13T02:35:50,chessy,88,73,0,ok,
2026-08-13T02:35:50,serris,69,2,0,ok,
2026-08-13T02:35:50,torcy,225,149,0,ok,
2026-08-13T02:50:46,paris,1000,1000,0,ok,
2026-08-13T02:50:46,meaux,17,17,0,ok,
2026-08-13T02:50:46,chessy,88,73,0,ok,
2026-08-13T02:50:46,serris,69,2,0,ok,
2026-08-13T02:50:46,torcy,225,149,0,ok,
2026-08-13T03:05:55,paris,1000,1000,0,ok,
2026-08-13T03:05:55,meaux,17,17,0,ok,
2026-08-13T03:05:55,chessy,88,73,0,ok,
2026-08-13T03:05:55,serris,69,2,0,ok,
2026-08-13T03:05:55,torcy,225,149,0,ok,
2026-08-13T03:20:10,paris,1000,1000,0,ok,
2026-08-13T03:20:10,meaux,17,17,0,ok,
2026-08-13T03:20:10,chessy,88,73,0,ok,
2026-08-13T03:20:10,serris,69,2,0,ok,
2026-08-13T03:20:10,torcy,225,149,0,ok,
2026-08-13T03:35:45,paris,1000,1000,0,ok,
2026-08-13T03:35:45,meaux,17,17,0,ok,
2026-08-13T03:35:45,chessy,88,73,0,ok,
2026-08-13T03:35:45,serris,69,2,0,ok,
2026-08-13T03:35:45,torcy,225,149,0,ok,
2026-08-13T03:45:25,paris,1000,1000,0,ok,
2026-08-13T03:45:25,meaux,17,17,0,ok,
2026-08-13T03:45:25,chessy,88,73,0,ok,
2026-08-13T03:45:25,serris,69,2,0,ok,
2026-08-13T03:45:25,torcy,225,149,0,ok,
2026-08-13T04:06:10,paris,1000,1000,0,ok,
2026-08-13T04:06:10,meaux,17,17,0,ok,
2026-08-13T04:06:10,chessy,88,73,0,ok,
2026-08-13T04:06:10,serris,69,2,0,ok,
2026-08-13T04:06:10,torcy,225,149,0,ok,
2026-08-13T04:20:50,paris,1000,1000,0,ok,
2026-08-13T04:20:50,meaux,17,17,0,ok,
2026-08-13T04:20:50,chessy,88,73,0,ok,
2026-08-13T04:20:50,serris,69,2,0,ok,
2026-08-13T04:20:50,torcy,225,149,0,ok,
2026-08-13T04:35:27,paris,1000,1000,0,ok,
2026-08-13T04:35:27,meaux,17,17,0,ok,
2026-08-13T04:35:27,chessy,88,73,0,ok,
2026-08-13T04:35:27,serris,69,2,0,ok,
2026-08-13T04:35:27,torcy,225,149,0,ok,
2026-08-13T04:50:24,paris,1000,1000,0,ok,
2026-08-13T04:50:24,meaux,17,17,0,ok,
2026-08-13T04:50:24,chessy,88,73,0,ok,
2026-08-13T04:50:24,serris,69,2,0,ok,
2026-08-13T04:50:24,torcy,225,149,0,ok,
2026-08-13T05:06:12,paris,1000,1000,0,ok,
2026-08-13T05:06:12,meaux,17,17,0,ok,
2026-08-13T05:06:12,chessy,88,73,0,ok,
2026-08-13T05:06:12,serris,69,2,0,ok,
2026-08-13T05:06:12,torcy,225,149,0,ok,
2026-08-13T05:20:38,paris,1000,1000,0,ok,
2026-08-13T05:20:38,meaux,17,17,0,ok,
2026-08-13T05:20:38,chessy,87,72,0,ok,
2026-08-13T05:20:38,serris,68,2,0,ok,
2026-08-13T05:20:38,torcy,225,150,0,ok,
2026-08-13T05:35:50,paris,1000,1000,0,ok,
2026-08-13T05:35:50,meaux,17,17,0,ok,
2026-08-13T05:35:50,chessy,87,72,0,ok,
2026-08-13T05:35:50,serris,68,2,0,ok,
2026-08-13T05:35:50,torcy,225,150,0,ok,
2026-08-13T05:41:31,paris,1000,1000,0,ok,
2026-08-13T05:41:31,meaux,17,17,0,ok,
2026-08-13T05:41:31,chessy,87,72,0,ok,
2026-08-13T05:41:31,serris,68,2,0,ok,
2026-08-13T05:41:31,torcy,225,150,0,ok,
2026-08-13T05:51:03,paris,1000,1000,0,ok,
2026-08-13T05:51:03,meaux,17,17,0,ok,
2026-08-13T05:51:03,chessy,87,72,0,ok,
2026-08-13T05:51:03,serris,68,2,0,ok,
2026-08-13T05:51:03,torcy,225,150,0,ok,
2026-08-13T06:06:06,paris,1000,1000,0,ok,
2026-08-13T06:06:06,meaux,17,17,0,ok,
2026-08-13T06:06:06,chessy,87,72,0,ok,
2026-08-13T06:06:06,serris,68,2,0,ok,
2026-08-13T06:06:06,torcy,225,150,0,ok,
2026-08-13T06:21:05,paris,1000,1000,0,ok,
2026-08-13T06:21:05,meaux,17,17,0,ok,
2026-08-13T06:21:05,chessy,87,72,0,ok,
2026-08-13T06:21:05,serris,68,2,0,ok,
2026-08-13T06:21:05,torcy,225,150,0,ok,
2026-08-13T06:35:53,paris,1000,1000,0,ok,
2026-08-13T06:35:53,meaux,17,17,0,ok,
2026-08-13T06:35:53,chessy,87,72,0,ok,
2026-08-13T06:35:53,serris,68,2,0,ok,
2026-08-13T06:35:53,torcy,225,150,0,ok,
2026-08-13T06:51:24,paris,1000,1000,0,ok,
2026-08-13T06:51:24,meaux,17,17,0,ok,
2026-08-13T06:51:24,chessy,87,72,0,ok,
2026-08-13T06:51:24,serris,68,2,0,ok,
2026-08-13T06:51:24,torcy,225,150,0,ok,
2026-08-13T07:05:46,paris,1000,1000,0,ok,
2026-08-13T07:05:46,meaux,17,17,0,ok,
2026-08-13T07:05:46,chessy,87,72,0,ok,
2026-08-13T07:05:46,serris,68,2,0,ok,
2026-08-13T07:05:46,torcy,225,150,0,ok,
2026-08-13T07:20:25,paris,1000,1000,0,ok,
2026-08-13T07:20:25,meaux,17,17,0,ok,
2026-08-13T07:20:25,chessy,87,72,0,ok,
2026-08-13T07:20:25,serris,68,2,0,ok,
2026-08-13T07:20:25,torcy,225,150,0,ok,
2026-08-13T07:36:29,paris,1000,1000,0,ok,
2026-08-13T07:36:29,meaux,17,17,0,ok,
2026-08-13T07:36:29,chessy,87,72,0,ok,
2026-08-13T07:36:29,serris,68,2,0,ok,
2026-08-13T07:36:29,torcy,224,149,0,ok,
2026-08-13T07:50:35,paris,1000,1000,0,ok,
2026-08-13T07:50:35,meaux,17,17,0,ok,
2026-08-13T07:50:35,chessy,87,72,0,ok,
2026-08-13T07:50:35,serris,68,2,0,ok,
2026-08-13T07:50:35,torcy,224,149,0,ok,
2026-08-13T08:06:56,paris,1000,1000,0,ok,
2026-08-13T08:06:56,meaux,17,17,0,ok,
2026-08-13T08:06:56,chessy,87,72,0,ok,
2026-08-13T08:06:56,serris,68,2,0,ok,
2026-08-13T08:06:56,torcy,224,149,0,ok,
2026-08-13T08:20:49,paris,1000,1000,0,ok,
2026-08-13T08:20:49,meaux,17,17,0,ok,
2026-08-13T08:20:49,chessy,87,72,0,ok,
2026-08-13T08:20:49,serris,68,2,0,ok,
2026-08-13T08:20:49,torcy,224,149,0,ok,
2026-08-13T08:36:20,paris,1000,1000,0,ok,
2026-08-13T08:36:20,meaux,17,17,0,ok,
2026-08-13T08:36:20,chessy,87,72,0,ok,
2026-08-13T08:36:20,serris,68,2,0,ok,
2026-08-13T08:36:20,torcy,224,149,0,ok,
2026-08-13T08:51:17,paris,1000,1000,0,ok,
2026-08-13T08:51:17,meaux,17,17,0,ok,
2026-08-13T08:51:17,chessy,87,72,0,ok,
2026-08-13T08:51:17,serris,68,2,0,ok,
2026-08-13T08:51:17,torcy,224,149,0,ok,
2026-08-13T09:07:30,paris,1000,1000,0,ok,
2026-08-13T09:07:30,meaux,17,17,0,ok,
2026-08-13T09:07:30,chessy,87,72,0,ok,
2026-08-13T09:07:30,serris,68,2,0,ok,
2026-08-13T09:07:30,torcy,224,149,0,ok,
2026-08-13T09:21:10,paris,1000,1000,0,ok,
2026-08-13T09:21:10,meaux,17,17,0,ok,
2026-08-13T09:21:10,chessy,87,72,0,ok,
2026-08-13T09:21:10,serris,68,2,0,ok,
2026-08-13T09:21:10,torcy,224,149,0,ok,
2026-08-13T09:36:58,paris,1000,1000,0,ok,
2026-08-13T09:36:58,meaux,17,17,0,ok,
2026-08-13T09:36:58,chessy,87,72,0,ok,
2026-08-13T09:36:58,serris,68,2,0,ok,
2026-08-13T09:36:58,torcy,224,149,0,ok,
2026-08-13T09:51:03,paris,1000,1000,0,ok,
2026-08-13T09:51:03,meaux,17,17,0,ok,
2026-08-13T09:51:03,chessy,87,72,0,ok,
2026-08-13T09:51:03,serris,68,2,0,ok,
2026-08-13T09:51:03,torcy,224,149,0,ok,
2026-08-13T10:05:25,paris,1000,1000,0,ok,
2026-08-13T10:05:25,meaux,17,17,0,ok,
2026-08-13T10:05:25,chessy,87,72,0,ok,
2026-08-13T10:05:25,serris,68,2,0,ok,
2026-08-13T10:05:25,torcy,224,149,0,ok,
2026-08-13T10:21:44,paris,1000,1000,0,ok,
2026-08-13T10:21:44,meaux,17,17,0,ok,
2026-08-13T10:21:44,chessy,87,72,0,ok,
2026-08-13T10:21:44,serris,68,2,0,ok,
2026-08-13T10:21:44,torcy,224,149,0,ok,
2026-08-13T10:40:44,paris,1000,1000,0,ok,
2026-08-13T10:40:44,meaux,17,17,0,ok,
2026-08-13T10:40:44,chessy,87,72,0,ok,
2026-08-13T10:40:44,serris,68,2,0,ok,
2026-08-13T10:40:44,torcy,224,149,0,ok,
2026-08-13T10:50:28,paris,1000,1000,0,ok,
2026-08-13T10:50:28,meaux,17,17,0,ok,
2026-08-13T10:50:28,chessy,87,72,0,ok,
2026-08-13T10:50:28,serris,68,2,0,ok,
2026-08-13T10:50:28,torcy,225,150,0,ok,
2026-08-13T11:06:02,paris,1000,1000,0,ok,
2026-08-13T11:06:02,meaux,17,17,0,ok,
2026-08-13T11:06:02,chessy,87,72,0,ok,
2026-08-13T11:06:02,serris,68,2,0,ok,
2026-08-13T11:06:02,torcy,225,150,0,ok,
2026-08-13T11:20:55,paris,1000,1000,0,ok,
2026-08-13T11:20:55,meaux,17,17,0,ok,
2026-08-13T11:20:55,chessy,87,72,0,ok,
2026-08-13T11:20:55,serris,68,2,0,ok,
2026-08-13T11:20:55,torcy,225,150,0,ok,
2026-08-13T11:36:32,paris,1000,1000,0,ok,
2026-08-13T11:36:32,meaux,17,17,0,ok,
2026-08-13T11:36:32,chessy,87,72,0,ok,
2026-08-13T11:36:32,serris,68,2,0,ok,
2026-08-13T11:36:32,torcy,225,150,0,ok,
2026-08-13T11:50:37,paris,1000,1000,0,ok,
2026-08-13T11:50:37,meaux,17,17,0,ok,
2026-08-13T11:50:37,chessy,87,72,0,ok,
2026-08-13T11:50:37,serris,68,2,0,ok,
2026-08-13T11:50:37,torcy,225,150,0,ok,
2026-08-13T12:06:44,paris,1000,1000,0,ok,
2026-08-13T12:06:44,meaux,17,17,0,ok,
2026-08-13T12:06:44,chessy,88,73,0,ok,
2026-08-13T12:06:44,serris,69,2,0,ok,
2026-08-13T12:06:44,torcy,226,150,0,ok,
2026-08-13T12:12:52,paris,1000,1000,0,ok,
2026-08-13T12:12:52,meaux,17,17,0,ok,
2026-08-13T12:12:52,chessy,88,73,0,ok,
2026-08-13T12:12:52,serris,69,2,0,ok,
2026-08-13T12:12:52,torcy,226,150,0,ok,
2026-08-13T12:20:49,paris,1000,1000,0,ok,
2026-08-13T12:20:49,meaux,17,17,0,ok,
2026-08-13T12:20:49,chessy,88,73,0,ok,
2026-08-13T12:20:49,serris,69,2,0,ok,
2026-08-13T12:20:49,torcy,226,150,0,ok,
2026-08-13T12:35:56,paris,1000,1000,0,ok,
2026-08-13T12:35:56,meaux,17,17,0,ok,
2026-08-13T12:35:56,chessy,88,73,0,ok,
2026-08-13T12:35:56,serris,69,2,0,ok,
2026-08-13T12:35:56,torcy,226,150,0,ok,
2026-08-13T12:52:56,paris,1000,1000,0,ok,
2026-08-13T12:52:56,meaux,17,17,0,ok,
2026-08-13T12:52:56,chessy,88,73,0,ok,
2026-08-13T12:52:56,serris,69,2,0,ok,
2026-08-13T12:52:56,torcy,226,150,0,ok,
2026-08-13T13:06:18,paris,1000,1000,0,ok,
2026-08-13T13:06:18,meaux,17,17,0,ok,
2026-08-13T13:06:18,chessy,88,73,0,ok,
2026-08-13T13:06:18,serris,69,2,0,ok,
2026-08-13T13:06:18,torcy,226,150,0,ok,
2026-08-13T13:21:11,paris,1000,1000,0,ok,
2026-08-13T13:21:11,meaux,17,17,0,ok,
2026-08-13T13:21:11,chessy,88,73,0,ok,
2026-08-13T13:21:11,serris,69,2,0,ok,
2026-08-13T13:21:11,torcy,226,150,0,ok,
2026-08-13T13:36:11,paris,1000,1000,0,ok,
2026-08-13T13:36:11,meaux,17,17,0,ok,
2026-08-13T13:36:11,chessy,88,73,0,ok,
2026-08-13T13:36:11,serris,69,2,0,ok,
2026-08-13T13:36:11,torcy,226,150,0,ok,
2026-08-13T13:51:43,paris,1000,1000,0,ok,
2026-08-13T13:51:43,meaux,17,17,0,ok,
2026-08-13T13:51:43,chessy,88,73,0,ok,
2026-08-13T13:51:43,serris,69,2,0,ok,
2026-08-13T13:51:43,torcy,226,150,0,ok,
2026-08-13T14:05:10,paris,1000,1000,0,ok,
2026-08-13T14:05:10,meaux,17,17,0,ok,
2026-08-13T14:05:10,chessy,88,73,0,ok,
2026-08-13T14:05:10,serris,69,2,0,ok,
2026-08-13T14:05:10,torcy,226,150,0,ok,
2026-08-13T14:21:01,paris,1000,1000,0,ok,
2026-08-13T14:21:01,meaux,17,17,0,ok,
2026-08-13T14:21:01,chessy,88,73,0,ok,
2026-08-13T14:21:01,serris,69,2,0,ok,
2026-08-13T14:21:01,torcy,226,150,0,ok,
2026-08-13T14:36:11,paris,1000,1000,0,ok,
2026-08-13T14:36:11,meaux,17,17,0,ok,
2026-08-13T14:36:11,chessy,88,73,0,ok,
2026-08-13T14:36:11,serris,69,2,0,ok,
2026-08-13T14:36:11,torcy,226,150,0,ok,
2026-08-13T14:51:15,paris,1000,1000,0,ok,
2026-08-13T14:51:15,meaux,17,17,0,ok,
2026-08-13T14:51:15,chessy,88,73,0,ok,
2026-08-13T14:51:15,serris,69,2,0,ok,
2026-08-13T14:51:15,torcy,226,150,0,ok,
2026-08-13T14:57:53,paris,1000,1000,0,ok,
2026-08-13T14:57:53,meaux,17,17,0,ok,
2026-08-13T14:57:53,chessy,88,73,0,ok,
2026-08-13T14:57:53,serris,69,2,0,ok,
2026-08-13T14:57:53,torcy,226,150,0,ok,
2026-08-13T15:08:05,paris,1000,1000,0,ok,
2026-08-13T15:08:05,meaux,17,17,0,ok,
2026-08-13T15:08:05,chessy,88,73,0,ok,
2026-08-13T15:08:05,serris,69,2,0,ok,
2026-08-13T15:08:05,torcy,226,150,0,ok,
2026-08-13T15:21:14,paris,1000,1000,0,ok,
2026-08-13T15:21:14,meaux,17,17,0,ok,
2026-08-13T15:21:14,chessy,88,73,0,ok,
2026-08-13T15:21:14,serris,69,2,0,ok,
2026-08-13T15:21:14,torcy,226,150,0,ok,
2026-08-13T15:36:40,paris,1000,1000,0,ok,
2026-08-13T15:36:40,meaux,17,17,0,ok,
2026-08-13T15:36:40,chessy,88,73,0,ok,
2026-08-13T15:36:40,serris,69,2,0,ok,
2026-08-13T15:36:40,torcy,226,150,0,ok,
2026-08-13T15:52:01,paris,1000,1000,0,ok,
2026-08-13T15:52:01,meaux,17,17,0,ok,
2026-08-13T15:52:01,chessy,88,73,0,ok,
2026-08-13T15:52:01,serris,69,2,0,ok,
2026-08-13T15:52:01,torcy,226,150,0,ok,
2026-08-13T16:01:16,paris,1000,1000,0,ok,
2026-08-13T16:01:16,meaux,17,17,0,ok,
2026-08-13T16:01:16,chessy,88,73,0,ok,
2026-08-13T16:01:16,serris,69,2,0,ok,
2026-08-13T16:01:16,torcy,226,150,0,ok,
2026-08-13T16:22:49,paris,1000,1000,0,ok,
2026-08-13T16:22:49,meaux,17,17,0,ok,
2026-08-13T16:22:49,chessy,88,73,0,ok,
2026-08-13T16:22:49,serris,69,2,0,ok,
2026-08-13T16:22:49,torcy,226,150,0,ok,
2026-08-13T16:36:34,paris,1000,1000,0,ok,
2026-08-13T16:36:34,meaux,17,17,0,ok,
2026-08-13T16:36:34,chessy,88,73,0,ok,
2026-08-13T16:36:34,serris,69,2,0,ok,
2026-08-13T16:36:34,torcy,226,150,0,ok,
2026-08-13T16:51:24,paris,1000,1000,0,ok,
2026-08-13T16:51:24,meaux,17,17,0,ok,
2026-08-13T16:51:24,chessy,88,73,0,ok,
2026-08-13T16:51:24,serris,69,2,0,ok,
2026-08-13T16:51:24,torcy,226,150,0,ok,
2026-08-13T17:06:31,paris,1000,1000,0,ok,
2026-08-13T17:06:31,meaux,17,17,0,ok,
2026-08-13T17:06:31,chessy,88,73,0,ok,
2026-08-13T17:06:31,serris,69,2,0,ok,
2026-08-13T17:06:31,torcy,226,150,0,ok,
2026-08-13T17:21:34,paris,1000,1000,0,ok,
2026-08-13T17:21:34,meaux,17,17,0,ok,
2026-08-13T17:21:34,chessy,88,73,0,ok,
2026-08-13T17:21:34,serris,69,2,0,ok,
2026-08-13T17:21:34,torcy,226,150,0,ok,
2026-08-13T17:36:09,paris,1000,1000,0,ok,
2026-08-13T17:36:09,meaux,17,17,0,ok,
2026-08-13T17:36:09,chessy,88,73,0,ok,
2026-08-13T17:36:09,serris,69,2,0,ok,
2026-08-13T17:36:09,torcy,226,150,0,ok,
2026-08-13T17:51:30,paris,1000,1000,0,ok,
2026-08-13T17:51:30,meaux,17,17,0,ok,
2026-08-13T17:51:30,chessy,88,73,0,ok,
2026-08-13T17:51:30,serris,69,2,0,ok,
2026-08-13T17:51:30,torcy,226,150,0,ok,
2026-08-13T17:59:30,paris,1000,1000,0,ok,
2026-08-13T17:59:30,meaux,17,17,0,ok,
2026-08-13T17:59:30,chessy,88,73,0,ok,
2026-08-13T17:59:30,serris,69,2,0,ok,
2026-08-13T17:59:30,torcy,226,150,0,ok,
2026-08-13T18:06:49,paris,1000,1000,0,ok,
2026-08-13T18:06:49,meaux,17,17,0,ok,
2026-08-13T18:06:49,chessy,88,73,0,ok,
2026-08-13T18:06:49,serris,69,2,0,ok,
2026-08-13T18:06:49,torcy,226,150,0,ok,
2026-08-13T18:21:03,paris,1000,1000,0,ok,
2026-08-13T18:21:03,meaux,17,17,0,ok,
2026-08-13T18:21:03,chessy,88,73,0,ok,
2026-08-13T18:21:03,serris,69,2,0,ok,
2026-08-13T18:21:03,torcy,226,150,0,ok,
2026-08-13T18:36:38,paris,1000,1000,0,ok,
2026-08-13T18:36:38,meaux,17,17,0,ok,
2026-08-13T18:36:38,chessy,88,73,0,ok,
2026-08-13T18:36:38,serris,69,2,0,ok,
2026-08-13T18:36:38,torcy,226,150,0,ok,
2026-08-13T18:51:34,paris,1000,1000,0,ok,
2026-08-13T18:51:34,meaux,17,17,0,ok,
2026-08-13T18:51:34,chessy,88,73,0,ok,
2026-08-13T18:51:34,serris,69,2,0,ok,
2026-08-13T18:51:34,torcy,226,150,0,ok,
2026-08-13T19:01:40,paris,1000,1000,0,ok,
2026-08-13T19:01:40,meaux,17,17,0,ok,
2026-08-13T19:01:40,chessy,88,73,0,ok,
2026-08-13T19:01:40,serris,69,2,0,ok,
2026-08-13T19:01:40,torcy,226,150,0,ok,
2026-08-13T19:21:39,paris,1000,1000,0,ok,
2026-08-13T19:21:39,meaux,17,17,0,ok,
2026-08-13T19:21:39,chessy,88,73,0,ok,
2026-08-13T19:21:39,serris,69,2,0,ok,
2026-08-13T19:21:39,torcy,226,150,0,ok,
2026-08-13T19:40:09,paris,1000,1000,0,ok,
2026-08-13T19:40:09,meaux,17,17,0,ok,
2026-08-13T19:40:09,chessy,88,73,0,ok,
2026-08-13T19:40:09,serris,69,2,0,ok,
2026-08-13T19:40:09,torcy,226,150,0,ok,
2026-08-13T19:51:44,paris,1000,1000,0,ok,
2026-08-13T19:51:44,meaux,17,17,0,ok,
2026-08-13T19:51:44,chessy,88,73,0,ok,
2026-08-13T19:51:44,serris,69,2,0,ok,
2026-08-13T19:51:44,torcy,226,150,0,ok,
2026-08-13T19:59:39,paris,1000,1000,0,ok,
2026-08-13T19:59:39,meaux,17,17,0,ok,
2026-08-13T19:59:39,chessy,88,73,0,ok,
2026-08-13T19:59:39,serris,69,2,0,ok,
2026-08-13T19:59:39,torcy,226,150,0,ok,
2026-08-13T20:06:35,paris,1000,1000,0,ok,
2026-08-13T20:06:35,meaux,17,17,0,ok,
2026-08-13T20:06:35,chessy,88,73,0,ok,
2026-08-13T20:06:35,serris,69,2,0,ok,
2026-08-13T20:06:35,torcy,226,150,0,ok,
2026-08-13T20:21:43,paris,1000,1000,0,ok,
2026-08-13T20:21:43,meaux,17,17,0,ok,
2026-08-13T20:21:43,chessy,88,73,0,ok,
2026-08-13T20:21:43,serris,69,2,0,ok,
2026-08-13T20:21:43,torcy,226,150,0,ok,
2026-08-13T20:36:17,paris,1000,1000,0,ok,
2026-08-13T20:36:17,meaux,17,17,0,ok,
2026-08-13T20:36:17,chessy,88,73,0,ok,
2026-08-13T20:36:17,serris,69,2,0,ok,
2026-08-13T20:36:17,torcy,226,150,0,ok,
2026-08-13T20:51:17,paris,1000,1000,0,ok,
2026-08-13T20:51:17,meaux,17,17,0,ok,
2026-08-13T20:51:17,chessy,88,73,0,ok,
2026-08-13T20:51:17,serris,69,2,0,ok,
2026-08-13T20:51:17,torcy,226,150,0,ok,
2026-08-13T21:07:21,paris,1000,1000,0,ok,
2026-08-13T21:07:21,meaux,17,17,0,ok,
2026-08-13T21:07:21,chessy,88,73,0,ok,
2026-08-13T21:07:21,serris,69,2,0,ok,
2026-08-13T21:07:21,torcy,226,150,0,ok,
2026-08-13T21:21:24,paris,1000,1000,0,ok,
2026-08-13T21:21:24,meaux,17,17,0,ok,
2026-08-13T21:21:24,chessy,88,73,0,ok,
2026-08-13T21:21:24,serris,69,2,0,ok,
2026-08-13T21:21:24,torcy,226,150,0,ok,
2026-08-13T21:36:18,paris,1000,1000,0,ok,
2026-08-13T21:36:18,meaux,17,17,0,ok,
2026-08-13T21:36:18,chessy,88,73,0,ok,
2026-08-13T21:36:18,serris,69,2,0,ok,
2026-08-13T21:36:18,torcy,226,150,0,ok,
2026-08-13T21:45:05,paris,1000,1000,0,ok,
2026-08-13T21:45:05,meaux,17,17,0,ok,
2026-08-13T21:45:05,chessy,88,73,0,ok,
2026-08-13T21:45:05,serris,69,2,0,ok,
2026-08-13T21:45:05,torcy,226,150,0,ok,
2026-08-13T22:06:25,paris,1000,1000,0,ok,
2026-08-13T22:06:25,meaux,17,17,0,ok,
2026-08-13T22:06:25,chessy,88,73,0,ok,
2026-08-13T22:06:25,serris,69,2,0,ok,
2026-08-13T22:06:25,torcy,226,150,0,ok,
2026-08-13T22:21:19,paris,1000,1000,0,ok,
2026-08-13T22:21:19,meaux,17,17,0,ok,
2026-08-13T22:21:19,chessy,88,73,0,ok,
2026-08-13T22:21:19,serris,69,2,0,ok,
2026-08-13T22:21:19,torcy,226,150,0,ok,
2026-08-13T22:36:01,paris,1000,1000,0,ok,
2026-08-13T22:36:01,meaux,17,17,0,ok,
2026-08-13T22:36:01,chessy,88,73,0,ok,
2026-08-13T22:36:01,serris,69,2,0,ok,
2026-08-13T22:36:01,torcy,226,150,0,ok,
2026-08-13T22:51:18,paris,1000,1000,0,ok,
2026-08-13T22:51:18,meaux,17,17,0,ok,
2026-08-13T22:51:18,chessy,88,73,0,ok,
2026-08-13T22:51:18,serris,69,2,0,ok,
2026-08-13T22:51:18,torcy,226,150,0,ok,
2026-08-13T23:06:45,paris,1000,1000,0,ok,
2026-08-13T23:06:45,meaux,17,17,0,ok,
2026-08-13T23:06:45,chessy,88,73,0,ok,
2026-08-13T23:06:45,serris,69,2,0,ok,
2026-08-13T23:06:45,torcy,226,150,0,ok,
2026-08-13T23:21:09,paris,1000,1000,0,ok,
2026-08-13T23:21:09,meaux,17,17,0,ok,
2026-08-13T23:21:09,chessy,88,73,0,ok,
2026-08-13T23:21:09,serris,69,2,0,ok,
2026-08-13T23:21:09,torcy,226,150,0,ok,
2026-08-13T23:36:39,paris,1000,1000,0,ok,
2026-08-13T23:36:39,meaux,17,17,0,ok,
2026-08-13T23:36:39,chessy,88,73,0,ok,
2026-08-13T23:36:39,serris,69,2,0,ok,
2026-08-13T23:36:39,torcy,226,150,0,ok,
2026-08-13T23:50:52,paris,1000,1000,0,ok,
2026-08-13T23:50:52,meaux,17,17,0,ok,
2026-08-13T23:50:52,chessy,88,73,0,ok,
2026-08-13T23:50:52,serris,69,2,0,ok,
2026-08-13T23:50:52,torcy,226,150,0,ok,
2026-08-14T00:06:03,paris,1000,1000,0,ok,
2026-08-14T00:06:03,meaux,17,17,0,ok,
2026-08-14T00:06:03,chessy,88,73,0,ok,
2026-08-14T00:06:03,serris,69,2,0,ok,
2026-08-14T00:06:03,torcy,226,150,0,ok,
2026-08-14T00:21:33,paris,1000,1000,0,ok,
2026-08-14T00:21:33,meaux,17,17,0,ok,
2026-08-14T00:21:33,chessy,88,73,0,ok,
2026-08-14T00:21:33,serris,69,2,0,ok,
2026-08-14T00:21:33,torcy,226,150,0,ok,
2026-08-14T00:35:59,paris,1000,1000,0,ok,
2026-08-14T00:35:59,meaux,17,17,0,ok,
2026-08-14T00:35:59,chessy,88,73,0,ok,
2026-08-14T00:35:59,serris,69,2,0,ok,
2026-08-14T00:35:59,torcy,226,150,0,ok,
2026-08-14T00:50:44,paris,1000,1000,0,ok,
2026-08-14T00:50:44,meaux,17,17,0,ok,
2026-08-14T00:50:44,chessy,88,73,0,ok,
2026-08-14T00:50:44,serris,69,2,0,ok,
2026-08-14T00:50:44,torcy,226,150,0,ok,
2026-08-14T01:06:10,paris,1000,1000,0,ok,
2026-08-14T01:06:10,meaux,17,17,0,ok,
2026-08-14T01:06:10,chessy,88,73,0,ok,
2026-08-14T01:06:10,serris,69,2,0,ok,
2026-08-14T01:06:10,torcy,226,150,0,ok,
2026-08-14T01:20:58,paris,1000,1000,0,ok,
2026-08-14T01:20:58,meaux,17,17,0,ok,
2026-08-14T01:20:58,chessy,88,73,0,ok,
2026-08-14T01:20:58,serris,69,2,0,ok,
2026-08-14T01:20:58,torcy,226,150,0,ok,
2026-08-14T01:31:37,paris,1000,1000,0,ok,
2026-08-14T01:31:37,meaux,17,17,0,ok,
2026-08-14T01:31:37,chessy,88,73,0,ok,
2026-08-14T01:31:37,serris,69,2,0,ok,
2026-08-14T01:31:37,torcy,226,150,0,ok,
2026-08-14T01:50:54,paris,1000,1000,0,ok,
2026-08-14T01:50:54,meaux,17,17,0,ok,
2026-08-14T01:50:54,chessy,88,73,0,ok,
2026-08-14T01:50:54,serris,69,2,0,ok,
2026-08-14T01:50:54,torcy,226,150,0,ok,
2026-08-14T02:06:24,paris,1000,1000,0,ok,
2026-08-14T02:06:24,meaux,17,17,0,ok,
2026-08-14T02:06:24,chessy,88,73,0,ok,
2026-08-14T02:06:24,serris,69,2,0,ok,
2026-08-14T02:06:24,torcy,226,150,0,ok,
2026-08-14T02:21:05,paris,1000,1000,0,ok,
2026-08-14T02:21:05,meaux,17,17,0,ok,
2026-08-14T02:21:05,chessy,88,73,0,ok,
2026-08-14T02:21:05,serris,69,2,0,ok,
2026-08-14T02:21:05,torcy,226,150,0,ok,
2026-08-14T02:36:15,paris,1000,1000,0,ok,
2026-08-14T02:36:15,meaux,17,17,0,ok,
2026-08-14T02:36:15,chessy,88,73,0,ok,
2026-08-14T02:36:15,serris,69,2,0,ok,
2026-08-14T02:36:15,torcy,226,150,0,ok,
2026-08-14T02:50:54,paris,1000,1000,0,ok,
2026-08-14T02:50:54,meaux,17,17,0,ok,
2026-08-14T02:50:54,chessy,88,73,0,ok,
2026-08-14T02:50:54,serris,69,2,0,ok,
2026-08-14T02:50:54,torcy,226,150,0,ok,
2026-08-14T03:06:09,paris,1000,1000,0,ok,
2026-08-14T03:06:09,meaux,17,17,0,ok,
2026-08-14T03:06:09,chessy,88,73,0,ok,
2026-08-14T03:06:09,serris,69,2,0,ok,
2026-08-14T03:06:09,torcy,226,150,0,ok,
2026-08-14T03:21:02,paris,1000,1000,0,ok,
2026-08-14T03:21:02,meaux,17,17,0,ok,
2026-08-14T03:21:02,chessy,88,73,0,ok,
2026-08-14T03:21:02,serris,69,2,0,ok,
2026-08-14T03:21:02,torcy,226,150,0,ok,
2026-08-14T03:37:29,paris,1000,1000,0,ok,
2026-08-14T03:37:29,meaux,17,17,0,ok,
2026-08-14T03:37:29,chessy,88,73,0,ok,
2026-08-14T03:37:29,serris,69,2,0,ok,
2026-08-14T03:37:29,torcy,226,150,0,ok,
2026-08-14T03:51:14,paris,1000,1000,0,ok,
2026-08-14T03:51:14,meaux,17,17,0,ok,
2026-08-14T03:51:14,chessy,88,73,0,ok,
2026-08-14T03:51:14,serris,69,2,0,ok,
2026-08-14T03:51:14,torcy,226,150,0,ok,
2026-08-14T04:06:37,paris,1000,1000,0,ok,
2026-08-14T04:06:37,meaux,17,17,0,ok,
2026-08-14T04:06:37,chessy,88,73,0,ok,
2026-08-14T04:06:37,serris,69,2,0,ok,
2026-08-14T04:06:37,torcy,226,150,0,ok,
2026-08-14T04:20:54,paris,1000,1000,0,ok,
2026-08-14T04:20:54,meaux,17,17,0,ok,
2026-08-14T04:20:54,chessy,88,73,0,ok,
2026-08-14T04:20:54,serris,69,2,0,ok,
2026-08-14T04:20:54,torcy,226,150,0,ok,
2026-08-14T04:36:06,paris,1000,1000,0,ok,
2026-08-14T04:36:06,meaux,17,17,0,ok,
2026-08-14T04:36:06,chessy,88,73,0,ok,
2026-08-14T04:36:06,serris,69,2,0,ok,
2026-08-14T04:36:06,torcy,226,150,0,ok,
2026-08-14T04:50:51,paris,1000,1000,0,ok,
2026-08-14T04:50:51,meaux,17,17,0,ok,
2026-08-14T04:50:51,chessy,88,73,0,ok,
2026-08-14T04:50:51,serris,69,2,0,ok,
2026-08-14T04:50:51,torcy,226,150,0,ok,
2026-08-14T05:06:15,paris,1000,1000,0,ok,
2026-08-14T05:06:15,meaux,17,17,0,ok,
2026-08-14T05:06:15,chessy,88,73,0,ok,
2026-08-14T05:06:15,serris,69,2,0,ok,
2026-08-14T05:06:15,torcy,226,150,0,ok,
2026-08-14T05:21:09,paris,1000,1000,0,ok,
2026-08-14T05:21:09,meaux,17,17,0,ok,
2026-08-14T05:21:09,chessy,88,73,0,ok,
2026-08-14T05:21:09,serris,69,2,0,ok,
2026-08-14T05:21:09,torcy,226,150,0,ok,
2026-08-14T05:33:53,paris,1000,1000,0,ok,
2026-08-14T05:33:53,meaux,17,17,0,ok,
2026-08-14T05:33:53,chessy,88,73,0,ok,
2026-08-14T05:33:53,serris,69,2,0,ok,
2026-08-14T05:33:53,torcy,226,150,0,ok,
2026-08-14T05:51:06,paris,1000,1000,0,ok,
2026-08-14T05:51:06,meaux,17,17,0,ok,
2026-08-14T05:51:06,chessy,88,73,0,ok,
2026-08-14T05:51:06,serris,69,2,0,ok,
2026-08-14T05:51:06,torcy,226,150,0,ok,
2026-08-14T06:06:23,paris,1000,1000,0,ok,
2026-08-14T06:06:23,meaux,17,17,0,ok,
2026-08-14T06:06:23,chessy,88,73,0,ok,
2026-08-14T06:06:23,serris,69,2,0,ok,
2026-08-14T06:06:23,torcy,226,150,0,ok,
2026-08-14T06:21:20,paris,1000,1000,0,ok,
2026-08-14T06:21:20,meaux,17,17,0,ok,
2026-08-14T06:21:20,chessy,88,73,0,ok,
2026-08-14T06:21:20,serris,69,2,0,ok,
2026-08-14T06:21:20,torcy,226,150,0,ok,
2026-08-14T06:36:22,paris,1000,1000,0,ok,
2026-08-14T06:36:22,meaux,17,17,0,ok,
2026-08-14T06:36:22,chessy,88,73,0,ok,
2026-08-14T06:36:22,serris,69,2,0,ok,
2026-08-14T06:36:22,torcy,226,150,0,ok,
2026-08-14T06:51:17,paris,1000,1000,0,ok,
2026-08-14T06:51:17,meaux,17,17,0,ok,
2026-08-14T06:51:17,chessy,88,73,0,ok,
2026-08-14T06:51:17,serris,69,2,0,ok,
2026-08-14T06:51:17,torcy,226,150,0,ok,
2026-08-14T07:00:06,paris,1000,1000,0,ok,
2026-08-14T07:00:06,meaux,17,17,0,ok,
2026-08-14T07:00:06,chessy,88,73,0,ok,
2026-08-14T07:00:06,serris,69,2,0,ok,
2026-08-14T07:00:06,torcy,226,150,0,ok,
2026-08-14T07:20:40,paris,1000,1000,0,ok,
2026-08-14T07:20:40,meaux,17,17,0,ok,
2026-08-14T07:20:40,chessy,88,73,0,ok,
2026-08-14T07:20:40,serris,69,2,0,ok,
2026-08-14T07:20:40,torcy,226,150,0,ok,
2026-08-14T07:35:55,paris,1000,999,0,ok,
2026-08-14T07:35:55,meaux,17,17,0,ok,
2026-08-14T07:35:55,chessy,88,73,0,ok,
2026-08-14T07:35:55,serris,69,2,0,ok,
2026-08-14T07:35:55,torcy,226,150,0,ok,
2026-08-14T07:50:37,paris,1000,1000,0,ok,
2026-08-14T07:50:37,meaux,17,17,0,ok,
2026-08-14T07:50:37,chessy,88,73,0,ok,
2026-08-14T07:50:37,serris,69,2,0,ok,
2026-08-14T07:50:37,torcy,226,150,0,ok,
2026-08-14T08:06:15,paris,1000,1000,0,ok,
2026-08-14T08:06:15,meaux,17,17,0,ok,
2026-08-14T08:06:15,chessy,88,73,0,ok,
2026-08-14T08:06:15,serris,69,2,0,ok,
2026-08-14T08:06:15,torcy,226,150,0,ok,
2026-08-14T08:15:40,paris,1000,1000,0,ok,
2026-08-14T08:15:40,meaux,17,17,0,ok,
2026-08-14T08:15:40,chessy,88,73,0,ok,
2026-08-14T08:15:40,serris,69,2,0,ok,
2026-08-14T08:15:40,torcy,226,150,0,ok,
2026-08-14T08:36:08,paris,1000,1000,0,ok,
2026-08-14T08:36:08,meaux,17,17,0,ok,
2026-08-14T08:36:08,chessy,88,73,0,ok,
2026-08-14T08:36:08,serris,69,2,0,ok,
2026-08-14T08:36:08,torcy,226,150,0,ok,
2026-08-14T08:51:05,paris,1000,1000,0,ok,
2026-08-14T08:51:05,meaux,17,17,0,ok,
2026-08-14T08:51:05,chessy,88,73,0,ok,
2026-08-14T08:51:05,serris,69,2,0,ok,
2026-08-14T08:51:05,torcy,226,150,0,ok,
2026-08-14T09:06:33,paris,1000,1000,0,ok,
2026-08-14T09:06:33,meaux,17,17,0,ok,
2026-08-14T09:06:33,chessy,88,73,0,ok,
2026-08-14T09:06:33,serris,69,2,0,ok,
2026-08-14T09:06:33,torcy,226,150,0,ok,
2026-08-14T09:21:43,paris,1000,1000,0,ok,
2026-08-14T09:21:43,meaux,17,17,0,ok,
2026-08-14T09:21:43,chessy,88,73,0,ok,
2026-08-14T09:21:43,serris,69,2,0,ok,
2026-08-14T09:21:43,torcy,226,150,0,ok,
2026-08-14T09:37:10,paris,1000,1000,0,ok,
2026-08-14T09:37:10,meaux,17,17,0,ok,
2026-08-14T09:37:10,chessy,88,73,0,ok,
2026-08-14T09:37:10,serris,69,2,0,ok,
2026-08-14T09:37:10,torcy,226,150,0,ok,
2026-08-14T09:51:00,paris,1000,1000,0,ok,
2026-08-14T09:51:00,meaux,17,17,0,ok,
2026-08-14T09:51:00,chessy,88,73,0,ok,
2026-08-14T09:51:00,serris,69,2,0,ok,
2026-08-14T09:51:00,torcy,226,150,0,ok,
2026-08-14T10:06:55,paris,1000,1000,0,ok,
2026-08-14T10:06:55,meaux,17,17,0,ok,
2026-08-14T10:06:55,chessy,88,73,0,ok,
2026-08-14T10:06:55,serris,69,2,0,ok,
2026-08-14T10:06:55,torcy,226,150,0,ok,
2026-08-14T10:21:11,paris,1000,1000,0,ok,
2026-08-14T10:21:11,meaux,17,17,0,ok,
2026-08-14T10:21:11,chessy,88,73,0,ok,
2026-08-14T10:21:11,serris,69,2,0,ok,
2026-08-14T10:21:11,torcy,226,150,0,ok,
2026-08-14T10:36:18,paris,1000,1000,0,ok,
2026-08-14T10:36:18,meaux,17,17,0,ok,
2026-08-14T10:36:18,chessy,88,73,0,ok,
2026-08-14T10:36:18,serris,69,2,0,ok,
2026-08-14T10:36:18,torcy,226,150,0,ok,
2026-08-14T10:50:52,paris,1000,1000,0,ok,
2026-08-14T10:50:52,meaux,17,17,0,ok,
2026-08-14T10:50:52,chessy,88,73,0,ok,
2026-08-14T10:50:52,serris,69,2,0,ok,
2026-08-14T10:50:52,torcy,226,150,0,ok,
2026-08-14T10:59:54,paris,1000,1000,0,ok,
2026-08-14T10:59:54,meaux,17,17,0,ok,
2026-08-14T10:59:54,chessy,88,73,0,ok,
2026-08-14T10:59:54,serris,69,2,0,ok,
2026-08-14T10:59:54,torcy,226,150,0,ok,
2026-08-14T11:06:42,paris,1000,1000,0,ok,
2026-08-14T11:06:42,meaux,17,17,0,ok,
2026-08-14T11:06:42,chessy,88,73,0,ok,
2026-08-14T11:06:42,serris,69,2,0,ok,
2026-08-14T11:06:42,torcy,226,150,0,ok,
2026-08-14T11:20:56,paris,1000,1000,0,ok,
2026-08-14T11:20:56,meaux,17,17,0,ok,
2026-08-14T11:20:56,chessy,88,73,0,ok,
2026-08-14T11:20:56,serris,69,2,0,ok,
2026-08-14T11:20:56,torcy,226,150,0,ok,
2026-08-14T11:36:07,paris,1000,1000,0,ok,
2026-08-14T11:36:07,meaux,17,17,0,ok,
2026-08-14T11:36:07,chessy,88,73,0,ok,
2026-08-14T11:36:07,serris,69,2,0,ok,
2026-08-14T11:36:07,torcy,226,150,0,ok,
2026-08-14T11:46:08,paris,1000,1000,0,ok,
2026-08-14T11:46:08,meaux,17,17,0,ok,
2026-08-14T11:46:08,chessy,88,73,0,ok,
2026-08-14T11:46:08,serris,69,2,0,ok,
2026-08-14T11:46:08,torcy,226,150,0,ok,
2026-08-14T12:06:23,paris,1000,1000,0,ok,
2026-08-14T12:06:23,meaux,17,17,0,ok,
2026-08-14T12:06:23,chessy,88,73,0,ok,
2026-08-14T12:06:23,serris,69,2,0,ok,
2026-08-14T12:06:23,torcy,226,150,0,ok,
2026-08-14T12:21:01,paris,1000,1000,0,ok,
2026-08-14T12:21:01,meaux,17,17,0,ok,
2026-08-14T12:21:01,chessy,88,73,0,ok,
2026-08-14T12:21:01,serris,69,2,0,ok,
2026-08-14T12:21:01,torcy,226,150,0,ok,
2026-08-14T12:36:19,paris,1000,1000,0,ok,
2026-08-14T12:36:19,meaux,17,17,0,ok,
2026-08-14T12:36:19,chessy,88,73,0,ok,
2026-08-14T12:36:19,serris,69,2,0,ok,
2026-08-14T12:36:19,torcy,226,150,0,ok,
2026-08-14T12:51:25,paris,1000,1000,0,ok,
2026-08-14T12:51:25,meaux,17,17,0,ok,
2026-08-14T12:51:25,chessy,88,73,0,ok,
2026-08-14T12:51:25,serris,69,2,0,ok,
2026-08-14T12:51:25,torcy,226,150,0,ok,
2026-08-14T13:01:34,paris,1000,1000,0,ok,
2026-08-14T13:01:34,meaux,17,17,0,ok,
2026-08-14T13:01:34,chessy,88,73,0,ok,
2026-08-14T13:01:34,serris,69,2,0,ok,
2026-08-14T13:01:34,torcy,226,150,0,ok,
2026-08-14T13:21:14,paris,1000,1000,0,ok,
2026-08-14T13:21:14,meaux,17,17,0,ok,
2026-08-14T13:21:14,chessy,88,73,0,ok,
2026-08-14T13:21:14,serris,69,2,0,ok,
2026-08-14T13:21:14,torcy,226,150,0,ok,
2026-08-14T13:36:36,paris,1000,1000,0,ok,
2026-08-14T13:36:36,meaux,17,17,0,ok,
2026-08-14T13:36:36,chessy,88,73,0,ok,
2026-08-14T13:36:36,serris,69,2,0,ok,
2026-08-14T13:36:36,torcy,226,150,0,ok,
2026-08-14T13:57:44,paris,1000,1000,0,ok,
2026-08-14T13:57:44,meaux,17,17,0,ok,
2026-08-14T13:57:44,chessy,88,73,0,ok,
2026-08-14T13:57:44,serris,69,2,0,ok,
2026-08-14T13:57:44,torcy,226,150,0,ok,
2026-08-14T14:07:08,paris,1000,1000,0,ok,
2026-08-14T14:07:08,meaux,17,17,0,ok,
2026-08-14T14:07:08,chessy,88,73,0,ok,
2026-08-14T14:07:08,serris,69,2,0,ok,
2026-08-14T14:07:08,torcy,226,150,0,ok,
2026-08-14T14:19:22,paris,1000,1000,0,ok,
2026-08-14T14:19:22,meaux,17,17,0,ok,
2026-08-14T14:19:22,chessy,88,73,0,ok,
2026-08-14T14:19:22,serris,69,2,0,ok,
2026-08-14T14:19:22,torcy,226,150,0,ok,
2026-08-14T14:36:31,paris,1000,1000,0,ok,
2026-08-14T14:36:31,meaux,17,17,0,ok,
2026-08-14T14:36:31,chessy,88,73,0,ok,
2026-08-14T14:36:31,serris,69,2,0,ok,
2026-08-14T14:36:31,torcy,226,150,0,ok,
2026-08-14T14:51:35,paris,1000,1000,0,ok,
2026-08-14T14:51:35,meaux,17,17,0,ok,
2026-08-14T14:51:35,chessy,88,73,0,ok,
2026-08-14T14:51:35,serris,69,2,0,ok,
2026-08-14T14:51:35,torcy,226,150,0,ok,
2026-08-14T15:06:57,paris,1000,1000,0,ok,
2026-08-14T15:06:57,meaux,17,17,0,ok,
2026-08-14T15:06:57,chessy,88,73,0,ok,
2026-08-14T15:06:57,serris,69,2,0,ok,
2026-08-14T15:06:57,torcy,226,150,0,ok,
2026-08-14T15:20:07,paris,1000,1000,0,ok,
2026-08-14T15:20:07,meaux,17,17,0,ok,
2026-08-14T15:20:07,chessy,88,73,0,ok,
2026-08-14T15:20:07,serris,69,2,0,ok,
2026-08-14T15:20:07,torcy,226,150,0,ok,
2026-08-14T15:36:42,paris,1000,1000,0,ok,
2026-08-14T15:36:42,meaux,17,17,0,ok,
2026-08-14T15:36:42,chessy,88,73,0,ok,
2026-08-14T15:36:42,serris,69,2,0,ok,
2026-08-14T15:36:42,torcy,226,150,0,ok,
2026-08-14T15:51:44,paris,1000,1000,0,ok,
2026-08-14T15:51:44,meaux,17,17,0,ok,
2026-08-14T15:51:44,chessy,88,73,0,ok,
2026-08-14T15:51:44,serris,69,2,0,ok,
2026-08-14T15:51:44,torcy,226,150,0,ok,
2026-08-14T16:06:56,paris,1000,1000,0,ok,
2026-08-14T16:06:56,meaux,17,17,0,ok,
2026-08-14T16:06:56,chessy,88,73,0,ok,
2026-08-14T16:06:56,serris,69,2,0,ok,
2026-08-14T16:06:56,torcy,226,150,0,ok,
2026-08-14T16:20:08,paris,1000,1000,0,ok,
2026-08-14T16:20:08,meaux,17,17,0,ok,
2026-08-14T16:20:08,chessy,88,73,0,ok,
2026-08-14T16:20:08,serris,69,2,0,ok,
2026-08-14T16:20:08,torcy,226,150,0,ok,
2026-08-14T16:36:49,paris,1000,1000,0,ok,
2026-08-14T16:36:49,meaux,17,17,0,ok,
2026-08-14T16:36:49,chessy,88,73,0,ok,
2026-08-14T16:36:49,serris,69,2,0,ok,
2026-08-14T16:36:49,torcy,226,150,0,ok,
2026-08-14T16:54:48,paris,1000,1000,0,ok,
2026-08-14T16:54:48,meaux,17,17,0,ok,
2026-08-14T16:54:48,chessy,88,73,0,ok,
2026-08-14T16:54:48,serris,69,2,0,ok,
2026-08-14T16:54:48,torcy,226,150,0,ok,
2026-08-14T17:07:10,paris,1000,1000,0,ok,
2026-08-14T17:07:10,meaux,17,17,0,ok,
2026-08-14T17:07:10,chessy,88,73,0,ok,
2026-08-14T17:07:10,serris,69,2,0,ok,
2026-08-14T17:07:10,torcy,226,150,0,ok,
2026-08-14T17:21:26,paris,1000,1000,0,ok,
2026-08-14T17:21:26,meaux,17,17,0,ok,
2026-08-14T17:21:26,chessy,88,73,0,ok,
2026-08-14T17:21:26,serris,69,2,0,ok,
2026-08-14T17:21:26,torcy,226,150,0,ok,
2026-08-14T17:32:34,paris,1000,1000,0,ok,
2026-08-14T17:32:34,meaux,17,17,0,ok,
2026-08-14T17:32:34,chessy,88,73,0,ok,
2026-08-14T17:32:34,serris,69,2,0,ok,
2026-08-14T17:32:34,torcy,226,150,0,ok,
2026-08-14T17:51:47,paris,1000,1000,0,ok,
2026-08-14T17:51:47,meaux,17,17,0,ok,
2026-08-14T17:51:47,chessy,88,73,0,ok,
2026-08-14T17:51:47,serris,69,2,0,ok,
2026-08-14T17:51:47,torcy,225,149,0,ok,
2026-08-14T18:07:06,paris,1000,1000,0,ok,
2026-08-14T18:07:06,meaux,17,17,0,ok,
2026-08-14T18:07:06,chessy,88,73,0,ok,
2026-08-14T18:07:06,serris,69,2,0,ok,
2026-08-14T18:07:06,torcy,225,149,0,ok,
2026-08-14T18:21:34,paris,1000,1000,0,ok,
2026-08-14T18:21:34,meaux,17,17,0,ok,
2026-08-14T18:21:34,chessy,88,73,0,ok,
2026-08-14T18:21:34,serris,69,2,0,ok,
2026-08-14T18:21:34,torcy,225,149,0,ok,
2026-08-14T18:29:34,paris,1000,1000,0,ok,
2026-08-14T18:29:34,meaux,17,17,0,ok,
2026-08-14T18:29:34,chessy,88,73,0,ok,
2026-08-14T18:29:34,serris,69,2,0,ok,
2026-08-14T18:29:34,torcy,225,149,0,ok,
2026-08-14T18:37:04,paris,1000,1000,0,ok,
2026-08-14T18:37:04,meaux,17,17,0,ok,
2026-08-14T18:37:04,chessy,88,73,0,ok,
2026-08-14T18:37:04,serris,69,2,0,ok,
2026-08-14T18:37:04,torcy,225,149,0,ok,
2026-08-14T18:51:36,paris,1000,1000,0,ok,
2026-08-14T18:51:36,meaux,17,17,0,ok,
2026-08-14T18:51:36,chessy,88,73,0,ok,
2026-08-14T18:51:36,serris,69,2,0,ok,
2026-08-14T18:51:36,torcy,225,149,0,ok,
2026-08-14T19:09:38,paris,1000,1000,0,ok,
2026-08-14T19:09:38,meaux,17,17,0,ok,
2026-08-14T19:09:38,chessy,88,73,0,ok,
2026-08-14T19:09:38,serris,69,2,0,ok,
2026-08-14T19:09:38,torcy,225,149,0,ok,
2026-08-14T19:28:13,paris,1000,1000,0,ok,
2026-08-14T19:28:13,meaux,17,17,0,ok,
2026-08-14T19:28:13,chessy,88,73,0,ok,
2026-08-14T19:28:13,serris,69,2,0,ok,
2026-08-14T19:28:13,torcy,225,149,0,ok,
2026-08-14T19:41:33,paris,1000,1000,0,ok,
2026-08-14T19:41:33,meaux,17,17,0,ok,
2026-08-14T19:41:33,chessy,88,73,0,ok,
2026-08-14T19:41:33,serris,69,2,0,ok,
2026-08-14T19:41:33,torcy,225,149,0,ok,
2026-08-14T19:51:17,paris,1000,1000,0,ok,
2026-08-14T19:51:17,meaux,17,17,0,ok,
2026-08-14T19:51:17,chessy,88,73,0,ok,
2026-08-14T19:51:17,serris,69,2,0,ok,
2026-08-14T19:51:17,torcy,225,149,0,ok,
2026-08-14T20:07:05,paris,1000,1000,0,ok,
2026-08-14T20:07:05,meaux,17,17,0,ok,
2026-08-14T20:07:05,chessy,88,73,0,ok,
2026-08-14T20:07:05,serris,69,2,0,ok,
2026-08-14T20:07:05,torcy,225,149,0,ok,
2026-08-14T20:21:39,paris,1000,1000,0,ok,
2026-08-14T20:21:39,meaux,17,17,0,ok,
2026-08-14T20:21:39,chessy,88,73,0,ok,
2026-08-14T20:21:39,serris,69,2,0,ok,
2026-08-14T20:21:39,torcy,225,149,0,ok,
2026-08-14T20:36:52,paris,1000,1000,0,ok,
2026-08-14T20:36:52,meaux,17,17,0,ok,
2026-08-14T20:36:52,chessy,88,73,0,ok,
2026-08-14T20:36:52,serris,69,2,0,ok,
2026-08-14T20:36:52,torcy,225,149,0,ok,
2026-08-14T20:51:22,paris,1000,1000,0,ok,
2026-08-14T20:51:22,meaux,17,17,0,ok,
2026-08-14T20:51:22,chessy,88,73,0,ok,
2026-08-14T20:51:22,serris,69,2,0,ok,
2026-08-14T20:51:22,torcy,225,149,0,ok,
2026-08-14T21:00:23,paris,1000,1000,0,ok,
2026-08-14T21:00:23,meaux,17,17,0,ok,
2026-08-14T21:00:23,chessy,88,73,0,ok,
2026-08-14T21:00:23,serris,69,2,0,ok,
2026-08-14T21:00:23,torcy,225,149,0,ok,
2026-08-14T21:21:33,paris,1000,1000,0,ok,
2026-08-14T21:21:33,meaux,17,17,0,ok,
2026-08-14T21:21:33,chessy,88,73,0,ok,
2026-08-14T21:21:33,serris,69,2,0,ok,
2026-08-14T21:21:33,torcy,225,149,0,ok,
2026-08-14T21:36:36,paris,1000,1000,0,ok,
2026-08-14T21:36:36,meaux,17,17,0,ok,
2026-08-14T21:36:36,chessy,88,73,0,ok,
2026-08-14T21:36:36,serris,69,2,0,ok,
2026-08-14T21:36:36,torcy,225,149,0,ok,
2026-08-14T21:54:57,paris,1000,1000,0,ok,
2026-08-14T21:54:57,meaux,17,17,0,ok,
2026-08-14T21:54:57,chessy,88,73,0,ok,
2026-08-14T21:54:57,serris,69,2,0,ok,
2026-08-14T21:54:57,torcy,225,149,0,ok,
2026-08-14T22:07:01,paris,1000,1000,0,ok,
2026-08-14T22:07:01,meaux,17,17,0,ok,
2026-08-14T22:07:01,chessy,88,73,0,ok,
2026-08-14T22:07:01,serris,69,2,0,ok,
2026-08-14T22:07:01,torcy,225,149,0,ok,
2026-08-14T22:21:26,paris,1000,1000,0,ok,
2026-08-14T22:21:26,meaux,17,17,0,ok,
2026-08-14T22:21:26,chessy,88,73,0,ok,
2026-08-14T22:21:26,serris,69,2,0,ok,
2026-08-14T22:21:26,torcy,225,149,0,ok,
2026-08-14T22:36:40,paris,1000,1000,0,ok,
2026-08-14T22:36:40,meaux,17,17,0,ok,
2026-08-14T22:36:40,chessy,88,73,0,ok,
2026-08-14T22:36:40,serris,69,2,0,ok,
2026-08-14T22:36:40,torcy,225,149,0,ok,
2026-08-14T22:51:33,paris,1000,1000,0,ok,
2026-08-14T22:51:33,meaux,17,17,0,ok,
2026-08-14T22:51:33,chessy,88,73,0,ok,
2026-08-14T22:51:33,serris,69,2,0,ok,
2026-08-14T22:51:33,torcy,225,149,0,ok,
2026-08-14T23:06:27,paris,1000,1000,0,ok,
2026-08-14T23:06:27,meaux,17,17,0,ok,
2026-08-14T23:06:27,chessy,88,73,0,ok,
2026-08-14T23:06:27,serris,69,2,0,ok,
2026-08-14T23:06:27,torcy,225,149,0,ok,
2026-08-14T23:21:40,paris,1000,1000,0,ok,
2026-08-14T23:21:40,meaux,17,17,0,ok,
2026-08-14T23:21:40,chessy,88,73,0,ok,
2026-08-14T23:21:40,serris,69,2,0,ok,
2026-08-14T23:21:40,torcy,225,149,0,ok,
2026-08-14T23:36:06,paris,1000,1000,0,ok,
2026-08-14T23:36:06,meaux,17,17,0,ok,
2026-08-14T23:36:06,chessy,88,73,0,ok,
2026-08-14T23:36:06,serris,69,2,0,ok,
2026-08-14T23:36:06,torcy,225,149,0,ok,
2026-08-14T23:51:03,paris,1000,1000,0,ok,
2026-08-14T23:51:03,meaux,17,17,0,ok,
2026-08-14T23:51:03,chessy,88,73,0,ok,
2026-08-14T23:51:03,serris,69,2,0,ok,
2026-08-14T23:51:03,torcy,225,149,0,ok,
2026-08-15T00:06:29,paris,1000,1000,0,ok,
2026-08-15T00:06:29,meaux,17,17,0,ok,
2026-08-15T00:06:29,chessy,88,73,0,ok,
2026-08-15T00:06:29,serris,69,2,0,ok,
2026-08-15T00:06:29,torcy,225,149,0,ok,
2026-08-15T00:21:00,paris,1000,1000,0,ok,
2026-08-15T00:21:00,meaux,17,17,0,ok,
2026-08-15T00:21:00,chessy,88,73,0,ok,
2026-08-15T00:21:00,serris,69,2,0,ok,
2026-08-15T00:21:00,torcy,225,149,0,ok,
2026-08-15T00:36:17,paris,1000,1000,0,ok,
2026-08-15T00:36:17,meaux,17,17,0,ok,
2026-08-15T00:36:17,chessy,88,73,0,ok,
2026-08-15T00:36:17,serris,69,2,0,ok,
2026-08-15T00:36:17,torcy,225,149,0,ok,
2026-08-15T00:51:55,paris,1000,1000,0,ok,
2026-08-15T00:51:55,meaux,17,17,0,ok,
2026-08-15T00:51:55,chessy,88,73,0,ok,
2026-08-15T00:51:55,serris,69,2,0,ok,
2026-08-15T00:51:55,torcy,225,149,0,ok,
2026-08-15T01:02:24,paris,1000,1000,0,ok,
2026-08-15T01:02:24,meaux,17,17,0,ok,
2026-08-15T01:02:24,chessy,88,73,0,ok,
2026-08-15T01:02:24,serris,69,2,0,ok,
2026-08-15T01:02:24,torcy,225,149,0,ok,
2026-08-15T01:21:09,paris,1000,1000,0,ok,
2026-08-15T01:21:09,meaux,17,17,0,ok,
2026-08-15T01:21:09,chessy,88,73,0,ok,
2026-08-15T01:21:09,serris,69,2,0,ok,
2026-08-15T01:21:09,torcy,225,149,0,ok,
2026-08-15T01:36:16,paris,1000,1000,0,ok,
2026-08-15T01:36:16,meaux,17,17,0,ok,
2026-08-15T01:36:16,chessy,88,73,0,ok,
2026-08-15T01:36:16,serris,69,2,0,ok,
2026-08-15T01:36:16,torcy,225,149,0,ok,
2026-08-15T01:51:04,paris,1000,1000,0,ok,
2026-08-15T01:51:04,meaux,17,17,0,ok,
2026-08-15T01:51:04,chessy,88,73,0,ok,
2026-08-15T01:51:04,serris,69,2,0,ok,
2026-08-15T01:51:04,torcy,225,149,0,ok,
2026-08-15T02:06:26,paris,1000,1000,0,ok,
2026-08-15T02:06:26,meaux,17,17,0,ok,
2026-08-15T02:06:26,chessy,88,73,0,ok,
2026-08-15T02:06:26,serris,69,2,0,ok,
2026-08-15T02:06:26,torcy,225,149,0,ok,
2026-08-15T02:17:59,paris,1000,1000,0,ok,
2026-08-15T02:17:59,meaux,17,17,0,ok,
2026-08-15T02:17:59,chessy,88,73,0,ok,
2026-08-15T02:17:59,serris,69,2,0,ok,
2026-08-15T02:17:59,torcy,225,149,0,ok,
2026-08-15T02:36:13,paris,1000,1000,0,ok,
2026-08-15T02:36:13,meaux,17,17,0,ok,
2026-08-15T02:36:13,chessy,88,73,0,ok,
2026-08-15T02:36:13,serris,69,2,0,ok,
2026-08-15T02:36:13,torcy,225,149,0,ok,
2026-08-15T02:51:27,paris,1000,1000,0,ok,
2026-08-15T02:51:27,meaux,17,17,0,ok,
2026-08-15T02:51:27,chessy,88,73,0,ok,
2026-08-15T02:51:27,serris,69,2,0,ok,
2026-08-15T02:51:27,torcy,225,149,0,ok,
2026-08-15T03:06:43,paris,1000,1000,0,ok,
2026-08-15T03:06:43,meaux,17,17,0,ok,
2026-08-15T03:06:43,chessy,88,73,0,ok,
2026-08-15T03:06:43,serris,69,2,0,ok,
2026-08-15T03:06:43,torcy,225,149,0,ok,
2026-08-15T03:18:41,paris,1000,1000,0,ok,
2026-08-15T03:18:41,meaux,17,17,0,ok,
2026-08-15T03:18:41,chessy,88,73,0,ok,
2026-08-15T03:18:41,serris,69,2,0,ok,
2026-08-15T03:18:41,torcy,225,149,0,ok,
2026-08-15T03:36:29,paris,1000,1000,0,ok,
2026-08-15T03:36:29,meaux,17,17,0,ok,
2026-08-15T03:36:29,chessy,88,73,0,ok,
2026-08-15T03:36:29,serris,69,2,0,ok,
2026-08-15T03:36:29,torcy,225,149,0,ok,
2026-08-15T03:51:07,paris,1000,1000,0,ok,
2026-08-15T03:51:07,meaux,17,17,0,ok,
2026-08-15T03:51:07,chessy,88,73,0,ok,
2026-08-15T03:51:07,serris,69,2,0,ok,
2026-08-15T03:51:07,torcy,225,149,0,ok,
2026-08-15T04:07:35,paris,1000,1000,0,ok,
2026-08-15T04:07:35,meaux,17,17,0,ok,
2026-08-15T04:07:35,chessy,88,73,0,ok,
2026-08-15T04:07:35,serris,69,2,0,ok,
2026-08-15T04:07:35,torcy,225,149,0,ok,
2026-08-15T04:20:52,paris,1000,1000,0,ok,
2026-08-15T04:20:52,meaux,17,17,0,ok,
2026-08-15T04:20:52,chessy,88,73,0,ok,
2026-08-15T04:20:52,serris,69,2,0,ok,
2026-08-15T04:20:52,torcy,225,149,0,ok,
2026-08-15T04:36:14,paris,1000,1000,0,ok,
2026-08-15T04:36:14,meaux,17,17,0,ok,
2026-08-15T04:36:14,chessy,88,73,0,ok,
2026-08-15T04:36:14,serris,69,2,0,ok,
2026-08-15T04:36:14,torcy,225,149,0,ok,
2026-08-15T04:51:09,paris,1000,1000,0,ok,
2026-08-15T04:51:09,meaux,17,17,0,ok,
2026-08-15T04:51:09,chessy,88,73,0,ok,
2026-08-15T04:51:09,serris,69,2,0,ok,
2026-08-15T04:51:09,torcy,225,149,0,ok,
2026-08-15T05:00:26,paris,1000,1000,0,ok,
2026-08-15T05:00:26,meaux,17,17,0,ok,
2026-08-15T05:00:26,chessy,88,73,0,ok,
2026-08-15T05:00:26,serris,69,2,0,ok,
2026-08-15T05:00:26,torcy,225,149,0,ok,
2026-08-15T05:21:03,paris,1000,1000,0,ok,
2026-08-15T05:21:03,meaux,17,17,0,ok,
2026-08-15T05:21:03,chessy,88,73,0,ok,
2026-08-15T05:21:03,serris,69,2,0,ok,
2026-08-15T05:21:03,torcy,225,149,0,ok,
2026-08-15T05:36:10,paris,1000,1000,0,ok,
2026-08-15T05:36:10,meaux,17,17,0,ok,
2026-08-15T05:36:10,chessy,88,73,0,ok,
2026-08-15T05:36:10,serris,69,2,0,ok,
2026-08-15T05:36:10,torcy,225,149,0,ok,
2026-08-15T05:51:14,paris,1000,1000,0,ok,
2026-08-15T05:51:14,meaux,17,17,0,ok,
2026-08-15T05:51:14,chessy,88,73,0,ok,
2026-08-15T05:51:14,serris,69,2,0,ok,
2026-08-15T05:51:14,torcy,225,149,0,ok,
2026-08-15T06:06:35,paris,1000,1000,0,ok,
2026-08-15T06:06:35,meaux,17,17,0,ok,
2026-08-15T06:06:35,chessy,88,73,0,ok,
2026-08-15T06:06:35,serris,69,2,0,ok,
2026-08-15T06:06:35,torcy,225,149,0,ok,
2026-08-15T06:21:08,paris,1000,1000,0,ok,
2026-08-15T06:21:08,meaux,17,17,0,ok,
2026-08-15T06:21:08,chessy,88,73,0,ok,
2026-08-15T06:21:08,serris,69,2,0,ok,
2026-08-15T06:21:08,torcy,225,149,0,ok,
2026-08-15T06:34:07,paris,1000,1000,0,ok,
2026-08-15T06:34:07,meaux,17,17,0,ok,
2026-08-15T06:34:07,chessy,88,73,0,ok,
2026-08-15T06:34:07,serris,69,2,0,ok,
2026-08-15T06:34:07,torcy,225,149,0,ok,
2026-08-15T06:51:25,paris,1000,1000,0,ok,
2026-08-15T06:51:25,meaux,17,17,0,ok,
2026-08-15T06:51:25,chessy,88,73,0,ok,
2026-08-15T06:51:25,serris,69,2,0,ok,
2026-08-15T06:51:25,torcy,225,149,0,ok,
2026-08-15T07:10:52,paris,1000,1000,0,ok,
2026-08-15T07:10:52,meaux,17,17,0,ok,
2026-08-15T07:10:52,chessy,88,73,0,ok,
2026-08-15T07:10:52,serris,69,2,0,ok,
2026-08-15T07:10:52,torcy,225,149,0,ok,
2026-08-15T07:23:02,paris,1000,1000,0,ok,
2026-08-15T07:23:02,meaux,17,17,0,ok,
2026-08-15T07:23:02,chessy,88,73,0,ok,
2026-08-15T07:23:02,serris,69,2,0,ok,
2026-08-15T07:23:02,torcy,225,149,0,ok,
2026-08-15T07:36:33,paris,1000,1000,0,ok,
2026-08-15T07:36:33,meaux,17,17,0,ok,
2026-08-15T07:36:33,chessy,88,73,0,ok,
2026-08-15T07:36:33,serris,69,2,0,ok,
2026-08-15T07:36:33,torcy,225,149,0,ok,
2026-08-15T07:51:19,paris,1000,1000,0,ok,
2026-08-15T07:51:19,meaux,17,17,0,ok,
2026-08-15T07:51:19,chessy,88,73,0,ok,
2026-08-15T07:51:19,serris,69,2,0,ok,
2026-08-15T07:51:19,torcy,225,149,0,ok,
2026-08-15T08:06:41,paris,1000,1000,0,ok,
2026-08-15T08:06:41,meaux,17,17,0,ok,
2026-08-15T08:06:41,chessy,88,73,0,ok,
2026-08-15T08:06:41,serris,69,2,0,ok,
2026-08-15T08:06:41,torcy,225,149,0,ok,
2026-08-15T08:21:28,paris,1000,1000,0,ok,
2026-08-15T08:21:28,meaux,17,17,0,ok,
2026-08-15T08:21:28,chessy,88,73,0,ok,
2026-08-15T08:21:28,serris,69,2,0,ok,
2026-08-15T08:21:28,torcy,225,149,0,ok,
2026-08-15T08:36:16,paris,1000,1000,0,ok,
2026-08-15T08:36:16,meaux,17,17,0,ok,
2026-08-15T08:36:16,chessy,88,73,0,ok,
2026-08-15T08:36:16,serris,69,2,0,ok,
2026-08-15T08:36:16,torcy,225,149,0,ok,
2026-08-15T08:50:55,paris,1000,1000,0,ok,
2026-08-15T08:50:55,meaux,17,17,0,ok,
2026-08-15T08:50:55,chessy,88,73,0,ok,
2026-08-15T08:50:55,serris,69,2,0,ok,
2026-08-15T08:50:55,torcy,225,149,0,ok,
2026-08-15T08:59:22,paris,1000,1000,0,ok,
2026-08-15T08:59:22,meaux,17,17,0,ok,
2026-08-15T08:59:22,chessy,88,73,0,ok,
2026-08-15T08:59:22,serris,69,2,0,ok,
2026-08-15T08:59:22,torcy,225,149,0,ok,
2026-08-15T09:06:52,paris,1000,1000,0,ok,
2026-08-15T09:06:52,meaux,17,17,0,ok,
2026-08-15T09:06:52,chessy,88,73,0,ok,
2026-08-15T09:06:52,serris,69,2,0,ok,
2026-08-15T09:06:52,torcy,225,149,0,ok,
2026-08-15T09:21:22,paris,1000,1000,0,ok,
2026-08-15T09:21:22,meaux,17,17,0,ok,
2026-08-15T09:21:22,chessy,88,73,0,ok,
2026-08-15T09:21:22,serris,69,2,0,ok,
2026-08-15T09:21:22,torcy,225,149,0,ok,
2026-08-15T09:36:21,paris,1000,1000,0,ok,
2026-08-15T09:36:21,meaux,17,17,0,ok,
2026-08-15T09:36:21,chessy,88,73,0,ok,
2026-08-15T09:36:21,serris,69,2,0,ok,
2026-08-15T09:36:21,torcy,225,149,0,ok,
2026-08-15T09:54:15,paris,1000,1000,0,ok,
2026-08-15T09:54:15,meaux,17,17,0,ok,
2026-08-15T09:54:15,chessy,88,73,0,ok,
2026-08-15T09:54:15,serris,69,2,0,ok,
2026-08-15T09:54:15,torcy,225,149,0,ok,
2026-08-15T10:06:34,paris,1000,1000,0,ok,
2026-08-15T10:06:34,meaux,17,17,0,ok,
2026-08-15T10:06:34,chessy,88,73,0,ok,
2026-08-15T10:06:34,serris,69,2,0,ok,
2026-08-15T10:06:34,torcy,225,149,0,ok,
2026-08-15T10:21:09,paris,1000,1000,0,ok,
2026-08-15T10:21:09,meaux,17,17,0,ok,
2026-08-15T10:21:09,chessy,88,73,0,ok,
2026-08-15T10:21:09,serris,69,2,0,ok,
2026-08-15T10:21:09,torcy,225,149,0,ok,
2026-08-15T10:36:37,paris,1000,1000,0,ok,
2026-08-15T10:36:37,meaux,17,17,0,ok,
2026-08-15T10:36:37,chessy,88,73,0,ok,
2026-08-15T10:36:37,serris,69,2,0,ok,
2026-08-15T10:36:37,torcy,225,149,0,ok,
2026-08-15T10:51:09,paris,1000,1000,0,ok,
2026-08-15T10:51:09,meaux,17,17,0,ok,
2026-08-15T10:51:09,chessy,88,73,0,ok,
2026-08-15T10:51:09,serris,69,2,0,ok,
2026-08-15T10:51:09,torcy,225,149,0,ok,
2026-08-15T11:06:24,paris,1000,1000,0,ok,
2026-08-15T11:06:24,meaux,17,17,0,ok,
2026-08-15T11:06:24,chessy,88,73,0,ok,
2026-08-15T11:06:24,serris,69,2,0,ok,
2026-08-15T11:06:24,torcy,225,149,0,ok,
2026-08-15T11:20:57,paris,1000,1000,0,ok,
2026-08-15T11:20:57,meaux,17,17,0,ok,
2026-08-15T11:20:57,chessy,88,73,0,ok,
2026-08-15T11:20:57,serris,69,2,0,ok,
2026-08-15T11:20:57,torcy,225,149,0,ok,
2026-08-15T11:36:19,paris,1000,1000,0,ok,
2026-08-15T11:36:19,meaux,17,17,0,ok,
2026-08-15T11:36:19,chessy,88,73,0,ok,
2026-08-15T11:36:19,serris,69,2,0,ok,
2026-08-15T11:36:19,torcy,225,149,0,ok,
2026-08-15T11:49:51,paris,1000,1000,0,ok,
2026-08-15T11:49:51,meaux,17,17,0,ok,
2026-08-15T11:49:51,chessy,88,73,0,ok,
2026-08-15T11:49:51,serris,69,2,0,ok,
2026-08-15T11:49:51,torcy,225,149,0,ok,
2026-08-15T12:06:34,paris,1000,1000,0,ok,
2026-08-15T12:06:34,meaux,17,17,0,ok,
2026-08-15T12:06:34,chessy,88,73,0,ok,
2026-08-15T12:06:34,serris,69,2,0,ok,
2026-08-15T12:06:34,torcy,225,149,0,ok,
2026-08-15T12:21:11,paris,1000,1000,0,ok,
2026-08-15T12:21:11,meaux,17,17,0,ok,
2026-08-15T12:21:11,chessy,88,73,0,ok,
2026-08-15T12:21:11,serris,69,2,0,ok,
2026-08-15T12:21:11,torcy,225,149,0,ok,
2026-08-15T12:32:34,paris,1000,1000,0,ok,
2026-08-15T12:32:34,meaux,17,17,0,ok,
2026-08-15T12:32:34,chessy,88,73,0,ok,
2026-08-15T12:32:34,serris,69,2,0,ok,
2026-08-15T12:32:34,torcy,225,149,0,ok,
2026-08-15T12:51:19,paris,1000,1000,0,ok,
2026-08-15T12:51:19,meaux,17,17,0,ok,
2026-08-15T12:51:19,chessy,88,73,0,ok,
2026-08-15T12:51:19,serris,69,2,0,ok,
2026-08-15T12:51:19,torcy,225,149,0,ok,
2026-08-15T13:12:13,paris,1000,1000,0,ok,
2026-08-15T13:12:13,meaux,17,17,0,ok,
2026-08-15T13:12:13,chessy,88,73,0,ok,
2026-08-15T13:12:13,serris,69,2,0,ok,
2026-08-15T13:12:13,torcy,225,149,0,ok,
2026-08-15T13:25:19,paris,1000,1000,0,ok,
2026-08-15T13:25:19,meaux,17,17,0,ok,
2026-08-15T13:25:19,chessy,88,73,0,ok,
2026-08-15T13:25:19,serris,69,2,0,ok,
2026-08-15T13:25:19,torcy,225,149,0,ok,
2026-08-15T13:38:39,paris,1000,1000,0,ok,
2026-08-15T13:38:39,meaux,17,17,0,ok,
2026-08-15T13:38:39,chessy,88,73,0,ok,
2026-08-15T13:38:39,serris,69,2,0,ok,
2026-08-15T13:38:39,torcy,225,149,0,ok,
2026-08-15T13:51:15,paris,1000,1000,0,ok,
2026-08-15T13:51:15,meaux,17,17,0,ok,
2026-08-15T13:51:15,chessy,88,73,0,ok,
2026-08-15T13:51:15,serris,69,2,0,ok,
2026-08-15T13:51:15,torcy,225,149,0,ok,
2026-08-15T14:06:50,paris,1000,1000,0,ok,
2026-08-15T14:06:50,meaux,17,17,0,ok,
2026-08-15T14:06:50,chessy,88,73,0,ok,
2026-08-15T14:06:50,serris,69,2,0,ok,
2026-08-15T14:06:50,torcy,225,149,0,ok,
2026-08-15T14:21:01,paris,1000,1000,0,ok,
2026-08-15T14:21:01,meaux,17,17,0,ok,
2026-08-15T14:21:01,chessy,88,73,0,ok,
2026-08-15T14:21:01,serris,69,2,0,ok,
2026-08-15T14:21:01,torcy,225,149,0,ok,
2026-08-15T14:36:25,paris,1000,1000,0,ok,
2026-08-15T14:36:25,meaux,17,17,0,ok,
2026-08-15T14:36:25,chessy,88,73,0,ok,
2026-08-15T14:36:25,serris,69,2,0,ok,
2026-08-15T14:36:25,torcy,225,149,0,ok,
2026-08-15T14:51:19,paris,1000,1000,0,ok,
2026-08-15T14:51:19,meaux,17,17,0,ok,
2026-08-15T14:51:19,chessy,88,73,0,ok,
2026-08-15T14:51:19,serris,69,2,0,ok,
2026-08-15T14:51:19,torcy,225,149,0,ok,
2026-08-15T15:06:46,paris,1000,1000,0,ok,
2026-08-15T15:06:46,meaux,17,17,0,ok,
2026-08-15T15:06:46,chessy,88,73,0,ok,
2026-08-15T15:06:46,serris,69,2,0,ok,
2026-08-15T15:06:46,torcy,225,149,0,ok,
2026-08-15T15:20:29,paris,1000,1000,0,ok,
2026-08-15T15:20:29,meaux,17,17,0,ok,
2026-08-15T15:20:29,chessy,88,73,0,ok,
2026-08-15T15:20:29,serris,69,2,0,ok,
2026-08-15T15:20:29,torcy,225,149,0,ok,
2026-08-15T15:36:34,paris,1000,1000,0,ok,
2026-08-15T15:36:34,meaux,17,17,0,ok,
2026-08-15T15:36:34,chessy,88,73,0,ok,
2026-08-15T15:36:34,serris,69,2,0,ok,
2026-08-15T15:36:34,torcy,225,149,0,ok,
2026-08-15T15:49:13,paris,1000,1000,0,ok,
2026-08-15T15:49:13,meaux,17,17,0,ok,
2026-08-15T15:49:13,chessy,88,73,0,ok,
2026-08-15T15:49:13,serris,69,2,0,ok,
2026-08-15T15:49:13,torcy,225,149,0,ok,
2026-08-15T16:06:19,paris,1000,1000,0,ok,
2026-08-15T16:06:19,meaux,17,17,0,ok,
2026-08-15T16:06:19,chessy,88,73,0,ok,
2026-08-15T16:06:19,serris,69,2,0,ok,
2026-08-15T16:06:19,torcy,225,149,0,ok,
2026-08-15T16:21:16,paris,1000,1000,0,ok,
2026-08-15T16:21:16,meaux,17,17,0,ok,
2026-08-15T16:21:16,chessy,88,73,0,ok,
2026-08-15T16:21:16,serris,69,2,0,ok,
2026-08-15T16:21:16,torcy,225,149,0,ok,
2026-08-15T16:36:45,paris,1000,1000,0,ok,
2026-08-15T16:36:45,meaux,17,17,0,ok,
2026-08-15T16:36:45,chessy,88,73,0,ok,
2026-08-15T16:36:45,serris,69,2,0,ok,
2026-08-15T16:36:45,torcy,225,149,0,ok,
2026-08-15T16:51:08,paris,1000,1000,0,ok,
2026-08-15T16:51:08,meaux,17,17,0,ok,
2026-08-15T16:51:08,chessy,88,73,0,ok,
2026-08-15T16:51:08,serris,69,2,0,ok,
2026-08-15T16:51:08,torcy,225,149,0,ok,
2026-08-15T17:06:42,paris,1000,1000,0,ok,
2026-08-15T17:06:42,meaux,17,17,0,ok,
2026-08-15T17:06:42,chessy,88,73,0,ok,
2026-08-15T17:06:42,serris,69,2,0,ok,
2026-08-15T17:06:42,torcy,225,149,0,ok,
2026-08-15T17:21:05,paris,1000,1000,0,ok,
2026-08-15T17:21:05,meaux,17,17,0,ok,
2026-08-15T17:21:05,chessy,88,73,0,ok,
2026-08-15T17:21:05,serris,69,2,0,ok,
2026-08-15T17:21:05,torcy,225,149,0,ok,
2026-08-15T17:36:59,paris,1000,1000,0,ok,
2026-08-15T17:36:59,meaux,17,17,0,ok,
2026-08-15T17:36:59,chessy,88,73,0,ok,
2026-08-15T17:36:59,serris,69,2,0,ok,
2026-08-15T17:36:59,torcy,225,149,0,ok,
2026-08-15T17:49:36,paris,1000,1000,0,ok,
2026-08-15T17:49:36,meaux,17,17,0,ok,
2026-08-15T17:49:36,chessy,88,73,0,ok,
2026-08-15T17:49:36,serris,69,2,0,ok,
2026-08-15T17:49:36,torcy,225,149,0,ok,
2026-08-15T18:06:39,paris,1000,1000,0,ok,
2026-08-15T18:06:39,meaux,17,17,0,ok,
2026-08-15T18:06:39,chessy,88,73,0,ok,
2026-08-15T18:06:39,serris,69,2,0,ok,
2026-08-15T18:06:39,torcy,225,149,0,ok,
2026-08-15T18:21:18,paris,1000,1000,0,ok,
2026-08-15T18:21:18,meaux,17,17,0,ok,
2026-08-15T18:21:18,chessy,88,73,0,ok,
2026-08-15T18:21:18,serris,69,2,0,ok,
2026-08-15T18:21:18,torcy,225,149,0,ok,
2026-08-15T18:36:28,paris,1000,1000,0,ok,
2026-08-15T18:36:28,meaux,17,17,0,ok,
2026-08-15T18:36:28,chessy,88,73,0,ok,
2026-08-15T18:36:28,serris,69,2,0,ok,
2026-08-15T18:36:28,torcy,225,149,0,ok,
2026-08-15T18:51:12,paris,1000,1000,0,ok,
2026-08-15T18:51:12,meaux,17,17,0,ok,
2026-08-15T18:51:12,chessy,88,73,0,ok,
2026-08-15T18:51:12,serris,69,2,0,ok,
2026-08-15T18:51:12,torcy,225,149,0,ok,
2026-08-15T19:03:54,paris,1000,1000,0,ok,
2026-08-15T19:03:54,meaux,17,17,0,ok,
2026-08-15T19:03:54,chessy,88,73,0,ok,
2026-08-15T19:03:54,serris,69,2,0,ok,
2026-08-15T19:03:54,torcy,225,149,0,ok,
2026-08-15T19:21:28,paris,1000,1000,0,ok,
2026-08-15T19:21:28,meaux,17,17,0,ok,
2026-08-15T19:21:28,chessy,88,73,0,ok,
2026-08-15T19:21:28,serris,69,2,0,ok,
2026-08-15T19:21:28,torcy,225,149,0,ok,
2026-08-15T19:36:44,paris,1000,1000,0,ok,
2026-08-15T19:36:44,meaux,17,17,0,ok,
2026-08-15T19:36:44,chessy,88,73,0,ok,
2026-08-15T19:36:44,serris,69,2,0,ok,
2026-08-15T19:36:44,torcy,225,149,0,ok,
2026-08-15T19:49:32,paris,1000,1000,0,ok,
2026-08-15T19:49:32,meaux,17,17,0,ok,
2026-08-15T19:49:32,chessy,88,73,0,ok,
2026-08-15T19:49:32,serris,69,2,0,ok,
2026-08-15T19:49:32,torcy,225,149,0,ok,
2026-08-15T20:06:53,paris,1000,1000,0,ok,
2026-08-15T20:06:53,meaux,17,17,0,ok,
2026-08-15T20:06:53,chessy,88,73,0,ok,
2026-08-15T20:06:53,serris,69,2,0,ok,
2026-08-15T20:06:53,torcy,225,149,0,ok,
2026-08-15T20:21:35,paris,1000,1000,0,ok,
2026-08-15T20:21:35,meaux,17,17,0,ok,
2026-08-15T20:21:35,chessy,88,73,0,ok,
2026-08-15T20:21:35,serris,69,2,0,ok,
2026-08-15T20:21:35,torcy,225,149,0,ok,
2026-08-15T20:36:32,paris,1000,1000,0,ok,
2026-08-15T20:36:32,meaux,17,17,0,ok,
2026-08-15T20:36:32,chessy,88,73,0,ok,
2026-08-15T20:36:32,serris,69,2,0,ok,
2026-08-15T20:36:32,torcy,225,149,0,ok,
2026-08-15T20:50:54,paris,1000,1000,0,ok,
2026-08-15T20:50:54,meaux,17,17,0,ok,
2026-08-15T20:50:54,chessy,88,73,0,ok,
2026-08-15T20:50:54,serris,69,2,0,ok,
2026-08-15T20:50:54,torcy,225,149,0,ok,
2026-08-15T21:06:25,paris,1000,1000,0,ok,
2026-08-15T21:06:25,meaux,17,17,0,ok,
2026-08-15T21:06:25,chessy,88,73,0,ok,
2026-08-15T21:06:25,serris,69,2,0,ok,
2026-08-15T21:06:25,torcy,225,149,0,ok,
2026-08-15T21:21:12,paris,1000,1000,0,ok,
2026-08-15T21:21:12,meaux,17,17,0,ok,
2026-08-15T21:21:12,chessy,88,73,0,ok,
2026-08-15T21:21:12,serris,69,2,0,ok,
2026-08-15T21:21:12,torcy,225,149,0,ok,
2026-08-15T21:36:50,paris,1000,1000,0,ok,
2026-08-15T21:36:50,meaux,17,17,0,ok,
2026-08-15T21:36:50,chessy,88,73,0,ok,
2026-08-15T21:36:50,serris,69,2,0,ok,
2026-08-15T21:36:50,torcy,225,149,0,ok,
2026-08-15T21:49:50,paris,1000,1000,0,ok,
2026-08-15T21:49:50,meaux,17,17,0,ok,
2026-08-15T21:49:50,chessy,88,73,0,ok,
2026-08-15T21:49:50,serris,69,2,0,ok,
2026-08-15T21:49:50,torcy,225,149,0,ok,
2026-08-15T22:06:40,paris,1000,1000,0,ok,
2026-08-15T22:06:40,meaux,17,17,0,ok,
2026-08-15T22:06:40,chessy,88,73,0,ok,
2026-08-15T22:06:40,serris,69,2,0,ok,
2026-08-15T22:06:40,torcy,225,149,0,ok,
2026-08-15T22:20:45,paris,1000,1000,0,ok,
2026-08-15T22:20:45,meaux,17,17,0,ok,
2026-08-15T22:20:45,chessy,88,73,0,ok,
2026-08-15T22:20:45,serris,69,2,0,ok,
2026-08-15T22:20:45,torcy,225,149,0,ok,
2026-08-15T22:36:44,paris,1000,1000,0,ok,
2026-08-15T22:36:44,meaux,17,17,0,ok,
2026-08-15T22:36:44,chessy,88,73,0,ok,
2026-08-15T22:36:44,serris,69,2,0,ok,
2026-08-15T22:36:44,torcy,225,149,0,ok,
2026-08-15T22:50:56,paris,1000,1000,0,ok,
2026-08-15T22:50:56,meaux,17,17,0,ok,
2026-08-15T22:50:56,chessy,88,73,0,ok,
2026-08-15T22:50:56,serris,69,2,0,ok,
2026-08-15T22:50:56,torcy,225,149,0,ok,
2026-08-15T23:06:48,paris,1000,1000,0,ok,
2026-08-15T23:06:48,meaux,17,17,0,ok,
2026-08-15T23:06:48,chessy,88,73,0,ok,
2026-08-15T23:06:48,serris,69,2,0,ok,
2026-08-15T23:06:48,torcy,225,149,0,ok,
2026-08-15T23:20:49,paris,1000,1000,0,ok,
2026-08-15T23:20:49,meaux,17,17,0,ok,
2026-08-15T23:20:49,chessy,88,73,0,ok,
2026-08-15T23:20:49,serris,69,2,0,ok,
2026-08-15T23:20:49,torcy,225,149,0,ok,
2026-08-15T23:36:20,paris,1000,1000,0,ok,
2026-08-15T23:36:20,meaux,17,17,0,ok,
2026-08-15T23:36:20,chessy,88,73,0,ok,
2026-08-15T23:36:20,serris,69,2,0,ok,
2026-08-15T23:36:20,torcy,225,149,0,ok,
2026-08-15T23:48:37,paris,1000,1000,0,ok,
2026-08-15T23:48:37,meaux,17,17,0,ok,
2026-08-15T23:48:37,chessy,88,73,0,ok,
2026-08-15T23:48:37,serris,69,2,0,ok,
2026-08-15T23:48:37,torcy,225,149,0,ok,
2026-08-16T00:06:43,paris,1000,1000,0,ok,
2026-08-16T00:06:43,meaux,17,17,0,ok,
2026-08-16T00:06:43,chessy,88,73,0,ok,
2026-08-16T00:06:43,serris,69,2,0,ok,
2026-08-16T00:06:43,torcy,225,149,0,ok,
2026-08-16T00:21:38,paris,1000,1000,0,ok,
2026-08-16T00:21:38,meaux,17,17,0,ok,
2026-08-16T00:21:38,chessy,88,73,0,ok,
2026-08-16T00:21:38,serris,69,2,0,ok,
2026-08-16T00:21:38,torcy,225,149,0,ok,
2026-08-16T00:36:20,paris,1000,1000,0,ok,
2026-08-16T00:36:20,meaux,17,17,0,ok,
2026-08-16T00:36:20,chessy,88,73,0,ok,
2026-08-16T00:36:20,serris,69,2,0,ok,
2026-08-16T00:36:20,torcy,225,149,0,ok,
2026-08-16T00:51:35,paris,1000,1000,0,ok,
2026-08-16T00:51:35,meaux,17,17,0,ok,
2026-08-16T00:51:35,chessy,88,73,0,ok,
2026-08-16T00:51:35,serris,69,2,0,ok,
2026-08-16T00:51:35,torcy,225,149,0,ok,
2026-08-16T01:05:02,paris,1000,1000,0,ok,
2026-08-16T01:05:02,meaux,17,17,0,ok,
2026-08-16T01:05:02,chessy,88,73,0,ok,
2026-08-16T01:05:02,serris,69,2,0,ok,
2026-08-16T01:05:02,torcy,225,149,0,ok,
2026-08-16T01:21:59,paris,1000,1000,0,ok,
2026-08-16T01:21:59,meaux,17,17,0,ok,
2026-08-16T01:21:59,chessy,88,73,0,ok,
2026-08-16T01:21:59,serris,69,2,0,ok,
2026-08-16T01:21:59,torcy,225,149,0,ok,
2026-08-16T01:36:39,paris,1000,1000,0,ok,
2026-08-16T01:36:39,meaux,17,17,0,ok,
2026-08-16T01:36:39,chessy,88,73,0,ok,
2026-08-16T01:36:39,serris,69,2,0,ok,
2026-08-16T01:36:39,torcy,225,149,0,ok,
2026-08-16T01:51:33,paris,1000,1000,0,ok,
2026-08-16T01:51:33,meaux,17,17,0,ok,
2026-08-16T01:51:33,chessy,88,73,0,ok,
2026-08-16T01:51:33,serris,69,2,0,ok,
2026-08-16T01:51:33,torcy,225,149,0,ok,
2026-08-16T02:10:33,paris,1000,1000,0,ok,
2026-08-16T02:10:33,meaux,17,17,0,ok,
2026-08-16T02:10:33,chessy,88,73,0,ok,
2026-08-16T02:10:33,serris,69,2,0,ok,
2026-08-16T02:10:33,torcy,225,149,0,ok,
2026-08-16T02:21:17,paris,1000,1000,0,ok,
2026-08-16T02:21:17,meaux,17,17,0,ok,
2026-08-16T02:21:17,chessy,88,73,0,ok,
2026-08-16T02:21:17,serris,69,2,0,ok,
2026-08-16T02:21:17,torcy,225,149,0,ok,
2026-08-16T02:30:34,paris,1000,1000,0,ok,
2026-08-16T02:30:34,meaux,17,17,0,ok,
2026-08-16T02:30:34,chessy,88,73,0,ok,
2026-08-16T02:30:34,serris,69,2,0,ok,
2026-08-16T02:30:34,torcy,225,149,0,ok,
2026-08-16T02:50:50,paris,1000,1000,0,ok,
2026-08-16T02:50:50,meaux,17,17,0,ok,
2026-08-16T02:50:50,chessy,88,73,0,ok,
2026-08-16T02:50:50,serris,69,2,0,ok,
2026-08-16T02:50:50,torcy,225,149,0,ok,
2026-08-16T03:06:45,paris,1000,1000,0,ok,
2026-08-16T03:06:45,meaux,17,17,0,ok,
2026-08-16T03:06:45,chessy,88,73,0,ok,
2026-08-16T03:06:45,serris,69,2,0,ok,
2026-08-16T03:06:45,torcy,225,149,0,ok,
2026-08-16T03:21:47,paris,1000,1000,0,ok,
2026-08-16T03:21:47,meaux,17,17,0,ok,
2026-08-16T03:21:47,chessy,88,73,0,ok,
2026-08-16T03:21:47,serris,69,2,0,ok,
2026-08-16T03:21:47,torcy,225,149,0,ok,
2026-08-16T03:32:22,paris,1000,1000,0,ok,
2026-08-16T03:32:22,meaux,17,17,0,ok,
2026-08-16T03:32:22,chessy,88,73,0,ok,
2026-08-16T03:32:22,serris,69,2,0,ok,
2026-08-16T03:32:22,torcy,225,149,0,ok,
2026-08-16T03:51:22,paris,1000,1000,0,ok,
2026-08-16T03:51:22,meaux,17,17,0,ok,
2026-08-16T03:51:22,chessy,88,73,0,ok,
2026-08-16T03:51:22,serris,69,2,0,ok,
2026-08-16T03:51:22,torcy,225,149,0,ok,
2026-08-16T04:13:12,paris,1000,1000,0,ok,
2026-08-16T04:13:12,meaux,17,17,0,ok,
2026-08-16T04:13:12,chessy,88,73,0,ok,
2026-08-16T04:13:12,serris,69,2,0,ok,
2026-08-16T04:13:12,torcy,225,149,0,ok,
2026-08-16T04:25:18,paris,1000,1000,0,ok,
2026-08-16T04:25:18,meaux,17,17,0,ok,
2026-08-16T04:25:18,chessy,88,73,0,ok,
2026-08-16T04:25:18,serris,69,2,0,ok,
2026-08-16T04:25:18,torcy,225,149,0,ok,
2026-08-16T04:36:53,paris,1000,1000,0,ok,
2026-08-16T04:36:53,meaux,17,17,0,ok,
2026-08-16T04:36:53,chessy,88,73,0,ok,
2026-08-16T04:36:53,serris,69,2,0,ok,
2026-08-16T04:36:53,torcy,225,149,0,ok,
2026-08-16T04:51:23,paris,1000,1000,0,ok,
2026-08-16T04:51:23,meaux,17,17,0,ok,
2026-08-16T04:51:23,chessy,88,73,0,ok,
2026-08-16T04:51:23,serris,69,2,0,ok,
2026-08-16T04:51:23,torcy,225,149,0,ok,
2026-08-16T05:07:34,paris,1000,1000,0,ok,
2026-08-16T05:07:34,meaux,17,17,0,ok,
2026-08-16T05:07:34,chessy,88,73,0,ok,
2026-08-16T05:07:34,serris,69,2,0,ok,
2026-08-16T05:07:34,torcy,225,149,0,ok,
2026-08-16T05:22:39,paris,1000,1000,0,ok,
2026-08-16T05:22:39,meaux,17,17,0,ok,
2026-08-16T05:22:39,chessy,88,73,0,ok,
2026-08-16T05:22:39,serris,69,2,0,ok,
2026-08-16T05:22:39,torcy,225,149,0,ok,
2026-08-16T05:36:35,paris,1000,1000,0,ok,
2026-08-16T05:36:35,meaux,17,17,0,ok,
2026-08-16T05:36:35,chessy,88,73,0,ok,
2026-08-16T05:36:35,serris,69,2,0,ok,
2026-08-16T05:36:35,torcy,225,149,0,ok,
2026-08-16T05:51:33,paris,1000,1000,0,ok,
2026-08-16T05:51:33,meaux,17,17,0,ok,
2026-08-16T05:51:33,chessy,88,73,0,ok,
2026-08-16T05:51:33,serris,69,2,0,ok,
2026-08-16T05:51:33,torcy,225,149,0,ok,
2026-08-16T06:06:49,paris,1000,1000,0,ok,
2026-08-16T06:06:49,meaux,17,17,0,ok,
2026-08-16T06:06:49,chessy,88,73,0,ok,
2026-08-16T06:06:49,serris,69,2,0,ok,
2026-08-16T06:06:49,torcy,225,149,0,ok,
2026-08-16T06:21:53,paris,1000,1000,0,ok,
2026-08-16T06:21:53,meaux,17,17,0,ok,
2026-08-16T06:21:53,chessy,88,73,0,ok,
2026-08-16T06:21:53,serris,69,2,0,ok,
2026-08-16T06:21:53,torcy,225,149,0,ok,
2026-08-16T06:36:26,paris,1000,1000,0,ok,
2026-08-16T06:36:26,meaux,17,17,0,ok,
2026-08-16T06:36:26,chessy,88,73,0,ok,
2026-08-16T06:36:26,serris,69,2,0,ok,
2026-08-16T06:36:26,torcy,225,149,0,ok,
2026-08-16T06:51:38,paris,1000,1000,0,ok,
2026-08-16T06:51:38,meaux,17,17,0,ok,
2026-08-16T06:51:38,chessy,88,73,0,ok,
2026-08-16T06:51:38,serris,69,2,0,ok,
2026-08-16T06:51:38,torcy,225,149,0,ok,
2026-08-16T07:13:36,paris,1000,1000,0,ok,
2026-08-16T07:13:36,meaux,17,17,0,ok,
2026-08-16T07:13:36,chessy,88,73,0,ok,
2026-08-16T07:13:36,serris,69,2,0,ok,
2026-08-16T07:13:36,torcy,225,149,0,ok,
2026-08-16T07:21:38,paris,1000,1000,0,ok,
2026-08-16T07:21:38,meaux,17,17,0,ok,
2026-08-16T07:21:38,chessy,88,73,0,ok,
2026-08-16T07:21:38,serris,69,2,0,ok,
2026-08-16T07:21:38,torcy,225,149,0,ok,
2026-08-16T07:31:51,paris,1000,1000,0,ok,
2026-08-16T07:31:51,meaux,17,17,0,ok,
2026-08-16T07:31:51,chessy,88,73,0,ok,
2026-08-16T07:31:51,serris,69,2,0,ok,
2026-08-16T07:31:51,torcy,225,149,0,ok,
2026-08-16T07:51:24,paris,1000,1000,0,ok,
2026-08-16T07:51:24,meaux,17,17,0,ok,
2026-08-16T07:51:24,chessy,88,73,0,ok,
2026-08-16T07:51:24,serris,69,2,0,ok,
2026-08-16T07:51:24,torcy,225,149,0,ok,
2026-08-16T07:58:53,paris,1000,1000,0,ok,
2026-08-16T07:58:53,meaux,17,17,0,ok,
2026-08-16T07:58:53,chessy,88,73,0,ok,
2026-08-16T07:58:53,serris,69,2,0,ok,
2026-08-16T07:58:53,torcy,225,149,0,ok,
2026-08-16T08:06:45,paris,1000,1000,0,ok,
2026-08-16T08:06:45,meaux,17,17,0,ok,
2026-08-16T08:06:45,chessy,88,73,0,ok,
2026-08-16T08:06:45,serris,69,2,0,ok,
2026-08-16T08:06:45,torcy,225,149,0,ok,
2026-08-16T08:21:45,paris,1000,1000,0,ok,
2026-08-16T08:21:45,meaux,17,17,0,ok,
2026-08-16T08:21:45,chessy,88,73,0,ok,
2026-08-16T08:21:45,serris,69,2,0,ok,
2026-08-16T08:21:45,torcy,225,149,0,ok,
2026-08-16T08:36:33,paris,1000,1000,0,ok,
2026-08-16T08:36:33,meaux,17,17,0,ok,
2026-08-16T08:36:33,chessy,88,73,0,ok,
2026-08-16T08:36:33,serris,69,2,0,ok,
2026-08-16T08:36:33,torcy,225,149,0,ok,
2026-08-16T08:54:36,paris,1000,1000,0,ok,
2026-08-16T08:54:36,meaux,17,17,0,ok,
2026-08-16T08:54:36,chessy,88,73,0,ok,
2026-08-16T08:54:36,serris,69,2,0,ok,
2026-08-16T08:54:36,torcy,225,149,0,ok,
2026-08-16T09:01:39,paris,1000,1000,0,ok,
2026-08-16T09:01:39,meaux,17,17,0,ok,
2026-08-16T09:01:39,chessy,88,73,0,ok,
2026-08-16T09:01:39,serris,69,2,0,ok,
2026-08-16T09:01:39,torcy,225,149,0,ok,
2026-08-16T09:21:51,paris,1000,1000,0,ok,
2026-08-16T09:21:51,meaux,17,17,0,ok,
2026-08-16T09:21:51,chessy,88,73,0,ok,
2026-08-16T09:21:51,serris,69,2,0,ok,
2026-08-16T09:21:51,torcy,225,149,0,ok,
2026-08-16T09:39:22,paris,1000,1000,0,ok,
2026-08-16T09:39:22,meaux,17,17,0,ok,
2026-08-16T09:39:22,chessy,88,73,0,ok,
2026-08-16T09:39:22,serris,69,2,0,ok,
2026-08-16T09:39:22,torcy,225,149,0,ok,
2026-08-16T09:56:34,paris,1000,1000,0,ok,
2026-08-16T09:56:34,meaux,17,17,0,ok,
2026-08-16T09:56:34,chessy,88,73,0,ok,
2026-08-16T09:56:34,serris,69,2,0,ok,
2026-08-16T09:56:34,torcy,225,149,0,ok,
2026-08-16T10:06:56,paris,1000,1000,0,ok,
2026-08-16T10:06:56,meaux,17,17,0,ok,
2026-08-16T10:06:56,chessy,88,73,0,ok,
2026-08-16T10:06:56,serris,69,2,0,ok,
2026-08-16T10:06:56,torcy,225,149,0,ok,
2026-08-16T10:21:33,paris,1000,1000,0,ok,
2026-08-16T10:21:33,meaux,17,17,0,ok,
2026-08-16T10:21:33,chessy,88,73,0,ok,
2026-08-16T10:21:33,serris,69,2,0,ok,
2026-08-16T10:21:33,torcy,225,149,0,ok,
2026-08-16T10:36:39,paris,1000,1000,0,ok,
2026-08-16T10:36:39,meaux,17,17,0,ok,
2026-08-16T10:36:39,chessy,88,73,0,ok,
2026-08-16T10:36:39,serris,69,2,0,ok,
2026-08-16T10:36:39,torcy,225,149,0,ok,
2026-08-16T10:51:40,paris,1000,1000,0,ok,
2026-08-16T10:51:40,meaux,17,17,0,ok,
2026-08-16T10:51:40,chessy,88,73,0,ok,
2026-08-16T10:51:40,serris,69,2,0,ok,
2026-08-16T10:51:40,torcy,225,149,0,ok,
2026-08-16T11:06:34,paris,1000,1000,0,ok,
2026-08-16T11:06:34,meaux,17,17,0,ok,
2026-08-16T11:06:34,chessy,88,73,0,ok,
2026-08-16T11:06:34,serris,69,2,0,ok,
2026-08-16T11:06:34,torcy,225,149,0,ok,
2026-08-16T11:20:50,paris,1000,1000,0,ok,
2026-08-16T11:20:50,meaux,17,17,0,ok,
2026-08-16T11:20:50,chessy,88,73,0,ok,
2026-08-16T11:20:50,serris,69,2,0,ok,
2026-08-16T11:20:50,torcy,225,149,0,ok,
2026-08-16T11:37:00,paris,1000,1000,0,ok,
2026-08-16T11:37:00,meaux,17,17,0,ok,
2026-08-16T11:37:00,chessy,88,73,0,ok,
2026-08-16T11:37:00,serris,69,2,0,ok,
2026-08-16T11:37:00,torcy,225,149,0,ok,
2026-08-16T11:49:15,paris,1000,1000,0,ok,
2026-08-16T11:49:15,meaux,17,17,0,ok,
2026-08-16T11:49:15,chessy,88,73,0,ok,
2026-08-16T11:49:15,serris,69,2,0,ok,
2026-08-16T11:49:15,torcy,225,149,0,ok,
2026-08-16T12:07:09,paris,1000,1000,0,ok,
2026-08-16T12:07:09,meaux,17,17,0,ok,
2026-08-16T12:07:09,chessy,88,73,0,ok,
2026-08-16T12:07:09,serris,69,2,0,ok,
2026-08-16T12:07:09,torcy,225,149,0,ok,
2026-08-16T12:21:32,paris,1000,1000,0,ok,
2026-08-16T12:21:32,meaux,17,17,0,ok,
2026-08-16T12:21:32,chessy,88,73,0,ok,
2026-08-16T12:21:32,serris,69,2,0,ok,
2026-08-16T12:21:32,torcy,225,149,0,ok,
2026-08-16T12:34:37,paris,1000,1000,0,ok,
2026-08-16T12:34:37,meaux,17,17,0,ok,
2026-08-16T12:34:37,chessy,88,73,0,ok,
2026-08-16T12:34:37,serris,69,2,0,ok,
2026-08-16T12:34:37,torcy,225,149,0,ok,
2026-08-16T12:51:29,paris,1000,1000,0,ok,
2026-08-16T12:51:29,meaux,17,17,0,ok,
2026-08-16T12:51:29,chessy,88,73,0,ok,
2026-08-16T12:51:29,serris,69,2,0,ok,
2026-08-16T12:51:29,torcy,225,149,0,ok,
2026-08-16T13:06:47,paris,1000,1000,0,ok,
2026-08-16T13:06:47,meaux,17,17,0,ok,
2026-08-16T13:06:47,chessy,88,73,0,ok,
2026-08-16T13:06:47,serris,69,2,0,ok,
2026-08-16T13:06:47,torcy,225,149,0,ok,
2026-08-16T13:20:51,paris,1000,1000,0,ok,
2026-08-16T13:20:51,meaux,17,17,0,ok,
2026-08-16T13:20:51,chessy,88,73,0,ok,
2026-08-16T13:20:51,serris,69,2,0,ok,
2026-08-16T13:20:51,torcy,225,149,0,ok,
2026-08-16T13:36:46,paris,1000,1000,0,ok,
2026-08-16T13:36:46,meaux,17,17,0,ok,
2026-08-16T13:36:46,chessy,88,73,0,ok,
2026-08-16T13:36:46,serris,69,2,0,ok,
2026-08-16T13:36:46,torcy,225,149,0,ok,
2026-08-16T13:51:41,paris,1000,1000,0,ok,
2026-08-16T13:51:41,meaux,17,17,0,ok,
2026-08-16T13:51:41,chessy,88,73,0,ok,
2026-08-16T13:51:41,serris,69,2,0,ok,
2026-08-16T13:51:41,torcy,225,149,0,ok,
2026-08-16T14:07:23,paris,1000,1000,0,ok,
2026-08-16T14:07:23,meaux,17,17,0,ok,
2026-08-16T14:07:23,chessy,88,73,0,ok,
2026-08-16T14:07:23,serris,69,2,0,ok,
2026-08-16T14:07:23,torcy,225,149,0,ok,
2026-08-16T14:22:10,paris,1000,1000,0,ok,
2026-08-16T14:22:10,meaux,17,17,0,ok,
2026-08-16T14:22:10,chessy,88,73,0,ok,
2026-08-16T14:22:10,serris,69,2,0,ok,
2026-08-16T14:22:10,torcy,225,149,0,ok,
2026-08-16T14:37:10,paris,1000,1000,0,ok,
2026-08-16T14:37:10,meaux,17,17,0,ok,
2026-08-16T14:37:10,chessy,88,73,0,ok,
2026-08-16T14:37:10,serris,69,2,0,ok,
2026-08-16T14:37:10,torcy,225,149,0,ok,
2026-08-16T14:51:45,paris,1000,1000,0,ok,
2026-08-16T14:51:45,meaux,17,17,0,ok,
2026-08-16T14:51:45,chessy,88,73,0,ok,
2026-08-16T14:51:45,serris,69,2,0,ok,
2026-08-16T14:51:45,torcy,225,149,0,ok,
2026-08-16T15:07:08,paris,1000,1000,0,ok,
2026-08-16T15:07:08,meaux,17,17,0,ok,
2026-08-16T15:07:08,chessy,88,73,0,ok,
2026-08-16T15:07:08,serris,69,2,0,ok,
2026-08-16T15:07:08,torcy,225,149,0,ok,
2026-08-16T15:21:35,paris,1000,1000,0,ok,
2026-08-16T15:21:35,meaux,17,17,0,ok,
2026-08-16T15:21:35,chessy,88,73,0,ok,
2026-08-16T15:21:35,serris,69,2,0,ok,
2026-08-16T15:21:35,torcy,225,149,0,ok,
2026-08-16T15:37:13,paris,1000,1000,0,ok,
2026-08-16T15:37:13,meaux,17,17,0,ok,
2026-08-16T15:37:13,chessy,88,73,0,ok,
2026-08-16T15:37:13,serris,69,2,0,ok,
2026-08-16T15:37:13,torcy,225,149,0,ok,
2026-08-16T15:51:13,paris,1000,1000,0,ok,
2026-08-16T15:51:13,meaux,17,17,0,ok,
2026-08-16T15:51:13,chessy,88,73,0,ok,
2026-08-16T15:51:13,serris,69,2,0,ok,
2026-08-16T15:51:13,torcy,225,149,0,ok,
2026-08-16T16:07:30,paris,1000,1000,0,ok,
2026-08-16T16:07:30,meaux,17,17,0,ok,
2026-08-16T16:07:30,chessy,88,73,0,ok,
2026-08-16T16:07:30,serris,69,2,0,ok,
2026-08-16T16:07:30,torcy,225,149,0,ok,
2026-08-16T16:21:50,paris,1000,1000,0,ok,
2026-08-16T16:21:50,meaux,17,17,0,ok,
2026-08-16T16:21:50,chessy,88,73,0,ok,
2026-08-16T16:21:50,serris,69,2,0,ok,
2026-08-16T16:21:50,torcy,225,149,0,ok,
2026-08-16T16:37:12,paris,1000,1000,0,ok,
2026-08-16T16:37:12,meaux,17,17,0,ok,
2026-08-16T16:37:12,chessy,88,73,0,ok,
2026-08-16T16:37:12,serris,69,2,0,ok,
2026-08-16T16:37:12,torcy,225,149,0,ok,
2026-08-16T16:51:53,paris,1000,1000,0,ok,
2026-08-16T16:51:53,meaux,17,17,0,ok,
2026-08-16T16:51:53,chessy,88,73,0,ok,
2026-08-16T16:51:53,serris,69,2,0,ok,
2026-08-16T16:51:53,torcy,225,149,0,ok,
2026-08-16T17:06:55,paris,1000,1000,0,ok,
2026-08-16T17:06:55,meaux,17,17,0,ok,
2026-08-16T17:06:55,chessy,88,73,0,ok,
2026-08-16T17:06:55,serris,69,2,0,ok,
2026-08-16T17:06:55,torcy,225,149,0,ok,
2026-08-16T17:21:23,paris,1000,1000,0,ok,
2026-08-16T17:21:23,meaux,17,17,0,ok,
2026-08-16T17:21:23,chessy,88,73,0,ok,
2026-08-16T17:21:23,serris,69,2,0,ok,
2026-08-16T17:21:23,torcy,225,149,0,ok,
2026-08-16T17:36:53,paris,1000,1000,0,ok,
2026-08-16T17:36:53,meaux,17,17,0,ok,
2026-08-16T17:36:53,chessy,88,73,0,ok,
2026-08-16T17:36:53,serris,69,2,0,ok,
2026-08-16T17:36:53,torcy,225,149,0,ok,
2026-08-16T17:48:33,paris,1000,1000,0,ok,
2026-08-16T17:48:33,meaux,17,17,0,ok,
2026-08-16T17:48:33,chessy,88,73,0,ok,
2026-08-16T17:48:33,serris,69,2,0,ok,
2026-08-16T17:48:33,torcy,225,149,0,ok,
2026-08-16T18:06:46,paris,1000,1000,0,ok,
2026-08-16T18:06:46,meaux,17,17,0,ok,
2026-08-16T18:06:46,chessy,88,73,0,ok,
2026-08-16T18:06:46,serris,69,2,0,ok,
2026-08-16T18:06:46,torcy,225,149,0,ok,
2026-08-16T18:21:41,paris,1000,1000,0,ok,
2026-08-16T18:21:41,meaux,17,17,0,ok,
2026-08-16T18:21:41,chessy,88,73,0,ok,
2026-08-16T18:21:41,serris,69,2,0,ok,
2026-08-16T18:21:41,torcy,225,149,0,ok,
2026-08-16T18:36:41,paris,1000,1000,0,ok,
2026-08-16T18:36:41,meaux,17,17,0,ok,
2026-08-16T18:36:41,chessy,88,73,0,ok,
2026-08-16T18:36:41,serris,69,2,0,ok,
2026-08-16T18:36:41,torcy,225,149,0,ok,
2026-08-16T18:52:12,paris,1000,1000,0,ok,
2026-08-16T18:52:12,meaux,17,17,0,ok,
2026-08-16T18:52:12,chessy,88,73,0,ok,
2026-08-16T18:52:12,serris,69,2,0,ok,
2026-08-16T18:52:12,torcy,225,149,0,ok,
2026-08-16T19:06:57,paris,1000,1000,0,ok,
2026-08-16T19:06:57,meaux,17,17,0,ok,
2026-08-16T19:06:57,chessy,88,73,0,ok,
2026-08-16T19:06:57,serris,69,2,0,ok,
2026-08-16T19:06:57,torcy,225,149,0,ok,
2026-08-16T19:21:54,paris,1000,1000,0,ok,
2026-08-16T19:21:54,meaux,17,17,0,ok,
2026-08-16T19:21:54,chessy,88,73,0,ok,
2026-08-16T19:21:54,serris,69,2,0,ok,
2026-08-16T19:21:54,torcy,225,149,0,ok,
2026-08-16T19:36:48,paris,1000,1000,0,ok,
2026-08-16T19:36:48,meaux,17,17,0,ok,
2026-08-16T19:36:48,chessy,88,73,0,ok,
2026-08-16T19:36:48,serris,69,2,0,ok,
2026-08-16T19:36:48,torcy,225,149,0,ok,
2026-08-16T19:48:43,paris,1000,1000,0,ok,
2026-08-16T19:48:43,meaux,17,17,0,ok,
2026-08-16T19:48:43,chessy,88,73,0,ok,
2026-08-16T19:48:43,serris,69,2,0,ok,
2026-08-16T19:48:43,torcy,225,149,0,ok,
2026-08-16T20:07:07,paris,1000,1000,0,ok,
2026-08-16T20:07:07,meaux,17,17,0,ok,
2026-08-16T20:07:07,chessy,88,73,0,ok,
2026-08-16T20:07:07,serris,69,2,0,ok,
2026-08-16T20:07:07,torcy,225,149,0,ok,
2026-08-16T20:21:33,paris,1000,1000,0,ok,
2026-08-16T20:21:33,meaux,17,17,0,ok,
2026-08-16T20:21:33,chessy,88,73,0,ok,
2026-08-16T20:21:33,serris,69,2,0,ok,
2026-08-16T20:21:33,torcy,225,149,0,ok,
2026-08-16T20:36:46,paris,1000,1000,0,ok,
2026-08-16T20:36:46,meaux,17,17,0,ok,
2026-08-16T20:36:46,chessy,88,73,0,ok,
2026-08-16T20:36:46,serris,69,2,0,ok,
2026-08-16T20:36:46,torcy,225,149,0,ok,
2026-08-16T20:51:31,paris,1000,1000,0,ok,
2026-08-16T20:51:31,meaux,17,17,0,ok,
2026-08-16T20:51:31,chessy,88,73,0,ok,
2026-08-16T20:51:31,serris,69,2,0,ok,
2026-08-16T20:51:31,torcy,225,149,0,ok,
2026-08-16T21:06:58,paris,1000,1000,0,ok,
2026-08-16T21:06:58,meaux,17,17,0,ok,
2026-08-16T21:06:58,chessy,88,73,0,ok,
2026-08-16T21:06:58,serris,69,2,0,ok,
2026-08-16T21:06:58,torcy,225,149,0,ok,
2026-08-16T21:20:49,paris,1000,1000,0,ok,
2026-08-16T21:20:49,meaux,17,17,0,ok,
2026-08-16T21:20:49,chessy,88,73,0,ok,
2026-08-16T21:20:49,serris,69,2,0,ok,
2026-08-16T21:20:49,torcy,225,149,0,ok,
2026-08-16T21:36:58,paris,1000,1000,0,ok,
2026-08-16T21:36:58,meaux,17,17,0,ok,
2026-08-16T21:36:58,chessy,88,73,0,ok,
2026-08-16T21:36:58,serris,69,2,0,ok,
2026-08-16T21:36:58,torcy,225,149,0,ok,
2026-08-16T21:52:23,paris,1000,1000,0,ok,
2026-08-16T21:52:23,meaux,17,17,0,ok,
2026-08-16T21:52:23,chessy,88,73,0,ok,
2026-08-16T21:52:23,serris,69,2,0,ok,
2026-08-16T21:52:23,torcy,225,149,0,ok,
2026-08-16T22:07:07,paris,1000,1000,0,ok,
2026-08-16T22:07:07,meaux,17,17,0,ok,
2026-08-16T22:07:07,chessy,88,73,0,ok,
2026-08-16T22:07:07,serris,69,2,0,ok,
2026-08-16T22:07:07,torcy,225,149,0,ok,
2026-08-16T22:21:35,paris,1000,1000,0,ok,
2026-08-16T22:21:35,meaux,17,17,0,ok,
2026-08-16T22:21:35,chessy,88,73,0,ok,
2026-08-16T22:21:35,serris,69,2,0,ok,
2026-08-16T22:21:35,torcy,225,149,0,ok,
2026-08-16T22:36:37,paris,1000,1000,0,ok,
2026-08-16T22:36:37,meaux,17,17,0,ok,
2026-08-16T22:36:37,chessy,88,73,0,ok,
2026-08-16T22:36:37,serris,69,2,0,ok,
2026-08-16T22:36:37,torcy,225,149,0,ok,
2026-08-16T22:51:02,paris,1000,1000,0,ok,
2026-08-16T22:51:02,meaux,17,17,0,ok,
2026-08-16T22:51:02,chessy,88,73,0,ok,
2026-08-16T22:51:02,serris,69,2,0,ok,
2026-08-16T22:51:02,torcy,225,149,0,ok,
2026-08-16T23:07:06,paris,1000,1000,0,ok,
2026-08-16T23:07:06,meaux,17,17,0,ok,
2026-08-16T23:07:06,chessy,88,73,0,ok,
2026-08-16T23:07:06,serris,69,2,0,ok,
2026-08-16T23:07:06,torcy,225,149,0,ok,
2026-08-16T23:20:20,paris,1000,1000,0,ok,
2026-08-16T23:20:20,meaux,17,17,0,ok,
2026-08-16T23:20:20,chessy,88,73,0,ok,
2026-08-16T23:20:20,serris,69,2,0,ok,
2026-08-16T23:20:20,torcy,225,149,0,ok,
2026-08-16T23:36:56,paris,1000,1000,0,ok,
2026-08-16T23:36:56,meaux,17,17,0,ok,
2026-08-16T23:36:56,chessy,88,73,0,ok,
2026-08-16T23:36:56,serris,69,2,0,ok,
2026-08-16T23:36:56,torcy,225,149,0,ok,
2026-08-16T23:48:26,paris,1000,1000,0,ok,
2026-08-16T23:48:26,meaux,17,17,0,ok,
2026-08-16T23:48:26,chessy,88,73,0,ok,
2026-08-16T23:48:26,serris,69,2,0,ok,
2026-08-16T23:48:26,torcy,225,149,0,ok,
2026-08-17T00:07:07,paris,1000,1000,0,ok,
2026-08-17T00:07:07,meaux,17,17,0,ok,
2026-08-17T00:07:07,chessy,88,73,0,ok,
2026-08-17T00:07:07,serris,69,2,0,ok,
2026-08-17T00:07:07,torcy,225,149,0,ok,
2026-08-17T00:21:51,paris,1000,1000,0,ok,
2026-08-17T00:21:51,meaux,17,17,0,ok,
2026-08-17T00:21:51,chessy,88,73,0,ok,
2026-08-17T00:21:51,serris,69,2,0,ok,
2026-08-17T00:21:51,torcy,225,149,0,ok,
2026-08-17T00:37:20,paris,1000,1000,0,ok,
2026-08-17T00:37:20,meaux,17,17,0,ok,
2026-08-17T00:37:20,chessy,88,73,0,ok,
2026-08-17T00:37:20,serris,69,2,0,ok,
2026-08-17T00:37:20,torcy,225,149,0,ok,
2026-08-17T00:51:44,paris,1000,1000,0,ok,
2026-08-17T00:51:44,meaux,17,17,0,ok,
2026-08-17T00:51:44,chessy,88,73,0,ok,
2026-08-17T00:51:44,serris,69,2,0,ok,
2026-08-17T00:51:44,torcy,225,149,0,ok,
2026-08-17T01:03:42,paris,1000,1000,0,ok,
2026-08-17T01:03:42,meaux,17,17,0,ok,
2026-08-17T01:03:42,chessy,88,73,0,ok,
2026-08-17T01:03:42,serris,69,2,0,ok,
2026-08-17T01:03:42,torcy,225,149,0,ok,
2026-08-17T01:21:48,paris,1000,1000,0,ok,
2026-08-17T01:21:48,meaux,17,17,0,ok,
2026-08-17T01:21:48,chessy,88,73,0,ok,
2026-08-17T01:21:48,serris,69,2,0,ok,
2026-08-17T01:21:48,torcy,225,149,0,ok,
2026-08-17T01:36:50,paris,1000,1000,0,ok,
2026-08-17T01:36:50,meaux,17,17,0,ok,
2026-08-17T01:36:50,chessy,88,73,0,ok,
2026-08-17T01:36:50,serris,69,2,0,ok,
2026-08-17T01:36:50,torcy,225,149,0,ok,
2026-08-17T01:51:50,paris,1000,1000,0,ok,
2026-08-17T01:51:50,meaux,17,17,0,ok,
2026-08-17T01:51:50,chessy,88,73,0,ok,
2026-08-17T01:51:50,serris,69,2,0,ok,
2026-08-17T01:51:50,torcy,225,149,0,ok,
2026-08-17T02:10:03,paris,1000,1000,0,ok,
2026-08-17T02:10:03,meaux,17,17,0,ok,
2026-08-17T02:10:03,chessy,88,73,0,ok,
2026-08-17T02:10:03,serris,69,2,0,ok,
2026-08-17T02:10:03,torcy,225,149,0,ok,
2026-08-17T02:22:18,paris,1000,1000,0,ok,
2026-08-17T02:22:18,meaux,17,17,0,ok,
2026-08-17T02:22:18,chessy,88,73,0,ok,
2026-08-17T02:22:18,serris,69,2,0,ok,
2026-08-17T02:22:18,torcy,225,149,0,ok,
2026-08-17T02:37:12,paris,1000,1000,0,ok,
2026-08-17T02:37:12,meaux,17,17,0,ok,
2026-08-17T02:37:12,chessy,88,73,0,ok,
2026-08-17T02:37:12,serris,69,2,0,ok,
2026-08-17T02:37:12,torcy,225,149,0,ok,
2026-08-17T02:51:55,paris,1000,1000,0,ok,
2026-08-17T02:51:55,meaux,17,17,0,ok,
2026-08-17T02:51:55,chessy,88,73,0,ok,
2026-08-17T02:51:55,serris,69,2,0,ok,
2026-08-17T02:51:55,torcy,225,149,0,ok,
2026-08-17T03:07:12,paris,1000,1000,0,ok,
2026-08-17T03:07:12,meaux,17,17,0,ok,
2026-08-17T03:07:12,chessy,88,73,0,ok,
2026-08-17T03:07:12,serris,69,2,0,ok,
2026-08-17T03:07:12,torcy,225,149,0,ok,
2026-08-17T03:22:07,paris,1000,1000,0,ok,
2026-08-17T03:22:07,meaux,17,17,0,ok,
2026-08-17T03:22:07,chessy,88,73,0,ok,
2026-08-17T03:22:07,serris,69,2,0,ok,
2026-08-17T03:22:07,torcy,225,149,0,ok,
2026-08-17T03:36:13,paris,1000,1000,0,ok,
2026-08-17T03:36:13,meaux,17,17,0,ok,
2026-08-17T03:36:13,chessy,88,73,0,ok,
2026-08-17T03:36:13,serris,69,2,0,ok,
2026-08-17T03:36:13,torcy,225,149,0,ok,
2026-08-17T03:51:56,paris,1000,1000,0,ok,
2026-08-17T03:51:56,meaux,17,17,0,ok,
2026-08-17T03:51:56,chessy,88,73,0,ok,
2026-08-17T03:51:56,serris,69,2,0,ok,
2026-08-17T03:51:56,torcy,225,149,0,ok,
2026-08-17T04:07:08,paris,1000,1000,0,ok,
2026-08-17T04:07:08,meaux,17,17,0,ok,
2026-08-17T04:07:08,chessy,88,73,0,ok,
2026-08-17T04:07:08,serris,69,2,0,ok,
2026-08-17T04:07:08,torcy,225,149,0,ok,
2026-08-17T04:21:30,paris,1000,1000,0,ok,
2026-08-17T04:21:30,meaux,17,17,0,ok,
2026-08-17T04:21:30,chessy,88,73,0,ok,
2026-08-17T04:21:30,serris,69,2,0,ok,
2026-08-17T04:21:30,torcy,225,149,0,ok,
2026-08-17T04:37:09,paris,1000,1000,0,ok,
2026-08-17T04:37:09,meaux,17,17,0,ok,
2026-08-17T04:37:09,chessy,88,73,0,ok,
2026-08-17T04:37:09,serris,69,2,0,ok,
2026-08-17T04:37:09,torcy,225,149,0,ok,
2026-08-17T04:51:55,paris,1000,1000,0,ok,
2026-08-17T04:51:55,meaux,17,17,0,ok,
2026-08-17T04:51:55,chessy,88,73,0,ok,
2026-08-17T04:51:55,serris,69,2,0,ok,
2026-08-17T04:51:55,torcy,225,149,0,ok,
2026-08-17T05:07:37,paris,1000,1000,0,ok,
2026-08-17T05:07:37,meaux,17,17,0,ok,
2026-08-17T05:07:37,chessy,88,73,0,ok,
2026-08-17T05:07:37,serris,69,2,0,ok,
2026-08-17T05:07:37,torcy,225,149,0,ok,
2026-08-17T05:21:49,paris,1000,1000,0,ok,
2026-08-17T05:21:49,meaux,17,17,0,ok,
2026-08-17T05:21:49,chessy,88,73,0,ok,
2026-08-17T05:21:49,serris,69,2,0,ok,
2026-08-17T05:21:49,torcy,225,149,0,ok,
2026-08-17T05:37:09,paris,1000,1000,0,ok,
2026-08-17T05:37:09,meaux,17,17,0,ok,
2026-08-17T05:37:09,chessy,88,73,0,ok,
2026-08-17T05:37:09,serris,69,2,0,ok,
2026-08-17T05:37:09,torcy,225,149,0,ok,
2026-08-17T05:52:08,paris,1000,1000,0,ok,
2026-08-17T05:52:08,meaux,17,17,0,ok,
2026-08-17T05:52:08,chessy,88,73,0,ok,
2026-08-17T05:52:08,serris,69,2,0,ok,
2026-08-17T05:52:08,torcy,225,149,0,ok,
2026-08-17T06:05:06,paris,1000,1000,0,ok,
2026-08-17T06:05:06,meaux,17,17,0,ok,
2026-08-17T06:05:06,chessy,88,73,0,ok,
2026-08-17T06:05:06,serris,69,2,0,ok,
2026-08-17T06:05:06,torcy,225,149,0,ok,
2026-08-17T06:22:20,paris,1000,1000,0,ok,
2026-08-17T06:22:20,meaux,17,17,0,ok,
2026-08-17T06:22:20,chessy,88,73,0,ok,
2026-08-17T06:22:20,serris,69,2,0,ok,
2026-08-17T06:22:20,torcy,225,149,0,ok,
2026-08-17T06:38:19,paris,1000,1000,0,ok,
2026-08-17T06:38:19,meaux,17,17,0,ok,
2026-08-17T06:38:19,chessy,88,73,0,ok,
2026-08-17T06:38:19,serris,69,2,0,ok,
2026-08-17T06:38:19,torcy,225,149,0,ok,
2026-08-17T06:51:52,paris,1000,1000,0,ok,
2026-08-17T06:51:52,meaux,17,17,0,ok,
2026-08-17T06:51:52,chessy,88,73,0,ok,
2026-08-17T06:51:52,serris,69,2,0,ok,
2026-08-17T06:51:52,torcy,225,149,0,ok,
2026-08-17T07:07:29,paris,1000,1000,0,ok,
2026-08-17T07:07:29,meaux,17,17,0,ok,
2026-08-17T07:07:29,chessy,88,73,0,ok,
2026-08-17T07:07:29,serris,69,2,0,ok,
2026-08-17T07:07:29,torcy,225,149,0,ok,
2026-08-17T07:22:02,paris,1000,1000,0,ok,
2026-08-17T07:22:02,meaux,17,17,0,ok,
2026-08-17T07:22:02,chessy,88,73,0,ok,
2026-08-17T07:22:02,serris,69,2,0,ok,
2026-08-17T07:22:02,torcy,225,149,0,ok,
2026-08-17T07:37:40,paris,1000,1000,0,ok,
2026-08-17T07:37:40,meaux,17,17,0,ok,
2026-08-17T07:37:40,chessy,88,73,0,ok,
2026-08-17T07:37:40,serris,69,2,0,ok,
2026-08-17T07:37:40,torcy,225,149,0,ok,
2026-08-17T07:52:02,paris,1000,1000,0,ok,
2026-08-17T07:52:02,meaux,17,17,0,ok,
2026-08-17T07:52:02,chessy,88,73,0,ok,
2026-08-17T07:52:02,serris,69,2,0,ok,
2026-08-17T07:52:02,torcy,225,149,0,ok,
2026-08-17T08:07:36,paris,1000,1000,0,ok,
2026-08-17T08:07:36,meaux,17,17,0,ok,
2026-08-17T08:07:36,chessy,88,73,0,ok,
2026-08-17T08:07:36,serris,69,2,0,ok,
2026-08-17T08:07:36,torcy,225,149,0,ok,
2026-08-17T08:22:13,paris,1000,1000,0,ok,
2026-08-17T08:22:13,meaux,17,17,0,ok,
2026-08-17T08:22:13,chessy,88,73,0,ok,
2026-08-17T08:22:13,serris,69,2,0,ok,
2026-08-17T08:22:13,torcy,225,149,0,ok,
2026-08-17T08:37:26,paris,1000,1000,0,ok,
2026-08-17T08:37:26,meaux,17,17,0,ok,
2026-08-17T08:37:26,chessy,88,73,0,ok,
2026-08-17T08:37:26,serris,69,2,0,ok,
2026-08-17T08:37:26,torcy,225,149,0,ok,
2026-08-17T08:52:18,paris,1000,1000,0,ok,
2026-08-17T08:52:18,meaux,17,17,0,ok,
2026-08-17T08:52:18,chessy,88,73,0,ok,
2026-08-17T08:52:18,serris,69,2,0,ok,
2026-08-17T08:52:18,torcy,226,150,0,ok,
2026-08-17T09:08:08,paris,1000,1000,0,ok,
2026-08-17T09:08:08,meaux,17,17,0,ok,
2026-08-17T09:08:08,chessy,88,73,0,ok,
2026-08-17T09:08:08,serris,69,2,0,ok,
2026-08-17T09:08:08,torcy,226,150,0,ok,
2026-08-17T09:23:05,paris,1000,1000,0,ok,
2026-08-17T09:23:05,meaux,17,17,0,ok,
2026-08-17T09:23:05,chessy,88,73,0,ok,
2026-08-17T09:23:05,serris,69,2,0,ok,
2026-08-17T09:23:05,torcy,227,151,0,ok,
2026-08-17T09:38:01,paris,1000,1000,0,ok,
2026-08-17T09:38:01,meaux,17,17,0,ok,
2026-08-17T09:38:01,chessy,88,73,0,ok,
2026-08-17T09:38:01,serris,69,2,0,ok,
2026-08-17T09:38:01,torcy,227,151,0,ok,
2026-08-17T09:52:39,paris,1000,1000,0,ok,
2026-08-17T09:52:39,meaux,17,17,0,ok,
2026-08-17T09:52:39,chessy,88,73,0,ok,
2026-08-17T09:52:39,serris,69,2,0,ok,
2026-08-17T09:52:39,torcy,227,151,0,ok,
2026-08-17T10:14:31,paris,1000,1000,0,ok,
2026-08-17T10:14:31,meaux,17,17,0,ok,
2026-08-17T10:14:31,chessy,88,73,0,ok,
2026-08-17T10:14:31,serris,69,2,0,ok,
2026-08-17T10:14:31,torcy,227,151,0,ok,
2026-08-17T10:22:02,paris,1000,1000,0,ok,
2026-08-17T10:22:02,meaux,17,17,0,ok,
2026-08-17T10:22:02,chessy,88,73,0,ok,
2026-08-17T10:22:02,serris,69,2,0,ok,
2026-08-17T10:22:02,torcy,227,151,0,ok,
2026-08-17T10:37:24,paris,1000,1000,0,ok,
2026-08-17T10:37:24,meaux,17,17,0,ok,
2026-08-17T10:37:24,chessy,88,73,0,ok,
2026-08-17T10:37:24,serris,69,2,0,ok,
2026-08-17T10:37:24,torcy,227,151,0,ok,
2026-08-17T10:52:26,paris,1000,1000,0,ok,
2026-08-17T10:52:26,meaux,17,17,0,ok,
2026-08-17T10:52:26,chessy,88,73,0,ok,
2026-08-17T10:52:26,serris,69,2,0,ok,
2026-08-17T10:52:26,torcy,227,151,0,ok,
2026-08-17T11:02:30,paris,1000,1000,0,ok,
2026-08-17T11:02:30,meaux,17,17,0,ok,
2026-08-17T11:02:30,chessy,88,73,0,ok,
2026-08-17T11:02:30,serris,69,2,0,ok,
2026-08-17T11:02:30,torcy,227,151,0,ok,
2026-08-17T11:22:34,paris,1000,1000,0,ok,
2026-08-17T11:22:34,meaux,17,17,0,ok,
2026-08-17T11:22:34,chessy,88,73,0,ok,
2026-08-17T11:22:34,serris,69,2,0,ok,
2026-08-17T11:22:34,torcy,227,151,0,ok,
2026-08-17T11:37:23,paris,1000,1000,0,ok,
2026-08-17T11:37:23,meaux,17,17,0,ok,
2026-08-17T11:37:23,chessy,88,73,0,ok,
2026-08-17T11:37:23,serris,69,2,0,ok,
2026-08-17T11:37:23,torcy,227,151,0,ok,
2026-08-17T11:52:13,paris,1000,1000,0,ok,
2026-08-17T11:52:13,meaux,17,17,0,ok,
2026-08-17T11:52:13,chessy,88,73,0,ok,
2026-08-17T11:52:13,serris,69,2,0,ok,
2026-08-17T11:52:13,torcy,227,151,0,ok,
2026-08-17T12:07:43,paris,1000,1000,0,ok,
2026-08-17T12:07:43,meaux,17,17,0,ok,
2026-08-17T12:07:43,chessy,88,73,0,ok,
2026-08-17T12:07:43,serris,69,2,0,ok,
2026-08-17T12:07:43,torcy,227,151,0,ok,
2026-08-17T12:22:49,paris,1000,1000,0,ok,
2026-08-17T12:22:49,meaux,17,17,0,ok,
2026-08-17T12:22:49,chessy,88,73,0,ok,
2026-08-17T12:22:49,serris,69,2,0,ok,
2026-08-17T12:22:49,torcy,227,151,0,ok,
2026-08-17T12:37:36,paris,1000,1000,0,ok,
2026-08-17T12:37:36,meaux,17,17,0,ok,
2026-08-17T12:37:36,chessy,88,73,0,ok,
2026-08-17T12:37:36,serris,69,2,0,ok,
2026-08-17T12:37:36,torcy,227,151,0,ok,
2026-08-17T12:53:08,paris,1000,1000,0,ok,
2026-08-17T12:53:08,meaux,17,17,0,ok,
2026-08-17T12:53:08,chessy,88,73,0,ok,
2026-08-17T12:53:08,serris,69,2,0,ok,
2026-08-17T12:53:08,torcy,227,151,0,ok,
2026-08-17T13:08:07,paris,1000,1000,0,ok,
2026-08-17T13:08:07,meaux,17,17,0,ok,
2026-08-17T13:08:07,chessy,88,73,0,ok,
2026-08-17T13:08:07,serris,69,2,0,ok,
2026-08-17T13:08:07,torcy,227,151,0,ok,
2026-08-17T13:23:56,paris,1000,1000,0,ok,
2026-08-17T13:23:56,meaux,17,17,0,ok,
2026-08-17T13:23:56,chessy,88,73,0,ok,
2026-08-17T13:23:56,serris,69,2,0,ok,
2026-08-17T13:23:56,torcy,227,151,0,ok,
2026-08-17T13:37:40,paris,1000,1000,0,ok,
2026-08-17T13:37:40,meaux,17,17,0,ok,
2026-08-17T13:37:40,chessy,88,73,0,ok,
2026-08-17T13:37:40,serris,69,2,0,ok,
2026-08-17T13:37:40,torcy,227,151,0,ok,
2026-08-17T13:52:33,paris,1000,1000,0,ok,
2026-08-17T13:52:33,meaux,17,17,0,ok,
2026-08-17T13:52:33,chessy,88,73,0,ok,
2026-08-17T13:52:33,serris,69,2,0,ok,
2026-08-17T13:52:33,torcy,227,151,0,ok,
2026-08-17T14:07:48,paris,1000,1000,0,ok,
2026-08-17T14:07:48,meaux,17,17,0,ok,
2026-08-17T14:07:48,chessy,88,73,0,ok,
2026-08-17T14:07:48,serris,69,2,0,ok,
2026-08-17T14:07:48,torcy,227,151,0,ok,
2026-08-17T14:22:33,paris,1000,1000,0,ok,
2026-08-17T14:22:33,meaux,17,17,0,ok,
2026-08-17T14:22:33,chessy,88,73,0,ok,
2026-08-17T14:22:33,serris,69,2,0,ok,
2026-08-17T14:22:33,torcy,227,151,0,ok,
2026-08-17T14:36:53,paris,1000,1000,0,ok,
2026-08-17T14:36:53,meaux,17,17,0,ok,
2026-08-17T14:36:53,chessy,88,73,0,ok,
2026-08-17T14:36:53,serris,69,2,0,ok,
2026-08-17T14:36:53,torcy,227,151,0,ok,
2026-08-17T14:58:51,paris,1000,1000,0,ok,
2026-08-17T14:58:51,meaux,17,17,0,ok,
2026-08-17T14:58:51,chessy,88,73,0,ok,
2026-08-17T14:58:51,serris,69,2,0,ok,
2026-08-17T14:58:51,torcy,227,151,0,ok,
2026-08-17T15:07:29,paris,1000,1000,0,ok,
2026-08-17T15:07:29,meaux,17,17,0,ok,
2026-08-17T15:07:29,chessy,88,73,0,ok,
2026-08-17T15:07:29,serris,69,2,0,ok,
2026-08-17T15:07:29,torcy,227,151,0,ok,
2026-08-17T15:21:55,paris,1000,1000,0,ok,
2026-08-17T15:21:55,meaux,17,17,0,ok,
2026-08-17T15:21:55,chessy,88,73,0,ok,
2026-08-17T15:21:55,serris,69,2,0,ok,
2026-08-17T15:21:55,torcy,227,151,0,ok,
2026-08-17T15:37:11,paris,1000,1000,0,ok,
2026-08-17T15:37:11,meaux,17,17,0,ok,
2026-08-17T15:37:11,chessy,88,73,0,ok,
2026-08-17T15:37:11,serris,69,2,0,ok,
2026-08-17T15:37:11,torcy,227,151,0,ok,
2026-08-17T15:55:20,paris,1000,1000,0,ok,
2026-08-17T15:55:20,meaux,17,17,0,ok,
2026-08-17T15:55:20,chessy,88,73,0,ok,
2026-08-17T15:55:20,serris,69,2,0,ok,
2026-08-17T15:55:20,torcy,227,151,0,ok,
2026-08-17T16:07:04,paris,1000,1000,0,ok,
2026-08-17T16:07:04,meaux,17,17,0,ok,
2026-08-17T16:07:04,chessy,88,73,0,ok,
2026-08-17T16:07:04,serris,69,2,0,ok,
2026-08-17T16:07:04,torcy,227,151,0,ok,
2026-08-17T16:22:52,paris,1000,1000,0,ok,
2026-08-17T16:22:52,meaux,17,17,0,ok,
2026-08-17T16:22:52,chessy,88,73,0,ok,
2026-08-17T16:22:52,serris,69,2,0,ok,
2026-08-17T16:22:52,torcy,227,151,0,ok,
2026-08-17T16:37:54,paris,1000,1000,0,ok,
2026-08-17T16:37:54,meaux,17,17,0,ok,
2026-08-17T16:37:54,chessy,88,73,0,ok,
2026-08-17T16:37:54,serris,69,2,0,ok,
2026-08-17T16:37:54,torcy,227,151,0,ok,
2026-08-17T16:53:01,paris,1000,1000,0,ok,
2026-08-17T16:53:01,meaux,17,17,0,ok,
2026-08-17T16:53:01,chessy,88,73,0,ok,
2026-08-17T16:53:01,serris,69,2,0,ok,
2026-08-17T16:53:01,torcy,227,151,0,ok,
2026-08-17T17:01:07,paris,1000,1000,0,ok,
2026-08-17T17:01:07,meaux,17,17,0,ok,
2026-08-17T17:01:07,chessy,88,73,0,ok,
2026-08-17T17:01:07,serris,69,2,0,ok,
2026-08-17T17:01:07,torcy,227,151,0,ok,
2026-08-17T17:28:47,paris,1000,1000,0,ok,
2026-08-17T17:28:47,meaux,17,17,0,ok,
2026-08-17T17:28:47,chessy,88,73,0,ok,
2026-08-17T17:28:47,serris,69,2,0,ok,
2026-08-17T17:28:47,torcy,227,151,0,ok,
2026-08-17T17:37:42,paris,1000,1000,0,ok,
2026-08-17T17:37:42,meaux,17,17,0,ok,
2026-08-17T17:37:42,chessy,88,73,0,ok,
2026-08-17T17:37:42,serris,69,2,0,ok,
2026-08-17T17:37:42,torcy,227,151,0,ok,
2026-08-17T18:01:31,paris,1000,1000,0,ok,
2026-08-17T18:01:31,meaux,17,17,0,ok,
2026-08-17T18:01:31,chessy,88,73,0,ok,
2026-08-17T18:01:31,serris,69,2,0,ok,
2026-08-17T18:01:31,torcy,227,151,0,ok,
2026-08-17T18:22:28,paris,1000,1000,0,ok,
2026-08-17T18:22:28,meaux,17,17,0,ok,
2026-08-17T18:22:28,chessy,88,73,0,ok,
2026-08-17T18:22:28,serris,69,2,0,ok,
2026-08-17T18:22:28,torcy,227,151,0,ok,
2026-08-17T18:37:50,paris,1000,1000,0,ok,
2026-08-17T18:37:50,meaux,17,17,0,ok,
2026-08-17T18:37:50,chessy,88,73,0,ok,
2026-08-17T18:37:50,serris,69,2,0,ok,
2026-08-17T18:37:50,torcy,227,151,0,ok,
2026-08-17T18:52:49,paris,1000,1000,0,ok,
2026-08-17T18:52:49,meaux,17,17,0,ok,
2026-08-17T18:52:49,chessy,88,73,0,ok,
2026-08-17T18:52:49,serris,69,2,0,ok,
2026-08-17T18:52:49,torcy,227,151,0,ok,
2026-08-17T19:13:42,paris,1000,1000,0,ok,
2026-08-17T19:13:42,meaux,17,17,0,ok,
2026-08-17T19:13:42,chessy,88,73,0,ok,
2026-08-17T19:13:42,serris,69,2,0,ok,
2026-08-17T19:13:42,torcy,227,151,0,ok,
2026-08-17T19:22:43,paris,1000,1000,0,ok,
2026-08-17T19:22:43,meaux,17,17,0,ok,
2026-08-17T19:22:43,chessy,88,73,0,ok,
2026-08-17T19:22:43,serris,69,2,0,ok,
2026-08-17T19:22:43,torcy,227,151,0,ok,
2026-08-17T19:30:36,paris,1000,1000,0,ok,
2026-08-17T19:30:36,meaux,17,17,0,ok,
2026-08-17T19:30:36,chessy,88,73,0,ok,
2026-08-17T19:30:36,serris,69,2,0,ok,
2026-08-17T19:30:36,torcy,227,151,0,ok,
2026-08-17T19:52:43,paris,1000,1000,0,ok,
2026-08-17T19:52:43,meaux,17,17,0,ok,
2026-08-17T19:52:43,chessy,88,73,0,ok,
2026-08-17T19:52:43,serris,69,2,0,ok,
2026-08-17T19:52:43,torcy,227,151,0,ok,
2026-08-17T20:11:44,paris,1000,1000,0,ok,
2026-08-17T20:11:44,meaux,17,17,0,ok,
2026-08-17T20:11:44,chessy,88,73,0,ok,
2026-08-17T20:11:44,serris,69,2,0,ok,
2026-08-17T20:11:44,torcy,227,151,0,ok,
2026-08-17T20:22:51,paris,1000,1000,0,ok,
2026-08-17T20:22:51,meaux,17,17,0,ok,
2026-08-17T20:22:51,chessy,88,73,0,ok,
2026-08-17T20:22:51,serris,69,2,0,ok,
2026-08-17T20:22:51,torcy,227,151,0,ok,
2026-08-17T20:38:37,paris,1000,1000,0,ok,
2026-08-17T20:38:37,meaux,17,17,0,ok,
2026-08-17T20:38:37,chessy,88,73,0,ok,
2026-08-17T20:38:37,serris,69,2,0,ok,
2026-08-17T20:38:37,torcy,227,151,0,ok,
2026-08-17T20:52:47,paris,1000,1000,0,ok,
2026-08-17T20:52:47,meaux,17,17,0,ok,
2026-08-17T20:52:47,chessy,88,73,0,ok,
2026-08-17T20:52:47,serris,69,2,0,ok,
2026-08-17T20:52:47,torcy,227,151,0,ok,
2026-08-17T21:09:07,paris,1000,1000,0,ok,
2026-08-17T21:09:07,meaux,17,17,0,ok,
2026-08-17T21:09:07,chessy,88,73,0,ok,
2026-08-17T21:09:07,serris,69,2,0,ok,
2026-08-17T21:09:07,torcy,227,151,0,ok,
2026-08-17T21:22:51,paris,1000,1000,0,ok,
2026-08-17T21:22:51,meaux,17,17,0,ok,
2026-08-17T21:22:51,chessy,88,73,0,ok,
2026-08-17T21:22:51,serris,69,2,0,ok,
2026-08-17T21:22:51,torcy,227,151,0,ok,
2026-08-17T21:38:02,paris,1000,1000,0,ok,
2026-08-17T21:38:02,meaux,17,17,0,ok,
2026-08-17T21:38:02,chessy,88,73,0,ok,
2026-08-17T21:38:02,serris,69,2,0,ok,
2026-08-17T21:38:02,torcy,227,151,0,ok,
2026-08-17T21:58:06,paris,1000,1000,0,ok,
2026-08-17T21:58:06,meaux,17,17,0,ok,
2026-08-17T21:58:06,chessy,88,73,0,ok,
2026-08-17T21:58:06,serris,69,2,0,ok,
2026-08-17T21:58:06,torcy,227,151,0,ok,
2026-08-17T22:08:25,paris,1000,1000,0,ok,
2026-08-17T22:08:25,meaux,17,17,0,ok,
2026-08-17T22:08:25,chessy,88,73,0,ok,
2026-08-17T22:08:25,serris,69,2,0,ok,
2026-08-17T22:08:25,torcy,227,151,0,ok,
2026-08-17T22:22:42,paris,1000,1000,0,ok,
2026-08-17T22:22:42,meaux,17,17,0,ok,
2026-08-17T22:22:42,chessy,88,73,0,ok,
2026-08-17T22:22:42,serris,69,2,0,ok,
2026-08-17T22:22:42,torcy,227,151,0,ok,
2026-08-17T22:38:35,paris,1000,1000,0,ok,
2026-08-17T22:38:35,meaux,17,17,0,ok,
2026-08-17T22:38:35,chessy,88,73,0,ok,
2026-08-17T22:38:35,serris,69,2,0,ok,
2026-08-17T22:38:35,torcy,227,151,0,ok,
2026-08-17T22:52:27,paris,1000,1000,0,ok,
2026-08-17T22:52:27,meaux,17,17,0,ok,
2026-08-17T22:52:27,chessy,88,73,0,ok,
2026-08-17T22:52:27,serris,69,2,0,ok,
2026-08-17T22:52:27,torcy,227,151,0,ok,
2026-08-17T23:07:22,paris,1000,1000,0,ok,
2026-08-17T23:07:22,meaux,17,17,0,ok,
2026-08-17T23:07:22,chessy,88,73,0,ok,
2026-08-17T23:07:22,serris,69,2,0,ok,
2026-08-17T23:07:22,torcy,227,151,0,ok,
2026-08-17T23:22:18,paris,1000,1000,0,ok,
2026-08-17T23:22:18,meaux,17,17,0,ok,
2026-08-17T23:22:18,chessy,88,73,0,ok,
2026-08-17T23:22:18,serris,69,2,0,ok,
2026-08-17T23:22:18,torcy,227,151,0,ok,
2026-08-17T23:37:23,paris,1000,1000,0,ok,
2026-08-17T23:37:23,meaux,17,17,0,ok,
2026-08-17T23:37:23,chessy,88,73,0,ok,
2026-08-17T23:37:23,serris,69,2,0,ok,
2026-08-17T23:37:23,torcy,227,151,0,ok,
2026-08-17T23:51:51,paris,1000,1000,0,ok,
2026-08-17T23:51:51,meaux,17,17,0,ok,
2026-08-17T23:51:51,chessy,88,73,0,ok,
2026-08-17T23:51:51,serris,69,2,0,ok,
2026-08-17T23:51:51,torcy,227,151,0,ok,
2026-08-18T00:08:12,paris,1000,1000,0,ok,
2026-08-18T00:08:12,meaux,17,17,0,ok,
2026-08-18T00:08:12,chessy,88,73,0,ok,
2026-08-18T00:08:12,serris,69,2,0,ok,
2026-08-18T00:08:12,torcy,227,151,0,ok,
2026-08-18T00:22:11,paris,1000,1000,0,ok,
2026-08-18T00:22:11,meaux,17,17,0,ok,
2026-08-18T00:22:11,chessy,88,73,0,ok,
2026-08-18T00:22:11,serris,69,2,0,ok,
2026-08-18T00:22:11,torcy,227,151,0,ok,
2026-08-18T00:37:27,paris,1000,1000,0,ok,
2026-08-18T00:37:27,meaux,17,17,0,ok,
2026-08-18T00:37:27,chessy,88,73,0,ok,
2026-08-18T00:37:27,serris,69,2,0,ok,
2026-08-18T00:37:27,torcy,227,151,0,ok,
2026-08-18T00:52:11,paris,1000,1000,0,ok,
2026-08-18T00:52:11,meaux,17,17,0,ok,
2026-08-18T00:52:11,chessy,88,73,0,ok,
2026-08-18T00:52:11,serris,69,2,0,ok,
2026-08-18T00:52:11,torcy,227,151,0,ok,
2026-08-18T01:02:27,paris,1000,1000,0,ok,
2026-08-18T01:02:27,meaux,17,17,0,ok,
2026-08-18T01:02:27,chessy,88,73,0,ok,
2026-08-18T01:02:27,serris,69,2,0,ok,
2026-08-18T01:02:27,torcy,227,151,0,ok,
2026-08-18T01:22:02,paris,1000,1000,0,ok,
2026-08-18T01:22:02,meaux,17,17,0,ok,
2026-08-18T01:22:02,chessy,88,73,0,ok,
2026-08-18T01:22:02,serris,69,2,0,ok,
2026-08-18T01:22:02,torcy,227,151,0,ok,
2026-08-18T01:37:14,paris,1000,1000,0,ok,
2026-08-18T01:37:14,meaux,17,17,0,ok,
2026-08-18T01:37:14,chessy,88,73,0,ok,
2026-08-18T01:37:14,serris,69,2,0,ok,
2026-08-18T01:37:14,torcy,227,151,0,ok,
2026-08-18T01:52:54,paris,1000,1000,0,ok,
2026-08-18T01:52:54,meaux,17,17,0,ok,
2026-08-18T01:52:54,chessy,88,73,0,ok,
2026-08-18T01:52:54,serris,69,2,0,ok,
2026-08-18T01:52:54,torcy,227,151,0,ok,
2026-08-18T02:08:48,paris,1000,1000,0,ok,
2026-08-18T02:08:48,meaux,17,17,0,ok,
2026-08-18T02:08:48,chessy,88,73,0,ok,
2026-08-18T02:08:48,serris,69,2,0,ok,
2026-08-18T02:08:48,torcy,227,151,0,ok,
2026-08-18T02:20:39,paris,1000,1000,0,ok,
2026-08-18T02:20:39,meaux,17,17,0,ok,
2026-08-18T02:20:39,chessy,88,73,0,ok,
2026-08-18T02:20:39,serris,69,2,0,ok,
2026-08-18T02:20:39,torcy,227,151,0,ok,
2026-08-18T02:37:23,paris,1000,1000,0,ok,
2026-08-18T02:37:23,meaux,17,17,0,ok,
2026-08-18T02:37:23,chessy,88,73,0,ok,
2026-08-18T02:37:23,serris,69,2,0,ok,
2026-08-18T02:37:23,torcy,227,151,0,ok,
2026-08-18T02:52:00,paris,1000,1000,0,ok,
2026-08-18T02:52:00,meaux,17,17,0,ok,
2026-08-18T02:52:00,chessy,88,73,0,ok,
2026-08-18T02:52:00,serris,69,2,0,ok,
2026-08-18T02:52:00,torcy,227,151,0,ok,
2026-08-18T03:07:55,paris,1000,1000,0,ok,
2026-08-18T03:07:55,meaux,17,17,0,ok,
2026-08-18T03:07:55,chessy,88,73,0,ok,
2026-08-18T03:07:55,serris,69,2,0,ok,
2026-08-18T03:07:55,torcy,227,151,0,ok,
2026-08-18T03:22:03,paris,1000,1000,0,ok,
2026-08-18T03:22:03,meaux,17,17,0,ok,
2026-08-18T03:22:03,chessy,88,73,0,ok,
2026-08-18T03:22:03,serris,69,2,0,ok,
2026-08-18T03:22:03,torcy,227,151,0,ok,
2026-08-18T03:37:24,paris,1000,1000,0,ok,
2026-08-18T03:37:24,meaux,17,17,0,ok,
2026-08-18T03:37:24,chessy,88,73,0,ok,
2026-08-18T03:37:24,serris,69,2,0,ok,
2026-08-18T03:37:24,torcy,227,151,0,ok,
2026-08-18T03:52:04,paris,1000,1000,0,ok,
2026-08-18T03:52:04,meaux,17,17,0,ok,
2026-08-18T03:52:04,chessy,88,73,0,ok,
2026-08-18T03:52:04,serris,69,2,0,ok,
2026-08-18T03:52:04,torcy,227,151,0,ok,
2026-08-18T04:13:20,paris,1000,1000,0,ok,
2026-08-18T04:13:20,meaux,17,17,0,ok,
2026-08-18T04:13:20,chessy,88,73,0,ok,
2026-08-18T04:13:20,serris,69,2,0,ok,
2026-08-18T04:13:20,torcy,227,151,0,ok,
2026-08-18T04:22:17,paris,1000,1000,0,ok,
2026-08-18T04:22:17,meaux,17,17,0,ok,
2026-08-18T04:22:17,chessy,88,73,0,ok,
2026-08-18T04:22:17,serris,69,2,0,ok,
2026-08-18T04:22:17,torcy,227,151,0,ok,
2026-08-18T04:38:00,paris,1000,1000,0,ok,
2026-08-18T04:38:00,meaux,17,17,0,ok,
2026-08-18T04:38:00,chessy,88,73,0,ok,
2026-08-18T04:38:00,serris,69,2,0,ok,
2026-08-18T04:38:00,torcy,227,151,0,ok,
2026-08-18T04:52:31,paris,1000,1000,0,ok,
2026-08-18T04:52:31,meaux,17,17,0,ok,
2026-08-18T04:52:31,chessy,88,73,0,ok,
2026-08-18T04:52:31,serris,69,2,0,ok,
2026-08-18T04:52:31,torcy,227,151,0,ok,
2026-08-18T05:07:59,paris,1000,1000,0,ok,
2026-08-18T05:07:59,meaux,17,17,0,ok,
2026-08-18T05:07:59,chessy,88,73,0,ok,
2026-08-18T05:07:59,serris,69,2,0,ok,
2026-08-18T05:07:59,torcy,227,151,0,ok,
2026-08-18T05:22:38,paris,1000,1000,0,ok,
2026-08-18T05:22:38,meaux,17,17,0,ok,
2026-08-18T05:22:38,chessy,88,73,0,ok,
2026-08-18T05:22:38,serris,69,2,0,ok,
2026-08-18T05:22:38,torcy,227,151,0,ok,
2026-08-18T05:37:36,paris,1000,1000,0,ok,
2026-08-18T05:37:36,meaux,17,17,0,ok,
2026-08-18T05:37:36,chessy,88,73,0,ok,
2026-08-18T05:37:36,serris,69,2,0,ok,
2026-08-18T05:37:36,torcy,227,151,0,ok,
2026-08-18T05:52:42,paris,1000,1000,0,ok,
2026-08-18T05:52:42,meaux,17,17,0,ok,
2026-08-18T05:52:42,chessy,88,73,0,ok,
2026-08-18T05:52:42,serris,68,2,0,ok,
2026-08-18T05:52:42,torcy,227,151,0,ok,
2026-08-18T06:00:16,paris,1000,1000,0,ok,
2026-08-18T06:00:16,meaux,17,17,0,ok,
2026-08-18T06:00:16,chessy,88,73,0,ok,
2026-08-18T06:00:16,serris,68,2,0,ok,
2026-08-18T06:00:16,torcy,227,151,0,ok,
2026-08-18T06:22:48,paris,1000,1000,0,ok,
2026-08-18T06:22:48,meaux,17,17,0,ok,
2026-08-18T06:22:48,chessy,88,73,0,ok,
2026-08-18T06:22:48,serris,68,2,0,ok,
2026-08-18T06:22:48,torcy,227,151,0,ok,
2026-08-18T06:37:50,paris,1000,1000,0,ok,
2026-08-18T06:37:50,meaux,17,17,0,ok,
2026-08-18T06:37:50,chessy,88,73,0,ok,
2026-08-18T06:37:50,serris,68,2,0,ok,
2026-08-18T06:37:50,torcy,227,151,0,ok,
2026-08-18T06:53:45,paris,1000,1000,0,ok,
2026-08-18T06:53:45,meaux,17,17,0,ok,
2026-08-18T06:53:45,chessy,87,72,0,ok,
2026-08-18T06:53:45,serris,67,2,0,ok,
2026-08-18T06:53:45,torcy,226,151,0,ok,
2026-08-18T07:07:46,paris,1000,1000,0,ok,
2026-08-18T07:07:46,meaux,17,17,0,ok,
2026-08-18T07:07:46,chessy,87,72,0,ok,
2026-08-18T07:07:46,serris,67,2,0,ok,
2026-08-18T07:07:46,torcy,226,151,0,ok,
2026-08-18T07:24:29,paris,1000,1000,0,ok,
2026-08-18T07:24:29,meaux,17,17,0,ok,
2026-08-18T07:24:29,chessy,87,72,0,ok,
2026-08-18T07:24:29,serris,67,2,0,ok,
2026-08-18T07:24:29,torcy,226,151,0,ok,
2026-08-18T07:37:52,paris,1000,1000,0,ok,
2026-08-18T07:37:52,meaux,17,17,0,ok,
2026-08-18T07:37:52,chessy,87,72,0,ok,
2026-08-18T07:37:52,serris,67,2,0,ok,
2026-08-18T07:37:52,torcy,226,151,0,ok,
2026-08-18T07:53:58,paris,1000,1000,0,ok,
2026-08-18T07:53:58,meaux,17,17,0,ok,
2026-08-18T07:53:58,chessy,87,72,0,ok,
2026-08-18T07:53:58,serris,67,2,0,ok,
2026-08-18T07:53:58,torcy,226,151,0,ok,
2026-08-18T08:08:04,paris,1000,1000,0,ok,
2026-08-18T08:08:04,meaux,17,17,0,ok,
2026-08-18T08:08:04,chessy,87,72,0,ok,
2026-08-18T08:08:04,serris,67,2,0,ok,
2026-08-18T08:08:04,torcy,226,151,0,ok,
2026-08-18T08:22:27,paris,1000,1000,0,ok,
2026-08-18T08:22:27,meaux,17,17,0,ok,
2026-08-18T08:22:27,chessy,87,72,0,ok,
2026-08-18T08:22:27,serris,67,2,0,ok,
2026-08-18T08:22:27,torcy,226,151,0,ok,
2026-08-18T08:36:42,paris,1000,1000,0,ok,
2026-08-18T08:36:42,meaux,17,17,0,ok,
2026-08-18T08:36:42,chessy,87,72,0,ok,
2026-08-18T08:36:42,serris,67,2,0,ok,
2026-08-18T08:36:42,torcy,226,151,0,ok,
2026-08-18T08:53:12,paris,1000,1000,0,ok,
2026-08-18T08:53:12,meaux,17,17,0,ok,
2026-08-18T08:53:12,chessy,87,72,0,ok,
2026-08-18T08:53:12,serris,67,2,0,ok,
2026-08-18T08:53:12,torcy,226,151,0,ok,
2026-08-18T09:07:51,paris,1000,1000,0,ok,
2026-08-18T09:07:51,meaux,17,17,0,ok,
2026-08-18T09:07:51,chessy,87,72,0,ok,
2026-08-18T09:07:51,serris,67,2,0,ok,
2026-08-18T09:07:51,torcy,226,151,0,ok,
2026-08-18T09:23:40,paris,1000,1000,0,ok,
2026-08-18T09:23:40,meaux,17,17,0,ok,
2026-08-18T09:23:40,chessy,87,72,0,ok,
2026-08-18T09:23:40,serris,67,2,0,ok,
2026-08-18T09:23:40,torcy,226,151,0,ok,
2026-08-18T09:38:22,paris,1000,1000,0,ok,
2026-08-18T09:38:22,meaux,17,17,0,ok,
2026-08-18T09:38:22,chessy,87,72,0,ok,
2026-08-18T09:38:22,serris,67,2,0,ok,
2026-08-18T09:38:22,torcy,226,151,0,ok,
2026-08-18T09:52:43,paris,1000,1000,0,ok,
2026-08-18T09:52:43,meaux,17,17,0,ok,
2026-08-18T09:52:43,chessy,87,72,0,ok,
2026-08-18T09:52:43,serris,67,2,0,ok,
2026-08-18T09:52:43,torcy,226,151,0,ok,
2026-08-18T10:09:17,paris,1000,1000,0,ok,
2026-08-18T10:09:17,meaux,17,17,0,ok,
2026-08-18T10:09:17,chessy,87,72,0,ok,
2026-08-18T10:09:17,serris,67,2,0,ok,
2026-08-18T10:09:17,torcy,226,151,0,ok,
2026-08-18T10:23:49,paris,1000,1000,0,ok,
2026-08-18T10:23:49,meaux,17,17,0,ok,
2026-08-18T10:23:49,chessy,87,72,0,ok,
2026-08-18T10:23:49,serris,67,2,0,ok,
2026-08-18T10:23:49,torcy,226,151,0,ok,
2026-08-18T10:35:40,paris,1000,1000,0,ok,
2026-08-18T10:35:40,meaux,17,17,0,ok,
2026-08-18T10:35:40,chessy,87,72,0,ok,
2026-08-18T10:35:40,serris,67,2,0,ok,
2026-08-18T10:35:40,torcy,226,151,0,ok,
2026-08-18T10:56:21,paris,1000,1000,0,ok,
2026-08-18T10:56:21,meaux,17,17,0,ok,
2026-08-18T10:56:21,chessy,87,72,0,ok,
2026-08-18T10:56:21,serris,67,2,0,ok,
2026-08-18T10:56:21,torcy,226,151,0,ok,
2026-08-18T11:11:07,paris,1000,998,0,ok,
2026-08-18T11:11:07,meaux,17,17,0,ok,
2026-08-18T11:11:07,chessy,87,72,0,ok,
2026-08-18T11:11:07,serris,67,2,0,ok,
2026-08-18T11:11:07,torcy,226,151,0,ok,
2026-08-18T11:22:54,paris,1000,998,0,ok,
2026-08-18T11:22:54,meaux,17,17,0,ok,
2026-08-18T11:22:54,chessy,87,72,0,ok,
2026-08-18T11:22:54,serris,67,2,0,ok,
2026-08-18T11:22:54,torcy,226,151,0,ok,
2026-08-18T11:30:30,paris,1000,998,0,ok,
2026-08-18T11:30:30,meaux,17,17,0,ok,
2026-08-18T11:30:30,chessy,87,72,0,ok,
2026-08-18T11:30:30,serris,67,2,0,ok,
2026-08-18T11:30:30,torcy,226,151,0,ok,
2026-08-18T11:52:38,paris,1000,1000,0,ok,
2026-08-18T11:52:38,meaux,17,17,0,ok,
2026-08-18T11:52:38,chessy,87,72,0,ok,
2026-08-18T11:52:38,serris,67,2,0,ok,
2026-08-18T11:52:38,torcy,226,151,0,ok,
2026-08-18T12:12:51,paris,1000,1000,0,ok,
2026-08-18T12:12:51,meaux,17,17,0,ok,
2026-08-18T12:12:51,chessy,87,72,0,ok,
2026-08-18T12:12:51,serris,67,2,0,ok,
2026-08-18T12:12:51,torcy,226,151,0,ok,
2026-08-18T12:22:53,paris,1000,1000,0,ok,
2026-08-18T12:22:53,meaux,17,17,0,ok,
2026-08-18T12:22:53,chessy,87,72,0,ok,
2026-08-18T12:22:53,serris,67,2,0,ok,
2026-08-18T12:22:53,torcy,226,151,0,ok,
2026-08-18T12:38:29,paris,1000,1000,0,ok,
2026-08-18T12:38:29,meaux,17,17,0,ok,
2026-08-18T12:38:29,chessy,87,72,0,ok,
2026-08-18T12:38:29,serris,67,2,0,ok,
2026-08-18T12:38:29,torcy,226,151,0,ok,
2026-08-18T12:54:51,paris,1000,1000,0,ok,
2026-08-18T12:54:51,meaux,17,17,0,ok,
2026-08-18T12:54:51,chessy,87,72,0,ok,
2026-08-18T12:54:51,serris,67,2,0,ok,
2026-08-18T12:54:51,torcy,226,151,0,ok,
2026-08-18T13:08:06,paris,1000,1000,0,ok,
2026-08-18T13:08:06,meaux,17,17,0,ok,
2026-08-18T13:08:06,chessy,87,72,0,ok,
2026-08-18T13:08:06,serris,67,2,0,ok,
2026-08-18T13:08:06,torcy,226,151,0,ok,
2026-08-18T13:25:34,paris,1000,1000,0,ok,
2026-08-18T13:25:34,meaux,17,17,0,ok,
2026-08-18T13:25:34,chessy,87,72,0,ok,
2026-08-18T13:25:34,serris,67,2,0,ok,
2026-08-18T13:25:34,torcy,226,151,0,ok,
2026-08-18T13:38:49,paris,1000,1000,0,ok,
2026-08-18T13:38:49,meaux,17,17,0,ok,
2026-08-18T13:38:49,chessy,87,72,0,ok,
2026-08-18T13:38:49,serris,67,2,0,ok,
2026-08-18T13:38:49,torcy,226,151,0,ok,
2026-08-18T13:56:22,paris,1000,1000,0,ok,
2026-08-18T13:56:22,meaux,17,17,0,ok,
2026-08-18T13:56:22,chessy,87,72,0,ok,
2026-08-18T13:56:22,serris,67,2,0,ok,
2026-08-18T13:56:22,torcy,226,151,0,ok,
2026-08-18T14:08:25,paris,1000,1000,0,ok,
2026-08-18T14:08:25,meaux,17,17,0,ok,
2026-08-18T14:08:25,chessy,87,72,0,ok,
2026-08-18T14:08:25,serris,67,2,0,ok,
2026-08-18T14:08:25,torcy,226,151,0,ok,
2026-08-18T14:22:56,paris,1000,1000,0,ok,
2026-08-18T14:22:56,meaux,17,17,0,ok,
2026-08-18T14:22:56,chessy,87,72,0,ok,
2026-08-18T14:22:56,serris,67,2,0,ok,
2026-08-18T14:22:56,torcy,226,151,0,ok,
2026-08-18T14:36:09,paris,1000,1000,0,ok,
2026-08-18T14:36:09,meaux,17,17,0,ok,
2026-08-18T14:36:09,chessy,87,72,0,ok,
2026-08-18T14:36:09,serris,67,2,0,ok,
2026-08-18T14:36:09,torcy,226,151,0,ok,
2026-08-18T14:53:43,paris,1000,1000,0,ok,
2026-08-18T14:53:43,meaux,17,17,0,ok,
2026-08-18T14:53:43,chessy,87,72,0,ok,
2026-08-18T14:53:43,serris,67,2,0,ok,
2026-08-18T14:53:43,torcy,226,151,0,ok,
2026-08-18T15:09:08,paris,1000,1000,0,ok,
2026-08-18T15:09:08,meaux,17,17,0,ok,
2026-08-18T15:09:08,chessy,87,72,0,ok,
2026-08-18T15:09:08,serris,67,2,0,ok,
2026-08-18T15:09:08,torcy,226,151,0,ok,
2026-08-18T15:26:00,paris,1000,1000,0,ok,
2026-08-18T15:26:00,meaux,17,17,0,ok,
2026-08-18T15:26:00,chessy,87,72,0,ok,
2026-08-18T15:26:00,serris,67,2,0,ok,
2026-08-18T15:26:00,torcy,226,151,0,ok,
2026-08-18T15:38:33,paris,1000,1000,0,ok,
2026-08-18T15:38:33,meaux,17,17,0,ok,
2026-08-18T15:38:33,chessy,87,72,0,ok,
2026-08-18T15:38:33,serris,67,2,0,ok,
2026-08-18T15:38:33,torcy,226,151,0,ok,
2026-08-18T15:52:40,paris,1000,1000,0,ok,
2026-08-18T15:52:40,meaux,17,17,0,ok,
2026-08-18T15:52:40,chessy,87,72,0,ok,
2026-08-18T15:52:40,serris,67,2,0,ok,
2026-08-18T15:52:40,torcy,226,151,0,ok,
2026-08-18T16:09:28,paris,1000,1000,0,ok,
2026-08-18T16:09:28,meaux,17,17,0,ok,
2026-08-18T16:09:28,chessy,87,72,0,ok,
2026-08-18T16:09:28,serris,67,2,0,ok,
2026-08-18T16:09:28,torcy,226,151,0,ok,
2026-08-18T16:23:14,paris,1000,1000,0,ok,
2026-08-18T16:23:14,meaux,17,17,0,ok,
2026-08-18T16:23:14,chessy,87,72,0,ok,
2026-08-18T16:23:14,serris,67,2,0,ok,
2026-08-18T16:23:14,torcy,226,151,0,ok,
2026-08-18T16:33:32,paris,1000,1000,0,ok,
2026-08-18T16:33:32,meaux,17,17,0,ok,
2026-08-18T16:33:32,chessy,87,72,0,ok,
2026-08-18T16:33:32,serris,67,2,0,ok,
2026-08-18T16:33:32,torcy,226,151,0,ok,
2026-08-18T16:52:55,paris,1000,1000,0,ok,
2026-08-18T16:52:55,meaux,17,17,0,ok,
2026-08-18T16:52:55,chessy,87,72,0,ok,
2026-08-18T16:52:55,serris,67,2,0,ok,
2026-08-18T16:52:55,torcy,226,151,0,ok,
2026-08-18T17:04:28,paris,1000,1000,0,ok,
2026-08-18T17:04:28,meaux,17,17,0,ok,
2026-08-18T17:04:28,chessy,87,72,0,ok,
2026-08-18T17:04:28,serris,67,2,0,ok,
2026-08-18T17:04:28,torcy,226,151,0,ok,
2026-08-18T17:23:13,paris,1000,1000,0,ok,
2026-08-18T17:23:13,meaux,17,17,0,ok,
2026-08-18T17:23:13,chessy,87,72,0,ok,
2026-08-18T17:23:13,serris,67,2,0,ok,
2026-08-18T17:23:13,torcy,226,151,0,ok,
2026-08-18T17:34:52,paris,1000,1000,0,ok,
2026-08-18T17:34:52,meaux,17,17,0,ok,
2026-08-18T17:34:52,chessy,87,72,0,ok,
2026-08-18T17:34:52,serris,67,2,0,ok,
2026-08-18T17:34:52,torcy,226,151,0,ok,
2026-08-18T17:53:00,paris,1000,1000,0,ok,
2026-08-18T17:53:00,meaux,17,17,0,ok,
2026-08-18T17:53:00,chessy,87,72,0,ok,
2026-08-18T17:53:00,serris,67,2,0,ok,
2026-08-18T17:53:00,torcy,226,151,0,ok,
2026-08-18T18:01:52,paris,1000,1000,0,ok,
2026-08-18T18:01:52,meaux,17,17,0,ok,
2026-08-18T18:01:52,chessy,87,72,0,ok,
2026-08-18T18:01:52,serris,67,2,0,ok,
2026-08-18T18:01:52,torcy,226,151,0,ok,
2026-08-18T18:23:03,paris,1000,1000,0,ok,
2026-08-18T18:23:03,meaux,17,17,0,ok,
2026-08-18T18:23:03,chessy,87,72,0,ok,
2026-08-18T18:23:03,serris,67,2,0,ok,
2026-08-18T18:23:03,torcy,226,151,0,ok,
2026-08-18T18:36:54,paris,1000,1000,0,ok,
2026-08-18T18:36:54,meaux,17,17,0,ok,
2026-08-18T18:36:54,chessy,87,72,0,ok,
2026-08-18T18:36:54,serris,67,2,0,ok,
2026-08-18T18:36:54,torcy,226,151,0,ok,
2026-08-18T18:54:15,paris,1000,1000,0,ok,
2026-08-18T18:54:15,meaux,17,17,0,ok,
2026-08-18T18:54:15,chessy,87,72,0,ok,
2026-08-18T18:54:15,serris,67,2,0,ok,
2026-08-18T18:54:15,torcy,226,151,0,ok,
2026-08-18T19:14:37,paris,1000,1000,0,ok,
2026-08-18T19:14:37,meaux,17,17,0,ok,
2026-08-18T19:14:37,chessy,87,72,0,ok,
2026-08-18T19:14:37,serris,67,2,0,ok,
2026-08-18T19:14:37,torcy,226,151,0,ok,
2026-08-18T19:31:46,paris,1000,1000,0,ok,
2026-08-18T19:31:46,meaux,17,17,0,ok,
2026-08-18T19:31:46,chessy,87,72,0,ok,
2026-08-18T19:31:46,serris,67,2,0,ok,
2026-08-18T19:31:46,torcy,226,151,0,ok,
2026-08-18T19:52:59,paris,1000,1000,0,ok,
2026-08-18T19:52:59,meaux,17,17,0,ok,
2026-08-18T19:52:59,chessy,87,72,0,ok,
2026-08-18T19:52:59,serris,67,2,0,ok,
2026-08-18T19:52:59,torcy,226,151,0,ok,
2026-08-18T20:10:29,paris,1000,1000,0,ok,
2026-08-18T20:10:29,meaux,17,17,0,ok,
2026-08-18T20:10:29,chessy,87,72,0,ok,
2026-08-18T20:10:29,serris,67,2,0,ok,
2026-08-18T20:10:29,torcy,226,151,0,ok,
2026-08-18T20:23:21,paris,1000,1000,0,ok,
2026-08-18T20:23:21,meaux,17,17,0,ok,
2026-08-18T20:23:21,chessy,87,72,0,ok,
2026-08-18T20:23:21,serris,67,2,0,ok,
2026-08-18T20:23:21,torcy,226,151,0,ok,
2026-08-18T20:41:28,paris,1000,1000,0,ok,
2026-08-18T20:41:28,meaux,17,17,0,ok,
2026-08-18T20:41:28,chessy,87,72,0,ok,
2026-08-18T20:41:28,serris,67,2,0,ok,
2026-08-18T20:41:28,torcy,226,151,0,ok,
2026-08-18T20:53:06,paris,1000,1000,0,ok,
2026-08-18T20:53:06,meaux,17,17,0,ok,
2026-08-18T20:53:06,chessy,87,72,0,ok,
2026-08-18T20:53:06,serris,67,2,0,ok,
2026-08-18T20:53:06,torcy,226,151,0,ok,
2026-08-18T21:09:58,paris,1000,1000,0,ok,
2026-08-18T21:09:58,meaux,17,17,0,ok,
2026-08-18T21:09:58,chessy,87,72,0,ok,
2026-08-18T21:09:58,serris,67,2,0,ok,
2026-08-18T21:09:58,torcy,226,151,0,ok,
2026-08-18T21:23:13,paris,1000,1000,0,ok,
2026-08-18T21:23:13,meaux,17,17,0,ok,
2026-08-18T21:23:13,chessy,87,72,0,ok,
2026-08-18T21:23:13,serris,67,2,0,ok,
2026-08-18T21:23:13,torcy,226,151,0,ok,
2026-08-18T21:39:57,paris,1000,1000,0,ok,
2026-08-18T21:39:57,meaux,17,17,0,ok,
2026-08-18T21:39:57,chessy,87,72,0,ok,
2026-08-18T21:39:57,serris,67,2,0,ok,
2026-08-18T21:39:57,torcy,226,151,0,ok,
2026-08-18T21:57:24,paris,1000,1000,0,ok,
2026-08-18T21:57:24,meaux,17,17,0,ok,
2026-08-18T21:57:24,chessy,87,72,0,ok,
2026-08-18T21:57:24,serris,67,2,0,ok,
2026-08-18T21:57:24,torcy,226,151,0,ok,
2026-08-18T22:08:51,paris,1000,1000,0,ok,
2026-08-18T22:08:51,meaux,17,17,0,ok,
2026-08-18T22:08:51,chessy,87,72,0,ok,
2026-08-18T22:08:51,serris,67,2,0,ok,
2026-08-18T22:08:51,torcy,226,151,0,ok,
2026-08-18T22:23:04,paris,1000,1000,0,ok,
2026-08-18T22:23:04,meaux,17,17,0,ok,
2026-08-18T22:23:04,chessy,87,72,0,ok,
2026-08-18T22:23:04,serris,67,2,0,ok,
2026-08-18T22:23:04,torcy,226,151,0,ok,
2026-08-18T22:38:18,paris,1000,1000,0,ok,
2026-08-18T22:38:18,meaux,17,17,0,ok,
2026-08-18T22:38:18,chessy,86,71,0,ok,
2026-08-18T22:38:18,serris,66,2,0,ok,
2026-08-18T22:38:18,torcy,225,151,0,ok,
2026-08-18T22:52:21,paris,1000,1000,0,ok,
2026-08-18T22:52:21,meaux,17,17,0,ok,
2026-08-18T22:52:21,chessy,86,71,0,ok,
2026-08-18T22:52:21,serris,66,2,0,ok,
2026-08-18T22:52:21,torcy,225,151,0,ok,
2026-08-18T23:09:19,paris,1000,1000,0,ok,
2026-08-18T23:09:19,meaux,17,17,0,ok,
2026-08-18T23:09:19,chessy,86,71,0,ok,
2026-08-18T23:09:19,serris,66,2,0,ok,
2026-08-18T23:09:19,torcy,225,151,0,ok,
2026-08-18T23:22:38,paris,1000,1000,0,ok,
2026-08-18T23:22:38,meaux,17,17,0,ok,
2026-08-18T23:22:38,chessy,86,71,0,ok,
2026-08-18T23:22:38,serris,66,2,0,ok,
2026-08-18T23:22:38,torcy,225,151,0,ok,
2026-08-18T23:37:39,paris,1000,1000,0,ok,
2026-08-18T23:37:39,meaux,17,17,0,ok,
2026-08-18T23:37:39,chessy,86,71,0,ok,
2026-08-18T23:37:39,serris,66,2,0,ok,
2026-08-18T23:37:39,torcy,225,151,0,ok,
2026-08-18T23:51:33,paris,1000,1000,0,ok,
2026-08-18T23:51:33,meaux,17,17,0,ok,
2026-08-18T23:51:33,chessy,86,71,0,ok,
2026-08-18T23:51:33,serris,66,2,0,ok,
2026-08-18T23:51:33,torcy,225,151,0,ok,
2026-08-19T00:08:10,paris,1000,1000,0,ok,
2026-08-19T00:08:10,meaux,17,17,0,ok,
2026-08-19T00:08:10,chessy,86,71,0,ok,
2026-08-19T00:08:10,serris,66,2,0,ok,
2026-08-19T00:08:10,torcy,225,151,0,ok,
2026-08-19T00:22:43,paris,1000,1000,0,ok,
2026-08-19T00:22:43,meaux,17,17,0,ok,
2026-08-19T00:22:43,chessy,86,71,0,ok,
2026-08-19T00:22:43,serris,66,2,0,ok,
2026-08-19T00:22:43,torcy,225,151,0,ok,
2026-08-19T00:37:20,paris,1000,1000,0,ok,
2026-08-19T00:37:20,meaux,17,17,0,ok,
2026-08-19T00:37:20,chessy,86,71,0,ok,
2026-08-19T00:37:20,serris,66,2,0,ok,
2026-08-19T00:37:20,torcy,225,151,0,ok,
2026-08-19T00:52:31,paris,1000,1000,0,ok,
2026-08-19T00:52:31,meaux,17,17,0,ok,
2026-08-19T00:52:31,chessy,86,71,0,ok,
2026-08-19T00:52:31,serris,66,2,0,ok,
2026-08-19T00:52:31,torcy,225,151,0,ok,
2026-08-19T01:03:35,paris,1000,1000,0,ok,
2026-08-19T01:03:35,meaux,17,17,0,ok,
2026-08-19T01:03:35,chessy,86,71,0,ok,
2026-08-19T01:03:35,serris,66,2,0,ok,
2026-08-19T01:03:35,torcy,225,151,0,ok,
2026-08-19T01:22:22,paris,1000,1000,0,ok,
2026-08-19T01:22:22,meaux,17,17,0,ok,
2026-08-19T01:22:22,chessy,86,71,0,ok,
2026-08-19T01:22:22,serris,66,2,0,ok,
2026-08-19T01:22:22,torcy,225,151,0,ok,
2026-08-19T01:37:22,paris,1000,1000,0,ok,
2026-08-19T01:37:22,meaux,17,17,0,ok,
2026-08-19T01:37:22,chessy,86,71,0,ok,
2026-08-19T01:37:22,serris,66,2,0,ok,
2026-08-19T01:37:22,torcy,225,151,0,ok,
2026-08-19T01:52:33,paris,1000,1000,0,ok,
2026-08-19T01:52:33,meaux,17,17,0,ok,
2026-08-19T01:52:33,chessy,86,71,0,ok,
2026-08-19T01:52:33,serris,66,2,0,ok,
2026-08-19T01:52:33,torcy,225,151,0,ok,
2026-08-19T02:10:57,paris,1000,1000,0,ok,
2026-08-19T02:10:57,meaux,17,17,0,ok,
2026-08-19T02:10:57,chessy,86,71,0,ok,
2026-08-19T02:10:57,serris,66,2,0,ok,
2026-08-19T02:10:57,torcy,225,151,0,ok,
2026-08-19T02:22:25,paris,1000,1000,0,ok,
2026-08-19T02:22:25,meaux,17,17,0,ok,
2026-08-19T02:22:25,chessy,86,71,0,ok,
2026-08-19T02:22:25,serris,66,2,0,ok,
2026-08-19T02:22:25,torcy,225,151,0,ok,
2026-08-19T02:38:37,paris,1000,1000,0,ok,
2026-08-19T02:38:37,meaux,17,17,0,ok,
2026-08-19T02:38:37,chessy,86,71,0,ok,
2026-08-19T02:38:37,serris,66,2,0,ok,
2026-08-19T02:38:37,torcy,225,151,0,ok,
2026-08-19T02:52:27,paris,1000,1000,0,ok,
2026-08-19T02:52:27,meaux,17,17,0,ok,
2026-08-19T02:52:27,chessy,86,71,0,ok,
2026-08-19T02:52:27,serris,66,2,0,ok,
2026-08-19T02:52:27,torcy,225,151,0,ok,
2026-08-19T03:08:42,paris,1000,1000,0,ok,
2026-08-19T03:08:42,meaux,17,17,0,ok,
2026-08-19T03:08:42,chessy,86,71,0,ok,
2026-08-19T03:08:42,serris,66,2,0,ok,
2026-08-19T03:08:42,torcy,225,151,0,ok,
2026-08-19T03:23:23,paris,1000,1000,0,ok,
2026-08-19T03:23:23,meaux,17,17,0,ok,
2026-08-19T03:23:23,chessy,86,71,0,ok,
2026-08-19T03:23:23,serris,66,2,0,ok,
2026-08-19T03:23:23,torcy,225,151,0,ok,
2026-08-19T03:31:13,paris,1000,1000,0,ok,
2026-08-19T03:31:13,meaux,17,17,0,ok,
2026-08-19T03:31:13,chessy,86,71,0,ok,
2026-08-19T03:31:13,serris,66,2,0,ok,
2026-08-19T03:31:13,torcy,225,151,0,ok,
2026-08-19T03:52:33,paris,1000,1000,0,ok,
2026-08-19T03:52:33,meaux,17,17,0,ok,
2026-08-19T03:52:33,chessy,86,71,0,ok,
2026-08-19T03:52:33,serris,66,2,0,ok,
2026-08-19T03:52:33,torcy,225,151,0,ok,
2026-08-19T04:14:59,paris,1000,1000,0,ok,
2026-08-19T04:14:59,meaux,17,17,0,ok,
2026-08-19T04:14:59,chessy,86,71,0,ok,
2026-08-19T04:14:59,serris,66,2,0,ok,
2026-08-19T04:14:59,torcy,225,151,0,ok,
2026-08-19T04:37:46,paris,1000,1000,0,ok,
2026-08-19T04:37:46,meaux,17,17,0,ok,
2026-08-19T04:37:46,chessy,86,71,0,ok,
2026-08-19T04:37:46,serris,66,2,0,ok,
2026-08-19T04:37:46,torcy,225,151,0,ok,
2026-08-19T04:52:50,paris,1000,1000,0,ok,
2026-08-19T04:52:50,meaux,17,17,0,ok,
2026-08-19T04:52:50,chessy,86,71,0,ok,
2026-08-19T04:52:50,serris,66,2,0,ok,
2026-08-19T04:52:50,torcy,225,151,0,ok,
2026-08-19T05:07:48,paris,1000,1000,0,ok,
2026-08-19T05:07:48,meaux,17,17,0,ok,
2026-08-19T05:07:48,chessy,86,71,0,ok,
2026-08-19T05:07:48,serris,66,2,0,ok,
2026-08-19T05:07:48,torcy,225,151,0,ok,
2026-08-19T05:23:10,paris,1000,1000,0,ok,
2026-08-19T05:23:10,meaux,17,17,0,ok,
2026-08-19T05:23:10,chessy,86,71,0,ok,
2026-08-19T05:23:10,serris,66,2,0,ok,
2026-08-19T05:23:10,torcy,225,151,0,ok,
2026-08-19T05:37:52,paris,1000,1000,0,ok,
2026-08-19T05:37:52,meaux,17,17,0,ok,
2026-08-19T05:37:52,chessy,86,71,0,ok,
2026-08-19T05:37:52,serris,66,2,0,ok,
2026-08-19T05:37:52,torcy,225,151,0,ok,
2026-08-19T05:52:31,paris,1000,1000,0,ok,
2026-08-19T05:52:31,meaux,17,17,0,ok,
2026-08-19T05:52:31,chessy,86,71,0,ok,
2026-08-19T05:52:31,serris,66,2,0,ok,
2026-08-19T05:52:31,torcy,225,151,0,ok,
2026-08-19T06:01:54,paris,1000,1000,0,ok,
2026-08-19T06:01:54,meaux,17,17,0,ok,
2026-08-19T06:01:54,chessy,86,71,0,ok,
2026-08-19T06:01:54,serris,66,2,0,ok,
2026-08-19T06:01:54,torcy,225,151,0,ok,
2026-08-19T06:24:36,paris,1000,1000,0,ok,
2026-08-19T06:24:36,meaux,17,17,0,ok,
2026-08-19T06:24:36,chessy,86,71,0,ok,
2026-08-19T06:24:36,serris,66,2,0,ok,
2026-08-19T06:24:36,torcy,225,151,0,ok,
2026-08-19T06:38:22,paris,1000,1000,0,ok,
2026-08-19T06:38:22,meaux,17,17,0,ok,
2026-08-19T06:38:22,chessy,86,71,0,ok,
2026-08-19T06:38:22,serris,66,2,0,ok,
2026-08-19T06:38:22,torcy,225,151,0,ok,
2026-08-19T06:54:33,paris,1000,1000,0,ok,
2026-08-19T06:54:33,meaux,17,17,0,ok,
2026-08-19T06:54:33,chessy,86,71,0,ok,
2026-08-19T06:54:33,serris,66,2,0,ok,
2026-08-19T06:54:33,torcy,225,151,0,ok,
2026-08-19T07:08:03,paris,1000,1000,0,ok,
2026-08-19T07:08:03,meaux,17,17,0,ok,
2026-08-19T07:08:03,chessy,86,71,0,ok,
2026-08-19T07:08:03,serris,66,2,0,ok,
2026-08-19T07:08:03,torcy,225,151,0,ok,
2026-08-19T07:24:38,paris,1000,1000,0,ok,
2026-08-19T07:24:38,meaux,17,17,0,ok,
2026-08-19T07:24:38,chessy,86,71,0,ok,
2026-08-19T07:24:38,serris,66,2,0,ok,
2026-08-19T07:24:38,torcy,225,151,0,ok,
2026-08-19T07:38:21,paris,1000,1000,0,ok,
2026-08-19T07:38:21,meaux,17,17,0,ok,
2026-08-19T07:38:21,chessy,86,71,0,ok,
2026-08-19T07:38:21,serris,66,2,0,ok,
2026-08-19T07:38:21,torcy,225,151,0,ok,
2026-08-19T07:54:40,paris,1000,1000,0,ok,
2026-08-19T07:54:40,meaux,17,17,0,ok,
2026-08-19T07:54:40,chessy,86,71,0,ok,
2026-08-19T07:54:40,serris,66,2,0,ok,
2026-08-19T07:54:40,torcy,225,151,0,ok,
2026-08-19T08:08:15,paris,1000,1000,0,ok,
2026-08-19T08:08:15,meaux,17,17,0,ok,
2026-08-19T08:08:15,chessy,86,71,0,ok,
2026-08-19T08:08:15,serris,66,2,0,ok,
2026-08-19T08:08:15,torcy,225,151,0,ok,
2026-08-19T08:23:08,paris,1000,1000,0,ok,
2026-08-19T08:23:08,meaux,17,17,0,ok,
2026-08-19T08:23:08,chessy,86,71,0,ok,
2026-08-19T08:23:08,serris,66,2,0,ok,
2026-08-19T08:23:08,torcy,225,151,0,ok,
2026-08-19T08:37:57,paris,1000,1000,0,ok,
2026-08-19T08:37:57,meaux,17,17,0,ok,
2026-08-19T08:37:57,chessy,86,71,0,ok,
2026-08-19T08:37:57,serris,66,2,0,ok,
2026-08-19T08:37:57,torcy,225,151,0,ok,
2026-08-19T08:54:28,paris,1000,1000,0,ok,
2026-08-19T08:54:28,meaux,17,17,0,ok,
2026-08-19T08:54:28,chessy,86,71,0,ok,
2026-08-19T08:54:28,serris,66,2,0,ok,
2026-08-19T08:54:28,torcy,225,151,0,ok,
2026-08-19T09:08:15,paris,1000,1000,0,ok,
2026-08-19T09:08:15,meaux,17,17,0,ok,
2026-08-19T09:08:15,chessy,86,71,0,ok,
2026-08-19T09:08:15,serris,66,2,0,ok,
2026-08-19T09:08:15,torcy,225,151,0,ok,
2026-08-19T09:26:53,paris,1000,1000,0,ok,
2026-08-19T09:26:53,meaux,17,17,0,ok,
2026-08-19T09:26:53,chessy,86,71,0,ok,
2026-08-19T09:26:53,serris,66,2,0,ok,
2026-08-19T09:26:53,torcy,225,151,0,ok,
2026-08-19T09:35:31,paris,1000,1000,0,ok,
2026-08-19T09:35:31,meaux,17,17,0,ok,
2026-08-19T09:35:31,chessy,86,71,0,ok,
2026-08-19T09:35:31,serris,66,2,0,ok,
2026-08-19T09:35:31,torcy,225,151,0,ok,
2026-08-19T09:53:23,paris,1000,1000,0,ok,
2026-08-19T09:53:23,meaux,17,17,0,ok,
2026-08-19T09:53:23,chessy,86,71,0,ok,
2026-08-19T09:53:23,serris,66,2,0,ok,
2026-08-19T09:53:23,torcy,224,150,0,ok,
2026-08-19T10:09:35,paris,1000,1000,0,ok,
2026-08-19T10:09:35,meaux,17,17,0,ok,
2026-08-19T10:09:35,chessy,86,71,0,ok,
2026-08-19T10:09:35,serris,66,2,0,ok,
2026-08-19T10:09:35,torcy,224,150,0,ok,
2026-08-19T10:23:00,paris,1000,1000,0,ok,
2026-08-19T10:23:00,meaux,17,17,0,ok,
2026-08-19T10:23:00,chessy,86,71,0,ok,
2026-08-19T10:23:00,serris,66,2,0,ok,
2026-08-19T10:23:00,torcy,224,150,0,ok,
2026-08-19T10:38:14,paris,1000,1000,0,ok,
2026-08-19T10:38:14,meaux,17,17,0,ok,
2026-08-19T10:38:14,chessy,86,71,0,ok,
2026-08-19T10:38:14,serris,66,2,0,ok,
2026-08-19T10:38:14,torcy,224,150,0,ok,
2026-08-19T10:53:55,paris,1000,1000,0,ok,
2026-08-19T10:53:55,meaux,17,17,0,ok,
2026-08-19T10:53:55,chessy,86,71,0,ok,
2026-08-19T10:53:55,serris,66,2,0,ok,
2026-08-19T10:53:55,torcy,224,150,0,ok,
2026-08-19T11:07:49,paris,1000,1000,0,ok,
2026-08-19T11:07:49,meaux,17,17,0,ok,
2026-08-19T11:07:49,chessy,86,71,0,ok,
2026-08-19T11:07:49,serris,66,2,0,ok,
2026-08-19T11:07:49,torcy,224,150,0,ok,
2026-08-19T11:22:39,paris,1000,1000,0,ok,
2026-08-19T11:22:39,meaux,17,17,0,ok,
2026-08-19T11:22:39,chessy,86,71,0,ok,
2026-08-19T11:22:39,serris,66,2,0,ok,
2026-08-19T11:22:39,torcy,224,150,0,ok,
2026-08-19T11:38:35,paris,1000,1000,0,ok,
2026-08-19T11:38:35,meaux,17,17,0,ok,
2026-08-19T11:38:35,chessy,86,71,0,ok,
2026-08-19T11:38:35,serris,66,2,0,ok,
2026-08-19T11:38:35,torcy,224,150,0,ok,
2026-08-19T11:52:38,paris,1000,1000,0,ok,
2026-08-19T11:52:38,meaux,17,17,0,ok,
2026-08-19T11:52:38,chessy,86,71,0,ok,
2026-08-19T11:52:38,serris,66,2,0,ok,
2026-08-19T11:52:38,torcy,224,150,0,ok,
2026-08-19T12:08:33,paris,1000,1000,0,ok,
2026-08-19T12:08:33,meaux,17,17,0,ok,
2026-08-19T12:08:33,chessy,86,71,0,ok,
2026-08-19T12:08:33,serris,66,2,0,ok,
2026-08-19T12:08:33,torcy,224,150,0,ok,
2026-08-19T12:22:49,paris,1000,1000,0,ok,
2026-08-19T12:22:49,meaux,17,17,0,ok,
2026-08-19T12:22:49,chessy,86,71,0,ok,
2026-08-19T12:22:49,serris,66,2,0,ok,
2026-08-19T12:22:49,torcy,224,150,0,ok,
2026-08-19T12:38:06,paris,1000,1000,0,ok,
2026-08-19T12:38:06,meaux,17,17,0,ok,
2026-08-19T12:38:06,chessy,86,71,0,ok,
2026-08-19T12:38:06,serris,66,2,0,ok,
2026-08-19T12:38:06,torcy,224,150,0,ok,
2026-08-19T12:54:02,paris,1000,1000,0,ok,
2026-08-19T12:54:02,meaux,17,17,0,ok,
2026-08-19T12:54:02,chessy,86,71,0,ok,
2026-08-19T12:54:02,serris,66,2,0,ok,
2026-08-19T12:54:02,torcy,224,150,0,ok,
2026-08-19T13:08:23,paris,1000,1000,0,ok,
2026-08-19T13:08:23,meaux,17,17,0,ok,
2026-08-19T13:08:23,chessy,86,71,0,ok,
2026-08-19T13:08:23,serris,66,2,0,ok,
2026-08-19T13:08:23,torcy,224,150,0,ok,
2026-08-19T13:26:47,paris,1000,1000,0,ok,
2026-08-19T13:26:47,meaux,17,17,0,ok,
2026-08-19T13:26:47,chessy,86,71,0,ok,
2026-08-19T13:26:47,serris,66,2,0,ok,
2026-08-19T13:26:47,torcy,224,150,0,ok,
2026-08-19T13:42:21,paris,1000,1000,0,ok,
2026-08-19T13:42:21,meaux,17,17,0,ok,
2026-08-19T13:42:21,chessy,86,71,0,ok,
2026-08-19T13:42:21,serris,66,2,0,ok,
2026-08-19T13:42:21,torcy,224,150,0,ok,
2026-08-19T13:58:51,paris,1000,1000,0,ok,
2026-08-19T13:58:51,meaux,17,17,0,ok,
2026-08-19T13:58:51,chessy,86,71,0,ok,
2026-08-19T13:58:51,serris,66,2,0,ok,
2026-08-19T13:58:51,torcy,224,150,0,ok,
2026-08-19T14:08:47,paris,1000,1000,0,ok,
2026-08-19T14:08:47,meaux,17,17,0,ok,
2026-08-19T14:08:47,chessy,86,71,0,ok,
2026-08-19T14:08:47,serris,66,2,0,ok,
2026-08-19T14:08:47,torcy,224,150,0,ok,
2026-08-19T14:23:24,paris,1000,1000,0,ok,
2026-08-19T14:23:24,meaux,17,17,0,ok,
2026-08-19T14:23:24,chessy,86,71,0,ok,
2026-08-19T14:23:24,serris,66,2,0,ok,
2026-08-19T14:23:24,torcy,224,150,0,ok,
2026-08-19T14:35:17,paris,1000,1000,0,ok,
2026-08-19T14:35:17,meaux,17,17,0,ok,
2026-08-19T14:35:17,chessy,86,71,0,ok,
2026-08-19T14:35:17,serris,66,2,0,ok,
2026-08-19T14:35:17,torcy,224,150,0,ok,
2026-08-19T14:52:51,paris,1000,1000,0,ok,
2026-08-19T14:52:51,meaux,17,17,0,ok,
2026-08-19T14:52:51,chessy,86,71,0,ok,
2026-08-19T14:52:51,serris,66,2,0,ok,
2026-08-19T14:52:51,torcy,224,150,0,ok,
2026-08-19T15:08:50,paris,1000,1000,0,ok,
2026-08-19T15:08:50,meaux,17,17,0,ok,
2026-08-19T15:08:50,chessy,86,71,0,ok,
2026-08-19T15:08:50,serris,66,2,0,ok,
2026-08-19T15:08:50,torcy,224,150,0,ok,
2026-08-19T15:25:42,paris,1000,1000,0,ok,
2026-08-19T15:25:42,meaux,17,17,0,ok,
2026-08-19T15:25:42,chessy,86,71,0,ok,
2026-08-19T15:25:42,serris,66,2,0,ok,
2026-08-19T15:25:42,torcy,224,150,0,ok,
2026-08-19T15:38:08,paris,1000,1000,0,ok,
2026-08-19T15:38:08,meaux,17,17,0,ok,
2026-08-19T15:38:08,chessy,86,71,0,ok,
2026-08-19T15:38:08,serris,66,2,0,ok,
2026-08-19T15:38:08,torcy,224,150,0,ok,
2026-08-19T15:53:31,paris,1000,1000,0,ok,
2026-08-19T15:53:31,meaux,17,17,0,ok,
2026-08-19T15:53:31,chessy,86,71,0,ok,
2026-08-19T15:53:31,serris,66,2,0,ok,
2026-08-19T15:53:31,torcy,224,150,0,ok,
2026-08-19T16:10:08,paris,1000,1000,0,ok,
2026-08-19T16:10:08,meaux,17,17,0,ok,
2026-08-19T16:10:08,chessy,86,71,0,ok,
2026-08-19T16:10:08,serris,66,2,0,ok,
2026-08-19T16:10:08,torcy,224,150,0,ok,
2026-08-19T16:22:44,paris,1000,1000,0,ok,
2026-08-19T16:22:44,meaux,17,17,0,ok,
2026-08-19T16:22:44,chessy,86,71,0,ok,
2026-08-19T16:22:44,serris,66,2,0,ok,
2026-08-19T16:22:44,torcy,224,150,0,ok,
2026-08-19T16:35:55,paris,1000,1000,0,ok,
2026-08-19T16:35:55,meaux,17,17,0,ok,
2026-08-19T16:35:55,chessy,86,71,0,ok,
2026-08-19T16:35:55,serris,66,2,0,ok,
2026-08-19T16:35:55,torcy,224,150,0,ok,
2026-08-19T16:53:29,paris,1000,1000,0,ok,
2026-08-19T16:53:29,meaux,17,17,0,ok,
2026-08-19T16:53:29,chessy,86,71,0,ok,
2026-08-19T16:53:29,serris,66,2,0,ok,
2026-08-19T16:53:29,torcy,224,150,0,ok,
2026-08-19T17:04:08,paris,1000,1000,0,ok,
2026-08-19T17:04:08,meaux,17,17,0,ok,
2026-08-19T17:04:08,chessy,86,71,0,ok,
2026-08-19T17:04:08,serris,66,2,0,ok,
2026-08-19T17:04:08,torcy,224,150,0,ok,
2026-08-19T17:23:14,paris,1000,1000,0,ok,
2026-08-19T17:23:14,meaux,17,17,0,ok,
2026-08-19T17:23:14,chessy,86,71,0,ok,
2026-08-19T17:23:14,serris,66,2,0,ok,
2026-08-19T17:23:14,torcy,224,150,0,ok,
2026-08-19T17:32:34,paris,1000,1000,0,ok,
2026-08-19T17:32:34,meaux,17,17,0,ok,
2026-08-19T17:32:34,chessy,86,71,0,ok,
2026-08-19T17:32:34,serris,66,2,0,ok,
2026-08-19T17:32:34,torcy,224,150,0,ok,
2026-08-19T17:53:13,paris,1000,1000,0,ok,
2026-08-19T17:53:13,meaux,17,17,0,ok,
2026-08-19T17:53:13,chessy,86,71,0,ok,
2026-08-19T17:53:13,serris,66,2,0,ok,
2026-08-19T17:53:13,torcy,224,150,0,ok,
2026-08-19T18:09:24,paris,1000,1000,0,ok,
2026-08-19T18:09:24,meaux,17,17,0,ok,
2026-08-19T18:09:24,chessy,86,71,0,ok,
2026-08-19T18:09:24,serris,66,2,0,ok,
2026-08-19T18:09:24,torcy,224,150,0,ok,
2026-08-19T18:23:19,paris,1000,1000,0,ok,
2026-08-19T18:23:19,meaux,17,17,0,ok,
2026-08-19T18:23:19,chessy,86,71,0,ok,
2026-08-19T18:23:19,serris,66,2,0,ok,
2026-08-19T18:23:19,torcy,224,150,0,ok,
2026-08-19T18:33:52,paris,1000,1000,0,ok,
2026-08-19T18:33:52,meaux,17,17,0,ok,
2026-08-19T18:33:52,chessy,86,71,0,ok,
2026-08-19T18:33:52,serris,66,2,0,ok,
2026-08-19T18:33:52,torcy,224,150,0,ok,
2026-08-19T18:53:25,paris,1000,1000,0,ok,
2026-08-19T18:53:25,meaux,17,17,0,ok,
2026-08-19T18:53:25,chessy,86,71,0,ok,
2026-08-19T18:53:25,serris,66,2,0,ok,
2026-08-19T18:53:25,torcy,224,150,0,ok,
2026-08-19T19:11:11,paris,1000,1000,0,ok,
2026-08-19T19:11:11,meaux,17,17,0,ok,
2026-08-19T19:11:11,chessy,86,71,0,ok,
2026-08-19T19:11:11,serris,66,2,0,ok,
2026-08-19T19:11:11,torcy,224,150,0,ok,
2026-08-19T19:23:20,paris,1000,1000,0,ok,
2026-08-19T19:23:20,meaux,17,17,0,ok,
2026-08-19T19:23:20,chessy,86,71,0,ok,
2026-08-19T19:23:20,serris,66,2,0,ok,
2026-08-19T19:23:20,torcy,224,150,0,ok,
2026-08-19T19:38:01,paris,1000,1000,0,ok,
2026-08-19T19:38:01,meaux,17,17,0,ok,
2026-08-19T19:38:01,chessy,86,71,0,ok,
2026-08-19T19:38:01,serris,66,2,0,ok,
2026-08-19T19:38:01,torcy,225,151,0,ok,
2026-08-19T19:52:57,paris,1000,1000,0,ok,
2026-08-19T19:52:57,meaux,17,17,0,ok,
2026-08-19T19:52:57,chessy,86,71,0,ok,
2026-08-19T19:52:57,serris,66,2,0,ok,
2026-08-19T19:52:57,torcy,225,151,0,ok,
2026-08-19T20:09:56,paris,1000,1000,0,ok,
2026-08-19T20:09:56,meaux,17,17,0,ok,
2026-08-19T20:09:56,chessy,86,71,0,ok,
2026-08-19T20:09:56,serris,66,2,0,ok,
2026-08-19T20:09:56,torcy,225,151,0,ok,
2026-08-19T20:23:09,paris,1000,1000,0,ok,
2026-08-19T20:23:09,meaux,17,17,0,ok,
2026-08-19T20:23:09,chessy,86,71,0,ok,
2026-08-19T20:23:09,serris,66,2,0,ok,
2026-08-19T20:23:09,torcy,225,151,0,ok,
2026-08-19T20:39:14,paris,1000,1000,0,ok,
2026-08-19T20:39:14,meaux,17,17,0,ok,
2026-08-19T20:39:14,chessy,86,71,0,ok,
2026-08-19T20:39:14,serris,66,2,0,ok,
2026-08-19T20:39:14,torcy,225,151,0,ok,
2026-08-19T20:53:00,paris,1000,1000,0,ok,
2026-08-19T20:53:00,meaux,17,17,0,ok,
2026-08-19T20:53:00,chessy,86,71,0,ok,
2026-08-19T20:53:00,serris,66,2,0,ok,
2026-08-19T20:53:00,torcy,225,151,0,ok,
2026-08-19T21:09:29,paris,1000,1000,0,ok,
2026-08-19T21:09:29,meaux,17,17,0,ok,
2026-08-19T21:09:29,chessy,86,71,0,ok,
2026-08-19T21:09:29,serris,66,2,0,ok,
2026-08-19T21:09:29,torcy,225,151,0,ok,
2026-08-19T21:23:11,paris,1000,1000,0,ok,
2026-08-19T21:23:11,meaux,17,17,0,ok,
2026-08-19T21:23:11,chessy,86,71,0,ok,
2026-08-19T21:23:11,serris,66,2,0,ok,
2026-08-19T21:23:11,torcy,225,151,0,ok,
2026-08-19T21:39:06,paris,1000,1000,0,ok,
2026-08-19T21:39:06,meaux,17,17,0,ok,
2026-08-19T21:39:06,chessy,86,71,0,ok,
2026-08-19T21:39:06,serris,66,2,0,ok,
2026-08-19T21:39:06,torcy,225,151,0,ok,
2026-08-19T21:58:55,paris,1000,1000,0,ok,
2026-08-19T21:58:55,meaux,17,17,0,ok,
2026-08-19T21:58:55,chessy,86,71,0,ok,
2026-08-19T21:58:55,serris,66,2,0,ok,
2026-08-19T21:58:55,torcy,225,151,0,ok,
2026-08-19T22:08:15,paris,1000,1000,0,ok,
2026-08-19T22:08:15,meaux,17,17,0,ok,
2026-08-19T22:08:15,chessy,86,71,0,ok,
2026-08-19T22:08:15,serris,66,2,0,ok,
2026-08-19T22:08:15,torcy,225,151,0,ok,
2026-08-19T22:23:23,paris,1000,1000,0,ok,
2026-08-19T22:23:23,meaux,17,17,0,ok,
2026-08-19T22:23:23,chessy,86,71,0,ok,
2026-08-19T22:23:23,serris,66,2,0,ok,
2026-08-19T22:23:23,torcy,225,151,0,ok,
2026-08-19T22:39:44,paris,1000,1000,0,ok,
2026-08-19T22:39:44,meaux,17,17,0,ok,
2026-08-19T22:39:44,chessy,86,71,0,ok,
2026-08-19T22:39:44,serris,66,2,0,ok,
2026-08-19T22:39:44,torcy,225,151,0,ok,
2026-08-19T22:53:50,paris,1000,1000,0,ok,
2026-08-19T22:53:50,meaux,17,17,0,ok,
2026-08-19T22:53:50,chessy,86,71,0,ok,
2026-08-19T22:53:50,serris,66,2,0,ok,
2026-08-19T22:53:50,torcy,225,151,0,ok,
2026-08-19T23:09:15,paris,1000,1000,0,ok,
2026-08-19T23:09:15,meaux,17,17,0,ok,
2026-08-19T23:09:15,chessy,86,71,0,ok,
2026-08-19T23:09:15,serris,66,2,0,ok,
2026-08-19T23:09:15,torcy,225,151,0,ok,
2026-08-19T23:22:26,paris,1000,1000,0,ok,
2026-08-19T23:22:26,meaux,17,17,0,ok,
2026-08-19T23:22:26,chessy,86,71,0,ok,
2026-08-19T23:22:26,serris,66,2,0,ok,
2026-08-19T23:22:26,torcy,225,151,0,ok,
2026-08-19T23:38:27,paris,1000,1000,0,ok,
2026-08-19T23:38:27,meaux,17,17,0,ok,
2026-08-19T23:38:27,chessy,86,71,0,ok,
2026-08-19T23:38:27,serris,66,2,0,ok,
2026-08-19T23:38:27,torcy,225,151,0,ok,
2026-08-19T23:52:10,paris,1000,1000,0,ok,
2026-08-19T23:52:10,meaux,17,17,0,ok,
2026-08-19T23:52:10,chessy,86,71,0,ok,
2026-08-19T23:52:10,serris,66,2,0,ok,
2026-08-19T23:52:10,torcy,225,151,0,ok,
2026-08-20T00:10:14,paris,1000,1000,0,ok,
2026-08-20T00:10:14,meaux,17,17,0,ok,
2026-08-20T00:10:14,chessy,86,71,0,ok,
2026-08-20T00:10:14,serris,66,2,0,ok,
2026-08-20T00:10:14,torcy,225,151,0,ok,
2026-08-20T00:22:41,paris,1000,1000,0,ok,
2026-08-20T00:22:41,meaux,17,17,0,ok,
2026-08-20T00:22:41,chessy,86,71,0,ok,
2026-08-20T00:22:41,serris,66,2,0,ok,
2026-08-20T00:22:41,torcy,225,151,0,ok,
2026-08-20T00:37:32,paris,1000,1000,0,ok,
2026-08-20T00:37:32,meaux,17,17,0,ok,
2026-08-20T00:37:32,chessy,86,71,0,ok,
2026-08-20T00:37:32,serris,66,2,0,ok,
2026-08-20T00:37:32,torcy,225,151,0,ok,
2026-08-20T00:52:53,paris,1000,1000,0,ok,
2026-08-20T00:52:53,meaux,17,17,0,ok,
2026-08-20T00:52:53,chessy,86,71,0,ok,
2026-08-20T00:52:53,serris,66,2,0,ok,
2026-08-20T00:52:53,torcy,225,151,0,ok,
2026-08-20T01:03:08,paris,1000,1000,0,ok,
2026-08-20T01:03:08,meaux,17,17,0,ok,
2026-08-20T01:03:08,chessy,86,71,0,ok,
2026-08-20T01:03:08,serris,66,2,0,ok,
2026-08-20T01:03:08,torcy,225,151,0,ok,
2026-08-20T01:22:28,paris,1000,1000,0,ok,
2026-08-20T01:22:28,meaux,17,17,0,ok,
2026-08-20T01:22:28,chessy,86,71,0,ok,
2026-08-20T01:22:28,serris,66,2,0,ok,
2026-08-20T01:22:28,torcy,225,151,0,ok,
2026-08-20T01:37:39,paris,1000,1000,0,ok,
2026-08-20T01:37:39,meaux,17,17,0,ok,
2026-08-20T01:37:39,chessy,86,71,0,ok,
2026-08-20T01:37:39,serris,66,2,0,ok,
2026-08-20T01:37:39,torcy,225,151,0,ok,
2026-08-20T01:52:54,paris,1000,1000,0,ok,
2026-08-20T01:52:54,meaux,17,17,0,ok,
2026-08-20T01:52:54,chessy,86,71,0,ok,
2026-08-20T01:52:54,serris,66,2,0,ok,
2026-08-20T01:52:54,torcy,225,151,0,ok,
2026-08-20T02:08:35,paris,1000,1000,0,ok,
2026-08-20T02:08:35,meaux,17,17,0,ok,
2026-08-20T02:08:35,chessy,86,71,0,ok,
2026-08-20T02:08:35,serris,66,2,0,ok,
2026-08-20T02:08:35,torcy,225,151,0,ok,
2026-08-20T02:22:19,paris,1000,1000,0,ok,
2026-08-20T02:22:19,meaux,17,17,0,ok,
2026-08-20T02:22:19,chessy,86,71,0,ok,
2026-08-20T02:22:19,serris,66,2,0,ok,
2026-08-20T02:22:19,torcy,225,151,0,ok,
2026-08-20T02:42:58,paris,1000,1000,0,ok,
2026-08-20T02:42:58,meaux,17,17,0,ok,
2026-08-20T02:42:58,chessy,86,71,0,ok,
2026-08-20T02:42:58,serris,66,2,0,ok,
2026-08-20T02:42:58,torcy,225,151,0,ok,
2026-08-20T02:52:32,paris,1000,1000,0,ok,
2026-08-20T02:52:32,meaux,17,17,0,ok,
2026-08-20T02:52:32,chessy,86,71,0,ok,
2026-08-20T02:52:32,serris,66,2,0,ok,
2026-08-20T02:52:32,torcy,225,151,0,ok,
2026-08-20T03:07:49,paris,1000,1000,0,ok,
2026-08-20T03:07:49,meaux,17,17,0,ok,
2026-08-20T03:07:49,chessy,86,71,0,ok,
2026-08-20T03:07:49,serris,66,2,0,ok,
2026-08-20T03:07:49,torcy,225,151,0,ok,
2026-08-20T03:22:34,paris,1000,1000,0,ok,
2026-08-20T03:22:34,meaux,17,17,0,ok,
2026-08-20T03:22:34,chessy,86,71,0,ok,
2026-08-20T03:22:34,serris,66,2,0,ok,
2026-08-20T03:22:34,torcy,225,151,0,ok,
2026-08-20T03:30:17,paris,1000,1000,0,ok,
2026-08-20T03:30:17,meaux,17,17,0,ok,
2026-08-20T03:30:17,chessy,86,71,0,ok,
2026-08-20T03:30:17,serris,66,2,0,ok,
2026-08-20T03:30:17,torcy,225,151,0,ok,
2026-08-20T03:52:38,paris,1000,1000,0,ok,
2026-08-20T03:52:38,meaux,17,17,0,ok,
2026-08-20T03:52:38,chessy,86,71,0,ok,
2026-08-20T03:52:38,serris,66,2,0,ok,
2026-08-20T03:52:38,torcy,225,151,0,ok,
2026-08-20T04:18:00,paris,1000,1000,0,ok,
2026-08-20T04:18:00,meaux,17,17,0,ok,
2026-08-20T04:18:00,chessy,86,71,0,ok,
2026-08-20T04:18:00,serris,66,2,0,ok,
2026-08-20T04:18:00,torcy,225,151,0,ok,
2026-08-20T04:38:13,paris,1000,1000,0,ok,
2026-08-20T04:38:13,meaux,17,17,0,ok,
2026-08-20T04:38:13,chessy,86,71,0,ok,
2026-08-20T04:38:13,serris,66,2,0,ok,
2026-08-20T04:38:13,torcy,225,151,0,ok,
2026-08-20T04:52:45,paris,1000,1000,0,ok,
2026-08-20T04:52:45,meaux,17,17,0,ok,
2026-08-20T04:52:45,chessy,86,71,0,ok,
2026-08-20T04:52:45,serris,66,2,0,ok,
2026-08-20T04:52:45,torcy,225,151,0,ok,
2026-08-20T05:08:11,paris,1000,1000,0,ok,
2026-08-20T05:08:11,meaux,17,17,0,ok,
2026-08-20T05:08:11,chessy,86,71,0,ok,
2026-08-20T05:08:11,serris,66,2,0,ok,
2026-08-20T05:08:11,torcy,225,151,0,ok,
2026-08-20T05:23:55,paris,1000,1000,0,ok,
2026-08-20T05:23:55,meaux,17,17,0,ok,
2026-08-20T05:23:55,chessy,86,71,0,ok,
2026-08-20T05:23:55,serris,66,2,0,ok,
2026-08-20T05:23:55,torcy,225,151,0,ok,
2026-08-20T05:37:58,paris,1000,1000,0,ok,
2026-08-20T05:37:58,meaux,17,17,0,ok,
2026-08-20T05:37:58,chessy,86,71,0,ok,
2026-08-20T05:37:58,serris,66,2,0,ok,
2026-08-20T05:37:58,torcy,225,151,0,ok,
2026-08-20T05:52:58,paris,1000,1000,0,ok,
2026-08-20T05:52:58,meaux,17,17,0,ok,
2026-08-20T05:52:58,chessy,86,71,0,ok,
2026-08-20T05:52:58,serris,66,2,0,ok,
2026-08-20T05:52:58,torcy,225,151,0,ok,
2026-08-20T06:03:23,paris,1000,1000,0,ok,
2026-08-20T06:03:23,meaux,17,17,0,ok,
2026-08-20T06:03:23,chessy,86,71,0,ok,
2026-08-20T06:03:23,serris,66,2,0,ok,
2026-08-20T06:03:23,torcy,225,151,0,ok,
2026-08-20T06:22:55,paris,1000,1000,0,ok,
2026-08-20T06:22:55,meaux,17,17,0,ok,
2026-08-20T06:22:55,chessy,86,71,0,ok,
2026-08-20T06:22:55,serris,66,2,0,ok,
2026-08-20T06:22:55,torcy,225,151,0,ok,
2026-08-20T06:38:01,paris,1000,1000,0,ok,
2026-08-20T06:38:01,meaux,17,17,0,ok,
2026-08-20T06:38:01,chessy,86,71,0,ok,
2026-08-20T06:38:01,serris,66,2,0,ok,
2026-08-20T06:38:01,torcy,225,151,0,ok,
2026-08-20T06:53:51,paris,1000,1000,0,ok,
2026-08-20T06:53:51,meaux,17,17,0,ok,
2026-08-20T06:53:51,chessy,86,71,0,ok,
2026-08-20T06:53:51,serris,66,2,0,ok,
2026-08-20T06:53:51,torcy,225,151,0,ok,
2026-08-20T07:08:10,paris,1000,1000,0,ok,
2026-08-20T07:08:10,meaux,17,17,0,ok,
2026-08-20T07:08:10,chessy,86,71,0,ok,
2026-08-20T07:08:10,serris,67,2,0,ok,
2026-08-20T07:08:10,torcy,225,151,0,ok,
2026-08-20T07:24:31,paris,1000,1000,0,ok,
2026-08-20T07:24:31,meaux,17,17,0,ok,
2026-08-20T07:24:31,chessy,86,71,0,ok,
2026-08-20T07:24:31,serris,67,2,0,ok,
2026-08-20T07:24:31,torcy,225,151,0,ok,
2026-08-20T07:38:04,paris,1000,1000,0,ok,
2026-08-20T07:38:04,meaux,17,17,0,ok,
2026-08-20T07:38:04,chessy,86,71,0,ok,
2026-08-20T07:38:04,serris,67,2,0,ok,
2026-08-20T07:38:04,torcy,225,151,0,ok,
2026-08-20T07:53:47,paris,1000,1000,0,ok,
2026-08-20T07:53:47,meaux,17,17,0,ok,
2026-08-20T07:53:47,chessy,86,71,0,ok,
2026-08-20T07:53:47,serris,67,2,0,ok,
2026-08-20T07:53:47,torcy,225,151,0,ok,
2026-08-20T08:08:36,paris,1000,1000,0,ok,
2026-08-20T08:08:36,meaux,17,17,0,ok,
2026-08-20T08:08:36,chessy,86,71,0,ok,
2026-08-20T08:08:36,serris,67,2,0,ok,
2026-08-20T08:08:36,torcy,225,151,0,ok,
2026-08-20T08:22:53,paris,1000,1000,0,ok,
2026-08-20T08:22:53,meaux,17,17,0,ok,
2026-08-20T08:22:53,chessy,86,71,0,ok,
2026-08-20T08:22:53,serris,67,2,0,ok,
2026-08-20T08:22:53,torcy,225,151,0,ok,
2026-08-20T08:38:37,paris,1000,1000,0,ok,
2026-08-20T08:38:37,meaux,17,17,0,ok,
2026-08-20T08:38:37,chessy,86,71,0,ok,
2026-08-20T08:38:37,serris,67,2,0,ok,
2026-08-20T08:38:37,torcy,225,151,0,ok,
2026-08-20T08:58:09,paris,1000,1000,0,ok,
2026-08-20T08:58:09,meaux,17,17,0,ok,
2026-08-20T08:58:09,chessy,86,71,0,ok,
2026-08-20T08:58:09,serris,67,2,0,ok,
2026-08-20T08:58:09,torcy,225,151,0,ok,
2026-08-20T09:08:16,paris,1000,1000,0,ok,
2026-08-20T09:08:16,meaux,17,17,0,ok,
2026-08-20T09:08:16,chessy,86,71,0,ok,
2026-08-20T09:08:16,serris,67,2,0,ok,
2026-08-20T09:08:16,torcy,225,151,0,ok,
2026-08-20T09:22:59,paris,1000,1000,0,ok,
2026-08-20T09:22:59,meaux,17,17,0,ok,
2026-08-20T09:22:59,chessy,86,71,0,ok,
2026-08-20T09:22:59,serris,67,2,0,ok,
2026-08-20T09:22:59,torcy,225,151,0,ok,
2026-08-20T09:35:58,paris,1000,1000,0,ok,
2026-08-20T09:35:58,meaux,17,17,0,ok,
2026-08-20T09:35:58,chessy,86,71,0,ok,
2026-08-20T09:35:58,serris,67,2,0,ok,
2026-08-20T09:35:58,torcy,225,151,0,ok,
2026-08-20T09:53:03,paris,1000,1000,0,ok,
2026-08-20T09:53:03,meaux,17,17,0,ok,
2026-08-20T09:53:03,chessy,86,71,0,ok,
2026-08-20T09:53:03,serris,67,2,0,ok,
2026-08-20T09:53:03,torcy,225,151,0,ok,
2026-08-20T10:10:08,paris,1000,1000,0,ok,
2026-08-20T10:10:08,meaux,17,17,0,ok,
2026-08-20T10:10:08,chessy,86,71,0,ok,
2026-08-20T10:10:08,serris,67,2,0,ok,
2026-08-20T10:10:08,torcy,225,151,0,ok,
2026-08-20T10:23:35,paris,1000,1000,0,ok,
2026-08-20T10:23:35,meaux,17,17,0,ok,
2026-08-20T10:23:35,chessy,86,71,0,ok,
2026-08-20T10:23:35,serris,67,2,0,ok,
2026-08-20T10:23:35,torcy,225,151,0,ok,
2026-08-20T10:39:00,paris,1000,1000,0,ok,
2026-08-20T10:39:00,meaux,17,17,0,ok,
2026-08-20T10:39:00,chessy,86,71,0,ok,
2026-08-20T10:39:00,serris,67,2,0,ok,
2026-08-20T10:39:00,torcy,225,151,0,ok,
2026-08-20T10:53:03,paris,1000,1000,0,ok,
2026-08-20T10:53:03,meaux,17,17,0,ok,
2026-08-20T10:53:03,chessy,86,71,0,ok,
2026-08-20T10:53:03,serris,67,2,0,ok,
2026-08-20T10:53:03,torcy,225,151,0,ok,
2026-08-20T11:03:11,paris,1000,1000,0,ok,
2026-08-20T11:03:11,meaux,17,17,0,ok,
2026-08-20T11:03:11,chessy,86,71,0,ok,
2026-08-20T11:03:11,serris,67,2,0,ok,
2026-08-20T11:03:11,torcy,225,151,0,ok,
2026-08-20T11:22:52,paris,1000,1000,0,ok,
2026-08-20T11:22:52,meaux,17,17,0,ok,
2026-08-20T11:22:52,chessy,86,71,0,ok,
2026-08-20T11:22:52,serris,67,2,0,ok,
2026-08-20T11:22:52,torcy,225,151,0,ok,
2026-08-20T11:38:47,paris,1000,1000,0,ok,
2026-08-20T11:38:47,meaux,17,17,0,ok,
2026-08-20T11:38:47,chessy,86,71,0,ok,
2026-08-20T11:38:47,serris,67,2,0,ok,
2026-08-20T11:38:47,torcy,225,151,0,ok,
2026-08-20T11:53:05,paris,1000,1000,0,ok,
2026-08-20T11:53:05,meaux,17,17,0,ok,
2026-08-20T11:53:05,chessy,86,71,0,ok,
2026-08-20T11:53:05,serris,67,2,0,ok,
2026-08-20T11:53:05,torcy,225,151,0,ok,
2026-08-20T12:13:20,paris,1000,1000,0,ok,
2026-08-20T12:13:20,meaux,17,17,0,ok,
2026-08-20T12:13:20,chessy,86,71,0,ok,
2026-08-20T12:13:20,serris,67,2,0,ok,
2026-08-20T12:13:20,torcy,225,151,0,ok,
2026-08-20T12:23:09,paris,1000,1000,0,ok,
2026-08-20T12:23:09,meaux,17,17,0,ok,
2026-08-20T12:23:09,chessy,86,71,0,ok,
2026-08-20T12:23:09,serris,67,2,0,ok,
2026-08-20T12:23:09,torcy,225,151,0,ok,
2026-08-20T12:38:59,paris,1000,1000,0,ok,
2026-08-20T12:38:59,meaux,17,17,0,ok,
2026-08-20T12:38:59,chessy,86,71,0,ok,
2026-08-20T12:38:59,serris,67,2,0,ok,
2026-08-20T12:38:59,torcy,225,151,0,ok,
2026-08-20T12:55:07,paris,1000,1000,0,ok,
2026-08-20T12:55:07,meaux,17,17,0,ok,
2026-08-20T12:55:07,chessy,86,71,0,ok,
2026-08-20T12:55:07,serris,67,2,0,ok,
2026-08-20T12:55:07,torcy,225,151,0,ok,
2026-08-20T13:08:52,paris,1000,1000,0,ok,
2026-08-20T13:08:52,meaux,17,17,0,ok,
2026-08-20T13:08:52,chessy,86,71,0,ok,
2026-08-20T13:08:52,serris,67,2,0,ok,
2026-08-20T13:08:52,torcy,225,151,0,ok,
2026-08-20T13:28:16,paris,1000,1000,0,ok,
2026-08-20T13:28:16,meaux,17,17,0,ok,
2026-08-20T13:28:16,chessy,86,71,0,ok,
2026-08-20T13:28:16,serris,67,2,0,ok,
2026-08-20T13:28:16,torcy,225,151,0,ok,
2026-08-20T13:38:35,paris,1000,1000,0,ok,
2026-08-20T13:38:35,meaux,17,17,0,ok,
2026-08-20T13:38:35,chessy,86,71,0,ok,
2026-08-20T13:38:35,serris,67,2,0,ok,
2026-08-20T13:38:35,torcy,225,151,0,ok,
2026-08-20T13:49:19,paris,1000,1000,0,ok,
2026-08-20T13:49:19,meaux,17,17,0,ok,
2026-08-20T13:49:19,chessy,86,71,0,ok,
2026-08-20T13:49:19,serris,67,2,0,ok,
2026-08-20T13:49:19,torcy,225,151,0,ok,
2026-08-20T14:08:33,paris,1000,1000,0,ok,
2026-08-20T14:08:33,meaux,17,17,0,ok,
2026-08-20T14:08:33,chessy,86,71,0,ok,
2026-08-20T14:08:33,serris,67,2,0,ok,
2026-08-20T14:08:33,torcy,225,151,0,ok,
2026-08-20T14:23:32,paris,1000,1000,0,ok,
2026-08-20T14:23:32,meaux,17,17,0,ok,
2026-08-20T14:23:32,chessy,86,71,0,ok,
2026-08-20T14:23:32,serris,67,2,0,ok,
2026-08-20T14:23:32,torcy,225,151,0,ok,
2026-08-20T14:38:32,paris,1000,1000,0,ok,
2026-08-20T14:38:32,meaux,17,17,0,ok,
2026-08-20T14:38:32,chessy,86,71,0,ok,
2026-08-20T14:38:32,serris,67,2,0,ok,
2026-08-20T14:38:32,torcy,225,151,0,ok,
2026-08-20T14:57:11,paris,1000,1000,0,ok,
2026-08-20T14:57:11,meaux,17,17,0,ok,
2026-08-20T14:57:11,chessy,86,71,0,ok,
2026-08-20T14:57:11,serris,67,2,0,ok,
2026-08-20T14:57:11,torcy,225,151,0,ok,
2026-08-20T15:09:18,paris,1000,1000,0,ok,
2026-08-20T15:09:18,meaux,17,17,0,ok,
2026-08-20T15:09:18,chessy,86,71,0,ok,
2026-08-20T15:09:18,serris,67,2,0,ok,
2026-08-20T15:09:18,torcy,225,151,0,ok,
2026-08-20T15:23:55,paris,1000,1000,0,ok,
2026-08-20T15:23:55,meaux,17,17,0,ok,
2026-08-20T15:23:55,chessy,86,71,0,ok,
2026-08-20T15:23:55,serris,67,2,0,ok,
2026-08-20T15:23:55,torcy,225,151,0,ok,
2026-08-20T15:36:13,paris,1000,1000,0,ok,
2026-08-20T15:36:13,meaux,17,17,0,ok,
2026-08-20T15:36:13,chessy,86,71,0,ok,
2026-08-20T15:36:13,serris,67,2,0,ok,
2026-08-20T15:36:13,torcy,225,151,0,ok,
2026-08-20T15:53:28,paris,1000,1000,0,ok,
2026-08-20T15:53:28,meaux,17,17,0,ok,
2026-08-20T15:53:28,chessy,86,71,0,ok,
2026-08-20T15:53:28,serris,67,2,0,ok,
2026-08-20T15:53:28,torcy,225,151,0,ok,
2026-08-20T16:12:04,paris,1000,1000,0,ok,
2026-08-20T16:12:04,meaux,17,17,0,ok,
2026-08-20T16:12:04,chessy,86,71,0,ok,
2026-08-20T16:12:04,serris,67,2,0,ok,
2026-08-20T16:12:04,torcy,225,151,0,ok,
2026-08-20T16:23:13,paris,1000,1000,0,ok,
2026-08-20T16:23:13,meaux,17,17,0,ok,
2026-08-20T16:23:13,chessy,86,71,0,ok,
2026-08-20T16:23:13,serris,67,2,0,ok,
2026-08-20T16:23:13,torcy,225,151,0,ok,
2026-08-20T16:38:51,paris,1000,1000,0,ok,
2026-08-20T16:38:51,meaux,17,17,0,ok,
2026-08-20T16:38:51,chessy,86,71,0,ok,
2026-08-20T16:38:51,serris,67,2,0,ok,
2026-08-20T16:38:51,torcy,225,151,0,ok,
2026-08-20T16:48:17,paris,1000,1000,0,ok,
2026-08-20T16:48:17,meaux,17,17,0,ok,
2026-08-20T16:48:17,chessy,86,71,0,ok,
2026-08-20T16:48:17,serris,67,2,0,ok,
2026-08-20T16:48:17,torcy,225,151,0,ok,
2026-08-20T17:09:17,paris,1000,1000,0,ok,
2026-08-20T17:09:17,meaux,17,17,0,ok,
2026-08-20T17:09:17,chessy,86,71,0,ok,
2026-08-20T17:09:17,serris,67,2,0,ok,
2026-08-20T17:09:17,torcy,225,151,0,ok,
2026-08-20T17:23:58,paris,1000,1000,0,ok,
2026-08-20T17:23:58,meaux,17,17,0,ok,
2026-08-20T17:23:58,chessy,86,71,0,ok,
2026-08-20T17:23:58,serris,67,2,0,ok,
2026-08-20T17:23:58,torcy,225,151,0,ok,
2026-08-20T17:41:10,paris,1000,1000,0,ok,
2026-08-20T17:41:10,meaux,17,17,0,ok,
2026-08-20T17:41:10,chessy,86,71,0,ok,
2026-08-20T17:41:10,serris,67,2,0,ok,
2026-08-20T17:41:10,torcy,225,151,0,ok,
2026-08-20T17:53:33,paris,1000,1000,0,ok,
2026-08-20T17:53:33,meaux,17,17,0,ok,
2026-08-20T17:53:33,chessy,86,71,0,ok,
2026-08-20T17:53:33,serris,67,2,0,ok,
2026-08-20T17:53:33,torcy,225,151,0,ok,
2026-08-20T18:03:01,paris,1000,1000,0,ok,
2026-08-20T18:03:01,meaux,17,17,0,ok,
2026-08-20T18:03:01,chessy,86,71,0,ok,
2026-08-20T18:03:01,serris,67,2,0,ok,
2026-08-20T18:03:01,torcy,225,151,0,ok,
2026-08-20T18:23:19,paris,1000,1000,0,ok,
2026-08-20T18:23:19,meaux,17,17,0,ok,
2026-08-20T18:23:19,chessy,86,71,0,ok,
2026-08-20T18:23:19,serris,67,2,0,ok,
2026-08-20T18:23:19,torcy,225,151,0,ok,
2026-08-20T18:39:31,paris,1000,1000,0,ok,
2026-08-20T18:39:31,meaux,17,17,0,ok,
2026-08-20T18:39:31,chessy,86,71,0,ok,
2026-08-20T18:39:31,serris,67,2,0,ok,
2026-08-20T18:39:31,torcy,225,151,0,ok,
2026-08-20T18:57:18,paris,1000,1000,0,ok,
2026-08-20T18:57:18,meaux,17,17,0,ok,
2026-08-20T18:57:18,chessy,86,71,0,ok,
2026-08-20T18:57:18,serris,67,2,0,ok,
2026-08-20T18:57:18,torcy,225,151,0,ok,
2026-08-20T19:09:04,paris,1000,1000,0,ok,
2026-08-20T19:09:04,meaux,17,17,0,ok,
2026-08-20T19:09:04,chessy,86,71,0,ok,
2026-08-20T19:09:04,serris,67,2,0,ok,
2026-08-20T19:09:04,torcy,225,151,0,ok,
2026-08-20T19:27:06,paris,1000,1000,0,ok,
2026-08-20T19:27:06,meaux,17,17,0,ok,
2026-08-20T19:27:06,chessy,86,71,0,ok,
2026-08-20T19:27:06,serris,67,2,0,ok,
2026-08-20T19:27:06,torcy,225,151,0,ok,
2026-08-20T19:44:32,paris,1000,1000,0,ok,
2026-08-20T19:44:32,meaux,17,17,0,ok,
2026-08-20T19:44:32,chessy,86,71,0,ok,
2026-08-20T19:44:32,serris,67,2,0,ok,
2026-08-20T19:44:32,torcy,225,151,0,ok,
2026-08-20T19:53:44,paris,1000,1000,0,ok,
2026-08-20T19:53:44,meaux,17,17,0,ok,
2026-08-20T19:53:44,chessy,86,71,0,ok,
2026-08-20T19:53:44,serris,67,2,0,ok,
2026-08-20T19:53:44,torcy,225,151,0,ok,
2026-08-20T20:03:42,paris,1000,1000,0,ok,
2026-08-20T20:03:42,meaux,17,17,0,ok,
2026-08-20T20:03:42,chessy,86,71,0,ok,
2026-08-20T20:03:42,serris,67,2,0,ok,
2026-08-20T20:03:42,torcy,226,152,0,ok,
2026-08-20T20:23:39,paris,1000,1000,0,ok,
2026-08-20T20:23:39,meaux,17,17,0,ok,
2026-08-20T20:23:39,chessy,86,71,0,ok,
2026-08-20T20:23:39,serris,67,2,0,ok,
2026-08-20T20:23:39,torcy,226,152,0,ok,
2026-08-20T20:41:35,paris,1000,1000,0,ok,
2026-08-20T20:41:35,meaux,17,17,0,ok,
2026-08-20T20:41:35,chessy,86,71,0,ok,
2026-08-20T20:41:35,serris,67,2,0,ok,
2026-08-20T20:41:35,torcy,226,152,0,ok,
2026-08-20T20:53:38,paris,1000,1000,0,ok,
2026-08-20T20:53:38,meaux,17,17,0,ok,
2026-08-20T20:53:38,chessy,86,71,0,ok,
2026-08-20T20:53:38,serris,67,2,0,ok,
2026-08-20T20:53:38,torcy,226,152,0,ok,
2026-08-20T21:03:27,paris,1000,1000,0,ok,
2026-08-20T21:03:27,meaux,17,17,0,ok,
2026-08-20T21:03:27,chessy,86,71,0,ok,
2026-08-20T21:03:27,serris,67,2,0,ok,
2026-08-20T21:03:27,torcy,226,152,0,ok,
2026-08-20T21:23:41,paris,1000,1000,0,ok,
2026-08-20T21:23:41,meaux,17,17,0,ok,
2026-08-20T21:23:41,chessy,86,71,0,ok,
2026-08-20T21:23:41,serris,67,2,0,ok,
2026-08-20T21:23:41,torcy,226,152,0,ok,
2026-08-20T21:40:01,paris,1000,1000,0,ok,
2026-08-20T21:40:01,meaux,17,17,0,ok,
2026-08-20T21:40:01,chessy,86,71,0,ok,
2026-08-20T21:40:01,serris,67,2,0,ok,
2026-08-20T21:40:01,torcy,226,152,0,ok,
2026-08-20T22:01:23,paris,1000,1000,0,ok,
2026-08-20T22:01:23,meaux,17,17,0,ok,
2026-08-20T22:01:23,chessy,86,71,0,ok,
2026-08-20T22:01:23,serris,67,2,0,ok,
2026-08-20T22:01:23,torcy,226,152,0,ok,
2026-08-20T22:23:29,paris,1000,1000,0,ok,
2026-08-20T22:23:29,meaux,17,17,0,ok,
2026-08-20T22:23:29,chessy,86,71,0,ok,
2026-08-20T22:23:29,serris,67,2,0,ok,
2026-08-20T22:23:29,torcy,226,152,0,ok,
2026-08-20T22:41:00,paris,1000,1000,0,ok,
2026-08-20T22:41:00,meaux,17,17,0,ok,
2026-08-20T22:41:00,chessy,86,71,0,ok,
2026-08-20T22:41:00,serris,67,2,0,ok,
2026-08-20T22:41:00,torcy,226,152,0,ok,
2026-08-20T22:53:45,paris,1000,1000,0,ok,
2026-08-20T22:53:45,meaux,17,17,0,ok,
2026-08-20T22:53:45,chessy,86,71,0,ok,
2026-08-20T22:53:45,serris,67,2,0,ok,
2026-08-20T22:53:45,torcy,226,152,0,ok,
2026-08-20T23:10:56,paris,1000,1000,0,ok,
2026-08-20T23:10:56,meaux,17,17,0,ok,
2026-08-20T23:10:56,chessy,86,71,0,ok,
2026-08-20T23:10:56,serris,67,2,0,ok,
2026-08-20T23:10:56,torcy,226,152,0,ok,
2026-08-20T23:23:03,paris,1000,1000,0,ok,
2026-08-20T23:23:03,meaux,17,17,0,ok,
2026-08-20T23:23:03,chessy,86,71,0,ok,
2026-08-20T23:23:03,serris,67,2,0,ok,
2026-08-20T23:23:03,torcy,226,152,0,ok,
2026-08-20T23:39:21,paris,1000,1000,0,ok,
2026-08-20T23:39:21,meaux,17,17,0,ok,
2026-08-20T23:39:21,chessy,86,71,0,ok,
2026-08-20T23:39:21,serris,67,2,0,ok,
2026-08-20T23:39:21,torcy,226,152,0,ok,
2026-08-20T23:52:46,paris,1000,1000,0,ok,
2026-08-20T23:52:46,meaux,17,17,0,ok,
2026-08-20T23:52:46,chessy,85,70,0,ok,
2026-08-20T23:52:46,serris,66,2,0,ok,
2026-08-20T23:52:46,torcy,226,153,0,ok,
2026-08-21T00:09:28,paris,1000,1000,0,ok,
2026-08-21T00:09:28,meaux,17,17,0,ok,
2026-08-21T00:09:28,chessy,85,70,0,ok,
2026-08-21T00:09:28,serris,66,2,0,ok,
2026-08-21T00:09:28,torcy,225,152,0,ok,
2026-08-21T00:22:46,paris,1000,1000,0,ok,
2026-08-21T00:22:46,meaux,17,17,0,ok,
2026-08-21T00:22:46,chessy,85,70,0,ok,
2026-08-21T00:22:46,serris,66,2,0,ok,
2026-08-21T00:22:46,torcy,225,152,0,ok,
2026-08-21T00:38:10,paris,1000,1000,0,ok,
2026-08-21T00:38:10,meaux,17,17,0,ok,
2026-08-21T00:38:10,chessy,85,70,0,ok,
2026-08-21T00:38:10,serris,66,2,0,ok,
2026-08-21T00:38:10,torcy,225,152,0,ok,
2026-08-21T00:52:55,paris,1000,1000,0,ok,
2026-08-21T00:52:55,meaux,17,17,0,ok,
2026-08-21T00:52:55,chessy,85,70,0,ok,
2026-08-21T00:52:55,serris,66,2,0,ok,
2026-08-21T00:52:55,torcy,225,152,0,ok,
2026-08-21T01:07:04,paris,1000,1000,0,ok,
2026-08-21T01:07:04,meaux,17,17,0,ok,
2026-08-21T01:07:04,chessy,85,70,0,ok,
2026-08-21T01:07:04,serris,66,2,0,ok,
2026-08-21T01:07:04,torcy,225,152,0,ok,
2026-08-21T01:22:34,paris,1000,1000,0,ok,
2026-08-21T01:22:34,meaux,17,17,0,ok,
2026-08-21T01:22:34,chessy,85,70,0,ok,
2026-08-21T01:22:34,serris,66,2,0,ok,
2026-08-21T01:22:34,torcy,225,152,0,ok,
2026-08-21T01:37:53,paris,1000,1000,0,ok,
2026-08-21T01:37:53,meaux,17,17,0,ok,
2026-08-21T01:37:53,chessy,85,70,0,ok,
2026-08-21T01:37:53,serris,66,2,0,ok,
2026-08-21T01:37:53,torcy,225,152,0,ok,
2026-08-21T01:52:38,paris,1000,1000,0,ok,
2026-08-21T01:52:38,meaux,17,17,0,ok,
2026-08-21T01:52:38,chessy,85,70,0,ok,
2026-08-21T01:52:38,serris,66,2,0,ok,
2026-08-21T01:52:38,torcy,225,152,0,ok,
2026-08-21T02:13:40,paris,1000,1000,0,ok,
2026-08-21T02:13:40,meaux,17,17,0,ok,
2026-08-21T02:13:40,chessy,85,70,0,ok,
2026-08-21T02:13:40,serris,66,2,0,ok,
2026-08-21T02:13:40,torcy,225,152,0,ok,
2026-08-21T02:23:59,paris,1000,1000,0,ok,
2026-08-21T02:23:59,meaux,17,17,0,ok,
2026-08-21T02:23:59,chessy,85,70,0,ok,
2026-08-21T02:23:59,serris,66,2,0,ok,
2026-08-21T02:23:59,torcy,225,152,0,ok,
2026-08-21T02:32:15,paris,1000,1000,0,ok,
2026-08-21T02:32:15,meaux,17,17,0,ok,
2026-08-21T02:32:15,chessy,85,70,0,ok,
2026-08-21T02:32:15,serris,66,2,0,ok,
2026-08-21T02:32:15,torcy,225,152,0,ok,
2026-08-21T02:52:32,paris,1000,1000,0,ok,
2026-08-21T02:52:32,meaux,17,17,0,ok,
2026-08-21T02:52:32,chessy,85,70,0,ok,
2026-08-21T02:52:32,serris,66,2,0,ok,
2026-08-21T02:52:32,torcy,225,152,0,ok,
2026-08-21T03:08:00,paris,1000,1000,0,ok,
2026-08-21T03:08:00,meaux,17,17,0,ok,
2026-08-21T03:08:00,chessy,85,70,0,ok,
2026-08-21T03:08:00,serris,66,2,0,ok,
2026-08-21T03:08:00,torcy,225,152,0,ok,
2026-08-21T03:22:50,paris,1000,1000,0,ok,
2026-08-21T03:22:50,meaux,17,17,0,ok,
2026-08-21T03:22:50,chessy,85,70,0,ok,
2026-08-21T03:22:50,serris,66,2,0,ok,
2026-08-21T03:22:50,torcy,225,152,0,ok,
2026-08-21T03:36:21,paris,1000,1000,0,ok,
2026-08-21T03:36:21,meaux,17,17,0,ok,
2026-08-21T03:36:21,chessy,85,70,0,ok,
2026-08-21T03:36:21,serris,66,2,0,ok,
2026-08-21T03:36:21,torcy,225,152,0,ok,
2026-08-21T03:52:44,paris,1000,1000,0,ok,
2026-08-21T03:52:44,meaux,17,17,0,ok,
2026-08-21T03:52:44,chessy,85,70,0,ok,
2026-08-21T03:52:44,serris,66,2,0,ok,
2026-08-21T03:52:44,torcy,225,152,0,ok,
2026-08-21T04:08:06,paris,1000,1000,0,ok,
2026-08-21T04:08:06,meaux,17,17,0,ok,
2026-08-21T04:08:06,chessy,85,70,0,ok,
2026-08-21T04:08:06,serris,66,2,0,ok,
2026-08-21T04:08:06,torcy,225,152,0,ok,
2026-08-21T04:24:29,paris,1000,1000,0,ok,
2026-08-21T04:24:29,meaux,17,17,0,ok,
2026-08-21T04:24:29,chessy,85,70,0,ok,
2026-08-21T04:24:29,serris,66,2,0,ok,
2026-08-21T04:24:29,torcy,225,152,0,ok,
2026-08-21T04:38:01,paris,1000,1000,0,ok,
2026-08-21T04:38:01,meaux,17,17,0,ok,
2026-08-21T04:38:01,chessy,85,70,0,ok,
2026-08-21T04:38:01,serris,66,2,0,ok,
2026-08-21T04:38:01,torcy,225,152,0,ok,
2026-08-21T04:53:01,paris,1000,1000,0,ok,
2026-08-21T04:53:01,meaux,17,17,0,ok,
2026-08-21T04:53:01,chessy,85,70,0,ok,
2026-08-21T04:53:01,serris,66,2,0,ok,
2026-08-21T04:53:01,torcy,225,152,0,ok,
2026-08-21T05:08:22,paris,1000,1000,0,ok,
2026-08-21T05:08:22,meaux,17,17,0,ok,
2026-08-21T05:08:22,chessy,85,70,0,ok,
2026-08-21T05:08:22,serris,66,2,0,ok,
2026-08-21T05:08:22,torcy,225,152,0,ok,
2026-08-21T05:24:39,paris,1000,1000,0,ok,
2026-08-21T05:24:39,meaux,17,17,0,ok,
2026-08-21T05:24:39,chessy,85,70,0,ok,
2026-08-21T05:24:39,serris,66,2,0,ok,
2026-08-21T05:24:39,torcy,225,152,0,ok,
2026-08-21T05:37:51,paris,1000,1000,0,ok,
2026-08-21T05:37:51,meaux,17,17,0,ok,
2026-08-21T05:37:51,chessy,85,70,0,ok,
2026-08-21T05:37:51,serris,66,2,0,ok,
2026-08-21T05:37:51,torcy,225,152,0,ok,
2026-08-21T05:52:30,paris,1000,1000,0,ok,
2026-08-21T05:52:30,meaux,17,17,0,ok,
2026-08-21T05:52:30,chessy,85,70,0,ok,
2026-08-21T05:52:30,serris,66,2,0,ok,
2026-08-21T05:52:30,torcy,225,152,0,ok,
2026-08-21T06:04:51,paris,1000,1000,0,ok,
2026-08-21T06:04:51,meaux,17,17,0,ok,
2026-08-21T06:04:51,chessy,85,70,0,ok,
2026-08-21T06:04:51,serris,66,2,0,ok,
2026-08-21T06:04:51,torcy,225,152,0,ok,
2026-08-21T06:22:56,paris,1000,1000,0,ok,
2026-08-21T06:22:56,meaux,17,17,0,ok,
2026-08-21T06:22:56,chessy,85,70,0,ok,
2026-08-21T06:22:56,serris,66,2,0,ok,
2026-08-21T06:22:56,torcy,225,152,0,ok,
2026-08-21T06:38:17,paris,1000,1000,0,ok,
2026-08-21T06:38:17,meaux,17,17,0,ok,
2026-08-21T06:38:17,chessy,85,70,0,ok,
2026-08-21T06:38:17,serris,66,2,0,ok,
2026-08-21T06:38:17,torcy,225,152,0,ok,
2026-08-21T06:51:21,paris,1000,1000,0,ok,
2026-08-21T06:51:21,meaux,17,17,0,ok,
2026-08-21T06:51:21,chessy,85,70,0,ok,
2026-08-21T06:51:21,serris,66,2,0,ok,
2026-08-21T06:51:21,torcy,225,152,0,ok,
2026-08-21T07:08:35,paris,1000,1000,0,ok,
2026-08-21T07:08:35,meaux,17,17,0,ok,
2026-08-21T07:08:35,chessy,85,70,0,ok,
2026-08-21T07:08:35,serris,66,2,0,ok,
2026-08-21T07:08:35,torcy,225,152,0,ok,
2026-08-21T07:25:40,paris,1000,1000,0,ok,
2026-08-21T07:25:40,meaux,17,17,0,ok,
2026-08-21T07:25:40,chessy,85,70,0,ok,
2026-08-21T07:25:40,serris,66,2,0,ok,
2026-08-21T07:25:40,torcy,225,152,0,ok,
2026-08-21T07:38:31,paris,1000,1000,0,ok,
2026-08-21T07:38:31,meaux,17,17,0,ok,
2026-08-21T07:38:31,chessy,85,70,0,ok,
2026-08-21T07:38:31,serris,66,2,0,ok,
2026-08-21T07:38:31,torcy,225,152,0,ok,
2026-08-21T07:54:34,paris,1000,1000,0,ok,
2026-08-21T07:54:34,meaux,17,17,0,ok,
2026-08-21T07:54:34,chessy,85,70,0,ok,
2026-08-21T07:54:34,serris,66,2,0,ok,
2026-08-21T07:54:34,torcy,225,152,0,ok,
2026-08-21T08:08:36,paris,1000,1000,0,ok,
2026-08-21T08:08:36,meaux,17,17,0,ok,
2026-08-21T08:08:36,chessy,85,70,0,ok,
2026-08-21T08:08:36,serris,66,2,0,ok,
2026-08-21T08:08:36,torcy,225,152,0,ok,
2026-08-21T08:22:57,paris,1000,1000,0,ok,
2026-08-21T08:22:57,meaux,17,17,0,ok,
2026-08-21T08:22:57,chessy,85,70,0,ok,
2026-08-21T08:22:57,serris,66,2,0,ok,
2026-08-21T08:22:57,torcy,225,152,0,ok,
2026-08-21T08:38:28,paris,1000,1000,0,ok,
2026-08-21T08:38:28,meaux,17,17,0,ok,
2026-08-21T08:38:28,chessy,85,70,0,ok,
2026-08-21T08:38:28,serris,66,2,0,ok,
2026-08-21T08:38:28,torcy,225,152,0,ok,
2026-08-21T08:55:36,paris,1000,1000,0,ok,
2026-08-21T08:55:36,meaux,17,17,0,ok,
2026-08-21T08:55:36,chessy,85,70,0,ok,
2026-08-21T08:55:36,serris,66,2,0,ok,
2026-08-21T08:55:36,torcy,225,152,0,ok,
2026-08-21T09:08:54,paris,1000,1000,0,ok,
2026-08-21T09:08:54,meaux,17,17,0,ok,
2026-08-21T09:08:54,chessy,85,70,0,ok,
2026-08-21T09:08:54,serris,66,2,0,ok,
2026-08-21T09:08:54,torcy,225,152,0,ok,
2026-08-21T09:23:27,paris,1000,1000,0,ok,
2026-08-21T09:23:27,meaux,17,17,0,ok,
2026-08-21T09:23:27,chessy,85,70,0,ok,
2026-08-21T09:23:27,serris,66,2,0,ok,
2026-08-21T09:23:27,torcy,225,152,0,ok,
2026-08-21T09:38:19,paris,1000,1000,0,ok,
2026-08-21T09:38:19,meaux,17,17,0,ok,
2026-08-21T09:38:19,chessy,85,70,0,ok,
2026-08-21T09:38:19,serris,66,2,0,ok,
2026-08-21T09:38:19,torcy,225,152,0,ok,
2026-08-21T09:57:31,paris,1000,1000,0,ok,
2026-08-21T09:57:31,meaux,17,17,0,ok,
2026-08-21T09:57:31,chessy,85,70,0,ok,
2026-08-21T09:57:31,serris,66,2,0,ok,
2026-08-21T09:57:31,torcy,225,152,0,ok,
2026-08-21T10:14:23,paris,1000,1000,0,ok,
2026-08-21T10:14:23,meaux,17,17,0,ok,
2026-08-21T10:14:23,chessy,85,70,0,ok,
2026-08-21T10:14:23,serris,66,2,0,ok,
2026-08-21T10:14:23,torcy,225,152,0,ok,
2026-08-21T10:23:32,paris,1000,1000,0,ok,
2026-08-21T10:23:32,meaux,17,17,0,ok,
2026-08-21T10:23:32,chessy,85,70,0,ok,
2026-08-21T10:23:32,serris,66,2,0,ok,
2026-08-21T10:23:32,torcy,225,152,0,ok,
2026-08-21T10:39:53,paris,1000,1000,0,ok,
2026-08-21T10:39:53,meaux,17,17,0,ok,
2026-08-21T10:39:53,chessy,85,70,0,ok,
2026-08-21T10:39:53,serris,66,2,0,ok,
2026-08-21T10:39:53,torcy,225,152,0,ok,
2026-08-21T10:53:17,paris,1000,1000,0,ok,
2026-08-21T10:53:17,meaux,17,17,0,ok,
2026-08-21T10:53:17,chessy,85,70,0,ok,
2026-08-21T10:53:17,serris,66,2,0,ok,
2026-08-21T10:53:17,torcy,225,152,0,ok,
2026-08-21T11:04:02,paris,1000,1000,0,ok,
2026-08-21T11:04:02,meaux,17,17,0,ok,
2026-08-21T11:04:02,chessy,85,70,0,ok,
2026-08-21T11:04:02,serris,66,2,0,ok,
2026-08-21T11:04:02,torcy,225,152,0,ok,
2026-08-21T11:23:00,paris,1000,1000,0,ok,
2026-08-21T11:23:00,meaux,17,17,0,ok,
2026-08-21T11:23:00,chessy,85,70,0,ok,
2026-08-21T11:23:00,serris,66,2,0,ok,
2026-08-21T11:23:00,torcy,225,152,0,ok,
2026-08-21T11:39:14,paris,1000,1000,0,ok,
2026-08-21T11:39:14,meaux,17,17,0,ok,
2026-08-21T11:39:14,chessy,85,70,0,ok,
2026-08-21T11:39:14,serris,66,2,0,ok,
2026-08-21T11:39:14,torcy,226,153,0,ok,
2026-08-21T11:52:53,paris,1000,1000,0,ok,
2026-08-21T11:52:53,meaux,17,17,0,ok,
2026-08-21T11:52:53,chessy,85,70,0,ok,
2026-08-21T11:52:53,serris,66,2,0,ok,
2026-08-21T11:52:53,torcy,226,153,0,ok,
2026-08-21T12:09:44,paris,1000,1000,0,ok,
2026-08-21T12:09:44,meaux,17,17,0,ok,
2026-08-21T12:09:44,chessy,85,70,0,ok,
2026-08-21T12:09:44,serris,66,2,0,ok,
2026-08-21T12:09:44,torcy,226,153,0,ok,
2026-08-21T12:23:34,paris,1000,1000,0,ok,
2026-08-21T12:23:34,meaux,17,17,0,ok,
2026-08-21T12:23:34,chessy,85,70,0,ok,
2026-08-21T12:23:34,serris,66,2,0,ok,
2026-08-21T12:23:34,torcy,226,153,0,ok,
2026-08-21T12:38:46,paris,1000,1000,0,ok,
2026-08-21T12:38:46,meaux,17,17,0,ok,
2026-08-21T12:38:46,chessy,85,70,0,ok,
2026-08-21T12:38:46,serris,66,2,0,ok,
2026-08-21T12:38:46,torcy,226,153,0,ok,
2026-08-21T12:55:36,paris,1000,1000,0,ok,
2026-08-21T12:55:36,meaux,17,17,0,ok,
2026-08-21T12:55:36,chessy,85,70,0,ok,
2026-08-21T12:55:36,serris,66,2,0,ok,
2026-08-21T12:55:36,torcy,226,153,0,ok,
2026-08-21T13:08:27,paris,1000,1000,0,ok,
2026-08-21T13:08:27,meaux,17,17,0,ok,
2026-08-21T13:08:27,chessy,85,70,0,ok,
2026-08-21T13:08:27,serris,66,2,0,ok,
2026-08-21T13:08:27,torcy,226,153,0,ok,
2026-08-21T13:27:57,paris,1000,1000,0,ok,
2026-08-21T13:27:57,meaux,17,17,0,ok,
2026-08-21T13:27:57,chessy,85,70,0,ok,
2026-08-21T13:27:57,serris,66,2,0,ok,
2026-08-21T13:27:57,torcy,226,153,0,ok,
2026-08-21T13:38:47,paris,1000,1000,0,ok,
2026-08-21T13:38:47,meaux,17,17,0,ok,
2026-08-21T13:38:47,chessy,85,70,0,ok,
2026-08-21T13:38:47,serris,66,2,0,ok,
2026-08-21T13:38:47,torcy,226,153,0,ok,
2026-08-21T13:48:23,paris,1000,1000,0,ok,
2026-08-21T13:48:23,meaux,17,17,0,ok,
2026-08-21T13:48:23,chessy,85,70,0,ok,
2026-08-21T13:48:23,serris,66,2,0,ok,
2026-08-21T13:48:23,torcy,226,153,0,ok,
2026-08-21T14:08:38,paris,1000,1000,0,ok,
2026-08-21T14:08:38,meaux,17,17,0,ok,
2026-08-21T14:08:38,chessy,85,70,0,ok,
2026-08-21T14:08:38,serris,66,2,0,ok,
2026-08-21T14:08:38,torcy,226,153,0,ok,
2026-08-21T14:23:56,paris,1000,1000,0,ok,
2026-08-21T14:23:56,meaux,17,17,0,ok,
2026-08-21T14:23:56,chessy,85,70,0,ok,
2026-08-21T14:23:56,serris,66,2,0,ok,
2026-08-21T14:23:56,torcy,226,153,0,ok,
2026-08-21T14:37:12,paris,1000,1000,0,ok,
2026-08-21T14:37:12,meaux,17,17,0,ok,
2026-08-21T14:37:12,chessy,85,70,0,ok,
2026-08-21T14:37:12,serris,66,2,0,ok,
2026-08-21T14:37:12,torcy,226,153,0,ok,
2026-08-21T14:54:23,paris,1000,1000,0,ok,
2026-08-21T14:54:23,meaux,17,17,0,ok,
2026-08-21T14:54:23,chessy,85,70,0,ok,
2026-08-21T14:54:23,serris,66,2,0,ok,
2026-08-21T14:54:23,torcy,226,153,0,ok,
2026-08-21T15:09:34,paris,1000,1000,0,ok,
2026-08-21T15:09:34,meaux,17,17,0,ok,
2026-08-21T15:09:34,chessy,85,70,0,ok,
2026-08-21T15:09:34,serris,66,2,0,ok,
2026-08-21T15:09:34,torcy,226,153,0,ok,
2026-08-21T15:26:37,paris,1000,1000,0,ok,
2026-08-21T15:26:37,meaux,17,17,0,ok,
2026-08-21T15:26:37,chessy,85,70,0,ok,
2026-08-21T15:26:37,serris,66,2,0,ok,
2026-08-21T15:26:37,torcy,226,153,0,ok,
2026-08-21T15:38:46,paris,1000,1000,0,ok,
2026-08-21T15:38:46,meaux,17,17,0,ok,
2026-08-21T15:38:46,chessy,85,70,0,ok,
2026-08-21T15:38:46,serris,66,2,0,ok,
2026-08-21T15:38:46,torcy,226,153,0,ok,
2026-08-21T15:53:08,paris,1000,1000,0,ok,
2026-08-21T15:53:08,meaux,17,17,0,ok,
2026-08-21T15:53:08,chessy,85,70,0,ok,
2026-08-21T15:53:08,serris,66,2,0,ok,
2026-08-21T15:53:08,torcy,226,153,0,ok,
2026-08-21T16:11:04,paris,1000,1000,0,ok,
2026-08-21T16:11:04,meaux,17,17,0,ok,
2026-08-21T16:11:04,chessy,85,70,0,ok,
2026-08-21T16:11:04,serris,66,2,0,ok,
2026-08-21T16:11:04,torcy,226,153,0,ok,
2026-08-21T16:23:14,paris,1000,1000,0,ok,
2026-08-21T16:23:14,meaux,17,17,0,ok,
2026-08-21T16:23:14,chessy,85,70,0,ok,
2026-08-21T16:23:14,serris,66,2,0,ok,
2026-08-21T16:23:14,torcy,226,153,0,ok,
2026-08-21T16:38:19,paris,1000,1000,0,ok,
2026-08-21T16:38:19,meaux,17,17,0,ok,
2026-08-21T16:38:19,chessy,85,70,0,ok,
2026-08-21T16:38:19,serris,66,2,0,ok,
2026-08-21T16:38:19,torcy,226,153,0,ok,
2026-08-21T16:55:21,paris,1000,1000,0,ok,
2026-08-21T16:55:21,meaux,17,17,0,ok,
2026-08-21T16:55:21,chessy,85,70,0,ok,
2026-08-21T16:55:21,serris,66,2,0,ok,
2026-08-21T16:55:21,torcy,226,153,0,ok,
2026-08-21T17:08:52,paris,1000,1000,0,ok,
2026-08-21T17:08:52,meaux,17,17,0,ok,
2026-08-21T17:08:52,chessy,85,70,0,ok,
2026-08-21T17:08:52,serris,66,2,0,ok,
2026-08-21T17:08:52,torcy,226,153,0,ok,
2026-08-21T17:23:40,paris,1000,1000,0,ok,
2026-08-21T17:23:40,meaux,17,17,0,ok,
2026-08-21T17:23:40,chessy,85,70,0,ok,
2026-08-21T17:23:40,serris,66,2,0,ok,
2026-08-21T17:23:40,torcy,226,153,0,ok,
2026-08-21T17:40:25,paris,1000,1000,0,ok,
2026-08-21T17:40:25,meaux,17,17,0,ok,
2026-08-21T17:40:25,chessy,85,70,0,ok,
2026-08-21T17:40:25,serris,66,2,0,ok,
2026-08-21T17:40:25,torcy,226,153,0,ok,
2026-08-21T17:53:27,paris,1000,1000,0,ok,
2026-08-21T17:53:27,meaux,17,17,0,ok,
2026-08-21T17:53:27,chessy,85,70,0,ok,
2026-08-21T17:53:27,serris,66,2,0,ok,
2026-08-21T17:53:27,torcy,226,153,0,ok,
2026-08-21T18:02:40,paris,1000,1000,0,ok,
2026-08-21T18:02:40,meaux,17,17,0,ok,
2026-08-21T18:02:40,chessy,85,70,0,ok,
2026-08-21T18:02:40,serris,66,2,0,ok,
2026-08-21T18:02:40,torcy,226,153,0,ok,
2026-08-21T18:23:02,paris,1000,1000,0,ok,
2026-08-21T18:23:02,meaux,17,17,0,ok,
2026-08-21T18:23:02,chessy,85,70,0,ok,
2026-08-21T18:23:02,serris,66,2,0,ok,
2026-08-21T18:23:02,torcy,226,153,0,ok,
2026-08-21T18:37:23,paris,1000,1000,0,ok,
2026-08-21T18:37:23,meaux,17,17,0,ok,
2026-08-21T18:37:23,chessy,85,70,0,ok,
2026-08-21T18:37:23,serris,66,2,0,ok,
2026-08-21T18:37:23,torcy,226,153,0,ok,
2026-08-21T18:54:39,paris,1000,1000,0,ok,
2026-08-21T18:54:39,meaux,17,17,0,ok,
2026-08-21T18:54:39,chessy,85,70,0,ok,
2026-08-21T18:54:39,serris,66,2,0,ok,
2026-08-21T18:54:39,torcy,226,153,0,ok,
2026-08-21T19:14:10,paris,1000,1000,0,ok,
2026-08-21T19:14:10,meaux,17,17,0,ok,
2026-08-21T19:14:10,chessy,85,70,0,ok,
2026-08-21T19:14:10,serris,66,2,0,ok,
2026-08-21T19:14:10,torcy,226,153,0,ok,
2026-08-21T19:30:48,paris,1000,1000,0,ok,
2026-08-21T19:30:48,meaux,17,17,0,ok,
2026-08-21T19:30:48,chessy,85,70,0,ok,
2026-08-21T19:30:48,serris,66,2,0,ok,
2026-08-21T19:30:48,torcy,226,153,0,ok,
2026-08-21T19:53:50,paris,1000,1000,0,ok,
2026-08-21T19:53:50,meaux,17,17,0,ok,
2026-08-21T19:53:50,chessy,85,70,0,ok,
2026-08-21T19:53:50,serris,66,2,0,ok,
2026-08-21T19:53:50,torcy,226,153,0,ok,
2026-08-21T20:10:32,paris,1000,1000,0,ok,
2026-08-21T20:10:32,meaux,17,17,0,ok,
2026-08-21T20:10:32,chessy,85,70,0,ok,
2026-08-21T20:10:32,serris,66,2,0,ok,
2026-08-21T20:10:32,torcy,226,153,0,ok,
2026-08-21T20:23:23,paris,1000,1000,0,ok,
2026-08-21T20:23:23,meaux,17,17,0,ok,
2026-08-21T20:23:23,chessy,85,70,0,ok,
2026-08-21T20:23:23,serris,66,2,0,ok,
2026-08-21T20:23:23,torcy,226,153,0,ok,
2026-08-21T20:39:37,paris,1000,1000,0,ok,
2026-08-21T20:39:37,meaux,17,17,0,ok,
2026-08-21T20:39:37,chessy,85,70,0,ok,
2026-08-21T20:39:37,serris,66,2,0,ok,
2026-08-21T20:39:37,torcy,226,153,0,ok,
2026-08-21T20:53:34,paris,1000,1000,0,ok,
2026-08-21T20:53:34,meaux,17,17,0,ok,
2026-08-21T20:53:34,chessy,85,70,0,ok,
2026-08-21T20:53:34,serris,66,2,0,ok,
2026-08-21T20:53:34,torcy,226,153,0,ok,
2026-08-21T21:09:29,paris,1000,1000,0,ok,
2026-08-21T21:09:29,meaux,17,17,0,ok,
2026-08-21T21:09:29,chessy,85,70,0,ok,
2026-08-21T21:09:29,serris,66,2,0,ok,
2026-08-21T21:09:29,torcy,226,153,0,ok,
2026-08-21T21:23:11,paris,1000,1000,0,ok,
2026-08-21T21:23:11,meaux,17,17,0,ok,
2026-08-21T21:23:11,chessy,85,70,0,ok,
2026-08-21T21:23:11,serris,66,2,0,ok,
2026-08-21T21:23:11,torcy,226,153,0,ok,
2026-08-21T21:39:57,paris,1000,1000,0,ok,
2026-08-21T21:39:57,meaux,17,17,0,ok,
2026-08-21T21:39:57,chessy,85,70,0,ok,
2026-08-21T21:39:57,serris,66,2,0,ok,
2026-08-21T21:39:57,torcy,226,153,0,ok,
2026-08-21T21:57:11,paris,1000,1000,0,ok,
2026-08-21T21:57:11,meaux,17,17,0,ok,
2026-08-21T21:57:11,chessy,85,70,0,ok,
2026-08-21T21:57:11,serris,66,2,0,ok,
2026-08-21T21:57:11,torcy,226,153,0,ok,
2026-08-21T22:08:17,paris,1000,1000,0,ok,
2026-08-21T22:08:17,meaux,17,17,0,ok,
2026-08-21T22:08:17,chessy,85,70,0,ok,
2026-08-21T22:08:17,serris,66,2,0,ok,
2026-08-21T22:08:17,torcy,226,153,0,ok,
2026-08-21T22:22:42,paris,1000,1000,0,ok,
2026-08-21T22:22:42,meaux,17,17,0,ok,
2026-08-21T22:22:42,chessy,85,70,0,ok,
2026-08-21T22:22:42,serris,66,2,0,ok,
2026-08-21T22:22:42,torcy,226,153,0,ok,
2026-08-21T22:39:00,paris,1000,1000,0,ok,
2026-08-21T22:39:00,meaux,17,17,0,ok,
2026-08-21T22:39:00,chessy,85,70,0,ok,
2026-08-21T22:39:00,serris,66,2,0,ok,
2026-08-21T22:39:00,torcy,226,153,0,ok,
2026-08-21T22:52:54,paris,1000,1000,0,ok,
2026-08-21T22:52:54,meaux,17,17,0,ok,
2026-08-21T22:52:54,chessy,85,70,0,ok,
2026-08-21T22:52:54,serris,66,2,0,ok,
2026-08-21T22:52:54,torcy,226,153,0,ok,
2026-08-21T23:11:48,paris,1000,1000,0,ok,
2026-08-21T23:11:48,meaux,17,17,0,ok,
2026-08-21T23:11:48,chessy,85,70,0,ok,
2026-08-21T23:11:48,serris,66,2,0,ok,
2026-08-21T23:11:48,torcy,226,153,0,ok,
2026-08-21T23:22:31,paris,1000,1000,0,ok,
2026-08-21T23:22:31,meaux,17,17,0,ok,
2026-08-21T23:22:31,chessy,85,70,0,ok,
2026-08-21T23:22:31,serris,66,2,0,ok,
2026-08-21T23:22:31,torcy,226,153,0,ok,
2026-08-21T23:38:26,paris,1000,1000,0,ok,
2026-08-21T23:38:26,meaux,17,17,0,ok,
2026-08-21T23:38:26,chessy,85,70,0,ok,
2026-08-21T23:38:26,serris,66,2,0,ok,
2026-08-21T23:38:26,torcy,226,153,0,ok,
2026-08-21T23:54:49,paris,1000,1000,0,ok,
2026-08-21T23:54:49,meaux,17,17,0,ok,
2026-08-21T23:54:49,chessy,85,70,0,ok,
2026-08-21T23:54:49,serris,66,2,0,ok,
2026-08-21T23:54:49,torcy,226,153,0,ok,
2026-08-22T00:10:26,paris,1000,1000,0,ok,
2026-08-22T00:10:26,meaux,17,17,0,ok,
2026-08-22T00:10:26,chessy,85,70,0,ok,
2026-08-22T00:10:26,serris,66,2,0,ok,
2026-08-22T00:10:26,torcy,226,153,0,ok,
2026-08-22T00:22:36,paris,1000,1000,0,ok,
2026-08-22T00:22:36,meaux,17,17,0,ok,
2026-08-22T00:22:36,chessy,85,70,0,ok,
2026-08-22T00:22:36,serris,66,2,0,ok,
2026-08-22T00:22:36,torcy,226,153,0,ok,
2026-08-22T00:37:58,paris,1000,1000,0,ok,
2026-08-22T00:37:58,meaux,17,17,0,ok,
2026-08-22T00:37:58,chessy,85,70,0,ok,
2026-08-22T00:37:58,serris,66,2,0,ok,
2026-08-22T00:37:58,torcy,226,153,0,ok,
2026-08-22T00:52:36,paris,1000,1000,0,ok,
2026-08-22T00:52:36,meaux,17,17,0,ok,
2026-08-22T00:52:36,chessy,85,70,0,ok,
2026-08-22T00:52:36,serris,66,2,0,ok,
2026-08-22T00:52:36,torcy,226,153,0,ok,
2026-08-22T01:02:57,paris,1000,1000,0,ok,
2026-08-22T01:02:57,meaux,17,17,0,ok,
2026-08-22T01:02:57,chessy,85,70,0,ok,
2026-08-22T01:02:57,serris,66,2,0,ok,
2026-08-22T01:02:57,torcy,226,153,0,ok,
2026-08-22T01:22:53,paris,1000,1000,0,ok,
2026-08-22T01:22:53,meaux,17,17,0,ok,
2026-08-22T01:22:53,chessy,85,70,0,ok,
2026-08-22T01:22:53,serris,66,2,0,ok,
2026-08-22T01:22:53,torcy,226,153,0,ok,
2026-08-22T01:38:33,paris,1000,1000,0,ok,
2026-08-22T01:38:33,meaux,17,17,0,ok,
2026-08-22T01:38:33,chessy,85,70,0,ok,
2026-08-22T01:38:33,serris,66,2,0,ok,
2026-08-22T01:38:33,torcy,226,153,0,ok,
2026-08-22T01:52:53,paris,1000,1000,0,ok,
2026-08-22T01:52:53,meaux,17,17,0,ok,
2026-08-22T01:52:53,chessy,85,70,0,ok,
2026-08-22T01:52:53,serris,66,2,0,ok,
2026-08-22T01:52:53,torcy,226,153,0,ok,
2026-08-22T02:08:11,paris,1000,1000,0,ok,
2026-08-22T02:08:11,meaux,17,17,0,ok,
2026-08-22T02:08:11,chessy,85,70,0,ok,
2026-08-22T02:08:11,serris,66,2,0,ok,
2026-08-22T02:08:11,torcy,226,153,0,ok,
2026-08-22T02:21:52,paris,1000,1000,0,ok,
2026-08-22T02:21:52,meaux,17,17,0,ok,
2026-08-22T02:21:52,chessy,85,70,0,ok,
2026-08-22T02:21:52,serris,66,2,0,ok,
2026-08-22T02:21:52,torcy,226,153,0,ok,
2026-08-22T02:37:59,paris,1000,1000,0,ok,
2026-08-22T02:37:59,meaux,17,17,0,ok,
2026-08-22T02:37:59,chessy,85,70,0,ok,
2026-08-22T02:37:59,serris,66,2,0,ok,
2026-08-22T02:37:59,torcy,226,153,0,ok,
2026-08-22T02:53:30,paris,1000,1000,0,ok,
2026-08-22T02:53:30,meaux,17,17,0,ok,
2026-08-22T02:53:30,chessy,85,70,0,ok,
2026-08-22T02:53:30,serris,66,2,0,ok,
2026-08-22T02:53:30,torcy,226,153,0,ok,
2026-08-22T03:07:55,paris,1000,1000,0,ok,
2026-08-22T03:07:55,meaux,17,17,0,ok,
2026-08-22T03:07:55,chessy,85,70,0,ok,
2026-08-22T03:07:55,serris,66,2,0,ok,
2026-08-22T03:07:55,torcy,226,153,0,ok,
2026-08-22T03:21:31,paris,1000,1000,0,ok,
2026-08-22T03:21:31,meaux,17,17,0,ok,
2026-08-22T03:21:31,chessy,85,70,0,ok,
2026-08-22T03:21:31,serris,66,2,0,ok,
2026-08-22T03:21:31,torcy,226,153,0,ok,
2026-08-22T03:38:26,paris,1000,1000,0,ok,
2026-08-22T03:38:26,meaux,17,17,0,ok,
2026-08-22T03:38:26,chessy,85,70,0,ok,
2026-08-22T03:38:26,serris,66,2,0,ok,
2026-08-22T03:38:26,torcy,226,153,0,ok,
2026-08-22T03:53:15,paris,1000,1000,0,ok,
2026-08-22T03:53:15,meaux,17,17,0,ok,
2026-08-22T03:53:15,chessy,85,70,0,ok,
2026-08-22T03:53:15,serris,66,2,0,ok,
2026-08-22T03:53:15,torcy,226,153,0,ok,
2026-08-22T04:13:54,paris,1000,1000,0,ok,
2026-08-22T04:13:54,meaux,17,17,0,ok,
2026-08-22T04:13:54,chessy,85,70,0,ok,
2026-08-22T04:13:54,serris,66,2,0,ok,
2026-08-22T04:13:54,torcy,226,153,0,ok,
2026-08-22T04:22:53,paris,1000,1000,0,ok,
2026-08-22T04:22:53,meaux,17,17,0,ok,
2026-08-22T04:22:53,chessy,85,70,0,ok,
2026-08-22T04:22:53,serris,66,2,0,ok,
2026-08-22T04:22:53,torcy,226,153,0,ok,
2026-08-22T04:37:28,paris,1000,1000,0,ok,
2026-08-22T04:37:28,meaux,17,17,0,ok,
2026-08-22T04:37:28,chessy,85,70,0,ok,
2026-08-22T04:37:28,serris,66,2,0,ok,
2026-08-22T04:37:28,torcy,226,153,0,ok,
2026-08-22T04:52:13,paris,1000,1000,0,ok,
2026-08-22T04:52:13,meaux,17,17,0,ok,
2026-08-22T04:52:13,chessy,85,70,0,ok,
2026-08-22T04:52:13,serris,66,2,0,ok,
2026-08-22T04:52:13,torcy,226,153,0,ok,
2026-08-22T05:05:15,paris,1000,1000,0,ok,
2026-08-22T05:05:15,meaux,17,17,0,ok,
2026-08-22T05:05:15,chessy,85,70,0,ok,
2026-08-22T05:05:15,serris,66,2,0,ok,
2026-08-22T05:05:15,torcy,226,153,0,ok,
2026-08-22T05:23:06,paris,1000,1000,0,ok,
2026-08-22T05:23:06,meaux,17,17,0,ok,
2026-08-22T05:23:06,chessy,85,70,0,ok,
2026-08-22T05:23:06,serris,66,2,0,ok,
2026-08-22T05:23:06,torcy,226,153,0,ok,
2026-08-22T05:37:33,paris,1000,1000,0,ok,
2026-08-22T05:37:33,meaux,17,17,0,ok,
2026-08-22T05:37:33,chessy,85,70,0,ok,
2026-08-22T05:37:33,serris,66,2,0,ok,
2026-08-22T05:37:33,torcy,226,153,0,ok,
2026-08-22T05:53:14,paris,1000,1000,0,ok,
2026-08-22T05:53:14,meaux,17,17,0,ok,
2026-08-22T05:53:14,chessy,85,70,0,ok,
2026-08-22T05:53:14,serris,66,2,0,ok,
2026-08-22T05:53:14,torcy,226,153,0,ok,
2026-08-22T06:07:39,paris,1000,1000,0,ok,
2026-08-22T06:07:39,meaux,17,17,0,ok,
2026-08-22T06:07:39,chessy,85,70,0,ok,
2026-08-22T06:07:39,serris,66,2,0,ok,
2026-08-22T06:07:39,torcy,226,153,0,ok,
2026-08-22T06:22:35,paris,1000,1000,0,ok,
2026-08-22T06:22:35,meaux,17,17,0,ok,
2026-08-22T06:22:35,chessy,85,70,0,ok,
2026-08-22T06:22:35,serris,66,2,0,ok,
2026-08-22T06:22:35,torcy,226,153,0,ok,
2026-08-22T06:37:51,paris,1000,1000,0,ok,
2026-08-22T06:37:51,meaux,17,17,0,ok,
2026-08-22T06:37:51,chessy,85,70,0,ok,
2026-08-22T06:37:51,serris,66,2,0,ok,
2026-08-22T06:37:51,torcy,226,153,0,ok,
2026-08-22T06:53:22,paris,1000,1000,0,ok,
2026-08-22T06:53:22,meaux,17,17,0,ok,
2026-08-22T06:53:22,chessy,85,70,0,ok,
2026-08-22T06:53:22,serris,66,2,0,ok,
2026-08-22T06:53:22,torcy,226,153,0,ok,
2026-08-22T07:15:28,paris,1000,1000,0,ok,
2026-08-22T07:15:28,meaux,17,17,0,ok,
2026-08-22T07:15:28,chessy,85,70,0,ok,
2026-08-22T07:15:28,serris,66,2,0,ok,
2026-08-22T07:15:28,torcy,226,153,0,ok,
2026-08-22T07:34:03,paris,1000,1000,0,ok,
2026-08-22T07:34:03,meaux,17,17,0,ok,
2026-08-22T07:34:03,chessy,85,70,0,ok,
2026-08-22T07:34:03,serris,66,2,0,ok,
2026-08-22T07:34:03,torcy,226,153,0,ok,
2026-08-22T07:52:21,paris,1000,1000,0,ok,
2026-08-22T07:52:21,meaux,17,17,0,ok,
2026-08-22T07:52:21,chessy,85,70,0,ok,
2026-08-22T07:52:21,serris,66,2,0,ok,
2026-08-22T07:52:21,torcy,226,153,0,ok,
2026-08-22T08:01:13,paris,1000,1000,0,ok,
2026-08-22T08:01:13,meaux,17,17,0,ok,
2026-08-22T08:01:13,chessy,85,70,0,ok,
2026-08-22T08:01:13,serris,66,2,0,ok,
2026-08-22T08:01:13,torcy,226,153,0,ok,
2026-08-22T08:23:04,paris,1000,1000,0,ok,
2026-08-22T08:23:04,meaux,17,17,0,ok,
2026-08-22T08:23:04,chessy,85,70,0,ok,
2026-08-22T08:23:04,serris,66,2,0,ok,
2026-08-22T08:23:04,torcy,226,153,0,ok,
2026-08-22T08:39:18,paris,1000,1000,0,ok,
2026-08-22T08:39:18,meaux,17,17,0,ok,
2026-08-22T08:39:18,chessy,85,70,0,ok,
2026-08-22T08:39:18,serris,66,2,0,ok,
2026-08-22T08:39:18,torcy,226,153,0,ok,
2026-08-22T08:53:31,paris,1000,1000,0,ok,
2026-08-22T08:53:31,meaux,17,17,0,ok,
2026-08-22T08:53:31,chessy,85,70,0,ok,
2026-08-22T08:53:31,serris,66,2,0,ok,
2026-08-22T08:53:31,torcy,226,153,0,ok,
2026-08-22T09:07:55,paris,1000,1000,0,ok,
2026-08-22T09:07:55,meaux,17,17,0,ok,
2026-08-22T09:07:55,chessy,85,70,0,ok,
2026-08-22T09:07:55,serris,66,2,0,ok,
2026-08-22T09:07:55,torcy,226,153,0,ok,
2026-08-22T09:23:52,paris,1000,1000,0,ok,
2026-08-22T09:23:52,meaux,17,17,0,ok,
2026-08-22T09:23:52,chessy,85,70,0,ok,
2026-08-22T09:23:52,serris,66,2,0,ok,
2026-08-22T09:23:52,torcy,226,153,0,ok,
2026-08-22T09:39:59,paris,1000,1000,0,ok,
2026-08-22T09:39:59,meaux,17,17,0,ok,
2026-08-22T09:39:59,chessy,85,70,0,ok,
2026-08-22T09:39:59,serris,66,2,0,ok,
2026-08-22T09:39:59,torcy,226,153,0,ok,
2026-08-22T09:58:36,paris,1000,1000,0,ok,
2026-08-22T09:58:36,meaux,17,17,0,ok,
2026-08-22T09:58:36,chessy,85,70,0,ok,
2026-08-22T09:58:36,serris,66,2,0,ok,
2026-08-22T09:58:36,torcy,226,153,0,ok,
2026-08-22T10:08:06,paris,1000,1000,0,ok,
2026-08-22T10:08:06,meaux,17,17,0,ok,
2026-08-22T10:08:06,chessy,85,70,0,ok,
2026-08-22T10:08:06,serris,66,2,0,ok,
2026-08-22T10:08:06,torcy,226,153,0,ok,
2026-08-22T10:23:02,paris,1000,1000,0,ok,
2026-08-22T10:23:02,meaux,17,17,0,ok,
2026-08-22T10:23:02,chessy,85,70,0,ok,
2026-08-22T10:23:02,serris,66,2,0,ok,
2026-08-22T10:23:02,torcy,226,153,0,ok,
2026-08-22T10:39:47,paris,1000,1000,0,ok,
2026-08-22T10:39:47,meaux,17,17,0,ok,
2026-08-22T10:39:47,chessy,85,70,0,ok,
2026-08-22T10:39:47,serris,66,2,0,ok,
2026-08-22T10:39:47,torcy,226,153,0,ok,
2026-08-22T10:52:58,paris,1000,1000,0,ok,
2026-08-22T10:52:58,meaux,17,17,0,ok,
2026-08-22T10:52:58,chessy,85,70,0,ok,
2026-08-22T10:52:58,serris,66,2,0,ok,
2026-08-22T10:52:58,torcy,226,153,0,ok,
2026-08-22T11:08:30,paris,1000,1000,0,ok,
2026-08-22T11:08:30,meaux,17,17,0,ok,
2026-08-22T11:08:30,chessy,85,70,0,ok,
2026-08-22T11:08:30,serris,66,2,0,ok,
2026-08-22T11:08:30,torcy,226,153,0,ok,
2026-08-22T11:22:59,paris,1000,1000,0,ok,
2026-08-22T11:22:59,meaux,17,17,0,ok,
2026-08-22T11:22:59,chessy,85,70,0,ok,
2026-08-22T11:22:59,serris,66,2,0,ok,
2026-08-22T11:22:59,torcy,226,153,0,ok,
2026-08-22T11:38:59,paris,1000,1000,0,ok,
2026-08-22T11:38:59,meaux,17,17,0,ok,
2026-08-22T11:38:59,chessy,85,70,0,ok,
2026-08-22T11:38:59,serris,66,2,0,ok,
2026-08-22T11:38:59,torcy,226,153,0,ok,
2026-08-22T11:51:31,paris,1000,1000,0,ok,
2026-08-22T11:51:31,meaux,17,17,0,ok,
2026-08-22T11:51:31,chessy,85,70,0,ok,
2026-08-22T11:51:31,serris,66,2,0,ok,
2026-08-22T11:51:31,torcy,226,153,0,ok,
2026-08-22T12:08:30,paris,1000,1000,0,ok,
2026-08-22T12:08:30,meaux,17,17,0,ok,
2026-08-22T12:08:30,chessy,85,70,0,ok,
2026-08-22T12:08:30,serris,66,2,0,ok,
2026-08-22T12:08:30,torcy,226,153,0,ok,
2026-08-22T12:23:20,paris,1000,1000,0,ok,
2026-08-22T12:23:20,meaux,17,17,0,ok,
2026-08-22T12:23:20,chessy,85,70,0,ok,
2026-08-22T12:23:20,serris,66,2,0,ok,
2026-08-22T12:23:20,torcy,226,153,0,ok,
2026-08-22T12:36:46,paris,1000,1000,0,ok,
2026-08-22T12:36:46,meaux,17,17,0,ok,
2026-08-22T12:36:46,chessy,85,70,0,ok,
2026-08-22T12:36:46,serris,66,2,0,ok,
2026-08-22T12:36:46,torcy,226,153,0,ok,
2026-08-22T12:53:20,paris,1000,1000,0,ok,
2026-08-22T12:53:20,meaux,17,17,0,ok,
2026-08-22T12:53:20,chessy,85,70,0,ok,
2026-08-22T12:53:20,serris,66,2,0,ok,
2026-08-22T12:53:20,torcy,226,153,0,ok,
2026-08-22T13:08:18,paris,1000,1000,0,ok,
2026-08-22T13:08:18,meaux,17,17,0,ok,
2026-08-22T13:08:18,chessy,85,70,0,ok,
2026-08-22T13:08:18,serris,66,2,0,ok,
2026-08-22T13:08:18,torcy,226,153,0,ok,
2026-08-22T13:24:35,paris,1000,1000,0,ok,
2026-08-22T13:24:35,meaux,17,17,0,ok,
2026-08-22T13:24:35,chessy,85,70,0,ok,
2026-08-22T13:24:35,serris,66,2,0,ok,
2026-08-22T13:24:35,torcy,226,153,0,ok,
2026-08-22T13:37:47,paris,1000,1000,0,ok,
2026-08-22T13:37:47,meaux,17,17,0,ok,
2026-08-22T13:37:47,chessy,85,70,0,ok,
2026-08-22T13:37:47,serris,66,2,0,ok,
2026-08-22T13:37:47,torcy,226,153,0,ok,
2026-08-22T13:53:07,paris,1000,1000,0,ok,
2026-08-22T13:53:07,meaux,17,17,0,ok,
2026-08-22T13:53:07,chessy,85,70,0,ok,
2026-08-22T13:53:07,serris,66,2,0,ok,
2026-08-22T13:53:07,torcy,226,153,0,ok,
2026-08-22T14:08:55,paris,1000,1000,0,ok,
2026-08-22T14:08:55,meaux,17,17,0,ok,
2026-08-22T14:08:55,chessy,85,70,0,ok,
2026-08-22T14:08:55,serris,66,2,0,ok,
2026-08-22T14:08:55,torcy,226,153,0,ok,
2026-08-22T14:23:19,paris,1000,1000,0,ok,
2026-08-22T14:23:19,meaux,17,17,0,ok,
2026-08-22T14:23:19,chessy,85,70,0,ok,
2026-08-22T14:23:19,serris,66,2,0,ok,
2026-08-22T14:23:19,torcy,226,153,0,ok,
2026-08-22T14:39:02,paris,1000,1000,0,ok,
2026-08-22T14:39:02,meaux,17,17,0,ok,
2026-08-22T14:39:02,chessy,85,70,0,ok,
2026-08-22T14:39:02,serris,66,2,0,ok,
2026-08-22T14:39:02,torcy,226,153,0,ok,
2026-08-22T14:52:57,paris,1000,1000,0,ok,
2026-08-22T14:52:57,meaux,17,17,0,ok,
2026-08-22T14:52:57,chessy,85,70,0,ok,
2026-08-22T14:52:57,serris,66,2,0,ok,
2026-08-22T14:52:57,torcy,226,153,0,ok,
2026-08-22T15:08:18,paris,1000,1000,0,ok,
2026-08-22T15:08:18,meaux,17,17,0,ok,
2026-08-22T15:08:18,chessy,85,70,0,ok,
2026-08-22T15:08:18,serris,66,2,0,ok,
2026-08-22T15:08:18,torcy,226,153,0,ok,
2026-08-22T15:21:53,paris,1000,1000,0,ok,
2026-08-22T15:21:53,meaux,17,17,0,ok,
2026-08-22T15:21:53,chessy,85,70,0,ok,
2026-08-22T15:21:53,serris,66,2,0,ok,
2026-08-22T15:21:53,torcy,226,153,0,ok,
2026-08-22T15:38:18,paris,1000,1000,0,ok,
2026-08-22T15:38:18,meaux,17,17,0,ok,
2026-08-22T15:38:18,chessy,85,70,0,ok,
2026-08-22T15:38:18,serris,66,2,0,ok,
2026-08-22T15:38:18,torcy,226,153,0,ok,
2026-08-22T15:54:42,paris,1000,1000,0,ok,
2026-08-22T15:54:42,meaux,17,17,0,ok,
2026-08-22T15:54:42,chessy,85,70,0,ok,
2026-08-22T15:54:42,serris,66,2,0,ok,
2026-08-22T15:54:42,torcy,226,153,0,ok,
2026-08-22T16:08:35,paris,1000,1000,0,ok,
2026-08-22T16:08:35,meaux,17,17,0,ok,
2026-08-22T16:08:35,chessy,85,70,0,ok,
2026-08-22T16:08:35,serris,66,2,0,ok,
2026-08-22T16:08:35,torcy,226,153,0,ok,
2026-08-22T16:23:13,paris,1000,1000,0,ok,
2026-08-22T16:23:13,meaux,17,17,0,ok,
2026-08-22T16:23:13,chessy,85,70,0,ok,
2026-08-22T16:23:13,serris,66,2,0,ok,
2026-08-22T16:23:13,torcy,226,153,0,ok,
2026-08-22T16:39:13,paris,1000,1000,0,ok,
2026-08-22T16:39:13,meaux,17,17,0,ok,
2026-08-22T16:39:13,chessy,85,70,0,ok,
2026-08-22T16:39:13,serris,66,2,0,ok,
2026-08-22T16:39:13,torcy,226,153,0,ok,
2026-08-22T16:52:43,paris,1000,1000,0,ok,
2026-08-22T16:52:43,meaux,17,17,0,ok,
2026-08-22T16:52:43,chessy,85,70,0,ok,
2026-08-22T16:52:43,serris,66,2,0,ok,
2026-08-22T16:52:43,torcy,226,153,0,ok,
2026-08-22T17:08:52,paris,1000,1000,0,ok,
2026-08-22T17:08:52,meaux,17,17,0,ok,
2026-08-22T17:08:52,chessy,85,70,0,ok,
2026-08-22T17:08:52,serris,66,2,0,ok,
2026-08-22T17:08:52,torcy,226,153,0,ok,
2026-08-22T17:23:17,paris,1000,1000,0,ok,
2026-08-22T17:23:17,meaux,17,17,0,ok,
2026-08-22T17:23:17,chessy,85,70,0,ok,
2026-08-22T17:23:17,serris,66,2,0,ok,
2026-08-22T17:23:17,torcy,226,153,0,ok,
2026-08-22T17:39:14,paris,1000,1000,0,ok,
2026-08-22T17:39:14,meaux,17,17,0,ok,
2026-08-22T17:39:14,chessy,85,70,0,ok,
2026-08-22T17:39:14,serris,66,2,0,ok,
2026-08-22T17:39:14,torcy,226,153,0,ok,
2026-08-22T17:51:31,paris,1000,1000,0,ok,
2026-08-22T17:51:31,meaux,17,17,0,ok,
2026-08-22T17:51:31,chessy,85,70,0,ok,
2026-08-22T17:51:31,serris,66,2,0,ok,
2026-08-22T17:51:31,torcy,226,153,0,ok,
2026-08-22T18:08:14,paris,1000,1000,0,ok,
2026-08-22T18:08:14,meaux,17,17,0,ok,
2026-08-22T18:08:14,chessy,85,70,0,ok,
2026-08-22T18:08:14,serris,66,2,0,ok,
2026-08-22T18:08:14,torcy,226,153,0,ok,
2026-08-22T18:23:26,paris,1000,1000,0,ok,
2026-08-22T18:23:26,meaux,17,17,0,ok,
2026-08-22T18:23:26,chessy,85,70,0,ok,
2026-08-22T18:23:26,serris,66,2,0,ok,
2026-08-22T18:23:26,torcy,226,153,0,ok,
2026-08-22T18:39:29,paris,1000,1000,0,ok,
2026-08-22T18:39:29,meaux,17,17,0,ok,
2026-08-22T18:39:29,chessy,85,70,0,ok,
2026-08-22T18:39:29,serris,66,2,0,ok,
2026-08-22T18:39:29,torcy,226,153,0,ok,
2026-08-22T18:53:11,paris,1000,1000,0,ok,
2026-08-22T18:53:11,meaux,17,17,0,ok,
2026-08-22T18:53:11,chessy,85,70,0,ok,
2026-08-22T18:53:11,serris,66,2,0,ok,
2026-08-22T18:53:11,torcy,226,153,0,ok,
2026-08-22T19:09:44,paris,1000,1000,0,ok,
2026-08-22T19:09:44,meaux,17,17,0,ok,
2026-08-22T19:09:44,chessy,85,70,0,ok,
2026-08-22T19:09:44,serris,66,2,0,ok,
2026-08-22T19:09:44,torcy,226,153,0,ok,
2026-08-22T19:23:25,paris,1000,1000,0,ok,
2026-08-22T19:23:25,meaux,17,17,0,ok,
2026-08-22T19:23:25,chessy,85,70,0,ok,
2026-08-22T19:23:25,serris,66,2,0,ok,
2026-08-22T19:23:25,torcy,226,153,0,ok,
2026-08-22T19:39:14,paris,1000,1000,0,ok,
2026-08-22T19:39:14,meaux,17,17,0,ok,
2026-08-22T19:39:14,chessy,85,70,0,ok,
2026-08-22T19:39:14,serris,66,2,0,ok,
2026-08-22T19:39:14,torcy,226,153,0,ok,
2026-08-22T19:52:26,paris,1000,1000,0,ok,
2026-08-22T19:52:26,meaux,17,17,0,ok,
2026-08-22T19:52:26,chessy,85,70,0,ok,
2026-08-22T19:52:26,serris,66,2,0,ok,
2026-08-22T19:52:26,torcy,226,153,0,ok,
2026-08-22T20:08:11,paris,1000,1000,0,ok,
2026-08-22T20:08:11,meaux,17,17,0,ok,
2026-08-22T20:08:11,chessy,85,70,0,ok,
2026-08-22T20:08:11,serris,66,2,0,ok,
2026-08-22T20:08:11,torcy,226,153,0,ok,
2026-08-22T20:23:21,paris,1000,1000,0,ok,
2026-08-22T20:23:21,meaux,17,17,0,ok,
2026-08-22T20:23:21,chessy,85,70,0,ok,
2026-08-22T20:23:21,serris,66,2,0,ok,
2026-08-22T20:23:21,torcy,226,153,0,ok,
2026-08-22T20:40:09,paris,1000,1000,0,ok,
2026-08-22T20:40:09,meaux,17,17,0,ok,
2026-08-22T20:40:09,chessy,85,70,0,ok,
2026-08-22T20:40:09,serris,66,2,0,ok,
2026-08-22T20:40:09,torcy,226,153,0,ok,
2026-08-22T20:52:59,paris,1000,1000,0,ok,
2026-08-22T20:52:59,meaux,17,17,0,ok,
2026-08-22T20:52:59,chessy,85,70,0,ok,
2026-08-22T20:52:59,serris,66,2,0,ok,
2026-08-22T20:52:59,torcy,226,153,0,ok,
2026-08-22T21:09:16,paris,1000,1000,0,ok,
2026-08-22T21:09:16,meaux,17,17,0,ok,
2026-08-22T21:09:16,chessy,85,70,0,ok,
2026-08-22T21:09:16,serris,66,2,0,ok,
2026-08-22T21:09:16,torcy,226,153,0,ok,
2026-08-22T21:22:59,paris,1000,1000,0,ok,
2026-08-22T21:22:59,meaux,17,17,0,ok,
2026-08-22T21:22:59,chessy,85,70,0,ok,
2026-08-22T21:22:59,serris,66,2,0,ok,
2026-08-22T21:22:59,torcy,226,153,0,ok,
2026-08-22T21:38:54,paris,1000,1000,0,ok,
2026-08-22T21:38:54,meaux,17,17,0,ok,
2026-08-22T21:38:54,chessy,85,70,0,ok,
2026-08-22T21:38:54,serris,66,2,0,ok,
2026-08-22T21:38:54,torcy,226,153,0,ok,
2026-08-22T21:55:27,paris,1000,1000,0,ok,
2026-08-22T21:55:27,meaux,17,17,0,ok,
2026-08-22T21:55:27,chessy,85,70,0,ok,
2026-08-22T21:55:27,serris,66,2,0,ok,
2026-08-22T21:55:27,torcy,226,153,0,ok,
2026-08-22T22:08:58,paris,1000,1000,0,ok,
2026-08-22T22:08:58,meaux,17,17,0,ok,
2026-08-22T22:08:58,chessy,85,70,0,ok,
2026-08-22T22:08:58,serris,66,2,0,ok,
2026-08-22T22:08:58,torcy,226,153,0,ok,
2026-08-22T22:23:27,paris,1000,1000,0,ok,
2026-08-22T22:23:27,meaux,17,17,0,ok,
2026-08-22T22:23:27,chessy,85,70,0,ok,
2026-08-22T22:23:27,serris,66,2,0,ok,
2026-08-22T22:23:27,torcy,226,153,0,ok,
2026-08-22T22:39:30,paris,1000,1000,0,ok,
2026-08-22T22:39:30,meaux,17,17,0,ok,
2026-08-22T22:39:30,chessy,85,70,0,ok,
2026-08-22T22:39:30,serris,66,2,0,ok,
2026-08-22T22:39:30,torcy,226,153,0,ok,
2026-08-22T22:52:46,paris,1000,1000,0,ok,
2026-08-22T22:52:46,meaux,17,17,0,ok,
2026-08-22T22:52:46,chessy,85,70,0,ok,
2026-08-22T22:52:46,serris,66,2,0,ok,
2026-08-22T22:52:46,torcy,226,153,0,ok,
2026-08-22T23:09:29,paris,1000,1000,0,ok,
2026-08-22T23:09:29,meaux,17,17,0,ok,
2026-08-22T23:09:29,chessy,85,70,0,ok,
2026-08-22T23:09:29,serris,66,2,0,ok,
2026-08-22T23:09:29,torcy,226,153,0,ok,
2026-08-22T23:22:45,paris,1000,1000,0,ok,
2026-08-22T23:22:45,meaux,17,17,0,ok,
2026-08-22T23:22:45,chessy,85,70,0,ok,
2026-08-22T23:22:45,serris,66,2,0,ok,
2026-08-22T23:22:45,torcy,226,153,0,ok,
2026-08-22T23:40:37,paris,1000,1000,0,ok,
2026-08-22T23:40:37,meaux,17,17,0,ok,
2026-08-22T23:40:37,chessy,85,70,0,ok,
2026-08-22T23:40:37,serris,66,2,0,ok,
2026-08-22T23:40:37,torcy,226,153,0,ok,
2026-08-22T23:50:45,paris,1000,1000,0,ok,
2026-08-22T23:50:45,meaux,17,17,0,ok,
2026-08-22T23:50:45,chessy,85,70,0,ok,
2026-08-22T23:50:45,serris,66,2,0,ok,
2026-08-22T23:50:45,torcy,226,153,0,ok,
2026-08-23T00:08:37,paris,1000,1000,0,ok,
2026-08-23T00:08:37,meaux,17,17,0,ok,
2026-08-23T00:08:37,chessy,85,70,0,ok,
2026-08-23T00:08:37,serris,66,2,0,ok,
2026-08-23T00:08:37,torcy,226,153,0,ok,
2026-08-23T00:23:27,paris,1000,1000,0,ok,
2026-08-23T00:23:27,meaux,17,17,0,ok,
2026-08-23T00:23:27,chessy,85,70,0,ok,
2026-08-23T00:23:27,serris,66,2,0,ok,
2026-08-23T00:23:27,torcy,226,153,0,ok,
2026-08-23T00:38:15,paris,1000,1000,0,ok,
2026-08-23T00:38:15,meaux,17,17,0,ok,
2026-08-23T00:38:15,chessy,85,70,0,ok,
2026-08-23T00:38:15,serris,66,2,0,ok,
2026-08-23T00:38:15,torcy,226,153,0,ok,
2026-08-23T00:52:58,paris,1000,1000,0,ok,
2026-08-23T00:52:58,meaux,17,17,0,ok,
2026-08-23T00:52:58,chessy,85,70,0,ok,
2026-08-23T00:52:58,serris,66,2,0,ok,
2026-08-23T00:52:58,torcy,226,153,0,ok,
2026-08-23T01:08:22,paris,1000,1000,0,ok,
2026-08-23T01:08:22,meaux,17,17,0,ok,
2026-08-23T01:08:22,chessy,85,70,0,ok,
2026-08-23T01:08:22,serris,66,2,0,ok,
2026-08-23T01:08:22,torcy,226,153,0,ok,
2026-08-23T01:24:48,paris,1000,1000,0,ok,
2026-08-23T01:24:48,meaux,17,17,0,ok,
2026-08-23T01:24:48,chessy,85,70,0,ok,
2026-08-23T01:24:48,serris,66,2,0,ok,
2026-08-23T01:24:48,torcy,226,153,0,ok,
2026-08-23T01:38:35,paris,1000,1000,0,ok,
2026-08-23T01:38:35,meaux,17,17,0,ok,
2026-08-23T01:38:35,chessy,85,70,0,ok,
2026-08-23T01:38:35,serris,66,2,0,ok,
2026-08-23T01:38:35,torcy,226,153,0,ok,
2026-08-23T01:53:21,paris,1000,1000,0,ok,
2026-08-23T01:53:21,meaux,17,17,0,ok,
2026-08-23T01:53:21,chessy,85,70,0,ok,
2026-08-23T01:53:21,serris,66,2,0,ok,
2026-08-23T01:53:21,torcy,226,153,0,ok,
2026-08-23T02:19:27,paris,1000,1000,0,ok,
2026-08-23T02:19:27,meaux,17,17,0,ok,
2026-08-23T02:19:27,chessy,85,70,0,ok,
2026-08-23T02:19:27,serris,66,2,0,ok,
2026-08-23T02:19:27,torcy,226,153,0,ok,
2026-08-23T02:38:00,paris,1000,1000,0,ok,
2026-08-23T02:38:00,meaux,17,17,0,ok,
2026-08-23T02:38:00,chessy,85,70,0,ok,
2026-08-23T02:38:00,serris,66,2,0,ok,
2026-08-23T02:38:00,torcy,226,153,0,ok,
2026-08-23T02:49:34,paris,1000,1000,0,ok,
2026-08-23T02:49:34,meaux,17,17,0,ok,
2026-08-23T02:49:34,chessy,85,70,0,ok,
2026-08-23T02:49:34,serris,66,2,0,ok,
2026-08-23T02:49:34,torcy,226,153,0,ok,
2026-08-23T03:08:44,paris,1000,1000,0,ok,
2026-08-23T03:08:44,meaux,17,17,0,ok,
2026-08-23T03:08:44,chessy,85,70,0,ok,
2026-08-23T03:08:44,serris,66,2,0,ok,
2026-08-23T03:08:44,torcy,226,153,0,ok,
2026-08-23T03:23:01,paris,1000,1000,0,ok,
2026-08-23T03:23:01,meaux,17,17,0,ok,
2026-08-23T03:23:01,chessy,85,70,0,ok,
2026-08-23T03:23:01,serris,66,2,0,ok,
2026-08-23T03:23:01,torcy,226,153,0,ok,
2026-08-23T03:38:19,paris,1000,1000,0,ok,
2026-08-23T03:38:19,meaux,17,17,0,ok,
2026-08-23T03:38:19,chessy,85,70,0,ok,
2026-08-23T03:38:19,serris,66,2,0,ok,
2026-08-23T03:38:19,torcy,226,153,0,ok,
2026-08-23T03:52:53,paris,1000,1000,0,ok,
2026-08-23T03:52:53,meaux,17,17,0,ok,
2026-08-23T03:52:53,chessy,85,70,0,ok,
2026-08-23T03:52:53,serris,66,2,0,ok,
2026-08-23T03:52:53,torcy,226,153,0,ok,
2026-08-23T04:08:59,paris,1000,1000,0,ok,
2026-08-23T04:08:59,meaux,17,17,0,ok,
2026-08-23T04:08:59,chessy,85,70,0,ok,
2026-08-23T04:08:59,serris,66,2,0,ok,
2026-08-23T04:08:59,torcy,226,153,0,ok,
2026-08-23T04:25:37,paris,1000,1000,0,ok,
2026-08-23T04:25:37,meaux,17,17,0,ok,
2026-08-23T04:25:37,chessy,85,70,0,ok,
2026-08-23T04:25:37,serris,66,2,0,ok,
2026-08-23T04:25:37,torcy,226,153,0,ok,
2026-08-23T04:38:29,paris,1000,1000,0,ok,
2026-08-23T04:38:29,meaux,17,17,0,ok,
2026-08-23T04:38:29,chessy,85,70,0,ok,
2026-08-23T04:38:29,serris,66,2,0,ok,
2026-08-23T04:38:29,torcy,226,153,0,ok,
2026-08-23T04:54:38,paris,1000,1000,0,ok,
2026-08-23T04:54:38,meaux,17,17,0,ok,
2026-08-23T04:54:38,chessy,85,70,0,ok,
2026-08-23T04:54:38,serris,66,2,0,ok,
2026-08-23T04:54:38,torcy,226,153,0,ok,
2026-08-23T05:08:29,paris,1000,1000,0,ok,
2026-08-23T05:08:29,meaux,17,17,0,ok,
2026-08-23T05:08:29,chessy,85,70,0,ok,
2026-08-23T05:08:29,serris,66,2,0,ok,
2026-08-23T05:08:29,torcy,226,153,0,ok,
2026-08-23T05:23:36,paris,1000,1000,0,ok,
2026-08-23T05:23:36,meaux,17,17,0,ok,
2026-08-23T05:23:36,chessy,85,70,0,ok,
2026-08-23T05:23:36,serris,66,2,0,ok,
2026-08-23T05:23:36,torcy,226,153,0,ok,
2026-08-23T05:40:12,paris,1000,1000,0,ok,
2026-08-23T05:40:12,meaux,17,17,0,ok,
2026-08-23T05:40:12,chessy,85,70,0,ok,
2026-08-23T05:40:12,serris,66,2,0,ok,
2026-08-23T05:40:12,torcy,226,153,0,ok,
2026-08-23T05:53:15,paris,1000,1000,0,ok,
2026-08-23T05:53:15,meaux,17,17,0,ok,
2026-08-23T05:53:15,chessy,85,70,0,ok,
2026-08-23T05:53:15,serris,66,2,0,ok,
2026-08-23T05:53:15,torcy,226,153,0,ok,
2026-08-23T06:10:07,paris,1000,1000,0,ok,
2026-08-23T06:10:07,meaux,17,17,0,ok,
2026-08-23T06:10:07,chessy,85,70,0,ok,
2026-08-23T06:10:07,serris,66,2,0,ok,
2026-08-23T06:10:07,torcy,226,153,0,ok,
2026-08-23T06:23:32,paris,1000,1000,0,ok,
2026-08-23T06:23:32,meaux,17,17,0,ok,
2026-08-23T06:23:32,chessy,85,70,0,ok,
2026-08-23T06:23:32,serris,66,2,0,ok,
2026-08-23T06:23:32,torcy,226,153,0,ok,
2026-08-23T06:38:21,paris,1000,1000,0,ok,
2026-08-23T06:38:21,meaux,17,17,0,ok,
2026-08-23T06:38:21,chessy,85,70,0,ok,
2026-08-23T06:38:21,serris,66,2,0,ok,
2026-08-23T06:38:21,torcy,226,153,0,ok,
2026-08-23T06:54:41,paris,1000,1000,0,ok,
2026-08-23T06:54:41,meaux,17,17,0,ok,
2026-08-23T06:54:41,chessy,85,70,0,ok,
2026-08-23T06:54:41,serris,66,2,0,ok,
2026-08-23T06:54:41,torcy,226,153,0,ok,
2026-08-23T07:08:41,paris,1000,1000,0,ok,
2026-08-23T07:08:41,meaux,17,17,0,ok,
2026-08-23T07:08:41,chessy,85,70,0,ok,
2026-08-23T07:08:41,serris,66,2,0,ok,
2026-08-23T07:08:41,torcy,226,153,0,ok,
2026-08-23T07:26:22,paris,1000,1000,0,ok,
2026-08-23T07:26:22,meaux,17,17,0,ok,
2026-08-23T07:26:22,chessy,85,70,0,ok,
2026-08-23T07:26:22,serris,66,2,0,ok,
2026-08-23T07:26:22,torcy,226,153,0,ok,
2026-08-23T07:36:42,paris,1000,1000,0,ok,
2026-08-23T07:36:42,meaux,17,17,0,ok,
2026-08-23T07:36:42,chessy,85,70,0,ok,
2026-08-23T07:36:42,serris,66,2,0,ok,
2026-08-23T07:36:42,torcy,226,153,0,ok,
2026-08-23T07:53:54,paris,1000,1000,0,ok,
2026-08-23T07:53:54,meaux,17,17,0,ok,
2026-08-23T07:53:54,chessy,85,70,0,ok,
2026-08-23T07:53:54,serris,66,2,0,ok,
2026-08-23T07:53:54,torcy,226,153,0,ok,
2026-08-23T08:05:06,paris,1000,1000,0,ok,
2026-08-23T08:05:06,meaux,17,17,0,ok,
2026-08-23T08:05:06,chessy,85,70,0,ok,
2026-08-23T08:05:06,serris,66,2,0,ok,
2026-08-23T08:05:06,torcy,226,153,0,ok,
2026-08-23T08:25:31,paris,1000,1000,0,ok,
2026-08-23T08:25:31,meaux,17,17,0,ok,
2026-08-23T08:25:31,chessy,85,70,0,ok,
2026-08-23T08:25:31,serris,66,2,0,ok,
2026-08-23T08:25:31,torcy,226,153,0,ok,
2026-08-23T08:39:27,paris,1000,1000,0,ok,
2026-08-23T08:39:27,meaux,17,17,0,ok,
2026-08-23T08:39:27,chessy,85,70,0,ok,
2026-08-23T08:39:27,serris,66,2,0,ok,
2026-08-23T08:39:27,torcy,226,153,0,ok,
2026-08-23T08:56:47,paris,1000,1000,0,ok,
2026-08-23T08:56:47,meaux,17,17,0,ok,
2026-08-23T08:56:47,chessy,85,70,0,ok,
2026-08-23T08:56:47,serris,66,2,0,ok,
2026-08-23T08:56:47,torcy,226,153,0,ok,
2026-08-23T09:06:02,paris,1000,1000,0,ok,
2026-08-23T09:06:02,meaux,17,17,0,ok,
2026-08-23T09:06:02,chessy,85,70,0,ok,
2026-08-23T09:06:02,serris,66,2,0,ok,
2026-08-23T09:06:02,torcy,226,153,0,ok,
2026-08-23T09:23:48,paris,1000,1000,0,ok,
2026-08-23T09:23:48,meaux,17,17,0,ok,
2026-08-23T09:23:48,chessy,85,70,0,ok,
2026-08-23T09:23:48,serris,66,2,0,ok,
2026-08-23T09:23:48,torcy,226,153,0,ok,
2026-08-23T09:37:46,paris,1000,1000,0,ok,
2026-08-23T09:37:46,meaux,17,17,0,ok,
2026-08-23T09:37:46,chessy,85,70,0,ok,
2026-08-23T09:37:46,serris,66,2,0,ok,
2026-08-23T09:37:46,torcy,226,153,0,ok,
2026-08-23T09:54:52,paris,1000,1000,0,ok,
2026-08-23T09:54:52,meaux,17,17,0,ok,
2026-08-23T09:54:52,chessy,85,70,0,ok,
2026-08-23T09:54:52,serris,66,2,0,ok,
2026-08-23T09:54:52,torcy,226,153,0,ok,
2026-08-23T10:11:54,paris,1000,1000,0,ok,
2026-08-23T10:11:54,meaux,17,17,0,ok,
2026-08-23T10:11:54,chessy,85,70,0,ok,
2026-08-23T10:11:54,serris,66,2,0,ok,
2026-08-23T10:11:54,torcy,226,153,0,ok,
2026-08-23T10:23:10,paris,1000,1000,0,ok,
2026-08-23T10:23:10,meaux,17,17,0,ok,
2026-08-23T10:23:10,chessy,85,70,0,ok,
2026-08-23T10:23:10,serris,66,2,0,ok,
2026-08-23T10:23:10,torcy,226,153,0,ok,
2026-08-23T10:40:03,paris,1000,1000,0,ok,
2026-08-23T10:40:03,meaux,17,17,0,ok,
2026-08-23T10:40:03,chessy,85,70,0,ok,
2026-08-23T10:40:03,serris,66,2,0,ok,
2026-08-23T10:40:03,torcy,226,153,0,ok,
2026-08-23T10:52:58,paris,1000,1000,0,ok,
2026-08-23T10:52:58,meaux,17,17,0,ok,
2026-08-23T10:52:58,chessy,85,70,0,ok,
2026-08-23T10:52:58,serris,66,2,0,ok,
2026-08-23T10:52:58,torcy,226,153,0,ok,
2026-08-23T11:09:38,paris,1000,1000,0,ok,
2026-08-23T11:09:38,meaux,17,17,0,ok,
2026-08-23T11:09:38,chessy,85,70,0,ok,
2026-08-23T11:09:38,serris,66,2,0,ok,
2026-08-23T11:09:38,torcy,226,153,0,ok,
2026-08-23T11:23:24,paris,1000,1000,0,ok,
2026-08-23T11:23:24,meaux,17,17,0,ok,
2026-08-23T11:23:24,chessy,85,70,0,ok,
2026-08-23T11:23:24,serris,66,2,0,ok,
2026-08-23T11:23:24,torcy,226,153,0,ok,
2026-08-23T11:39:54,paris,1000,1000,0,ok,
2026-08-23T11:39:54,meaux,17,17,0,ok,
2026-08-23T11:39:54,chessy,85,70,0,ok,
2026-08-23T11:39:54,serris,66,2,0,ok,
2026-08-23T11:39:54,torcy,226,153,0,ok,
2026-08-23T11:52:02,paris,1000,1000,0,ok,
2026-08-23T11:52:02,meaux,17,17,0,ok,
2026-08-23T11:52:02,chessy,85,70,0,ok,
2026-08-23T11:52:02,serris,66,2,0,ok,
2026-08-23T11:52:02,torcy,226,153,0,ok,
2026-08-23T12:09:15,paris,1000,1000,0,ok,
2026-08-23T12:09:15,meaux,17,17,0,ok,
2026-08-23T12:09:15,chessy,85,70,0,ok,
2026-08-23T12:09:15,serris,66,2,0,ok,
2026-08-23T12:09:15,torcy,226,153,0,ok,
2026-08-23T12:23:15,paris,1000,1000,0,ok,
2026-08-23T12:23:15,meaux,17,17,0,ok,
2026-08-23T12:23:15,chessy,85,70,0,ok,
2026-08-23T12:23:15,serris,66,2,0,ok,
2026-08-23T12:23:15,torcy,226,153,0,ok,
2026-08-23T12:37:16,paris,1000,1000,0,ok,
2026-08-23T12:37:16,meaux,17,17,0,ok,
2026-08-23T12:37:16,chessy,85,70,0,ok,
2026-08-23T12:37:16,serris,66,2,0,ok,
2026-08-23T12:37:16,torcy,226,153,0,ok,
2026-08-23T12:54:10,paris,1000,1000,0,ok,
2026-08-23T12:54:10,meaux,17,17,0,ok,
2026-08-23T12:54:10,chessy,85,70,0,ok,
2026-08-23T12:54:10,serris,66,2,0,ok,
2026-08-23T12:54:10,torcy,226,153,0,ok,
2026-08-23T13:09:14,paris,1000,1000,0,ok,
2026-08-23T13:09:14,meaux,17,17,0,ok,
2026-08-23T13:09:14,chessy,85,70,0,ok,
2026-08-23T13:09:14,serris,66,2,0,ok,
2026-08-23T13:09:14,torcy,226,153,0,ok,
2026-08-23T13:29:42,paris,1000,1000,0,ok,
2026-08-23T13:29:42,meaux,17,17,0,ok,
2026-08-23T13:29:42,chessy,85,70,0,ok,
2026-08-23T13:29:42,serris,66,2,0,ok,
2026-08-23T13:29:42,torcy,226,153,0,ok,
2026-08-23T13:38:45,paris,1000,1000,0,ok,
2026-08-23T13:38:45,meaux,17,17,0,ok,
2026-08-23T13:38:45,chessy,85,70,0,ok,
2026-08-23T13:38:45,serris,66,2,0,ok,
2026-08-23T13:38:45,torcy,226,153,0,ok,
2026-08-23T13:53:24,paris,1000,1000,0,ok,
2026-08-23T13:53:24,meaux,17,17,0,ok,
2026-08-23T13:53:24,chessy,85,70,0,ok,
2026-08-23T13:53:24,serris,66,2,0,ok,
2026-08-23T13:53:24,torcy,226,153,0,ok,
2026-08-23T14:10:28,paris,1000,1000,0,ok,
2026-08-23T14:10:28,meaux,17,17,0,ok,
2026-08-23T14:10:28,chessy,85,70,0,ok,
2026-08-23T14:10:28,serris,66,2,0,ok,
2026-08-23T14:10:28,torcy,226,153,0,ok,
2026-08-23T14:24:04,paris,1000,1000,0,ok,
2026-08-23T14:24:04,meaux,17,17,0,ok,
2026-08-23T14:24:04,chessy,85,70,0,ok,
2026-08-23T14:24:04,serris,66,2,0,ok,
2026-08-23T14:24:04,torcy,226,153,0,ok,
2026-08-23T14:40:56,paris,1000,1000,0,ok,
2026-08-23T14:40:56,meaux,17,17,0,ok,
2026-08-23T14:40:56,chessy,85,70,0,ok,
2026-08-23T14:40:56,serris,66,2,0,ok,
2026-08-23T14:40:56,torcy,226,153,0,ok,
2026-08-23T14:53:35,paris,1000,1000,0,ok,
2026-08-23T14:53:35,meaux,17,17,0,ok,
2026-08-23T14:53:35,chessy,85,70,0,ok,
2026-08-23T14:53:35,serris,66,2,0,ok,
2026-08-23T14:53:35,torcy,226,153,0,ok,
2026-08-23T15:10:06,paris,1000,1000,0,ok,
2026-08-23T15:10:06,meaux,17,17,0,ok,
2026-08-23T15:10:06,chessy,85,70,0,ok,
2026-08-23T15:10:06,serris,66,2,0,ok,
2026-08-23T15:10:06,torcy,226,153,0,ok,
2026-08-23T15:23:18,paris,1000,1000,0,ok,
2026-08-23T15:23:18,meaux,17,17,0,ok,
2026-08-23T15:23:18,chessy,85,70,0,ok,
2026-08-23T15:23:18,serris,66,2,0,ok,
2026-08-23T15:23:18,torcy,226,153,0,ok,
2026-08-23T15:40:07,paris,1000,1000,0,ok,
2026-08-23T15:40:07,meaux,17,17,0,ok,
2026-08-23T15:40:07,chessy,85,70,0,ok,
2026-08-23T15:40:07,serris,66,2,0,ok,
2026-08-23T15:40:07,torcy,226,153,0,ok,
2026-08-23T15:57:19,paris,1000,1000,0,ok,
2026-08-23T15:57:19,meaux,17,17,0,ok,
2026-08-23T15:57:19,chessy,85,70,0,ok,
2026-08-23T15:57:19,serris,66,2,0,ok,
2026-08-23T15:57:19,torcy,226,153,0,ok,
2026-08-23T16:08:13,paris,1000,1000,0,ok,
2026-08-23T16:08:13,meaux,17,17,0,ok,
2026-08-23T16:08:13,chessy,85,70,0,ok,
2026-08-23T16:08:13,serris,66,2,0,ok,
2026-08-23T16:08:13,torcy,226,153,0,ok,
2026-08-23T16:23:22,paris,1000,1000,0,ok,
2026-08-23T16:23:22,meaux,17,17,0,ok,
2026-08-23T16:23:22,chessy,85,70,0,ok,
2026-08-23T16:23:22,serris,66,2,0,ok,
2026-08-23T16:23:22,torcy,226,153,0,ok,
2026-08-23T16:42:40,paris,1000,1000,0,ok,
2026-08-23T16:42:40,meaux,17,17,0,ok,
2026-08-23T16:42:40,chessy,85,70,0,ok,
2026-08-23T16:42:40,serris,66,2,0,ok,
2026-08-23T16:42:40,torcy,226,153,0,ok,
2026-08-23T16:53:13,paris,1000,1000,0,ok,
2026-08-23T16:53:13,meaux,17,17,0,ok,
2026-08-23T16:53:13,chessy,85,70,0,ok,
2026-08-23T16:53:13,serris,66,2,0,ok,
2026-08-23T16:53:13,torcy,226,153,0,ok,
2026-08-23T17:12:23,paris,1000,1000,0,ok,
2026-08-23T17:12:23,meaux,17,17,0,ok,
2026-08-23T17:12:23,chessy,85,70,0,ok,
2026-08-23T17:12:23,serris,66,2,0,ok,
2026-08-23T17:12:23,torcy,226,153,0,ok,
2026-08-23T17:23:15,paris,1000,1000,0,ok,
2026-08-23T17:23:15,meaux,17,17,0,ok,
2026-08-23T17:23:15,chessy,85,70,0,ok,
2026-08-23T17:23:15,serris,66,2,0,ok,
2026-08-23T17:23:15,torcy,226,153,0,ok,
2026-08-23T17:39:54,paris,1000,1000,0,ok,
2026-08-23T17:39:54,meaux,17,17,0,ok,
2026-08-23T17:39:54,chessy,85,70,0,ok,
2026-08-23T17:39:54,serris,66,2,0,ok,
2026-08-23T17:39:54,torcy,226,153,0,ok,
2026-08-23T17:50:50,paris,1000,1000,0,ok,
2026-08-23T17:50:50,meaux,17,17,0,ok,
2026-08-23T17:50:50,chessy,85,70,0,ok,
2026-08-23T17:50:50,serris,66,2,0,ok,
2026-08-23T17:50:50,torcy,226,153,0,ok,
2026-08-23T18:08:22,paris,1000,1000,0,ok,
2026-08-23T18:08:22,meaux,17,17,0,ok,
2026-08-23T18:08:22,chessy,85,70,0,ok,
2026-08-23T18:08:22,serris,66,2,0,ok,
2026-08-23T18:08:22,torcy,226,153,0,ok,
2026-08-23T18:23:18,paris,1000,1000,0,ok,
2026-08-23T18:23:18,meaux,17,17,0,ok,
2026-08-23T18:23:18,chessy,85,70,0,ok,
2026-08-23T18:23:18,serris,66,2,0,ok,
2026-08-23T18:23:18,torcy,226,153,0,ok,
2026-08-23T18:40:39,paris,1000,1000,0,ok,
2026-08-23T18:40:39,meaux,18,18,0,ok,
2026-08-23T18:40:39,chessy,85,70,0,ok,
2026-08-23T18:40:39,serris,67,2,0,ok,
2026-08-23T18:40:39,torcy,226,153,0,ok,
2026-08-23T18:53:29,paris,1000,1000,0,ok,
2026-08-23T18:53:29,meaux,18,18,0,ok,
2026-08-23T18:53:29,chessy,86,70,0,ok,
2026-08-23T18:53:29,serris,67,2,0,ok,
2026-08-23T18:53:29,torcy,227,153,0,ok,
2026-08-23T19:10:57,paris,1000,1000,0,ok,
2026-08-23T19:10:57,meaux,18,18,0,ok,
2026-08-23T19:10:57,chessy,86,70,0,ok,
2026-08-23T19:10:57,serris,68,3,0,ok,
2026-08-23T19:10:57,torcy,227,153,0,ok,
2026-08-23T19:23:31,paris,1000,1000,0,ok,
2026-08-23T19:23:31,meaux,18,18,0,ok,
2026-08-23T19:23:31,chessy,87,71,0,ok,
2026-08-23T19:23:31,serris,68,2,0,ok,
2026-08-23T19:23:31,torcy,228,153,0,ok,
2026-08-23T19:40:45,paris,1000,1000,0,ok,
2026-08-23T19:40:45,meaux,18,18,0,ok,
2026-08-23T19:40:45,chessy,87,71,0,ok,
2026-08-23T19:40:45,serris,68,2,0,ok,
2026-08-23T19:40:45,torcy,228,153,0,ok,
2026-08-23T19:52:04,paris,1000,1000,0,ok,
2026-08-23T19:52:04,meaux,18,18,0,ok,
2026-08-23T19:52:04,chessy,87,71,0,ok,
2026-08-23T19:52:04,serris,68,2,0,ok,
2026-08-23T19:52:04,torcy,228,153,0,ok,
2026-08-23T20:08:53,paris,1000,1000,0,ok,
2026-08-23T20:08:53,meaux,18,18,0,ok,
2026-08-23T20:08:53,chessy,87,71,0,ok,
2026-08-23T20:08:53,serris,68,2,0,ok,
2026-08-23T20:08:53,torcy,228,153,0,ok,
2026-08-23T20:23:35,paris,1000,1000,0,ok,
2026-08-23T20:23:35,meaux,18,18,0,ok,
2026-08-23T20:23:35,chessy,87,71,0,ok,
2026-08-23T20:23:35,serris,68,2,0,ok,
2026-08-23T20:23:35,torcy,228,153,0,ok,
2026-08-23T20:40:24,paris,1000,1000,0,ok,
2026-08-23T20:40:24,meaux,18,18,0,ok,
2026-08-23T20:40:24,chessy,87,71,0,ok,
2026-08-23T20:40:24,serris,68,2,0,ok,
2026-08-23T20:40:24,torcy,228,153,0,ok,
2026-08-23T20:53:12,paris,1000,1000,0,ok,
2026-08-23T20:53:12,meaux,18,18,0,ok,
2026-08-23T20:53:12,chessy,87,71,0,ok,
2026-08-23T20:53:12,serris,68,2,0,ok,
2026-08-23T20:53:12,torcy,228,153,0,ok,
2026-08-23T21:10:14,paris,1000,1000,0,ok,
2026-08-23T21:10:14,meaux,18,18,0,ok,
2026-08-23T21:10:14,chessy,87,71,0,ok,
2026-08-23T21:10:14,serris,68,2,0,ok,
2026-08-23T21:10:14,torcy,228,153,0,ok,
2026-08-23T21:23:02,paris,1000,1000,0,ok,
2026-08-23T21:23:02,meaux,18,18,0,ok,
2026-08-23T21:23:02,chessy,87,71,0,ok,
2026-08-23T21:23:02,serris,68,2,0,ok,
2026-08-23T21:23:02,torcy,228,153,0,ok,
2026-08-23T21:40:08,paris,1000,1000,0,ok,
2026-08-23T21:40:08,meaux,18,18,0,ok,
2026-08-23T21:40:08,chessy,87,71,0,ok,
2026-08-23T21:40:08,serris,68,2,0,ok,
2026-08-23T21:40:08,torcy,228,153,0,ok,
2026-08-23T21:57:21,paris,1000,1000,0,ok,
2026-08-23T21:57:21,meaux,18,18,0,ok,
2026-08-23T21:57:21,chessy,87,71,0,ok,
2026-08-23T21:57:21,serris,68,2,0,ok,
2026-08-23T21:57:21,torcy,228,153,0,ok,
2026-08-23T22:08:40,paris,1000,1000,0,ok,
2026-08-23T22:08:40,meaux,18,18,0,ok,
2026-08-23T22:08:40,chessy,87,71,0,ok,
2026-08-23T22:08:40,serris,68,2,0,ok,
2026-08-23T22:08:40,torcy,228,153,0,ok,
2026-08-23T22:23:44,paris,1000,1000,0,ok,
2026-08-23T22:23:44,meaux,18,18,0,ok,
2026-08-23T22:23:44,chessy,87,71,0,ok,
2026-08-23T22:23:44,serris,68,2,0,ok,
2026-08-23T22:23:44,torcy,228,153,0,ok,
2026-08-23T22:41:07,paris,1000,1000,0,ok,
2026-08-23T22:41:07,meaux,18,18,0,ok,
2026-08-23T22:41:07,chessy,87,71,0,ok,
2026-08-23T22:41:07,serris,68,2,0,ok,
2026-08-23T22:41:07,torcy,228,153,0,ok,
2026-08-23T22:53:41,paris,1000,1000,0,ok,
2026-08-23T22:53:41,meaux,18,18,0,ok,
2026-08-23T22:53:41,chessy,87,71,0,ok,
2026-08-23T22:53:41,serris,68,2,0,ok,
2026-08-23T22:53:41,torcy,228,153,0,ok,
2026-08-23T23:10:37,paris,1000,1000,0,ok,
2026-08-23T23:10:37,meaux,18,18,0,ok,
2026-08-23T23:10:37,chessy,87,71,0,ok,
2026-08-23T23:10:37,serris,68,2,0,ok,
2026-08-23T23:10:37,torcy,228,153,0,ok,
2026-08-23T23:23:25,paris,1000,1000,0,ok,
2026-08-23T23:23:25,meaux,18,18,0,ok,
2026-08-23T23:23:25,chessy,87,71,0,ok,
2026-08-23T23:23:25,serris,68,2,0,ok,
2026-08-23T23:23:25,torcy,228,153,0,ok,
2026-08-23T23:40:44,paris,1000,1000,0,ok,
2026-08-23T23:40:44,meaux,18,18,0,ok,
2026-08-23T23:40:44,chessy,87,71,0,ok,
2026-08-23T23:40:44,serris,68,2,0,ok,
2026-08-23T23:40:44,torcy,228,153,0,ok,
2026-08-23T23:51:53,paris,1000,1000,0,ok,
2026-08-23T23:51:53,meaux,18,18,0,ok,
2026-08-23T23:51:53,chessy,87,71,0,ok,
2026-08-23T23:51:53,serris,68,2,0,ok,
2026-08-23T23:51:53,torcy,228,153,0,ok,
2026-08-24T00:08:34,paris,1000,1000,0,ok,
2026-08-24T00:08:34,meaux,18,18,0,ok,
2026-08-24T00:08:34,chessy,87,71,0,ok,
2026-08-24T00:08:34,serris,68,2,0,ok,
2026-08-24T00:08:34,torcy,228,153,0,ok,
2026-08-24T00:23:20,paris,1000,1000,0,ok,
2026-08-24T00:23:20,meaux,18,18,0,ok,
2026-08-24T00:23:20,chessy,87,71,0,ok,
2026-08-24T00:23:20,serris,68,2,0,ok,
2026-08-24T00:23:20,torcy,228,153,0,ok,
2026-08-24T00:38:23,paris,1000,1000,0,ok,
2026-08-24T00:38:23,meaux,18,18,0,ok,
2026-08-24T00:38:23,chessy,87,71,0,ok,
2026-08-24T00:38:23,serris,68,2,0,ok,
2026-08-24T00:38:23,torcy,228,153,0,ok,
2026-08-24T00:53:25,paris,1000,1000,0,ok,
2026-08-24T00:53:25,meaux,18,18,0,ok,
2026-08-24T00:53:25,chessy,87,71,0,ok,
2026-08-24T00:53:25,serris,68,2,0,ok,
2026-08-24T00:53:25,torcy,228,153,0,ok,
2026-08-24T01:06:42,paris,1000,1000,0,ok,
2026-08-24T01:06:42,meaux,18,18,0,ok,
2026-08-24T01:06:42,chessy,87,71,0,ok,
2026-08-24T01:06:42,serris,68,2,0,ok,
2026-08-24T01:06:42,torcy,228,153,0,ok,
2026-08-24T01:23:20,paris,1000,1000,0,ok,
2026-08-24T01:23:20,meaux,18,18,0,ok,
2026-08-24T01:23:20,chessy,87,71,0,ok,
2026-08-24T01:23:20,serris,68,2,0,ok,
2026-08-24T01:23:20,torcy,228,153,0,ok,
2026-08-24T01:39:11,paris,1000,1000,0,ok,
2026-08-24T01:39:11,meaux,18,18,0,ok,
2026-08-24T01:39:11,chessy,87,71,0,ok,
2026-08-24T01:39:11,serris,68,2,0,ok,
2026-08-24T01:39:11,torcy,228,153,0,ok,
2026-08-24T01:53:24,paris,1000,1000,0,ok,
2026-08-24T01:53:24,meaux,18,18,0,ok,
2026-08-24T01:53:24,chessy,87,71,0,ok,
2026-08-24T01:53:24,serris,68,2,0,ok,
2026-08-24T01:53:24,torcy,228,153,0,ok,
2026-08-24T02:16:28,paris,1000,1000,0,ok,
2026-08-24T02:16:28,meaux,18,18,0,ok,
2026-08-24T02:16:28,chessy,87,71,0,ok,
2026-08-24T02:16:28,serris,68,2,0,ok,
2026-08-24T02:16:28,torcy,228,153,0,ok,
2026-08-24T02:33:12,paris,1000,1000,0,ok,
2026-08-24T02:33:12,meaux,18,18,0,ok,
2026-08-24T02:33:12,chessy,87,71,0,ok,
2026-08-24T02:33:12,serris,68,2,0,ok,
2026-08-24T02:33:12,torcy,228,153,0,ok,
2026-08-24T02:53:22,paris,1000,1000,0,ok,
2026-08-24T02:53:22,meaux,18,18,0,ok,
2026-08-24T02:53:22,chessy,87,71,0,ok,
2026-08-24T02:53:22,serris,68,2,0,ok,
2026-08-24T02:53:22,torcy,228,153,0,ok,
2026-08-24T03:08:50,paris,1000,1000,0,ok,
2026-08-24T03:08:50,meaux,18,18,0,ok,
2026-08-24T03:08:50,chessy,87,71,0,ok,
2026-08-24T03:08:50,serris,68,2,0,ok,
2026-08-24T03:08:50,torcy,228,153,0,ok,
2026-08-24T03:24:08,paris,1000,1000,0,ok,
2026-08-24T03:24:08,meaux,18,18,0,ok,
2026-08-24T03:24:08,chessy,87,71,0,ok,
2026-08-24T03:24:08,serris,68,2,0,ok,
2026-08-24T03:24:08,torcy,228,153,0,ok,
2026-08-24T03:38:55,paris,1000,1000,0,ok,
2026-08-24T03:38:55,meaux,18,18,0,ok,
2026-08-24T03:38:55,chessy,87,71,0,ok,
2026-08-24T03:38:55,serris,68,2,0,ok,
2026-08-24T03:38:55,torcy,228,153,0,ok,
2026-08-24T03:56:35,paris,1000,1000,0,ok,
2026-08-24T03:56:35,meaux,18,18,0,ok,
2026-08-24T03:56:35,chessy,87,71,0,ok,
2026-08-24T03:56:35,serris,68,2,0,ok,
2026-08-24T03:56:35,torcy,228,153,0,ok,
2026-08-24T04:10:09,paris,1000,1000,0,ok,
2026-08-24T04:10:09,meaux,18,18,0,ok,
2026-08-24T04:10:09,chessy,87,71,0,ok,
2026-08-24T04:10:09,serris,68,2,0,ok,
2026-08-24T04:10:09,torcy,228,153,0,ok,
2026-08-24T04:28:15,paris,1000,1000,0,ok,
2026-08-24T04:28:15,meaux,18,18,0,ok,
2026-08-24T04:28:15,chessy,87,71,0,ok,
2026-08-24T04:28:15,serris,68,2,0,ok,
2026-08-24T04:28:15,torcy,228,153,0,ok,
2026-08-24T04:38:54,paris,1000,1000,0,ok,
2026-08-24T04:38:54,meaux,18,18,0,ok,
2026-08-24T04:38:54,chessy,87,71,0,ok,
2026-08-24T04:38:54,serris,68,2,0,ok,
2026-08-24T04:38:54,torcy,228,153,0,ok,
2026-08-24T04:56:10,paris,1000,1000,0,ok,
2026-08-24T04:56:10,meaux,18,18,0,ok,
2026-08-24T04:56:10,chessy,87,71,0,ok,
2026-08-24T04:56:10,serris,68,2,0,ok,
2026-08-24T04:56:10,torcy,228,153,0,ok,
2026-08-24T05:08:47,paris,1000,1000,0,ok,
2026-08-24T05:08:47,meaux,18,18,0,ok,
2026-08-24T05:08:47,chessy,87,71,0,ok,
2026-08-24T05:08:47,serris,68,2,0,ok,
2026-08-24T05:08:47,torcy,228,153,0,ok,
2026-08-24T05:24:00,paris,1000,1000,0,ok,
2026-08-24T05:24:00,meaux,18,18,0,ok,
2026-08-24T05:24:00,chessy,87,71,0,ok,
2026-08-24T05:24:00,serris,68,2,0,ok,
2026-08-24T05:24:00,torcy,228,153,0,ok,
2026-08-24T05:39:02,paris,1000,1000,0,ok,
2026-08-24T05:39:02,meaux,18,18,0,ok,
2026-08-24T05:39:02,chessy,87,71,0,ok,
2026-08-24T05:39:02,serris,68,2,0,ok,
2026-08-24T05:39:02,torcy,228,153,0,ok,
2026-08-24T05:56:23,paris,1000,1000,0,ok,
2026-08-24T05:56:23,meaux,18,18,0,ok,
2026-08-24T05:56:23,chessy,87,71,0,ok,
2026-08-24T05:56:23,serris,68,2,0,ok,
2026-08-24T05:56:23,torcy,228,153,0,ok,
2026-08-24T06:08:47,paris,1000,1000,0,ok,
2026-08-24T06:08:47,meaux,18,18,0,ok,
2026-08-24T06:08:47,chessy,87,71,0,ok,
2026-08-24T06:08:47,serris,68,2,0,ok,
2026-08-24T06:08:47,torcy,228,153,0,ok,
2026-08-24T06:23:50,paris,1000,1000,0,ok,
2026-08-24T06:23:50,meaux,18,18,0,ok,
2026-08-24T06:23:50,chessy,87,71,0,ok,
2026-08-24T06:23:50,serris,68,2,0,ok,
2026-08-24T06:23:50,torcy,228,153,0,ok,
2026-08-24T06:39:26,paris,1000,1000,0,ok,
2026-08-24T06:39:26,meaux,18,18,0,ok,
2026-08-24T06:39:26,chessy,87,71,0,ok,
2026-08-24T06:39:26,serris,68,2,0,ok,
2026-08-24T06:39:26,torcy,228,153,0,ok,
2026-08-24T06:53:43,paris,1000,1000,0,ok,
2026-08-24T06:53:43,meaux,18,18,0,ok,
2026-08-24T06:53:43,chessy,87,71,0,ok,
2026-08-24T06:53:43,serris,68,2,0,ok,
2026-08-24T06:53:43,torcy,228,153,0,ok,
2026-08-24T07:11:26,paris,1000,1000,0,ok,
2026-08-24T07:11:26,meaux,18,18,0,ok,
2026-08-24T07:11:26,chessy,87,71,0,ok,
2026-08-24T07:11:26,serris,68,2,0,ok,
2026-08-24T07:11:26,torcy,228,153,0,ok,
2026-08-24T07:24:13,paris,1000,1000,0,ok,
2026-08-24T07:24:13,meaux,18,18,0,ok,
2026-08-24T07:24:13,chessy,87,71,0,ok,
2026-08-24T07:24:13,serris,68,2,0,ok,
2026-08-24T07:24:13,torcy,228,153,0,ok,
2026-08-24T07:46:51,paris,1000,1000,0,ok,
2026-08-24T07:46:51,meaux,18,18,0,ok,
2026-08-24T07:46:51,chessy,88,72,0,ok,
2026-08-24T07:46:51,serris,68,2,0,ok,
2026-08-24T07:46:51,torcy,229,153,0,ok,
2026-08-24T08:04:52,paris,1000,1000,0,ok,
2026-08-24T08:04:52,meaux,18,18,0,ok,
2026-08-24T08:04:52,chessy,88,72,0,ok,
2026-08-24T08:04:52,serris,68,2,0,ok,
2026-08-24T08:04:52,torcy,229,153,0,ok,
2026-08-24T08:24:08,paris,1000,1000,0,ok,
2026-08-24T08:24:08,meaux,18,18,0,ok,
2026-08-24T08:24:08,chessy,89,73,0,ok,
2026-08-24T08:24:08,serris,69,2,0,ok,
2026-08-24T08:24:08,torcy,230,153,0,ok,
2026-08-24T08:39:29,paris,1000,1000,0,ok,
2026-08-24T08:39:29,meaux,18,18,0,ok,
2026-08-24T08:39:29,chessy,89,73,0,ok,
2026-08-24T08:39:29,serris,69,2,0,ok,
2026-08-24T08:39:29,torcy,230,153,0,ok,
2026-08-24T08:50:24,paris,1000,1000,0,ok,
2026-08-24T08:50:24,meaux,18,18,0,ok,
2026-08-24T08:50:24,chessy,89,73,0,ok,
2026-08-24T08:50:24,serris,69,2,0,ok,
2026-08-24T08:50:24,torcy,230,153,0,ok,
2026-08-24T09:09:33,paris,1000,1000,0,ok,
2026-08-24T09:09:33,meaux,18,18,0,ok,
2026-08-24T09:09:33,chessy,89,73,0,ok,
2026-08-24T09:09:33,serris,69,2,0,ok,
2026-08-24T09:09:33,torcy,230,153,0,ok,
2026-08-24T09:24:12,paris,1000,1000,0,ok,
2026-08-24T09:24:12,meaux,18,18,0,ok,
2026-08-24T09:24:12,chessy,89,73,0,ok,
2026-08-24T09:24:12,serris,69,2,0,ok,
2026-08-24T09:24:12,torcy,230,153,0,ok,
2026-08-24T09:39:16,paris,1000,1000,0,ok,
2026-08-24T09:39:16,meaux,18,18,0,ok,
2026-08-24T09:39:16,chessy,89,73,0,ok,
2026-08-24T09:39:16,serris,69,2,0,ok,
2026-08-24T09:39:16,torcy,230,153,0,ok,
2026-08-24T09:49:56,paris,1000,1000,0,ok,
2026-08-24T09:49:56,meaux,18,18,0,ok,
2026-08-24T09:49:56,chessy,89,73,0,ok,
2026-08-24T09:49:56,serris,69,2,0,ok,
2026-08-24T09:49:56,torcy,230,153,0,ok,
2026-08-24T10:09:33,paris,1000,1000,0,ok,
2026-08-24T10:09:33,meaux,18,18,0,ok,
2026-08-24T10:09:33,chessy,89,73,0,ok,
2026-08-24T10:09:33,serris,69,2,0,ok,
2026-08-24T10:09:33,torcy,230,153,0,ok,
2026-08-24T10:28:37,paris,1000,1000,0,ok,
2026-08-24T10:28:37,meaux,18,18,0,ok,
2026-08-24T10:28:37,chessy,89,73,0,ok,
2026-08-24T10:28:37,serris,69,2,0,ok,
2026-08-24T10:28:37,torcy,230,153,0,ok,
2026-08-24T10:39:51,paris,1000,1000,0,ok,
2026-08-24T10:39:51,meaux,18,18,0,ok,
2026-08-24T10:39:51,chessy,89,73,0,ok,
2026-08-24T10:39:51,serris,69,2,0,ok,
2026-08-24T10:39:51,torcy,230,153,0,ok,
2026-08-24T10:58:54,paris,1000,1000,0,ok,
2026-08-24T10:58:54,meaux,18,18,0,ok,
2026-08-24T10:58:54,chessy,89,73,0,ok,
2026-08-24T10:58:54,serris,69,2,0,ok,
2026-08-24T10:58:54,torcy,230,153,0,ok,
2026-08-24T11:09:32,paris,1000,1000,0,ok,
2026-08-24T11:09:32,meaux,18,18,0,ok,
2026-08-24T11:09:32,chessy,89,73,0,ok,
2026-08-24T11:09:32,serris,69,2,0,ok,
2026-08-24T11:09:32,torcy,230,153,0,ok,
2026-08-24T11:24:28,paris,1000,1000,0,ok,
2026-08-24T11:24:28,meaux,18,18,0,ok,
2026-08-24T11:24:28,chessy,89,73,0,ok,
2026-08-24T11:24:28,serris,69,2,0,ok,
2026-08-24T11:24:28,torcy,230,153,0,ok,
2026-08-24T11:42:52,paris,1000,1000,0,ok,
2026-08-24T11:42:52,meaux,18,18,0,ok,
2026-08-24T11:42:52,chessy,89,73,0,ok,
2026-08-24T11:42:52,serris,69,2,0,ok,
2026-08-24T11:42:52,torcy,230,153,0,ok,
2026-08-24T11:54:11,paris,1000,1000,0,ok,
2026-08-24T11:54:11,meaux,18,18,0,ok,
2026-08-24T11:54:11,chessy,89,73,0,ok,
2026-08-24T11:54:11,serris,69,2,0,ok,
2026-08-24T11:54:11,torcy,230,153,0,ok,
2026-08-24T12:12:36,paris,1000,1000,0,ok,
2026-08-24T12:12:36,meaux,18,18,0,ok,
2026-08-24T12:12:36,chessy,89,73,0,ok,
2026-08-24T12:12:36,serris,69,2,0,ok,
2026-08-24T12:12:36,torcy,231,154,0,ok,
2026-08-24T12:24:14,paris,1000,1000,0,ok,
2026-08-24T12:24:14,meaux,18,18,0,ok,
2026-08-24T12:24:14,chessy,89,73,0,ok,
2026-08-24T12:24:14,serris,69,2,0,ok,
2026-08-24T12:24:14,torcy,231,154,0,ok,
2026-08-24T12:39:18,paris,1000,1000,0,ok,
2026-08-24T12:39:18,meaux,18,18,0,ok,
2026-08-24T12:39:18,chessy,89,73,0,ok,
2026-08-24T12:39:18,serris,69,2,0,ok,
2026-08-24T12:39:18,torcy,231,154,0,ok,
2026-08-24T12:58:16,paris,1000,1000,0,ok,
2026-08-24T12:58:16,meaux,18,18,0,ok,
2026-08-24T12:58:16,chessy,89,73,0,ok,
2026-08-24T12:58:16,serris,69,2,0,ok,
2026-08-24T12:58:16,torcy,231,154,0,ok,
2026-08-24T13:09:48,paris,1000,1000,0,ok,
2026-08-24T13:09:48,meaux,18,18,0,ok,
2026-08-24T13:09:48,chessy,89,73,0,ok,
2026-08-24T13:09:48,serris,69,2,0,ok,
2026-08-24T13:09:48,torcy,231,154,0,ok,
2026-08-24T13:33:32,paris,1000,1000,0,ok,
2026-08-24T13:33:32,meaux,18,18,0,ok,
2026-08-24T13:33:32,chessy,89,73,0,ok,
2026-08-24T13:33:32,serris,69,2,0,ok,
2026-08-24T13:33:32,torcy,231,154,0,ok,
2026-08-24T13:54:34,paris,1000,1000,0,ok,
2026-08-24T13:54:34,meaux,18,18,0,ok,
2026-08-24T13:54:34,chessy,89,73,0,ok,
2026-08-24T13:54:34,serris,69,2,0,ok,
2026-08-24T13:54:34,torcy,231,154,0,ok,
2026-08-24T14:14:50,paris,1000,1000,0,ok,
2026-08-24T14:14:50,meaux,18,18,0,ok,
2026-08-24T14:14:50,chessy,89,73,0,ok,
2026-08-24T14:14:50,serris,69,2,0,ok,
2026-08-24T14:14:50,torcy,231,154,0,ok,
2026-08-24T14:40:02,paris,1000,1000,0,ok,
2026-08-24T14:40:02,meaux,18,18,0,ok,
2026-08-24T14:40:02,chessy,89,73,0,ok,
2026-08-24T14:40:02,serris,69,2,0,ok,
2026-08-24T14:40:02,torcy,231,154,0,ok,
2026-08-24T14:59:14,paris,1000,1000,0,ok,
2026-08-24T14:59:14,meaux,18,18,0,ok,
2026-08-24T14:59:14,chessy,89,73,0,ok,
2026-08-24T14:59:14,serris,69,2,0,ok,
2026-08-24T14:59:14,torcy,231,154,0,ok,
2026-08-24T15:10:35,paris,1000,1000,0,ok,
2026-08-24T15:10:35,meaux,18,18,0,ok,
2026-08-24T15:10:35,chessy,89,73,0,ok,
2026-08-24T15:10:35,serris,69,2,0,ok,
2026-08-24T15:10:35,torcy,231,154,0,ok,
2026-08-24T15:24:57,paris,1000,1000,0,ok,
2026-08-24T15:24:57,meaux,18,18,0,ok,
2026-08-24T15:24:57,chessy,89,73,0,ok,
2026-08-24T15:24:57,serris,69,2,0,ok,
2026-08-24T15:24:57,torcy,231,154,0,ok,
2026-08-24T15:40:03,paris,1000,1000,0,ok,
2026-08-24T15:40:03,meaux,18,18,0,ok,
2026-08-24T15:40:03,chessy,89,73,0,ok,
2026-08-24T15:40:03,serris,69,2,0,ok,
2026-08-24T15:40:03,torcy,231,154,0,ok,
2026-08-24T16:00:09,paris,1000,1000,0,ok,
2026-08-24T16:00:09,meaux,18,18,0,ok,
2026-08-24T16:00:09,chessy,89,73,0,ok,
2026-08-24T16:00:09,serris,69,2,0,ok,
2026-08-24T16:00:09,torcy,231,154,0,ok,
2026-08-24T16:23:40,paris,1000,1000,0,ok,
2026-08-24T16:23:40,meaux,18,18,0,ok,
2026-08-24T16:23:40,chessy,89,73,0,ok,
2026-08-24T16:23:40,serris,69,2,0,ok,
2026-08-24T16:23:40,torcy,231,154,0,ok,
2026-08-24T16:44:50,paris,1000,1000,0,ok,
2026-08-24T16:44:50,meaux,18,18,0,ok,
2026-08-24T16:44:50,chessy,89,73,0,ok,
2026-08-24T16:44:50,serris,69,2,0,ok,
2026-08-24T16:44:50,torcy,231,154,0,ok,
2026-08-24T16:55:29,paris,1000,1000,0,ok,
2026-08-24T16:55:29,meaux,18,18,0,ok,
2026-08-24T16:55:29,chessy,89,73,0,ok,
2026-08-24T16:55:29,serris,69,2,0,ok,
2026-08-24T16:55:29,torcy,231,154,0,ok,
2026-08-24T17:10:44,paris,1000,1000,0,ok,
2026-08-24T17:10:44,meaux,18,18,0,ok,
2026-08-24T17:10:44,chessy,89,73,0,ok,
2026-08-24T17:10:44,serris,69,2,0,ok,
2026-08-24T17:10:44,torcy,231,154,0,ok,
2026-08-24T17:30:30,paris,1000,1000,0,ok,
2026-08-24T17:30:30,meaux,18,18,0,ok,
2026-08-24T17:30:30,chessy,89,73,0,ok,
2026-08-24T17:30:30,serris,69,2,0,ok,
2026-08-24T17:30:30,torcy,231,154,0,ok,
2026-08-24T17:56:02,paris,1000,1000,0,ok,
2026-08-24T17:56:02,meaux,18,18,0,ok,
2026-08-24T17:56:02,chessy,89,73,0,ok,
2026-08-24T17:56:02,serris,69,2,0,ok,
2026-08-24T17:56:02,torcy,231,154,0,ok,
2026-08-24T18:05:43,paris,1000,1000,0,ok,
2026-08-24T18:05:43,meaux,18,18,0,ok,
2026-08-24T18:05:43,chessy,89,73,0,ok,
2026-08-24T18:05:43,serris,69,2,0,ok,
2026-08-24T18:05:43,torcy,231,154,0,ok,
2026-08-24T18:26:27,paris,1000,1000,0,ok,
2026-08-24T18:26:27,meaux,18,18,0,ok,
2026-08-24T18:26:27,chessy,89,73,0,ok,
2026-08-24T18:26:27,serris,69,2,0,ok,
2026-08-24T18:26:27,torcy,231,154,0,ok,
2026-08-24T18:39:27,paris,1000,1000,0,ok,
2026-08-24T18:39:27,meaux,18,18,0,ok,
2026-08-24T18:39:27,chessy,89,73,0,ok,
2026-08-24T18:39:27,serris,69,2,0,ok,
2026-08-24T18:39:27,torcy,231,154,0,ok,
2026-08-24T18:58:42,paris,1000,1000,0,ok,
2026-08-24T18:58:42,meaux,18,18,0,ok,
2026-08-24T18:58:42,chessy,89,73,0,ok,
2026-08-24T18:58:42,serris,69,2,0,ok,
2026-08-24T18:58:42,torcy,231,154,0,ok,
2026-08-24T19:09:49,paris,1000,1000,0,ok,
2026-08-24T19:09:49,meaux,18,18,0,ok,
2026-08-24T19:09:49,chessy,89,73,0,ok,
2026-08-24T19:09:49,serris,69,2,0,ok,
2026-08-24T19:09:49,torcy,231,154,0,ok,
2026-08-24T19:29:48,paris,1000,1000,0,ok,
2026-08-24T19:29:48,meaux,18,18,0,ok,
2026-08-24T19:29:48,chessy,89,73,0,ok,
2026-08-24T19:29:48,serris,69,2,0,ok,
2026-08-24T19:29:48,torcy,231,154,0,ok,
2026-08-24T19:49:02,paris,1000,1000,0,ok,
2026-08-24T19:49:02,meaux,18,18,0,ok,
2026-08-24T19:49:02,chessy,89,73,0,ok,
2026-08-24T19:49:02,serris,69,2,0,ok,
2026-08-24T19:49:02,torcy,231,154,0,ok,
2026-08-24T20:08:06,paris,1000,1000,0,ok,
2026-08-24T20:08:06,meaux,18,18,0,ok,
2026-08-24T20:08:06,chessy,89,73,0,ok,
2026-08-24T20:08:06,serris,69,2,0,ok,
2026-08-24T20:08:06,torcy,231,154,0,ok,
2026-08-24T20:27:01,paris,1000,1000,0,ok,
2026-08-24T20:27:01,meaux,18,18,0,ok,
2026-08-24T20:27:01,chessy,89,73,0,ok,
2026-08-24T20:27:01,serris,69,2,0,ok,
2026-08-24T20:27:01,torcy,231,154,0,ok,
2026-08-24T20:46:54,paris,1000,1000,0,ok,
2026-08-24T20:46:54,meaux,18,18,0,ok,
2026-08-24T20:46:54,chessy,89,73,0,ok,
2026-08-24T20:46:54,serris,69,2,0,ok,
2026-08-24T20:46:54,torcy,231,154,0,ok,
2026-08-24T21:06:55,paris,1000,1000,0,ok,
2026-08-24T21:06:55,meaux,18,18,0,ok,
2026-08-24T21:06:55,chessy,89,73,0,ok,
2026-08-24T21:06:55,serris,69,2,0,ok,
2026-08-24T21:06:55,torcy,231,154,0,ok,
2026-08-24T21:26:35,paris,1000,1000,0,ok,
2026-08-24T21:26:35,meaux,18,18,0,ok,
2026-08-24T21:26:35,chessy,89,73,0,ok,
2026-08-24T21:26:35,serris,69,2,0,ok,
2026-08-24T21:26:35,torcy,231,154,0,ok,
2026-08-24T21:38:24,paris,1000,1000,0,ok,
2026-08-24T21:38:24,meaux,18,18,0,ok,
2026-08-24T21:38:24,chessy,89,73,0,ok,
2026-08-24T21:38:24,serris,69,2,0,ok,
2026-08-24T21:38:24,torcy,231,154,0,ok,
2026-08-24T21:57:49,paris,1000,1000,0,ok,
2026-08-24T21:57:49,meaux,18,18,0,ok,
2026-08-24T21:57:49,chessy,89,73,0,ok,
2026-08-24T21:57:49,serris,69,2,0,ok,
2026-08-24T21:57:49,torcy,231,154,0,ok,
2026-08-24T22:16:46,paris,1000,1000,0,ok,
2026-08-24T22:16:46,meaux,18,18,0,ok,
2026-08-24T22:16:46,chessy,89,73,0,ok,
2026-08-24T22:16:46,serris,69,2,0,ok,
2026-08-24T22:16:46,torcy,231,154,0,ok,
2026-08-24T22:36:50,paris,1000,1000,0,ok,
2026-08-24T22:36:50,meaux,18,18,0,ok,
2026-08-24T22:36:50,chessy,89,73,0,ok,
2026-08-24T22:36:50,serris,69,2,0,ok,
2026-08-24T22:36:50,torcy,231,154,0,ok,
2026-08-24T22:55:31,paris,1000,1000,0,ok,
2026-08-24T22:55:31,meaux,18,18,0,ok,
2026-08-24T22:55:31,chessy,89,73,0,ok,
2026-08-24T22:55:31,serris,69,2,0,ok,
2026-08-24T22:55:31,torcy,231,154,0,ok,
2026-08-24T23:14:00,paris,1000,1000,0,ok,
2026-08-24T23:14:00,meaux,18,18,0,ok,
2026-08-24T23:14:00,chessy,89,73,0,ok,
2026-08-24T23:14:00,serris,69,2,0,ok,
2026-08-24T23:14:00,torcy,231,154,0,ok,
2026-08-24T23:24:04,paris,1000,1000,0,ok,
2026-08-24T23:24:04,meaux,18,18,0,ok,
2026-08-24T23:24:04,chessy,89,73,0,ok,
2026-08-24T23:24:04,serris,69,2,0,ok,
2026-08-24T23:24:04,torcy,231,154,0,ok,
2026-08-24T23:42:11,paris,1000,1000,0,ok,
2026-08-24T23:42:11,meaux,18,18,0,ok,
2026-08-24T23:42:11,chessy,89,73,0,ok,
2026-08-24T23:42:11,serris,69,2,0,ok,
2026-08-24T23:42:11,torcy,231,154,0,ok,
2026-08-24T23:53:34,paris,1000,1000,0,ok,
2026-08-24T23:53:34,meaux,18,18,0,ok,
2026-08-24T23:53:34,chessy,89,73,0,ok,
2026-08-24T23:53:34,serris,69,2,0,ok,
2026-08-24T23:53:34,torcy,231,154,0,ok,
2026-08-25T00:15:11,paris,1000,1000,0,ok,
2026-08-25T00:15:11,meaux,18,18,0,ok,
2026-08-25T00:15:11,chessy,89,73,0,ok,
2026-08-25T00:15:11,serris,69,2,0,ok,
2026-08-25T00:15:11,torcy,231,154,0,ok,
2026-08-25T00:41:06,paris,1000,1000,0,ok,
2026-08-25T00:41:06,meaux,18,18,0,ok,
2026-08-25T00:41:06,chessy,89,73,0,ok,
2026-08-25T00:41:06,serris,69,2,0,ok,
2026-08-25T00:41:06,torcy,231,154,0,ok,
2026-08-25T00:54:16,paris,1000,1000,0,ok,
2026-08-25T00:54:16,meaux,18,18,0,ok,
2026-08-25T00:54:16,chessy,89,73,0,ok,
2026-08-25T00:54:16,serris,69,2,0,ok,
2026-08-25T00:54:16,torcy,231,154,0,ok,
2026-08-25T01:06:17,paris,1000,1000,0,ok,
2026-08-25T01:06:17,meaux,18,18,0,ok,
2026-08-25T01:06:17,chessy,89,73,0,ok,
2026-08-25T01:06:17,serris,69,2,0,ok,
2026-08-25T01:06:17,torcy,231,154,0,ok,
2026-08-25T01:24:29,paris,1000,1000,0,ok,
2026-08-25T01:24:29,meaux,18,18,0,ok,
2026-08-25T01:24:29,chessy,89,73,0,ok,
2026-08-25T01:24:29,serris,69,2,0,ok,
2026-08-25T01:24:29,torcy,231,154,0,ok,
2026-08-25T01:39:15,paris,1000,1000,0,ok,
2026-08-25T01:39:15,meaux,18,18,0,ok,
2026-08-25T01:39:15,chessy,89,73,0,ok,
2026-08-25T01:39:15,serris,69,2,0,ok,
2026-08-25T01:39:15,torcy,231,154,0,ok,
2026-08-25T01:54:41,paris,1000,1000,0,ok,
2026-08-25T01:54:41,meaux,18,18,0,ok,
2026-08-25T01:54:41,chessy,89,73,0,ok,
2026-08-25T01:54:41,serris,69,2,0,ok,
2026-08-25T01:54:41,torcy,231,154,0,ok,
2026-08-25T02:16:35,paris,1000,1000,0,ok,
2026-08-25T02:16:35,meaux,18,18,0,ok,
2026-08-25T02:16:35,chessy,89,73,0,ok,
2026-08-25T02:16:35,serris,69,2,0,ok,
2026-08-25T02:16:35,torcy,231,154,0,ok,
2026-08-25T02:35:02,paris,1000,1000,0,ok,
2026-08-25T02:35:02,meaux,18,18,0,ok,
2026-08-25T02:35:02,chessy,89,73,0,ok,
2026-08-25T02:35:02,serris,69,2,0,ok,
2026-08-25T02:35:02,torcy,231,154,0,ok,
2026-08-25T02:54:25,paris,1000,1000,0,ok,
2026-08-25T02:54:25,meaux,18,18,0,ok,
2026-08-25T02:54:25,chessy,89,73,0,ok,
2026-08-25T02:54:25,serris,70,3,0,ok,
2026-08-25T02:54:25,torcy,232,154,0,ok,
2026-08-25T03:09:46,paris,1000,1000,0,ok,
2026-08-25T03:09:46,meaux,18,18,0,ok,
2026-08-25T03:09:46,chessy,90,74,0,ok,
2026-08-25T03:09:46,serris,70,2,0,ok,
2026-08-25T03:09:46,torcy,232,154,0,ok,
2026-08-25T03:23:53,paris,1000,1000,0,ok,
2026-08-25T03:23:53,meaux,18,18,0,ok,
2026-08-25T03:23:53,chessy,90,74,0,ok,
2026-08-25T03:23:53,serris,70,2,0,ok,
2026-08-25T03:23:53,torcy,232,154,0,ok,
2026-08-25T03:34:01,paris,1000,1000,0,ok,
2026-08-25T03:34:01,meaux,18,18,0,ok,
2026-08-25T03:34:01,chessy,90,74,0,ok,
2026-08-25T03:34:01,serris,70,2,0,ok,
2026-08-25T03:34:01,torcy,232,154,0,ok,
2026-08-25T03:54:05,paris,1000,1000,0,ok,
2026-08-25T03:54:05,meaux,18,18,0,ok,
2026-08-25T03:54:05,chessy,90,74,0,ok,
2026-08-25T03:54:05,serris,70,2,0,ok,
2026-08-25T03:54:05,torcy,232,154,0,ok,
2026-08-25T04:09:09,paris,1000,1000,0,ok,
2026-08-25T04:09:09,meaux,18,18,0,ok,
2026-08-25T04:09:09,chessy,90,74,0,ok,
2026-08-25T04:09:09,serris,70,2,0,ok,
2026-08-25T04:09:09,torcy,232,154,0,ok,
2026-08-25T04:27:11,paris,1000,1000,0,ok,
2026-08-25T04:27:11,meaux,18,18,0,ok,
2026-08-25T04:27:11,chessy,90,74,0,ok,
2026-08-25T04:27:11,serris,70,2,0,ok,
2026-08-25T04:27:11,torcy,232,154,0,ok,
2026-08-25T04:39:05,paris,1000,1000,0,ok,
2026-08-25T04:39:05,meaux,18,18,0,ok,
2026-08-25T04:39:05,chessy,90,74,0,ok,
2026-08-25T04:39:05,serris,70,2,0,ok,
2026-08-25T04:39:05,torcy,232,154,0,ok,
2026-08-25T04:53:58,paris,1000,1000,0,ok,
2026-08-25T04:53:58,meaux,18,18,0,ok,
2026-08-25T04:53:58,chessy,90,74,0,ok,
2026-08-25T04:53:58,serris,70,2,0,ok,
2026-08-25T04:53:58,torcy,232,154,0,ok,
2026-08-25T05:09:18,paris,1000,1000,0,ok,
2026-08-25T05:09:18,meaux,18,18,0,ok,
2026-08-25T05:09:18,chessy,90,74,0,ok,
2026-08-25T05:09:18,serris,70,2,0,ok,
2026-08-25T05:09:18,torcy,232,154,0,ok,
2026-08-25T05:27:44,paris,1000,1000,0,ok,
2026-08-25T05:27:44,meaux,18,18,0,ok,
2026-08-25T05:27:44,chessy,90,74,0,ok,
2026-08-25T05:27:44,serris,70,2,0,ok,
2026-08-25T05:27:44,torcy,232,154,0,ok,
2026-08-25T05:39:16,paris,1000,1000,0,ok,
2026-08-25T05:39:16,meaux,18,18,0,ok,
2026-08-25T05:39:16,chessy,90,74,0,ok,
2026-08-25T05:39:16,serris,70,2,0,ok,
2026-08-25T05:39:16,torcy,232,154,0,ok,
2026-08-25T05:53:58,paris,1000,1000,0,ok,
2026-08-25T05:53:58,meaux,18,18,0,ok,
2026-08-25T05:53:58,chessy,90,74,0,ok,
2026-08-25T05:53:58,serris,70,2,0,ok,
2026-08-25T05:53:58,torcy,232,154,0,ok,
2026-08-25T06:05:45,paris,1000,1000,0,ok,
2026-08-25T06:05:45,meaux,18,18,0,ok,
2026-08-25T06:05:45,chessy,90,74,0,ok,
2026-08-25T06:05:45,serris,70,2,0,ok,
2026-08-25T06:05:45,torcy,232,154,0,ok,
2026-08-25T06:25:16,paris,1000,1000,0,ok,
2026-08-25T06:25:16,meaux,18,18,0,ok,
2026-08-25T06:25:16,chessy,90,74,0,ok,
2026-08-25T06:25:16,serris,70,2,0,ok,
2026-08-25T06:25:16,torcy,232,154,0,ok,
2026-08-25T06:39:32,paris,1000,1000,0,ok,
2026-08-25T06:39:32,meaux,18,18,0,ok,
2026-08-25T06:39:32,chessy,90,74,0,ok,
2026-08-25T06:39:32,serris,70,2,0,ok,
2026-08-25T06:39:32,torcy,232,154,0,ok,
2026-08-25T06:54:00,paris,1000,1000,0,ok,
2026-08-25T06:54:00,meaux,18,18,0,ok,
2026-08-25T06:54:00,chessy,90,74,0,ok,
2026-08-25T06:54:00,serris,70,2,0,ok,
2026-08-25T06:54:00,torcy,232,154,0,ok,
2026-08-25T07:13:59,paris,1000,1000,0,ok,
2026-08-25T07:13:59,meaux,18,18,0,ok,
2026-08-25T07:13:59,chessy,90,74,0,ok,
2026-08-25T07:13:59,serris,70,2,0,ok,
2026-08-25T07:13:59,torcy,232,154,0,ok,
2026-08-25T07:34:10,paris,1000,1000,0,ok,
2026-08-25T07:34:10,meaux,18,18,0,ok,
2026-08-25T07:34:10,chessy,90,74,0,ok,
2026-08-25T07:34:10,serris,70,2,0,ok,
2026-08-25T07:34:10,torcy,232,154,0,ok,
2026-08-25T07:53:29,paris,1000,1000,0,ok,
2026-08-25T07:53:29,meaux,18,18,0,ok,
2026-08-25T07:53:29,chessy,90,74,0,ok,
2026-08-25T07:53:29,serris,70,2,0,ok,
2026-08-25T07:53:29,torcy,232,154,0,ok,
2026-08-25T08:12:37,paris,1000,1000,0,ok,
2026-08-25T08:12:37,meaux,18,18,0,ok,
2026-08-25T08:12:37,chessy,90,74,0,ok,
2026-08-25T08:12:37,serris,70,2,0,ok,
2026-08-25T08:12:37,torcy,232,154,0,ok,
2026-08-25T08:24:24,paris,1000,1000,0,ok,
2026-08-25T08:24:24,meaux,18,18,0,ok,
2026-08-25T08:24:24,chessy,90,74,0,ok,
2026-08-25T08:24:24,serris,70,2,0,ok,
2026-08-25T08:24:24,torcy,232,154,0,ok,
2026-08-25T08:39:51,paris,1000,1000,0,ok,
2026-08-25T08:39:51,meaux,18,18,0,ok,
2026-08-25T08:39:51,chessy,90,74,0,ok,
2026-08-25T08:39:51,serris,70,2,0,ok,
2026-08-25T08:39:51,torcy,232,154,0,ok,
2026-08-25T08:59:18,paris,1000,1000,0,ok,
2026-08-25T08:59:18,meaux,18,18,0,ok,
2026-08-25T08:59:18,chessy,90,74,0,ok,
2026-08-25T08:59:18,serris,70,2,0,ok,
2026-08-25T08:59:18,torcy,232,154,0,ok,
2026-08-25T09:10:17,paris,1000,1000,0,ok,
2026-08-25T09:10:17,meaux,18,18,0,ok,
2026-08-25T09:10:17,chessy,90,74,0,ok,
2026-08-25T09:10:17,serris,70,2,0,ok,
2026-08-25T09:10:17,torcy,232,154,0,ok,
2026-08-25T09:24:41,paris,1000,1000,0,ok,
2026-08-25T09:24:41,meaux,18,18,0,ok,
2026-08-25T09:24:41,chessy,90,74,0,ok,
2026-08-25T09:24:41,serris,70,2,0,ok,
2026-08-25T09:24:41,torcy,232,154,0,ok,
2026-08-25T09:39:00,paris,1000,1000,0,ok,
2026-08-25T09:39:00,meaux,18,18,0,ok,
2026-08-25T09:39:00,chessy,90,74,0,ok,
2026-08-25T09:39:00,serris,70,2,0,ok,
2026-08-25T09:39:00,torcy,232,154,0,ok,
2026-08-25T10:01:08,paris,1000,1000,0,ok,
2026-08-25T10:01:08,meaux,18,18,0,ok,
2026-08-25T10:01:08,chessy,90,74,0,ok,
2026-08-25T10:01:08,serris,70,2,0,ok,
2026-08-25T10:01:08,torcy,232,154,0,ok,
2026-08-25T10:23:57,paris,1000,1000,0,ok,
2026-08-25T10:23:57,meaux,18,18,0,ok,
2026-08-25T10:23:57,chessy,91,75,0,ok,
2026-08-25T10:23:57,serris,71,2,0,ok,
2026-08-25T10:23:57,torcy,234,155,0,ok,
2026-08-25T10:43:50,paris,1000,1000,0,ok,
2026-08-25T10:43:50,meaux,18,18,0,ok,
2026-08-25T10:43:50,chessy,91,75,0,ok,
2026-08-25T10:43:50,serris,71,2,0,ok,
2026-08-25T10:43:50,torcy,233,154,0,ok,
2026-08-25T10:54:19,paris,1000,1000,0,ok,
2026-08-25T10:54:19,meaux,18,18,0,ok,
2026-08-25T10:54:19,chessy,91,75,0,ok,
2026-08-25T10:54:19,serris,71,2,0,ok,
2026-08-25T10:54:19,torcy,233,154,0,ok,
2026-08-25T11:07:11,paris,1000,1000,0,ok,
2026-08-25T11:07:11,meaux,18,18,0,ok,
2026-08-25T11:07:11,chessy,91,75,0,ok,
2026-08-25T11:07:11,serris,71,2,0,ok,
2026-08-25T11:07:11,torcy,233,154,0,ok,
2026-08-25T11:27:11,paris,1000,1000,0,ok,
2026-08-25T11:27:11,meaux,18,18,0,ok,
2026-08-25T11:27:11,chessy,91,75,0,ok,
2026-08-25T11:27:11,serris,71,2,0,ok,
2026-08-25T11:27:11,torcy,233,154,0,ok,
2026-08-25T11:39:13,paris,1000,1000,0,ok,
2026-08-25T11:39:13,meaux,18,18,0,ok,
2026-08-25T11:39:13,chessy,91,75,0,ok,
2026-08-25T11:39:13,serris,71,2,0,ok,
2026-08-25T11:39:13,torcy,233,154,0,ok,
2026-08-25T11:58:54,paris,1000,1000,0,ok,
2026-08-25T11:58:54,meaux,18,18,0,ok,
2026-08-25T11:58:54,chessy,91,75,0,ok,
2026-08-25T11:58:54,serris,71,2,0,ok,
2026-08-25T11:58:54,torcy,233,154,0,ok,
2026-08-25T12:09:37,paris,1000,1000,0,ok,
2026-08-25T12:09:37,meaux,18,18,0,ok,
2026-08-25T12:09:37,chessy,91,75,0,ok,
2026-08-25T12:09:37,serris,71,2,0,ok,
2026-08-25T12:09:37,torcy,233,154,0,ok,
2026-08-25T12:25:01,paris,1000,1000,0,ok,
2026-08-25T12:25:01,meaux,18,18,0,ok,
2026-08-25T12:25:01,chessy,91,75,0,ok,
2026-08-25T12:25:01,serris,71,2,0,ok,
2026-08-25T12:25:01,torcy,233,154,0,ok,
2026-08-25T12:40:04,paris,1000,1000,0,ok,
2026-08-25T12:40:04,meaux,18,18,0,ok,
2026-08-25T12:40:04,chessy,91,75,0,ok,
2026-08-25T12:40:04,serris,71,2,0,ok,
2026-08-25T12:40:04,torcy,233,154,0,ok,
2026-08-25T12:59:54,paris,1000,1000,0,ok,
2026-08-25T12:59:54,meaux,18,18,0,ok,
2026-08-25T12:59:54,chessy,91,75,0,ok,
2026-08-25T12:59:54,serris,71,2,0,ok,
2026-08-25T12:59:54,torcy,233,154,0,ok,
2026-08-25T13:09:50,paris,1000,1000,0,ok,
2026-08-25T13:09:50,meaux,18,18,0,ok,
2026-08-25T13:09:50,chessy,91,75,0,ok,
2026-08-25T13:09:50,serris,71,2,0,ok,
2026-08-25T13:09:50,torcy,233,154,0,ok,
2026-08-25T13:33:21,paris,1000,1000,0,ok,
2026-08-25T13:33:21,meaux,18,18,0,ok,
2026-08-25T13:33:21,chessy,91,75,0,ok,
2026-08-25T13:33:21,serris,71,2,0,ok,
2026-08-25T13:33:21,torcy,233,154,0,ok,
2026-08-25T13:54:13,paris,1000,1000,0,ok,
2026-08-25T13:54:13,meaux,18,18,0,ok,
2026-08-25T13:54:13,chessy,91,75,0,ok,
2026-08-25T13:54:13,serris,71,2,0,ok,
2026-08-25T13:54:13,torcy,233,154,0,ok,
2026-08-25T14:14:53,paris,1000,1000,0,ok,
2026-08-25T14:14:53,meaux,18,18,0,ok,
2026-08-25T14:14:53,chessy,91,75,0,ok,
2026-08-25T14:14:53,serris,71,2,0,ok,
2026-08-25T14:14:53,torcy,233,154,0,ok,
2026-08-25T14:24:44,paris,1000,1000,0,ok,
2026-08-25T14:24:44,meaux,18,18,0,ok,
2026-08-25T14:24:44,chessy,91,75,0,ok,
2026-08-25T14:24:44,serris,71,2,0,ok,
2026-08-25T14:24:44,torcy,233,154,0,ok,
2026-08-25T14:40:04,paris,1000,1000,0,ok,
2026-08-25T14:40:04,meaux,18,18,0,ok,
2026-08-25T14:40:04,chessy,91,75,0,ok,
2026-08-25T14:40:04,serris,71,2,0,ok,
2026-08-25T14:40:04,torcy,233,154,0,ok,
2026-08-25T15:02:42,paris,1000,1000,0,ok,
2026-08-25T15:02:42,meaux,18,18,0,ok,
2026-08-25T15:02:42,chessy,91,75,0,ok,
2026-08-25T15:02:42,serris,71,2,0,ok,
2026-08-25T15:02:42,torcy,233,154,0,ok,
2026-08-25T15:25:16,paris,1000,1000,0,ok,
2026-08-25T15:25:16,meaux,18,18,0,ok,
2026-08-25T15:25:16,chessy,91,75,0,ok,
2026-08-25T15:25:16,serris,71,2,0,ok,
2026-08-25T15:25:16,torcy,233,154,0,ok,
2026-08-25T15:40:33,paris,1000,1000,0,ok,
2026-08-25T15:40:33,meaux,18,18,0,ok,
2026-08-25T15:40:33,chessy,91,75,0,ok,
2026-08-25T15:40:33,serris,71,2,0,ok,
2026-08-25T15:40:33,torcy,233,154,0,ok,
2026-08-25T16:00:59,paris,1000,1000,0,ok,
2026-08-25T16:00:59,meaux,18,18,0,ok,
2026-08-25T16:00:59,chessy,91,75,0,ok,
2026-08-25T16:00:59,serris,71,2,0,ok,
2026-08-25T16:00:59,torcy,234,155,0,ok,
2026-08-25T16:34:17,paris,1000,1000,0,ok,
2026-08-25T16:34:17,meaux,18,18,0,ok,
2026-08-25T16:34:17,chessy,91,75,0,ok,
2026-08-25T16:34:17,serris,71,2,0,ok,
2026-08-25T16:34:17,torcy,234,155,0,ok,
2026-08-25T16:55:10,paris,1000,1000,0,ok,
2026-08-25T16:55:10,meaux,18,18,0,ok,
2026-08-25T16:55:10,chessy,91,75,0,ok,
2026-08-25T16:55:10,serris,71,2,0,ok,
2026-08-25T16:55:10,torcy,234,155,0,ok,
2026-08-25T17:10:39,paris,1000,1000,0,ok,
2026-08-25T17:10:39,meaux,18,18,0,ok,
2026-08-25T17:10:39,chessy,91,75,0,ok,
2026-08-25T17:10:39,serris,71,2,0,ok,
2026-08-25T17:10:39,torcy,234,155,0,ok,
2026-08-25T17:24:48,paris,1000,1000,0,ok,
2026-08-25T17:24:48,meaux,18,18,0,ok,
2026-08-25T17:24:48,chessy,91,75,0,ok,
2026-08-25T17:24:48,serris,71,2,0,ok,
2026-08-25T17:24:48,torcy,234,155,0,ok,
2026-08-25T17:36:22,paris,1000,1000,0,ok,
2026-08-25T17:36:22,meaux,18,18,0,ok,
2026-08-25T17:36:22,chessy,91,75,0,ok,
2026-08-25T17:36:22,serris,71,2,0,ok,
2026-08-25T17:36:22,torcy,234,155,0,ok,
2026-08-25T17:57:15,paris,1000,1000,0,ok,
2026-08-25T17:57:15,meaux,18,18,0,ok,
2026-08-25T17:57:15,chessy,91,75,0,ok,
2026-08-25T17:57:15,serris,71,2,0,ok,
2026-08-25T17:57:15,torcy,234,155,0,ok,
2026-08-25T18:17:18,paris,1000,1000,0,ok,
2026-08-25T18:17:18,meaux,18,18,0,ok,
2026-08-25T18:17:18,chessy,91,75,0,ok,
2026-08-25T18:17:18,serris,71,2,0,ok,
2026-08-25T18:17:18,torcy,234,155,0,ok,
2026-08-25T18:40:00,paris,1000,1000,0,ok,
2026-08-25T18:40:00,meaux,18,18,0,ok,
2026-08-25T18:40:00,chessy,91,75,0,ok,
2026-08-25T18:40:00,serris,71,2,0,ok,
2026-08-25T18:40:00,torcy,234,155,0,ok,
2026-08-25T19:00:28,paris,1000,1000,0,ok,
2026-08-25T19:00:28,meaux,18,18,0,ok,
2026-08-25T19:00:28,chessy,91,75,0,ok,
2026-08-25T19:00:28,serris,71,2,0,ok,
2026-08-25T19:00:28,torcy,234,155,0,ok,
2026-08-25T19:24:53,paris,1000,1000,0,ok,
2026-08-25T19:24:53,meaux,18,18,0,ok,
2026-08-25T19:24:53,chessy,91,75,0,ok,
2026-08-25T19:24:53,serris,71,2,0,ok,
2026-08-25T19:24:53,torcy,234,155,0,ok,
2026-08-25T19:35:59,paris,1000,1000,0,ok,
2026-08-25T19:35:59,meaux,18,18,0,ok,
2026-08-25T19:35:59,chessy,91,75,0,ok,
2026-08-25T19:35:59,serris,71,2,0,ok,
2026-08-25T19:35:59,torcy,234,155,0,ok,
2026-08-25T19:55:12,paris,1000,1000,0,ok,
2026-08-25T19:55:12,meaux,18,18,0,ok,
2026-08-25T19:55:12,chessy,91,75,0,ok,
2026-08-25T19:55:12,serris,71,2,0,ok,
2026-08-25T19:55:12,torcy,234,155,0,ok,
2026-08-25T20:15:10,paris,1000,1000,0,ok,
2026-08-25T20:15:10,meaux,18,18,0,ok,
2026-08-25T20:15:10,chessy,91,75,0,ok,
2026-08-25T20:15:10,serris,71,2,0,ok,
2026-08-25T20:15:10,torcy,234,155,0,ok,
2026-08-25T20:35:25,paris,1000,1000,0,ok,
2026-08-25T20:35:25,meaux,18,18,0,ok,
2026-08-25T20:35:25,chessy,91,75,0,ok,
2026-08-25T20:35:25,serris,71,2,0,ok,
2026-08-25T20:35:25,torcy,234,155,0,ok,
2026-08-25T20:55:09,paris,1000,1000,0,ok,
2026-08-25T20:55:09,meaux,18,18,0,ok,
2026-08-25T20:55:09,chessy,91,75,0,ok,
2026-08-25T20:55:09,serris,71,2,0,ok,
2026-08-25T20:55:09,torcy,234,155,0,ok,
2026-08-25T21:15:04,paris,1000,1000,0,ok,
2026-08-25T21:15:04,meaux,18,18,0,ok,
2026-08-25T21:15:04,chessy,91,75,0,ok,
2026-08-25T21:15:04,serris,71,2,0,ok,
2026-08-25T21:15:04,torcy,234,155,0,ok,
2026-08-25T21:34:14,paris,1000,1000,0,ok,
2026-08-25T21:34:14,meaux,18,18,0,ok,
2026-08-25T21:34:14,chessy,91,75,0,ok,
2026-08-25T21:34:14,serris,71,2,0,ok,
2026-08-25T21:34:14,torcy,234,155,0,ok,
2026-08-25T22:04:06,paris,1000,1000,0,ok,
2026-08-25T22:04:06,meaux,18,18,0,ok,
2026-08-25T22:04:06,chessy,91,75,0,ok,
2026-08-25T22:04:06,serris,71,2,0,ok,
2026-08-25T22:04:06,torcy,233,154,0,ok,
2026-08-25T22:26:55,paris,1000,1000,0,ok,
2026-08-25T22:26:55,meaux,18,18,0,ok,
2026-08-25T22:26:55,chessy,91,75,0,ok,
2026-08-25T22:26:55,serris,71,2,0,ok,
2026-08-25T22:26:55,torcy,233,154,0,ok,
2026-08-25T22:45:34,paris,1000,1000,0,ok,
2026-08-25T22:45:34,meaux,18,18,0,ok,
2026-08-25T22:45:34,chessy,91,75,0,ok,
2026-08-25T22:45:34,serris,71,2,0,ok,
2026-08-25T22:45:34,torcy,233,154,0,ok,
2026-08-25T23:04:46,paris,1000,1000,0,ok,
2026-08-25T23:04:46,meaux,18,18,0,ok,
2026-08-25T23:04:46,chessy,91,75,0,ok,
2026-08-25T23:04:46,serris,71,2,0,ok,
2026-08-25T23:04:46,torcy,233,154,0,ok,
2026-08-25T23:47:17,paris,1000,1000,0,ok,
2026-08-25T23:47:17,meaux,18,18,0,ok,
2026-08-25T23:47:17,chessy,91,75,0,ok,
2026-08-25T23:47:17,serris,71,2,0,ok,
2026-08-25T23:47:17,torcy,233,154,0,ok,
2026-08-26T00:09:46,paris,1000,1000,0,ok,
2026-08-26T00:09:46,meaux,18,18,0,ok,
2026-08-26T00:09:46,chessy,91,75,0,ok,
2026-08-26T00:09:46,serris,71,2,0,ok,
2026-08-26T00:09:46,torcy,233,154,0,ok,
2026-08-26T00:24:20,paris,1000,1000,0,ok,
2026-08-26T00:24:20,meaux,18,18,0,ok,
2026-08-26T00:24:20,chessy,91,75,0,ok,
2026-08-26T00:24:20,serris,71,2,0,ok,
2026-08-26T00:24:20,torcy,233,154,0,ok,
2026-08-26T00:39:37,paris,1000,1000,0,ok,
2026-08-26T00:39:37,meaux,18,18,0,ok,
2026-08-26T00:39:37,chessy,91,75,0,ok,
2026-08-26T00:39:37,serris,71,2,0,ok,
2026-08-26T00:39:37,torcy,233,154,0,ok,
2026-08-26T00:54:19,paris,1000,1000,0,ok,
2026-08-26T00:54:19,meaux,18,18,0,ok,
2026-08-26T00:54:19,chessy,91,75,0,ok,
2026-08-26T00:54:19,serris,71,2,0,ok,
2026-08-26T00:54:19,torcy,233,154,0,ok,
2026-08-26T01:07:48,paris,1000,1000,0,ok,
2026-08-26T01:07:48,meaux,18,18,0,ok,
2026-08-26T01:07:48,chessy,91,75,0,ok,
2026-08-26T01:07:48,serris,71,2,0,ok,
2026-08-26T01:07:48,torcy,233,154,0,ok,
2026-08-26T01:26:53,paris,1000,1000,0,ok,
2026-08-26T01:26:53,meaux,18,18,0,ok,
2026-08-26T01:26:53,chessy,91,75,0,ok,
2026-08-26T01:26:53,serris,71,2,0,ok,
2026-08-26T01:26:53,torcy,233,154,0,ok,
2026-08-26T01:39:14,paris,1000,1000,0,ok,
2026-08-26T01:39:14,meaux,18,18,0,ok,
2026-08-26T01:39:14,chessy,91,75,0,ok,
2026-08-26T01:39:14,serris,71,2,0,ok,
2026-08-26T01:39:14,torcy,233,154,0,ok,
2026-08-26T01:54:21,paris,1000,1000,0,ok,
2026-08-26T01:54:21,meaux,18,18,0,ok,
2026-08-26T01:54:21,chessy,91,75,0,ok,
2026-08-26T01:54:21,serris,71,2,0,ok,
2026-08-26T01:54:21,torcy,233,154,0,ok,
2026-08-26T02:18:36,paris,1000,1000,0,ok,
2026-08-26T02:18:36,meaux,18,18,0,ok,
2026-08-26T02:18:36,chessy,91,75,0,ok,
2026-08-26T02:18:36,serris,71,2,0,ok,
2026-08-26T02:18:36,torcy,233,154,0,ok,
2026-08-26T02:37:11,paris,1000,1000,0,ok,
2026-08-26T02:37:11,meaux,18,18,0,ok,
2026-08-26T02:37:11,chessy,91,75,0,ok,
2026-08-26T02:37:11,serris,71,2,0,ok,
2026-08-26T02:37:11,torcy,233,154,0,ok,
2026-08-26T02:55:44,paris,1000,1000,0,ok,
2026-08-26T02:55:44,meaux,18,18,0,ok,
2026-08-26T02:55:44,chessy,91,75,0,ok,
2026-08-26T02:55:44,serris,71,2,0,ok,
2026-08-26T02:55:44,torcy,233,154,0,ok,
2026-08-26T03:09:30,paris,1000,1000,0,ok,
2026-08-26T03:09:30,meaux,18,18,0,ok,
2026-08-26T03:09:30,chessy,91,75,0,ok,
2026-08-26T03:09:30,serris,71,2,0,ok,
2026-08-26T03:09:30,torcy,233,154,0,ok,
2026-08-26T03:24:33,paris,1000,1000,0,ok,
2026-08-26T03:24:33,meaux,18,18,0,ok,
2026-08-26T03:24:33,chessy,91,75,0,ok,
2026-08-26T03:24:33,serris,71,2,0,ok,
2026-08-26T03:24:33,torcy,233,154,0,ok,
2026-08-26T03:41:55,paris,1000,1000,0,ok,
2026-08-26T03:41:55,meaux,18,18,0,ok,
2026-08-26T03:41:55,chessy,91,75,0,ok,
2026-08-26T03:41:55,serris,71,2,0,ok,
2026-08-26T03:41:55,torcy,233,154,0,ok,
2026-08-26T04:01:19,paris,1000,1000,0,ok,
2026-08-26T04:01:19,meaux,18,18,0,ok,
2026-08-26T04:01:19,chessy,91,75,0,ok,
2026-08-26T04:01:19,serris,71,2,0,ok,
2026-08-26T04:01:19,torcy,233,154,0,ok,
2026-08-26T04:31:05,paris,1000,1000,0,ok,
2026-08-26T04:31:05,meaux,18,18,0,ok,
2026-08-26T04:31:05,chessy,91,75,0,ok,
2026-08-26T04:31:05,serris,71,2,0,ok,
2026-08-26T04:31:05,torcy,233,154,0,ok,
2026-08-26T04:49:45,paris,1000,1000,0,ok,
2026-08-26T04:49:45,meaux,18,18,0,ok,
2026-08-26T04:49:45,chessy,91,75,0,ok,
2026-08-26T04:49:45,serris,71,2,0,ok,
2026-08-26T04:49:45,torcy,233,154,0,ok,
2026-08-26T05:09:28,paris,1000,1000,0,ok,
2026-08-26T05:09:28,meaux,18,18,0,ok,
2026-08-26T05:09:28,chessy,91,75,0,ok,
2026-08-26T05:09:28,serris,71,2,0,ok,
2026-08-26T05:09:28,torcy,233,154,0,ok,
2026-08-26T05:24:54,paris,1000,1000,0,ok,
2026-08-26T05:24:54,meaux,18,18,0,ok,
2026-08-26T05:24:54,chessy,91,75,0,ok,
2026-08-26T05:24:54,serris,71,2,0,ok,
2026-08-26T05:24:54,torcy,233,154,0,ok,
2026-08-26T05:37:51,paris,1000,1000,0,ok,
2026-08-26T05:37:51,meaux,18,18,0,ok,
2026-08-26T05:37:51,chessy,91,75,0,ok,
2026-08-26T05:37:51,serris,71,2,0,ok,
2026-08-26T05:37:51,torcy,233,154,0,ok,
2026-08-26T05:57:19,paris,1000,1000,0,ok,
2026-08-26T05:57:19,meaux,18,18,0,ok,
2026-08-26T05:57:19,chessy,91,75,0,ok,
2026-08-26T05:57:19,serris,71,2,0,ok,
2026-08-26T05:57:19,torcy,233,154,0,ok,
2026-08-26T06:10:17,paris,1000,1000,0,ok,
2026-08-26T06:10:17,meaux,18,18,0,ok,
2026-08-26T06:10:17,chessy,91,75,0,ok,
2026-08-26T06:10:17,serris,71,2,0,ok,
2026-08-26T06:10:17,torcy,233,154,0,ok,
2026-08-26T06:30:18,paris,1000,1000,0,ok,
2026-08-26T06:30:18,meaux,18,18,0,ok,
2026-08-26T06:30:18,chessy,91,75,0,ok,
2026-08-26T06:30:18,serris,71,2,0,ok,
2026-08-26T06:30:18,torcy,233,154,0,ok,
2026-08-26T06:55:13,paris,1000,1000,0,ok,
2026-08-26T06:55:13,meaux,18,18,0,ok,
2026-08-26T06:55:13,chessy,91,75,0,ok,
2026-08-26T06:55:13,serris,71,2,0,ok,
2026-08-26T06:55:13,torcy,233,154,0,ok,
2026-08-26T07:10:06,paris,1000,1000,0,ok,
2026-08-26T07:10:06,meaux,18,18,0,ok,
2026-08-26T07:10:06,chessy,91,75,0,ok,
2026-08-26T07:10:06,serris,71,2,0,ok,
2026-08-26T07:10:06,torcy,233,154,0,ok,
2026-08-26T07:34:00,paris,1000,1000,0,ok,
2026-08-26T07:34:00,meaux,18,18,0,ok,
2026-08-26T07:34:00,chessy,91,75,0,ok,
2026-08-26T07:34:00,serris,71,2,0,ok,
2026-08-26T07:34:00,torcy,233,154,0,ok,
2026-08-26T07:54:47,paris,1000,1000,0,ok,
2026-08-26T07:54:47,meaux,18,18,0,ok,
2026-08-26T07:54:47,chessy,91,75,0,ok,
2026-08-26T07:54:47,serris,71,2,0,ok,
2026-08-26T07:54:47,torcy,233,154,0,ok,
2026-08-26T08:10:15,paris,1000,1000,0,ok,
2026-08-26T08:10:15,meaux,18,18,0,ok,
2026-08-26T08:10:15,chessy,91,75,0,ok,
2026-08-26T08:10:15,serris,71,2,0,ok,
2026-08-26T08:10:15,torcy,233,154,0,ok,
2026-08-26T08:30:43,paris,1000,1000,0,ok,
2026-08-26T08:30:43,meaux,18,18,0,ok,
2026-08-26T08:30:43,chessy,91,75,0,ok,
2026-08-26T08:30:43,serris,71,2,0,ok,
2026-08-26T08:30:43,torcy,233,154,0,ok,
2026-08-26T08:55:33,paris,1000,1000,0,ok,
2026-08-26T08:55:33,meaux,18,18,0,ok,
2026-08-26T08:55:33,chessy,91,75,0,ok,
2026-08-26T08:55:33,serris,71,2,0,ok,
2026-08-26T08:55:33,torcy,233,154,0,ok,
2026-08-26T09:10:14,paris,1000,1000,0,ok,
2026-08-26T09:10:14,meaux,18,18,0,ok,
2026-08-26T09:10:14,chessy,91,75,0,ok,
2026-08-26T09:10:14,serris,71,2,0,ok,
2026-08-26T09:10:14,torcy,233,154,0,ok,
2026-08-26T09:30:29,paris,1000,1000,0,ok,
2026-08-26T09:30:29,meaux,18,18,0,ok,
2026-08-26T09:30:29,chessy,91,75,0,ok,
2026-08-26T09:30:29,serris,71,2,0,ok,
2026-08-26T09:30:29,torcy,233,154,0,ok,
2026-08-26T09:54:55,paris,1000,1000,0,ok,
2026-08-26T09:54:55,meaux,18,18,0,ok,
2026-08-26T09:54:55,chessy,91,75,0,ok,
2026-08-26T09:54:55,serris,71,2,0,ok,
2026-08-26T09:54:55,torcy,233,154,0,ok,
2026-08-26T10:18:16,paris,1000,1000,0,ok,
2026-08-26T10:18:16,meaux,18,18,0,ok,
2026-08-26T10:18:16,chessy,91,75,0,ok,
2026-08-26T10:18:16,serris,71,2,0,ok,
2026-08-26T10:18:16,torcy,233,154,0,ok,
2026-08-26T10:40:21,paris,1000,1000,0,ok,
2026-08-26T10:40:21,meaux,18,18,0,ok,
2026-08-26T10:40:21,chessy,91,75,0,ok,
2026-08-26T10:40:21,serris,71,2,0,ok,
2026-08-26T10:40:21,torcy,233,154,0,ok,
2026-08-26T10:54:55,paris,1000,1000,0,ok,
2026-08-26T10:54:55,meaux,18,18,0,ok,
2026-08-26T10:54:55,chessy,91,75,0,ok,
2026-08-26T10:54:55,serris,71,2,0,ok,
2026-08-26T10:54:55,torcy,233,154,0,ok,
2026-08-26T11:09:58,paris,1000,1000,0,ok,
2026-08-26T11:09:58,meaux,18,18,0,ok,
2026-08-26T11:09:58,chessy,91,75,0,ok,
2026-08-26T11:09:58,serris,71,2,0,ok,
2026-08-26T11:09:58,torcy,233,154,0,ok,
2026-08-26T11:30:57,paris,1000,1000,0,ok,
2026-08-26T11:30:57,meaux,18,18,0,ok,
2026-08-26T11:30:57,chessy,91,75,0,ok,
2026-08-26T11:30:57,serris,71,2,0,ok,
2026-08-26T11:30:57,torcy,233,154,0,ok,
2026-08-26T11:53:07,paris,1000,1000,0,ok,
2026-08-26T11:53:07,meaux,18,18,0,ok,
2026-08-26T11:53:07,chessy,91,75,0,ok,
2026-08-26T11:53:07,serris,71,2,0,ok,
2026-08-26T11:53:07,torcy,233,154,0,ok,
2026-08-26T12:13:01,paris,1000,1000,0,ok,
2026-08-26T12:13:01,meaux,18,18,0,ok,
2026-08-26T12:13:01,chessy,91,75,0,ok,
2026-08-26T12:13:01,serris,71,2,0,ok,
2026-08-26T12:13:01,torcy,233,154,0,ok,
2026-08-26T12:24:24,paris,1000,1000,0,ok,
2026-08-26T12:24:24,meaux,18,18,0,ok,
2026-08-26T12:24:24,chessy,91,75,0,ok,
2026-08-26T12:24:24,serris,71,2,0,ok,
2026-08-26T12:24:24,torcy,233,154,0,ok,
2026-08-26T12:39:49,paris,1000,1000,0,ok,
2026-08-26T12:39:49,meaux,18,18,0,ok,
2026-08-26T12:39:49,chessy,91,75,0,ok,
2026-08-26T12:39:49,serris,71,2,0,ok,
2026-08-26T12:39:49,torcy,233,154,0,ok,
2026-08-26T12:50:39,paris,1000,1000,0,ok,
2026-08-26T12:50:39,meaux,18,18,0,ok,
2026-08-26T12:50:39,chessy,91,75,0,ok,
2026-08-26T12:50:39,serris,71,2,0,ok,
2026-08-26T12:50:39,torcy,233,154,0,ok,
2026-08-26T13:11:53,paris,1000,1000,0,ok,
2026-08-26T13:11:53,meaux,18,18,0,ok,
2026-08-26T13:11:53,chessy,91,75,0,ok,
2026-08-26T13:11:53,serris,71,2,0,ok,
2026-08-26T13:11:53,torcy,233,154,0,ok,
2026-08-26T13:24:52,paris,1000,1000,0,ok,
2026-08-26T13:24:52,meaux,18,18,0,ok,
2026-08-26T13:24:52,chessy,91,75,0,ok,
2026-08-26T13:24:52,serris,71,2,0,ok,
2026-08-26T13:24:52,torcy,233,154,0,ok,
2026-08-26T13:45:30,paris,1000,1000,0,ok,
2026-08-26T13:45:30,meaux,18,18,0,ok,
2026-08-26T13:45:30,chessy,91,75,0,ok,
2026-08-26T13:45:30,serris,71,2,0,ok,
2026-08-26T13:45:30,torcy,233,154,0,ok,
2026-08-26T14:06:45,paris,1000,1000,0,ok,
2026-08-26T14:06:45,meaux,18,18,0,ok,
2026-08-26T14:06:45,chessy,91,75,0,ok,
2026-08-26T14:06:45,serris,71,2,0,ok,
2026-08-26T14:06:45,torcy,233,154,0,ok,
2026-08-26T14:27:23,paris,1000,1000,0,ok,
2026-08-26T14:27:23,meaux,18,18,0,ok,
2026-08-26T14:27:23,chessy,91,75,0,ok,
2026-08-26T14:27:23,serris,71,2,0,ok,
2026-08-26T14:27:23,torcy,233,154,0,ok,
2026-08-26T14:40:15,paris,1000,1000,0,ok,
2026-08-26T14:40:15,meaux,18,18,0,ok,
2026-08-26T14:40:15,chessy,91,75,0,ok,
2026-08-26T14:40:15,serris,71,2,0,ok,
2026-08-26T14:40:15,torcy,233,154,0,ok,
2026-08-26T15:00:42,paris,1000,1000,0,ok,
2026-08-26T15:00:42,meaux,18,18,0,ok,
2026-08-26T15:00:42,chessy,91,75,0,ok,
2026-08-26T15:00:42,serris,71,2,0,ok,
2026-08-26T15:00:42,torcy,233,154,0,ok,
2026-08-26T15:55:40,paris,1000,1000,0,ok,
2026-08-26T15:55:40,meaux,18,18,0,ok,
2026-08-26T15:55:40,chessy,91,75,0,ok,
2026-08-26T15:55:40,serris,71,2,0,ok,
2026-08-26T15:55:40,torcy,233,154,0,ok,
2026-08-26T16:10:39,paris,1000,1000,0,ok,
2026-08-26T16:10:39,meaux,18,18,0,ok,
2026-08-26T16:10:39,chessy,91,75,0,ok,
2026-08-26T16:10:39,serris,71,2,0,ok,
2026-08-26T16:10:39,torcy,233,154,0,ok,
2026-08-26T16:22:53,paris,1000,1000,0,ok,
2026-08-26T16:22:53,meaux,18,18,0,ok,
2026-08-26T16:22:53,chessy,91,75,0,ok,
2026-08-26T16:22:53,serris,71,2,0,ok,
2026-08-26T16:22:53,torcy,233,154,0,ok,
2026-08-26T16:43:55,paris,1000,1000,0,ok,
2026-08-26T16:43:55,meaux,18,18,0,ok,
2026-08-26T16:43:55,chessy,91,75,0,ok,
2026-08-26T16:43:55,serris,71,2,0,ok,
2026-08-26T16:43:55,torcy,233,154,0,ok,
2026-08-26T17:06:08,paris,1000,1000,0,ok,
2026-08-26T17:06:08,meaux,18,18,0,ok,
2026-08-26T17:06:08,chessy,91,75,0,ok,
2026-08-26T17:06:08,serris,71,2,0,ok,
2026-08-26T17:06:08,torcy,233,154,0,ok,
2026-08-26T17:26:56,paris,1000,1000,0,ok,
2026-08-26T17:26:56,meaux,18,18,0,ok,
2026-08-26T17:26:56,chessy,91,75,0,ok,
2026-08-26T17:26:56,serris,71,2,0,ok,
2026-08-26T17:26:56,torcy,233,154,0,ok,
2026-08-26T17:40:38,paris,1000,1000,0,ok,
2026-08-26T17:40:38,meaux,18,18,0,ok,
2026-08-26T17:40:38,chessy,91,75,0,ok,
2026-08-26T17:40:38,serris,71,2,0,ok,
2026-08-26T17:40:38,torcy,233,154,0,ok,
2026-08-26T17:55:17,paris,1000,1000,0,ok,
2026-08-26T17:55:17,meaux,18,18,0,ok,
2026-08-26T17:55:17,chessy,91,75,0,ok,
2026-08-26T17:55:17,serris,71,2,0,ok,
2026-08-26T17:55:17,torcy,233,154,0,ok,
2026-08-26T18:11:12,paris,1000,1000,0,ok,
2026-08-26T18:11:12,meaux,18,18,0,ok,
2026-08-26T18:11:12,chessy,91,75,0,ok,
2026-08-26T18:11:12,serris,71,2,0,ok,
2026-08-26T18:11:12,torcy,233,154,0,ok,
2026-08-26T18:23:33,paris,1000,1000,0,ok,
2026-08-26T18:23:33,meaux,18,18,0,ok,
2026-08-26T18:23:33,chessy,91,75,0,ok,
2026-08-26T18:23:33,serris,71,2,0,ok,
2026-08-26T18:23:33,torcy,233,154,0,ok,
2026-08-26T18:45:20,paris,1000,1000,0,ok,
2026-08-26T18:45:20,meaux,18,18,0,ok,
2026-08-26T18:45:20,chessy,91,75,0,ok,
2026-08-26T18:45:20,serris,71,2,0,ok,
2026-08-26T18:45:20,torcy,233,154,0,ok,
2026-08-26T19:10:12,paris,1000,1000,0,ok,
2026-08-26T19:10:12,meaux,18,18,0,ok,
2026-08-26T19:10:12,chessy,91,75,0,ok,
2026-08-26T19:10:12,serris,71,2,0,ok,
2026-08-26T19:10:12,torcy,233,154,0,ok,
2026-08-26T19:25:13,paris,1000,1000,0,ok,
2026-08-26T19:25:13,meaux,18,18,0,ok,
2026-08-26T19:25:13,chessy,91,75,0,ok,
2026-08-26T19:25:13,serris,71,2,0,ok,
2026-08-26T19:25:13,torcy,233,154,0,ok,
2026-08-26T19:40:31,paris,1000,1000,0,ok,
2026-08-26T19:40:31,meaux,18,18,0,ok,
2026-08-26T19:40:31,chessy,91,75,0,ok,
2026-08-26T19:40:31,serris,71,2,0,ok,
2026-08-26T19:40:31,torcy,233,154,0,ok,
2026-08-26T19:54:52,paris,1000,1000,0,ok,
2026-08-26T19:54:52,meaux,18,18,0,ok,
2026-08-26T19:54:52,chessy,91,75,0,ok,
2026-08-26T19:54:52,serris,71,2,0,ok,
2026-08-26T19:54:52,torcy,233,154,0,ok,
2026-08-26T20:10:18,paris,1000,1000,0,ok,
2026-08-26T20:10:18,meaux,18,18,0,ok,
2026-08-26T20:10:18,chessy,91,75,0,ok,
2026-08-26T20:10:18,serris,71,2,0,ok,
2026-08-26T20:10:18,torcy,233,154,0,ok,
2026-08-26T20:30:47,paris,1000,1000,0,ok,
2026-08-26T20:30:47,meaux,18,18,0,ok,
2026-08-26T20:30:47,chessy,91,75,0,ok,
2026-08-26T20:30:47,serris,71,2,0,ok,
2026-08-26T20:30:47,torcy,233,154,0,ok,
2026-08-26T20:55:14,paris,1000,1000,0,ok,
2026-08-26T20:55:14,meaux,18,18,0,ok,
2026-08-26T20:55:14,chessy,91,75,0,ok,
2026-08-26T20:55:14,serris,71,2,0,ok,
2026-08-26T20:55:14,torcy,233,154,0,ok,
2026-08-26T21:10:42,paris,1000,1000,0,ok,
2026-08-26T21:10:42,meaux,18,18,0,ok,
2026-08-26T21:10:42,chessy,91,75,0,ok,
2026-08-26T21:10:42,serris,71,2,0,ok,
2026-08-26T21:10:42,torcy,233,154,0,ok,
2026-08-26T21:25:03,paris,1000,1000,0,ok,
2026-08-26T21:25:03,meaux,18,18,0,ok,
2026-08-26T21:25:03,chessy,91,75,0,ok,
2026-08-26T21:25:03,serris,71,2,0,ok,
2026-08-26T21:25:03,torcy,233,154,0,ok,
2026-08-26T21:39:51,paris,1000,1000,0,ok,
2026-08-26T21:39:51,meaux,18,18,0,ok,
2026-08-26T21:39:51,chessy,91,75,0,ok,
2026-08-26T21:39:51,serris,71,2,0,ok,
2026-08-26T21:39:51,torcy,233,154,0,ok,
2026-08-26T21:54:35,paris,1000,1000,0,ok,
2026-08-26T21:54:35,meaux,18,18,0,ok,
2026-08-26T21:54:35,chessy,91,75,0,ok,
2026-08-26T21:54:35,serris,71,2,0,ok,
2026-08-26T21:54:35,torcy,233,154,0,ok,
2026-08-26T22:09:53,paris,1000,1000,0,ok,
2026-08-26T22:09:53,meaux,18,18,0,ok,
2026-08-26T22:09:53,chessy,91,75,0,ok,
2026-08-26T22:09:53,serris,71,2,0,ok,
2026-08-26T22:09:53,torcy,233,154,0,ok,
2026-08-26T22:24:55,paris,1000,1000,0,ok,
2026-08-26T22:24:55,meaux,18,18,0,ok,
2026-08-26T22:24:55,chessy,91,75,0,ok,
2026-08-26T22:24:55,serris,71,2,0,ok,
2026-08-26T22:24:55,torcy,233,154,0,ok,
2026-08-26T22:39:07,paris,1000,1000,0,ok,
2026-08-26T22:39:07,meaux,18,18,0,ok,
2026-08-26T22:39:07,chessy,91,75,0,ok,
2026-08-26T22:39:07,serris,71,2,0,ok,
2026-08-26T22:39:07,torcy,233,154,0,ok,
2026-08-26T22:54:38,paris,1000,1000,0,ok,
2026-08-26T22:54:38,meaux,18,18,0,ok,
2026-08-26T22:54:38,chessy,91,75,0,ok,
2026-08-26T22:54:38,serris,71,2,0,ok,
2026-08-26T22:54:38,torcy,233,154,0,ok,
2026-08-26T23:09:40,paris,1000,1000,0,ok,
2026-08-26T23:09:40,meaux,18,18,0,ok,
2026-08-26T23:09:40,chessy,91,75,0,ok,
2026-08-26T23:09:40,serris,71,2,0,ok,
2026-08-26T23:09:40,torcy,233,154,0,ok,
2026-08-26T23:24:18,paris,1000,1000,0,ok,
2026-08-26T23:24:18,meaux,18,18,0,ok,
2026-08-26T23:24:18,chessy,91,75,0,ok,
2026-08-26T23:24:18,serris,71,2,0,ok,
2026-08-26T23:24:18,torcy,233,154,0,ok,
2026-08-26T23:39:30,paris,1000,1000,0,ok,
2026-08-26T23:39:30,meaux,18,18,0,ok,
2026-08-26T23:39:30,chessy,91,75,0,ok,
2026-08-26T23:39:30,serris,71,2,0,ok,
2026-08-26T23:39:30,torcy,233,154,0,ok,
2026-08-26T23:53:59,paris,1000,1000,0,ok,
2026-08-26T23:53:59,meaux,18,18,0,ok,
2026-08-26T23:53:59,chessy,91,75,0,ok,
2026-08-26T23:53:59,serris,71,2,0,ok,
2026-08-26T23:53:59,torcy,233,154,0,ok,
2026-08-27T00:10:37,paris,1000,1000,0,ok,
2026-08-27T00:10:37,meaux,18,18,0,ok,
2026-08-27T00:10:37,chessy,91,75,0,ok,
2026-08-27T00:10:37,serris,71,2,0,ok,
2026-08-27T00:10:37,torcy,233,154,0,ok,
2026-08-27T00:31:54,paris,1000,1000,0,ok,
2026-08-27T00:31:54,meaux,18,18,0,ok,
2026-08-27T00:31:54,chessy,91,75,0,ok,
2026-08-27T00:31:54,serris,71,2,0,ok,
2026-08-27T00:31:54,torcy,233,154,0,ok,
2026-08-27T00:54:32,paris,1000,1000,0,ok,
2026-08-27T00:54:32,meaux,18,18,0,ok,
2026-08-27T00:54:32,chessy,91,75,0,ok,
2026-08-27T00:54:32,serris,71,2,0,ok,
2026-08-27T00:54:32,torcy,233,154,0,ok,
2026-08-27T01:14:30,paris,1000,1000,0,ok,
2026-08-27T01:14:30,meaux,18,18,0,ok,
2026-08-27T01:14:30,chessy,91,75,0,ok,
2026-08-27T01:14:30,serris,71,2,0,ok,
2026-08-27T01:14:30,torcy,233,154,0,ok,
2026-08-27T01:24:08,paris,1000,1000,0,ok,
2026-08-27T01:24:08,meaux,18,18,0,ok,
2026-08-27T01:24:08,chessy,91,75,0,ok,
2026-08-27T01:24:08,serris,71,2,0,ok,
2026-08-27T01:24:08,torcy,233,154,0,ok,
2026-08-27T01:39:28,paris,1000,1000,0,ok,
2026-08-27T01:39:28,meaux,18,18,0,ok,
2026-08-27T01:39:28,chessy,91,75,0,ok,
2026-08-27T01:39:28,serris,71,2,0,ok,
2026-08-27T01:39:28,torcy,233,154,0,ok,
2026-08-27T01:54:28,paris,1000,1000,0,ok,
2026-08-27T01:54:28,meaux,18,18,0,ok,
2026-08-27T01:54:28,chessy,91,75,0,ok,
2026-08-27T01:54:28,serris,71,2,0,ok,
2026-08-27T01:54:28,torcy,233,154,0,ok,
2026-08-27T02:09:53,paris,1000,1000,0,ok,
2026-08-27T02:09:53,meaux,18,18,0,ok,
2026-08-27T02:09:53,chessy,91,75,0,ok,
2026-08-27T02:09:53,serris,71,2,0,ok,
2026-08-27T02:09:53,torcy,233,154,0,ok,
2026-08-27T02:24:31,paris,1000,1000,0,ok,
2026-08-27T02:24:31,meaux,18,18,0,ok,
2026-08-27T02:24:31,chessy,91,75,0,ok,
2026-08-27T02:24:31,serris,71,2,0,ok,
2026-08-27T02:24:31,torcy,233,154,0,ok,
2026-08-27T02:39:36,paris,1000,1000,0,ok,
2026-08-27T02:39:36,meaux,18,18,0,ok,
2026-08-27T02:39:36,chessy,91,75,0,ok,
2026-08-27T02:39:36,serris,71,2,0,ok,
2026-08-27T02:39:36,torcy,233,154,0,ok,
2026-08-27T02:54:28,paris,1000,1000,0,ok,
2026-08-27T02:54:28,meaux,18,18,0,ok,
2026-08-27T02:54:28,chessy,91,75,0,ok,
2026-08-27T02:54:28,serris,71,2,0,ok,
2026-08-27T02:54:28,torcy,233,154,0,ok,
2026-08-27T03:09:48,paris,1000,1000,0,ok,
2026-08-27T03:09:48,meaux,18,18,0,ok,
2026-08-27T03:09:48,chessy,91,75,0,ok,
2026-08-27T03:09:48,serris,71,2,0,ok,
2026-08-27T03:09:48,torcy,233,154,0,ok,
2026-08-27T03:24:33,paris,1000,1000,0,ok,
2026-08-27T03:24:33,meaux,18,18,0,ok,
2026-08-27T03:24:33,chessy,91,75,0,ok,
2026-08-27T03:24:33,serris,71,2,0,ok,
2026-08-27T03:24:33,torcy,233,154,0,ok,
2026-08-27T03:39:30,paris,1000,1000,0,ok,
2026-08-27T03:39:30,meaux,18,18,0,ok,
2026-08-27T03:39:30,chessy,91,75,0,ok,
2026-08-27T03:39:30,serris,71,2,0,ok,
2026-08-27T03:39:30,torcy,233,154,0,ok,
2026-08-27T03:56:52,paris,1000,1000,0,ok,
2026-08-27T03:56:52,meaux,18,18,0,ok,
2026-08-27T03:56:52,chessy,91,75,0,ok,
2026-08-27T03:56:52,serris,71,2,0,ok,
2026-08-27T03:56:52,torcy,233,154,0,ok,
2026-08-27T04:10:00,paris,1000,1000,0,ok,
2026-08-27T04:10:00,meaux,18,18,0,ok,
2026-08-27T04:10:00,chessy,91,75,0,ok,
2026-08-27T04:10:00,serris,71,2,0,ok,
2026-08-27T04:10:00,torcy,233,154,0,ok,
2026-08-27T04:24:34,paris,1000,1000,0,ok,
2026-08-27T04:24:34,meaux,18,18,0,ok,
2026-08-27T04:24:34,chessy,91,75,0,ok,
2026-08-27T04:24:34,serris,71,2,0,ok,
2026-08-27T04:24:34,torcy,233,154,0,ok,
2026-08-27T04:39:46,paris,1000,1000,0,ok,
2026-08-27T04:39:46,meaux,18,18,0,ok,
2026-08-27T04:39:46,chessy,91,75,0,ok,
2026-08-27T04:39:46,serris,71,2,0,ok,
2026-08-27T04:39:46,torcy,233,154,0,ok,
2026-08-27T04:54:31,paris,1000,1000,0,ok,
2026-08-27T04:54:31,meaux,18,18,0,ok,
2026-08-27T04:54:31,chessy,91,75,0,ok,
2026-08-27T04:54:31,serris,71,2,0,ok,
2026-08-27T04:54:31,torcy,233,154,0,ok,
2026-08-27T05:10:44,paris,1000,1000,0,ok,
2026-08-27T05:10:44,meaux,18,18,0,ok,
2026-08-27T05:10:44,chessy,91,75,0,ok,
2026-08-27T05:10:44,serris,71,2,0,ok,
2026-08-27T05:10:44,torcy,233,154,0,ok,
2026-08-27T05:25:01,paris,1000,1000,0,ok,
2026-08-27T05:25:01,meaux,18,18,0,ok,
2026-08-27T05:25:01,chessy,91,75,0,ok,
2026-08-27T05:25:01,serris,71,2,0,ok,
2026-08-27T05:25:01,torcy,233,154,0,ok,
2026-08-27T05:39:40,paris,1000,1000,0,ok,
2026-08-27T05:39:40,meaux,18,18,0,ok,
2026-08-27T05:39:40,chessy,91,75,0,ok,
2026-08-27T05:39:40,serris,71,2,0,ok,
2026-08-27T05:39:40,torcy,233,154,0,ok,
2026-08-27T05:54:48,paris,1000,1000,0,ok,
2026-08-27T05:54:48,meaux,18,18,0,ok,
2026-08-27T05:54:48,chessy,91,75,0,ok,
2026-08-27T05:54:48,serris,71,2,0,ok,
2026-08-27T05:54:48,torcy,233,154,0,ok,
2026-08-27T06:10:00,paris,1000,1000,0,ok,
2026-08-27T06:10:00,meaux,18,18,0,ok,
2026-08-27T06:10:00,chessy,91,75,0,ok,
2026-08-27T06:10:00,serris,71,2,0,ok,
2026-08-27T06:10:00,torcy,233,154,0,ok,
2026-08-27T06:24:41,paris,1000,1000,0,ok,
2026-08-27T06:24:41,meaux,18,18,0,ok,
2026-08-27T06:24:41,chessy,91,75,0,ok,
2026-08-27T06:24:41,serris,71,2,0,ok,
2026-08-27T06:24:41,torcy,233,154,0,ok,
2026-08-27T06:40:22,paris,1000,1000,0,ok,
2026-08-27T06:40:22,meaux,18,18,0,ok,
2026-08-27T06:40:22,chessy,91,75,0,ok,
2026-08-27T06:40:22,serris,71,2,0,ok,
2026-08-27T06:40:22,torcy,233,154,0,ok,
2026-08-27T06:54:50,paris,1000,1000,0,ok,
2026-08-27T06:54:50,meaux,18,18,0,ok,
2026-08-27T06:54:50,chessy,91,75,0,ok,
2026-08-27T06:54:50,serris,71,2,0,ok,
2026-08-27T06:54:50,torcy,233,154,0,ok,
2026-08-27T07:10:22,paris,1000,1000,0,ok,
2026-08-27T07:10:22,meaux,18,18,0,ok,
2026-08-27T07:10:22,chessy,91,75,0,ok,
2026-08-27T07:10:22,serris,71,2,0,ok,
2026-08-27T07:10:22,torcy,233,154,0,ok,
2026-08-27T07:24:35,paris,1000,1000,0,ok,
2026-08-27T07:24:35,meaux,18,18,0,ok,
2026-08-27T07:24:35,chessy,91,75,0,ok,
2026-08-27T07:24:35,serris,71,2,0,ok,
2026-08-27T07:24:35,torcy,233,154,0,ok,
2026-08-27T07:40:09,paris,1000,1000,0,ok,
2026-08-27T07:40:09,meaux,18,18,0,ok,
2026-08-27T07:40:09,chessy,91,75,0,ok,
2026-08-27T07:40:09,serris,71,2,0,ok,
2026-08-27T07:40:09,torcy,233,154,0,ok,
2026-08-27T07:54:52,paris,1000,1000,0,ok,
2026-08-27T07:54:52,meaux,18,18,0,ok,
2026-08-27T07:54:52,chessy,91,75,0,ok,
2026-08-27T07:54:52,serris,71,2,0,ok,
2026-08-27T07:54:52,torcy,233,154,0,ok,
2026-08-27T08:10:44,paris,1000,1000,0,ok,
2026-08-27T08:10:44,meaux,18,18,0,ok,
2026-08-27T08:10:44,chessy,91,75,0,ok,
2026-08-27T08:10:44,serris,71,2,0,ok,
2026-08-27T08:10:44,torcy,233,154,0,ok,
2026-08-27T08:24:48,paris,1000,1000,0,ok,
2026-08-27T08:24:48,meaux,18,18,0,ok,
2026-08-27T08:24:48,chessy,91,75,0,ok,
2026-08-27T08:24:48,serris,71,2,0,ok,
2026-08-27T08:24:48,torcy,233,154,0,ok,
2026-08-27T08:40:07,paris,1000,1000,0,ok,
2026-08-27T08:40:07,meaux,18,18,0,ok,
2026-08-27T08:40:07,chessy,91,75,0,ok,
2026-08-27T08:40:07,serris,71,2,0,ok,
2026-08-27T08:40:07,torcy,233,154,0,ok,
2026-08-27T08:55:02,paris,1000,1000,0,ok,
2026-08-27T08:55:02,meaux,18,18,0,ok,
2026-08-27T08:55:02,chessy,91,75,0,ok,
2026-08-27T08:55:02,serris,71,2,0,ok,
2026-08-27T08:55:02,torcy,233,154,0,ok,
2026-08-27T09:16:34,paris,1000,1000,0,ok,
2026-08-27T09:16:34,meaux,18,18,0,ok,
2026-08-27T09:16:34,chessy,91,75,0,ok,
2026-08-27T09:16:34,serris,71,2,0,ok,
2026-08-27T09:16:34,torcy,233,154,0,ok,
2026-08-27T09:40:10,paris,1000,1000,0,ok,
2026-08-27T09:40:10,meaux,18,18,0,ok,
2026-08-27T09:40:10,chessy,91,75,0,ok,
2026-08-27T09:40:10,serris,71,2,0,ok,
2026-08-27T09:40:10,torcy,233,154,0,ok,
2026-08-27T09:55:03,paris,1000,1000,0,ok,
2026-08-27T09:55:03,meaux,18,18,0,ok,
2026-08-27T09:55:03,chessy,91,75,0,ok,
2026-08-27T09:55:03,serris,71,2,0,ok,
2026-08-27T09:55:03,torcy,233,154,0,ok,
2026-08-27T10:10:30,paris,1000,1000,0,ok,
2026-08-27T10:10:30,meaux,18,18,0,ok,
2026-08-27T10:10:30,chessy,91,75,0,ok,
2026-08-27T10:10:30,serris,71,2,0,ok,
2026-08-27T10:10:30,torcy,233,154,0,ok,
2026-08-27T10:25:36,paris,1000,1000,0,ok,
2026-08-27T10:25:36,meaux,18,18,0,ok,
2026-08-27T10:25:36,chessy,91,75,0,ok,
2026-08-27T10:25:36,serris,71,2,0,ok,
2026-08-27T10:25:36,torcy,233,154,0,ok,
2026-08-27T10:39:59,paris,1000,1000,0,ok,
2026-08-27T10:39:59,meaux,18,18,0,ok,
2026-08-27T10:39:59,chessy,91,75,0,ok,
2026-08-27T10:39:59,serris,71,2,0,ok,
2026-08-27T10:39:59,torcy,233,154,0,ok,
2026-08-27T10:55:00,paris,1000,1000,0,ok,
2026-08-27T10:55:00,meaux,18,18,0,ok,
2026-08-27T10:55:00,chessy,91,75,0,ok,
2026-08-27T10:55:00,serris,71,2,0,ok,
2026-08-27T10:55:00,torcy,233,154,0,ok,
2026-08-27T11:10:42,paris,1000,1000,0,ok,
2026-08-27T11:10:42,meaux,18,18,0,ok,
2026-08-27T11:10:42,chessy,91,75,0,ok,
2026-08-27T11:10:42,serris,71,2,0,ok,
2026-08-27T11:10:42,torcy,233,154,0,ok,
2026-08-27T11:24:55,paris,1000,1000,0,ok,
2026-08-27T11:24:55,meaux,18,18,0,ok,
2026-08-27T11:24:55,chessy,91,75,0,ok,
2026-08-27T11:24:55,serris,71,2,0,ok,
2026-08-27T11:24:55,torcy,233,154,0,ok,
2026-08-27T11:40:07,paris,1000,1000,0,ok,
2026-08-27T11:40:07,meaux,18,18,0,ok,
2026-08-27T11:40:07,chessy,91,75,0,ok,
2026-08-27T11:40:07,serris,71,2,0,ok,
2026-08-27T11:40:07,torcy,233,154,0,ok,
2026-08-27T11:55:28,paris,1000,1000,0,ok,
2026-08-27T11:55:28,meaux,18,18,0,ok,
2026-08-27T11:55:28,chessy,91,75,0,ok,
2026-08-27T11:55:28,serris,71,2,0,ok,
2026-08-27T11:55:28,torcy,233,154,0,ok,
2026-08-27T12:10:50,paris,1000,1000,0,ok,
2026-08-27T12:10:50,meaux,18,18,0,ok,
2026-08-27T12:10:50,chessy,91,75,0,ok,
2026-08-27T12:10:50,serris,71,2,0,ok,
2026-08-27T12:10:50,torcy,233,154,0,ok,
2026-08-27T12:25:18,paris,1000,1000,0,ok,
2026-08-27T12:25:18,meaux,18,18,0,ok,
2026-08-27T12:25:18,chessy,91,75,0,ok,
2026-08-27T12:25:18,serris,71,2,0,ok,
2026-08-27T12:25:18,torcy,233,154,0,ok,
2026-08-27T12:40:47,paris,1000,1000,0,ok,
2026-08-27T12:40:47,meaux,18,18,0,ok,
2026-08-27T12:40:47,chessy,91,75,0,ok,
2026-08-27T12:40:47,serris,71,2,0,ok,
2026-08-27T12:40:47,torcy,233,154,0,ok,
2026-08-27T12:55:09,paris,1000,1000,0,ok,
2026-08-27T12:55:09,meaux,18,18,0,ok,
2026-08-27T12:55:09,chessy,91,75,0,ok,
2026-08-27T12:55:09,serris,71,2,0,ok,
2026-08-27T12:55:09,torcy,233,154,0,ok,
2026-08-27T13:10:17,paris,1000,1000,0,ok,
2026-08-27T13:10:17,meaux,18,18,0,ok,
2026-08-27T13:10:17,chessy,91,75,0,ok,
2026-08-27T13:10:17,serris,71,2,0,ok,
2026-08-27T13:10:17,torcy,233,154,0,ok,
2026-08-27T13:25:40,paris,1000,1000,0,ok,
2026-08-27T13:25:40,meaux,18,18,0,ok,
2026-08-27T13:25:40,chessy,91,75,0,ok,
2026-08-27T13:25:40,serris,71,2,0,ok,
2026-08-27T13:25:40,torcy,233,154,0,ok,
2026-08-27T13:40:50,paris,1000,1000,0,ok,
2026-08-27T13:40:50,meaux,18,18,0,ok,
2026-08-27T13:40:50,chessy,91,75,0,ok,
2026-08-27T13:40:50,serris,71,2,0,ok,
2026-08-27T13:40:50,torcy,233,154,0,ok,
2026-08-27T13:55:16,paris,1000,1000,0,ok,
2026-08-27T13:55:16,meaux,18,18,0,ok,
2026-08-27T13:55:16,chessy,91,75,0,ok,
2026-08-27T13:55:16,serris,71,2,0,ok,
2026-08-27T13:55:16,torcy,233,154,0,ok,
2026-08-27T14:10:59,paris,1000,1000,0,ok,
2026-08-27T14:10:59,meaux,18,18,0,ok,
2026-08-27T14:10:59,chessy,91,75,0,ok,
2026-08-27T14:10:59,serris,71,2,0,ok,
2026-08-27T14:10:59,torcy,233,154,0,ok,
2026-08-27T14:36:01,paris,1000,1000,0,ok,
2026-08-27T14:36:01,meaux,18,18,0,ok,
2026-08-27T14:36:01,chessy,91,75,0,ok,
2026-08-27T14:36:01,serris,71,2,0,ok,
2026-08-27T14:36:01,torcy,233,154,0,ok,
2026-08-27T14:56:58,paris,1000,1000,0,ok,
2026-08-27T14:56:58,meaux,18,18,0,ok,
2026-08-27T14:56:58,chessy,91,75,0,ok,
2026-08-27T14:56:58,serris,71,2,0,ok,
2026-08-27T14:56:58,torcy,233,154,0,ok,
2026-08-27T15:11:04,paris,1000,1000,0,ok,
2026-08-27T15:11:04,meaux,18,18,0,ok,
2026-08-27T15:11:04,chessy,91,75,0,ok,
2026-08-27T15:11:04,serris,71,2,0,ok,
2026-08-27T15:11:04,torcy,233,154,0,ok,
2026-08-27T15:25:30,paris,1000,1000,0,ok,
2026-08-27T15:25:30,meaux,18,18,0,ok,
2026-08-27T15:25:30,chessy,91,75,0,ok,
2026-08-27T15:25:30,serris,71,2,0,ok,
2026-08-27T15:25:30,torcy,233,154,0,ok,
2026-08-27T15:40:24,paris,1000,1000,0,ok,
2026-08-27T15:40:24,meaux,18,18,0,ok,
2026-08-27T15:40:24,chessy,91,75,0,ok,
2026-08-27T15:40:24,serris,71,2,0,ok,
2026-08-27T15:40:24,torcy,233,154,0,ok,
2026-08-27T15:55:28,paris,1000,1000,0,ok,
2026-08-27T15:55:28,meaux,18,18,0,ok,
2026-08-27T15:55:28,chessy,91,75,0,ok,
2026-08-27T15:55:28,serris,71,2,0,ok,
2026-08-27T15:55:28,torcy,233,154,0,ok,
2026-08-27T16:10:52,paris,1000,1000,0,ok,
2026-08-27T16:10:52,meaux,18,18,0,ok,
2026-08-27T16:10:52,chessy,91,75,0,ok,
2026-08-27T16:10:52,serris,71,2,0,ok,
2026-08-27T16:10:52,torcy,233,154,0,ok,
2026-08-27T16:28:24,paris,1000,1000,0,ok,
2026-08-27T16:28:24,meaux,18,18,0,ok,
2026-08-27T16:28:24,chessy,91,75,0,ok,
2026-08-27T16:28:24,serris,71,2,0,ok,
2026-08-27T16:28:24,torcy,233,154,0,ok,
2026-08-27T16:40:39,paris,1000,1000,0,ok,
2026-08-27T16:40:39,meaux,18,18,0,ok,
2026-08-27T16:40:39,chessy,91,75,0,ok,
2026-08-27T16:40:39,serris,71,2,0,ok,
2026-08-27T16:40:39,torcy,233,154,0,ok,
2026-08-27T16:55:28,paris,1000,1000,0,ok,
2026-08-27T16:55:28,meaux,18,18,0,ok,
2026-08-27T16:55:28,chessy,91,75,0,ok,
2026-08-27T16:55:28,serris,71,2,0,ok,
2026-08-27T16:55:28,torcy,233,154,0,ok,
2026-08-27T17:10:33,paris,1000,1000,0,ok,
2026-08-27T17:10:33,meaux,18,18,0,ok,
2026-08-27T17:10:33,chessy,91,75,0,ok,
2026-08-27T17:10:33,serris,71,2,0,ok,
2026-08-27T17:10:33,torcy,233,154,0,ok,
2026-08-27T17:24:59,paris,1000,1000,0,ok,
2026-08-27T17:24:59,meaux,18,18,0,ok,
2026-08-27T17:24:59,chessy,91,75,0,ok,
2026-08-27T17:24:59,serris,71,2,0,ok,
2026-08-27T17:24:59,torcy,233,154,0,ok,
2026-08-27T17:40:35,paris,1000,1000,0,ok,
2026-08-27T17:40:35,meaux,18,18,0,ok,
2026-08-27T17:40:35,chessy,91,75,0,ok,
2026-08-27T17:40:35,serris,71,2,0,ok,
2026-08-27T17:40:35,torcy,233,154,0,ok,
2026-08-27T17:55:31,paris,1000,1000,0,ok,
2026-08-27T17:55:31,meaux,18,18,0,ok,
2026-08-27T17:55:31,chessy,91,75,0,ok,
2026-08-27T17:55:31,serris,71,2,0,ok,
2026-08-27T17:55:31,torcy,233,154,0,ok,
2026-08-27T18:10:22,paris,1000,1000,0,ok,
2026-08-27T18:10:22,meaux,18,18,0,ok,
2026-08-27T18:10:22,chessy,91,75,0,ok,
2026-08-27T18:10:22,serris,71,2,0,ok,
2026-08-27T18:10:22,torcy,233,154,0,ok,
2026-08-27T18:25:12,paris,1000,1000,0,ok,
2026-08-27T18:25:12,meaux,18,18,0,ok,
2026-08-27T18:25:12,chessy,91,75,0,ok,
2026-08-27T18:25:12,serris,71,2,0,ok,
2026-08-27T18:25:12,torcy,233,154,0,ok,
2026-08-27T18:40:44,paris,1000,1000,0,ok,
2026-08-27T18:40:44,meaux,18,18,0,ok,
2026-08-27T18:40:44,chessy,91,75,0,ok,
2026-08-27T18:40:44,serris,71,2,0,ok,
2026-08-27T18:40:44,torcy,233,154,0,ok,
2026-08-27T18:55:04,paris,1000,1000,0,ok,
2026-08-27T18:55:04,meaux,18,18,0,ok,
2026-08-27T18:55:04,chessy,91,75,0,ok,
2026-08-27T18:55:04,serris,71,2,0,ok,
2026-08-27T18:55:04,torcy,233,154,0,ok,
2026-08-27T19:09:54,paris,1000,1000,0,ok,
2026-08-27T19:09:54,meaux,18,18,0,ok,
2026-08-27T19:09:54,chessy,91,75,0,ok,
2026-08-27T19:09:54,serris,71,2,0,ok,
2026-08-27T19:09:54,torcy,233,154,0,ok,
2026-08-27T19:25:24,paris,1000,1000,0,ok,
2026-08-27T19:25:24,meaux,18,18,0,ok,
2026-08-27T19:25:24,chessy,91,75,0,ok,
2026-08-27T19:25:24,serris,71,2,0,ok,
2026-08-27T19:25:24,torcy,233,154,0,ok,
2026-08-27T19:46:45,paris,1000,1000,0,ok,
2026-08-27T19:46:45,meaux,18,18,0,ok,
2026-08-27T19:46:45,chessy,91,75,0,ok,
2026-08-27T19:46:45,serris,71,2,0,ok,
2026-08-27T19:46:45,torcy,233,154,0,ok,
2026-08-27T20:10:17,paris,1000,1000,0,ok,
2026-08-27T20:10:17,meaux,18,18,0,ok,
2026-08-27T20:10:17,chessy,91,75,0,ok,
2026-08-27T20:10:17,serris,71,2,0,ok,
2026-08-27T20:10:17,torcy,233,154,0,ok,
2026-08-27T20:25:26,paris,1000,1000,0,ok,
2026-08-27T20:25:26,meaux,18,18,0,ok,
2026-08-27T20:25:26,chessy,91,75,0,ok,
2026-08-27T20:25:26,serris,71,2,0,ok,
2026-08-27T20:25:26,torcy,233,154,0,ok,
2026-08-27T20:40:06,paris,1000,1000,0,ok,
2026-08-27T20:40:06,meaux,18,18,0,ok,
2026-08-27T20:40:06,chessy,91,75,0,ok,
2026-08-27T20:40:06,serris,71,2,0,ok,
2026-08-27T20:40:06,torcy,233,154,0,ok,
2026-08-27T20:55:00,paris,1000,1000,0,ok,
2026-08-27T20:55:00,meaux,18,18,0,ok,
2026-08-27T20:55:00,chessy,91,75,0,ok,
2026-08-27T20:55:00,serris,71,2,0,ok,
2026-08-27T20:55:00,torcy,233,154,0,ok,
2026-08-27T21:10:14,paris,1000,1000,0,ok,
2026-08-27T21:10:14,meaux,18,18,0,ok,
2026-08-27T21:10:14,chessy,91,75,0,ok,
2026-08-27T21:10:14,serris,71,2,0,ok,
2026-08-27T21:10:14,torcy,233,154,0,ok,
2026-08-27T21:25:07,paris,1000,1000,0,ok,
2026-08-27T21:25:07,meaux,18,18,0,ok,
2026-08-27T21:25:07,chessy,91,75,0,ok,
2026-08-27T21:25:07,serris,71,2,0,ok,
2026-08-27T21:25:07,torcy,233,154,0,ok,
2026-08-27T21:40:14,paris,1000,1000,0,ok,
2026-08-27T21:40:14,meaux,18,18,0,ok,
2026-08-27T21:40:14,chessy,91,75,0,ok,
2026-08-27T21:40:14,serris,71,2,0,ok,
2026-08-27T21:40:14,torcy,233,154,0,ok,
2026-08-27T21:54:54,paris,1000,1000,0,ok,
2026-08-27T21:54:54,meaux,18,18,0,ok,
2026-08-27T21:54:54,chessy,91,75,0,ok,
2026-08-27T21:54:54,serris,71,2,0,ok,
2026-08-27T21:54:54,torcy,233,154,0,ok,
2026-08-27T22:10:05,paris,1000,1000,0,ok,
2026-08-27T22:10:05,meaux,18,18,0,ok,
2026-08-27T22:10:05,chessy,91,75,0,ok,
2026-08-27T22:10:05,serris,71,2,0,ok,
2026-08-27T22:10:05,torcy,233,154,0,ok,
2026-08-27T22:24:45,paris,1000,1000,0,ok,
2026-08-27T22:24:45,meaux,18,18,0,ok,
2026-08-27T22:24:45,chessy,91,75,0,ok,
2026-08-27T22:24:45,serris,71,2,0,ok,
2026-08-27T22:24:45,torcy,233,154,0,ok,
2026-08-27T22:40:00,paris,1000,1000,0,ok,
2026-08-27T22:40:00,meaux,18,18,0,ok,
2026-08-27T22:40:00,chessy,91,75,0,ok,
2026-08-27T22:40:00,serris,71,2,0,ok,
2026-08-27T22:40:00,torcy,233,154,0,ok,
2026-08-27T22:54:32,paris,1000,1000,0,ok,
2026-08-27T22:54:32,meaux,18,18,0,ok,
2026-08-27T22:54:32,chessy,91,75,0,ok,
2026-08-27T22:54:32,serris,71,2,0,ok,
2026-08-27T22:54:32,torcy,233,154,0,ok,
2026-08-27T23:10:07,paris,1000,1000,0,ok,
2026-08-27T23:10:07,meaux,18,18,0,ok,
2026-08-27T23:10:07,chessy,91,75,0,ok,
2026-08-27T23:10:07,serris,71,2,0,ok,
2026-08-27T23:10:07,torcy,233,154,0,ok,
2026-08-27T23:24:32,paris,1000,1000,0,ok,
2026-08-27T23:24:32,meaux,18,18,0,ok,
2026-08-27T23:24:32,chessy,91,75,0,ok,
2026-08-27T23:24:32,serris,71,2,0,ok,
2026-08-27T23:24:32,torcy,233,154,0,ok,
2026-08-27T23:39:43,paris,1000,1000,0,ok,
2026-08-27T23:39:43,meaux,18,18,0,ok,
2026-08-27T23:39:43,chessy,91,75,0,ok,
2026-08-27T23:39:43,serris,71,2,0,ok,
2026-08-27T23:39:43,torcy,233,154,0,ok,
2026-08-27T23:54:41,paris,1000,1000,0,ok,
2026-08-27T23:54:41,meaux,18,18,0,ok,
2026-08-27T23:54:41,chessy,91,75,0,ok,
2026-08-27T23:54:41,serris,71,2,0,ok,
2026-08-27T23:54:41,torcy,233,154,0,ok,
2026-08-28T00:10:48,paris,1000,1000,0,ok,
2026-08-28T00:10:48,meaux,18,18,0,ok,
2026-08-28T00:10:48,chessy,91,75,0,ok,
2026-08-28T00:10:48,serris,71,2,0,ok,
2026-08-28T00:10:48,torcy,233,154,0,ok,
2026-08-28T00:24:50,paris,1000,1000,0,ok,
2026-08-28T00:24:50,meaux,18,18,0,ok,
2026-08-28T00:24:50,chessy,91,75,0,ok,
2026-08-28T00:24:50,serris,71,2,0,ok,
2026-08-28T00:24:50,torcy,233,154,0,ok,
2026-08-28T00:45:04,paris,1000,1000,0,ok,
2026-08-28T00:45:04,meaux,18,18,0,ok,
2026-08-28T00:45:04,chessy,91,75,0,ok,
2026-08-28T00:45:04,serris,71,2,0,ok,
2026-08-28T00:45:04,torcy,233,154,0,ok,
2026-08-28T01:09:51,paris,1000,1000,0,ok,
2026-08-28T01:09:51,meaux,18,18,0,ok,
2026-08-28T01:09:51,chessy,91,75,0,ok,
2026-08-28T01:09:51,serris,71,2,0,ok,
2026-08-28T01:09:51,torcy,233,154,0,ok,
2026-08-28T01:24:44,paris,1000,1000,0,ok,
2026-08-28T01:24:44,meaux,18,18,0,ok,
2026-08-28T01:24:44,chessy,91,75,0,ok,
2026-08-28T01:24:44,serris,71,2,0,ok,
2026-08-28T01:24:44,torcy,233,154,0,ok,
2026-08-28T01:39:38,paris,1000,1000,0,ok,
2026-08-28T01:39:38,meaux,18,18,0,ok,
2026-08-28T01:39:38,chessy,91,75,0,ok,
2026-08-28T01:39:38,serris,71,2,0,ok,
2026-08-28T01:39:38,torcy,233,154,0,ok,
2026-08-28T01:54:41,paris,1000,1000,0,ok,
2026-08-28T01:54:41,meaux,18,18,0,ok,
2026-08-28T01:54:41,chessy,91,75,0,ok,
2026-08-28T01:54:41,serris,71,2,0,ok,
2026-08-28T01:54:41,torcy,233,154,0,ok,
2026-08-28T02:09:44,paris,1000,1000,0,ok,
2026-08-28T02:09:44,meaux,18,18,0,ok,
2026-08-28T02:09:44,chessy,91,75,0,ok,
2026-08-28T02:09:44,serris,71,2,0,ok,
2026-08-28T02:09:44,torcy,233,154,0,ok,
2026-08-28T02:24:54,paris,1000,1000,0,ok,
2026-08-28T02:24:54,meaux,18,18,0,ok,
2026-08-28T02:24:54,chessy,91,75,0,ok,
2026-08-28T02:24:54,serris,71,2,0,ok,
2026-08-28T02:24:54,torcy,233,154,0,ok,
2026-08-28T02:39:35,paris,1000,1000,0,ok,
2026-08-28T02:39:35,meaux,18,18,0,ok,
2026-08-28T02:39:35,chessy,91,75,0,ok,
2026-08-28T02:39:35,serris,71,2,0,ok,
2026-08-28T02:39:35,torcy,233,154,0,ok,
2026-08-28T02:54:49,paris,1000,1000,0,ok,
2026-08-28T02:54:49,meaux,18,18,0,ok,
2026-08-28T02:54:49,chessy,91,75,0,ok,
2026-08-28T02:54:49,serris,71,2,0,ok,
2026-08-28T02:54:49,torcy,233,154,0,ok,
2026-08-28T03:10:03,paris,1000,1000,0,ok,
2026-08-28T03:10:03,meaux,18,18,0,ok,
2026-08-28T03:10:03,chessy,91,75,0,ok,
2026-08-28T03:10:03,serris,71,2,0,ok,
2026-08-28T03:10:03,torcy,233,154,0,ok,
2026-08-28T03:39:59,paris,1000,1000,0,ok,
2026-08-28T03:39:59,meaux,18,18,0,ok,
2026-08-28T03:39:59,chessy,91,75,0,ok,
2026-08-28T03:39:59,serris,71,2,0,ok,
2026-08-28T03:39:59,torcy,233,154,0,ok,
